beam_id,epd_id_raw,ID,Display Name,Listed,Do Not List,Industry Avg,BEAM Avg,EPD Expiry,Footnote,Material,Manufacturer,Product Brand Name,Specifications,Notes,Countries of Manufacture,Markets of Applicability,Data added or modified,Stated EPD kgCO2e / unit,GWP units kgCO2e per,GWP kgCO2e/(common unit),Common Unit: kgCO2e / _,Metric Units,Imperial Units,GWP-bio from EPD,Biogenic carbon factor,% Carbon content (kgC/kg),Biogenic Storage,(common-unit repeat),WWF Storage Factor,Carbon content kgC/unit,(units kgC repeat),Biogenic CO2 full C value,Storage % Reduction,Density,Density Units,Addn'l factors,Addn'l factor units,R-value / inch,"k, Thermal Conductivity",Moisture content %,Mass (kg),Length (m),Width (m),Depth (m),Unit Volume (m3),Units/m2,Material Type,Material Subtype,Product Type,Product Subtype,(classification code — excluded §9),EPD ID,EPD Type,EPD Owner,EPD/LCA Prepared by,EPD Program / Operator,Internal/External Validation,EPD Verifying Agent,EPD Standards,EPD PCR Guidelines,LCA Method,EPD LCA Software,EPD LCI Database,Product Service Life (Years),Source document URL,row_coverage_pct,mismatch_detail
9d6057,075/2018,—,—,—,—,—,—,MISMATCH,—,MISMATCH,MISMATCH,MISMATCH,MISMATCH,—,MATCH,MISMATCH,—,MISMATCH,MISMATCH,—,—,—,—,—,—,—,—,—,—,—,—,—,—,—,—,MISMATCH,MISMATCH,—,—,—,—,—,—,—,—,—,—,—,—,—,—,MISMATCH,MISMATCH,—,MISMATCH,—,—,—,—,—,—,—,—,—,—,7.1%,"EPD Expiry: beam=""2023-08-30"" pdf=∅ | Material: beam=""Reflective roof coating"" pdf=∅ | Manufacturer: beam=""Selena Group"" pdf=""Selena FM S.A."" | Product Brand Name: beam=""COOL-R"" pdf=∅ | Specifications: beam=""SRI 107"" pdf=∅ | Markets of Applicability: beam=""EU"" pdf=∅ | Stated EPD kgCO2e / unit: beam=""1.12"" pdf=""847"" | GWP units kgCO2e per: beam=""kg"" pdf=""1 ton"" | Addn'l factors: beam=""2.300"" pdf=∅ | Addn'l factor units: beam=""kg/m2"" pdf=∅ | EPD ID: beam=""075/2018"" pdf=∅ | EPD Type: beam=""Product-specific"" pdf=∅ | EPD/LCA Prepared by: beam=""Instytut Techniki Budowlanej (ITB)"" pdf=∅"
541b20,11345278.101.1,—,—,—,—,—,—,MISMATCH,—,MISMATCH,MISMATCH,—,MISMATCH,—,—,—,—,MATCH,MISMATCH,—,—,—,—,—,—,—,—,—,—,—,—,—,—,MATCH,MATCH,MISMATCH,MISMATCH,—,—,—,—,—,—,—,—,—,—,—,—,—,—,MATCH,MISMATCH,—,MISMATCH,—,—,—,—,—,—,—,—,—,—,30.8%,"EPD Expiry: beam=""2021"" pdf=∅ | Material: beam=""Helical pier"" pdf=∅ | Manufacturer: beam=""Generic"" pdf=""The American Galvanizers Association"" | Specifications: beam=""3"" Nominal Pipe, 3.5 x 3/16"" (89 x 5.5 m"" pdf=∅ | GWP units kgCO2e per: beam=""kg"" pdf=""The declared unit for this EPD is one me"" | Addn'l factors: beam=""11.908"" pdf=∅ | Addn'l factor units: beam=""kg/m"" pdf=∅ | EPD Type: beam=""Industry average"" pdf=∅ | EPD/LCA Prepared by: beam=""UL Environment"" pdf=""thinkstep"""
CMU007,176277033092021,—,—,—,—,—,—,MISMATCH,—,MISMATCH,MISMATCH,MISMATCH,MISMATCH,—,MISMATCH,MISMATCH,—,MISMATCH,MISMATCH,—,—,—,—,—,—,—,—,—,—,—,—,—,—,MISMATCH,MISMATCH,—,MISMATCH,MISMATCH,—,—,—,—,—,MISMATCH,—,—,MISMATCH,—,—,—,—,MISMATCH,MISMATCH,MISMATCH,MISMATCH,MISMATCH,MISMATCH,MISMATCH,MISMATCH,MISMATCH,—,—,—,MISMATCH,—,0.0%,"EPD Expiry: beam=""2026-10-01"" pdf=∅ | Material: beam=""Compressed earth block wall"" pdf=∅ | Manufacturer: beam=""Briques Technic Concept - Cycle terre"" pdf=∅ | Product Brand Name: beam=""Stabilized with 0.2% NHL - 2.2% CEM III"" pdf=∅ | Specifications: beam=""100mm (4"") width, incl. mortar"" pdf=∅ | Countries of Manufacture: beam=""EU"" pdf=∅ | Markets of Applicability: beam=""EU"" pdf=∅ | Stated EPD kgCO2e / unit: beam=""4.5"" pdf=∅ | GWP units kgCO2e per: beam=""m2"" pdf=∅ | Density: beam=""160.053"" pdf=∅ | Density Units: beam=""kg/m2 @ 0.1m width"" pdf=∅ | Addn'l factor units: beam=""20.277"" pdf=∅ | R-value / inch: beam=""kg of mortar/m2 blocks@ 0.1m width"" pdf=∅ | Depth (m): beam=""0.100"" pdf=∅ | Material Type: beam=""Earth Block"" pdf=∅ | EPD ID: beam=""176277033092021"" pdf=∅ | EPD Type: beam=""Industry average"" pdf=∅ | EPD Owner: beam=""BRIQUES TECHNIC CONCEPT"" pdf=∅ | EPD/LCA Prepared by: beam=""Esteana"" pdf=∅ | EPD Program / Operator: beam=""Agence Française de Normalisation (AFNOR"" pdf=∅ | Internal/External Validation: beam=""External"" pdf=∅ | EPD Verifying Agent: beam=""Sébastien Lasvaux, LESBAT"" pdf=∅ | EPD Standards: beam=""NF EN ISO 14025, NF EN 15804+A1, NF EN 1"" pdf=""ISO 14025, EN 15804+A1"" | EPD PCR Guidelines: beam=""Norme NF EN 15804+A1 - NF EN 15804/CN."" pdf=∅ | Product Service Life (Years): beam=""100"" pdf=∅"
www118,200,—,—,—,—,—,—,MATCH,—,MISMATCH,MATCH,MISMATCH,MISMATCH,—,MISMATCH,MISMATCH,—,MISMATCH,MATCH,—,—,—,—,—,—,—,—,—,—,—,—,—,—,—,—,—,—,—,—,—,—,—,—,—,—,—,MISMATCH,—,—,—,—,MATCH,MISMATCH,MISMATCH,MATCH,MATCH,MATCH,MISMATCH,MATCH,MATCH,MISMATCH,MISMATCH,MATCH,—,—,45.5%,"Material: beam=""Window, aluminum frame"" pdf=∅ | Product Brand Name: beam=""CV200, T200"" pdf=∅ | Specifications: beam=""Double pane"" pdf=∅ | Countries of Manufacture: beam=""US"" pdf=∅ | Markets of Applicability: beam=""US & CA"" pdf=∅ | Stated EPD kgCO2e / unit: beam=""125"" pdf=""131.07"" | Material Type: beam=""Double pane window"" pdf=""Aluminum"" | EPD Type: beam=""Product-specific"" pdf=∅ | EPD Owner: beam=""Arcadia"" pdf=∅ | EPD Verifying Agent: beam=""Tom Gloria, Industrial Ecology Consultan"" pdf=∅ | LCA Method: beam=""TRACI 2.1"" pdf=∅ | EPD LCA Software: beam=""SimaPro"" pdf=""was used to model the window. Data came """
bbb000,2021M20141,—,—,—,—,—,—,MATCH,—,MISMATCH,MISMATCH,MISMATCH,—,—,MISMATCH,MISMATCH,—,MISMATCH,MATCH,—,—,—,—,MISMATCH,—,—,—,—,—,—,—,—,—,MISMATCH,MISMATCH,—,—,—,—,—,—,—,—,—,—,—,MISMATCH,—,—,—,—,MATCH,MISMATCH,MATCH,MISMATCH,MISMATCH,MATCH,MATCH,MATCH,MISMATCH,—,MATCH,MISMATCH,—,—,34.8%,"Material: beam=""Sheet barrier"" pdf=∅ | Manufacturer: beam=""Rothoblaas"" pdf=∅ | Product Brand Name: beam=""Vapor in Green 200"" pdf=∅ | Countries of Manufacture: beam=""EU"" pdf=∅ | Markets of Applicability: beam=""EU"" pdf=""worlwide according to sales market condi"" | Stated EPD kgCO2e / unit: beam=""0.4"" pdf=""0.0082325"" | GWP-bio from EPD: beam=""0.178"" pdf=""0.006814900000000002"" | Density: beam=""200"" pdf=∅ | Density Units: beam=""g/m2"" pdf=∅ | Material Type: beam=""Barrier"" pdf=∅ | EPD Type: beam=""Product-specific"" pdf=∅ | EPD/LCA Prepared by: beam=""EPDITALY"" pdf=""thinkstep"" | EPD Program / Operator: beam=""Sphera"" pdf=""IBU"" | EPD PCR Guidelines: beam=""PCR ICMQ-001/15 rev 3.0"" pdf=""Requirements on the EPD for Ceramic tile"" | EPD LCI Database: beam=""GaBi DB 2021.1"" pdf=""GaBi professional"""
bbb001,2021M20141,—,—,—,—,—,—,MATCH,—,MISMATCH,MISMATCH,MISMATCH,—,—,MISMATCH,MISMATCH,—,MISMATCH,MATCH,—,—,—,—,—,—,—,—,—,—,—,—,—,—,MISMATCH,MISMATCH,—,—,—,—,—,—,—,—,—,—,—,MISMATCH,—,—,—,—,MATCH,MISMATCH,MATCH,MISMATCH,MISMATCH,MATCH,MATCH,MATCH,MISMATCH,—,MATCH,MISMATCH,—,—,36.4%,"Material: beam=""Sheet barrier"" pdf=∅ | Manufacturer: beam=""Rothoblaas"" pdf=∅ | Product Brand Name: beam=""Clima Control Net 160"" pdf=∅ | Countries of Manufacture: beam=""EU"" pdf=∅ | Markets of Applicability: beam=""EU"" pdf=""worlwide according to sales market condi"" | Stated EPD kgCO2e / unit: beam=""0.9"" pdf=""0.0082325"" | Density: beam=""160"" pdf=∅ | Density Units: beam=""g/m2"" pdf=∅ | Material Type: beam=""Barrier"" pdf=∅ | EPD Type: beam=""Product-specific"" pdf=∅ | EPD/LCA Prepared by: beam=""EPDITALY"" pdf=""thinkstep"" | EPD Program / Operator: beam=""Sphera"" pdf=""IBU"" | EPD PCR Guidelines: beam=""PCR ICMQ-001/15 rev 3.0"" pdf=""Requirements on the EPD for Ceramic tile"" | EPD LCI Database: beam=""GaBi DB 2021.1"" pdf=""GaBi professional"""
bbb002,2021M20141,—,—,—,—,—,—,MATCH,—,MISMATCH,MISMATCH,MISMATCH,—,—,MISMATCH,MISMATCH,—,MISMATCH,MATCH,—,—,—,—,—,—,—,—,—,—,—,—,—,—,MISMATCH,MISMATCH,—,—,—,—,—,—,—,—,—,—,—,MISMATCH,—,—,—,—,MATCH,MISMATCH,MATCH,MISMATCH,MISMATCH,MATCH,MATCH,MATCH,MISMATCH,—,MATCH,MISMATCH,—,—,36.4%,"Material: beam=""Sheet barrier"" pdf=∅ | Manufacturer: beam=""Rothoblaas"" pdf=∅ | Product Brand Name: beam=""Traspir EVO 160"" pdf=∅ | Countries of Manufacture: beam=""EU"" pdf=∅ | Markets of Applicability: beam=""EU"" pdf=""worlwide according to sales market condi"" | Stated EPD kgCO2e / unit: beam=""0.6"" pdf=""0.0082325"" | Density: beam=""160"" pdf=∅ | Density Units: beam=""g/m2"" pdf=∅ | Material Type: beam=""Barrier"" pdf=∅ | EPD Type: beam=""Product-specific"" pdf=∅ | EPD/LCA Prepared by: beam=""EPDITALY"" pdf=""thinkstep"" | EPD Program / Operator: beam=""Sphera"" pdf=""IBU"" | EPD PCR Guidelines: beam=""PCR ICMQ-001/15 rev 3.0"" pdf=""Requirements on the EPD for Ceramic tile"" | EPD LCI Database: beam=""GaBi DB 2021.1"" pdf=""GaBi professional"""
bbb003,2021M20141,—,—,—,—,—,—,MATCH,—,MISMATCH,MISMATCH,MISMATCH,—,—,MISMATCH,MISMATCH,—,MISMATCH,MATCH,—,—,—,—,—,—,—,—,—,—,—,—,—,—,MISMATCH,MISMATCH,—,—,—,—,—,—,—,—,—,—,—,MISMATCH,—,—,—,—,MATCH,MISMATCH,MATCH,MISMATCH,MISMATCH,MATCH,MATCH,MATCH,MISMATCH,—,MATCH,MISMATCH,—,—,36.4%,"Material: beam=""Sheet barrier"" pdf=∅ | Manufacturer: beam=""Rothoblaas"" pdf=∅ | Product Brand Name: beam=""Traspir Vapor 225"" pdf=∅ | Countries of Manufacture: beam=""EU"" pdf=∅ | Markets of Applicability: beam=""EU"" pdf=""worlwide according to sales market condi"" | Stated EPD kgCO2e / unit: beam=""0.7"" pdf=""0.0082325"" | Density: beam=""225"" pdf=∅ | Density Units: beam=""g/m2"" pdf=∅ | Material Type: beam=""Barrier"" pdf=∅ | EPD Type: beam=""Product-specific"" pdf=∅ | EPD/LCA Prepared by: beam=""EPDITALY"" pdf=""thinkstep"" | EPD Program / Operator: beam=""Sphera"" pdf=""IBU"" | EPD PCR Guidelines: beam=""PCR ICMQ-001/15 rev 3.0"" pdf=""Requirements on the EPD for Ceramic tile"" | EPD LCI Database: beam=""GaBi DB 2021.1"" pdf=""GaBi professional"""
bbb004,2021M20141,—,—,—,—,—,—,MATCH,—,MISMATCH,MISMATCH,MISMATCH,—,—,MISMATCH,MISMATCH,—,MISMATCH,MATCH,—,—,—,—,—,—,—,—,—,—,—,—,—,—,MISMATCH,MISMATCH,—,—,—,—,—,—,—,—,—,—,—,MISMATCH,—,—,—,—,MATCH,MISMATCH,MATCH,MISMATCH,MISMATCH,MATCH,MATCH,MATCH,MISMATCH,—,MATCH,MISMATCH,—,—,36.4%,"Material: beam=""Sheet barrier"" pdf=∅ | Manufacturer: beam=""Rothoblaas"" pdf=∅ | Product Brand Name: beam=""Traspir 110"" pdf=∅ | Countries of Manufacture: beam=""EU"" pdf=∅ | Markets of Applicability: beam=""EU"" pdf=""worlwide according to sales market condi"" | Stated EPD kgCO2e / unit: beam=""0.3"" pdf=""0.0082325"" | Density: beam=""112"" pdf=∅ | Density Units: beam=""g/m2"" pdf=∅ | Material Type: beam=""Barrier"" pdf=∅ | EPD Type: beam=""Product-specific"" pdf=∅ | EPD/LCA Prepared by: beam=""EPDITALY"" pdf=""thinkstep"" | EPD Program / Operator: beam=""Sphera"" pdf=""IBU"" | EPD PCR Guidelines: beam=""PCR ICMQ-001/15 rev 3.0"" pdf=""Requirements on the EPD for Ceramic tile"" | EPD LCI Database: beam=""GaBi DB 2021.1"" pdf=""GaBi professional"""
bbb005,2021M20141,—,—,—,—,—,—,MATCH,—,MISMATCH,MISMATCH,MISMATCH,—,—,MISMATCH,MISMATCH,—,MISMATCH,MATCH,—,—,—,—,—,—,—,—,—,—,—,—,—,—,MISMATCH,MISMATCH,—,—,—,—,—,—,—,—,—,—,—,MISMATCH,—,—,—,—,MATCH,MISMATCH,MATCH,MISMATCH,MISMATCH,MATCH,MATCH,MATCH,MISMATCH,—,MATCH,MISMATCH,—,—,36.4%,"Material: beam=""Sheet barrier"" pdf=∅ | Manufacturer: beam=""Rothoblaas"" pdf=∅ | Product Brand Name: beam=""Traspir EVO UV 210"" pdf=∅ | Countries of Manufacture: beam=""EU"" pdf=∅ | Markets of Applicability: beam=""EU"" pdf=""worlwide according to sales market condi"" | Stated EPD kgCO2e / unit: beam=""1.4"" pdf=""0.0082325"" | Density: beam=""210"" pdf=∅ | Density Units: beam=""g/m2"" pdf=∅ | Material Type: beam=""Barrier"" pdf=∅ | EPD Type: beam=""Product-specific"" pdf=∅ | EPD/LCA Prepared by: beam=""EPDITALY"" pdf=""thinkstep"" | EPD Program / Operator: beam=""Sphera"" pdf=""IBU"" | EPD PCR Guidelines: beam=""PCR ICMQ-001/15 rev 3.0"" pdf=""Requirements on the EPD for Ceramic tile"" | EPD LCI Database: beam=""GaBi DB 2021.1"" pdf=""GaBi professional"""
bbb006,2021M20141,—,—,—,—,—,—,MATCH,—,MISMATCH,MISMATCH,MISMATCH,—,—,MISMATCH,MISMATCH,—,MISMATCH,MATCH,—,—,—,—,—,—,—,—,—,—,—,—,—,—,MISMATCH,MISMATCH,—,—,—,—,—,—,—,—,—,—,—,MISMATCH,—,—,—,—,MATCH,MISMATCH,MATCH,MISMATCH,MISMATCH,MATCH,MATCH,MATCH,MISMATCH,—,MATCH,MISMATCH,—,—,36.4%,"Material: beam=""Sheet barrier"" pdf=∅ | Manufacturer: beam=""Rothoblaas"" pdf=∅ | Product Brand Name: beam=""Traspir Weld EVO 360"" pdf=∅ | Countries of Manufacture: beam=""EU"" pdf=∅ | Markets of Applicability: beam=""EU"" pdf=""worlwide according to sales market condi"" | Stated EPD kgCO2e / unit: beam=""1.6"" pdf=""0.0082325"" | Density: beam=""360"" pdf=∅ | Density Units: beam=""g/m2"" pdf=∅ | Material Type: beam=""Barrier"" pdf=∅ | EPD Type: beam=""Product-specific"" pdf=∅ | EPD/LCA Prepared by: beam=""EPDITALY"" pdf=""thinkstep"" | EPD Program / Operator: beam=""Sphera"" pdf=""IBU"" | EPD PCR Guidelines: beam=""PCR ICMQ-001/15 rev 3.0"" pdf=""Requirements on the EPD for Ceramic tile"" | EPD LCI Database: beam=""GaBi DB 2021.1"" pdf=""GaBi professional"""
bbb029,2021M20141,—,—,—,—,—,—,MATCH,—,MISMATCH,MISMATCH,MISMATCH,—,—,MISMATCH,MISMATCH,—,MISMATCH,MATCH,—,—,—,—,—,—,—,—,—,—,—,—,—,—,MISMATCH,MISMATCH,—,—,—,—,—,—,—,—,—,—,—,MISMATCH,—,—,—,—,MATCH,MISMATCH,MATCH,MISMATCH,MISMATCH,MATCH,MATCH,MATCH,MISMATCH,—,MATCH,MISMATCH,—,—,36.4%,"Material: beam=""Sheet barrier"" pdf=∅ | Manufacturer: beam=""Rothoblaas"" pdf=∅ | Product Brand Name: beam=""Clima Control 80"" pdf=∅ | Countries of Manufacture: beam=""EU"" pdf=∅ | Markets of Applicability: beam=""EU"" pdf=""worlwide according to sales market condi"" | Stated EPD kgCO2e / unit: beam=""0.7"" pdf=""0.0082325"" | Density: beam=""80"" pdf=∅ | Density Units: beam=""g/m2"" pdf=∅ | Material Type: beam=""Barrier"" pdf=∅ | EPD Type: beam=""Product-specific"" pdf=∅ | EPD/LCA Prepared by: beam=""EPDITALY"" pdf=""thinkstep"" | EPD Program / Operator: beam=""Sphera"" pdf=""IBU"" | EPD PCR Guidelines: beam=""PCR ICMQ-001/15 rev 3.0"" pdf=""Requirements on the EPD for Ceramic tile"" | EPD LCI Database: beam=""GaBi DB 2021.1"" pdf=""GaBi professional"""
bbb030,2021M20141,—,—,—,—,—,—,MATCH,—,MISMATCH,MISMATCH,MISMATCH,—,—,MISMATCH,MISMATCH,—,MISMATCH,MATCH,—,—,—,—,—,—,—,—,—,—,—,—,—,—,MISMATCH,MISMATCH,—,—,—,—,—,—,—,—,—,—,—,MISMATCH,—,—,—,—,MATCH,MISMATCH,MATCH,MISMATCH,MISMATCH,MATCH,MATCH,MATCH,MISMATCH,—,MATCH,MISMATCH,—,—,36.4%,"Material: beam=""Sheet barrier"" pdf=∅ | Manufacturer: beam=""Rothoblaas"" pdf=∅ | Product Brand Name: beam=""Vapor in NET 140"" pdf=∅ | Countries of Manufacture: beam=""EU"" pdf=∅ | Markets of Applicability: beam=""EU"" pdf=""worlwide according to sales market condi"" | Stated EPD kgCO2e / unit: beam=""0.4"" pdf=""0.0082325"" | Density: beam=""140"" pdf=∅ | Density Units: beam=""g/m2"" pdf=∅ | Material Type: beam=""Barrier"" pdf=∅ | EPD Type: beam=""Product-specific"" pdf=∅ | EPD/LCA Prepared by: beam=""EPDITALY"" pdf=""thinkstep"" | EPD Program / Operator: beam=""Sphera"" pdf=""IBU"" | EPD PCR Guidelines: beam=""PCR ICMQ-001/15 rev 3.0"" pdf=""Requirements on the EPD for Ceramic tile"" | EPD LCI Database: beam=""GaBi DB 2021.1"" pdf=""GaBi professional"""
CMU006,20220329507,—,—,—,—,—,—,MISMATCH,—,MISMATCH,MISMATCH,MISMATCH,MISMATCH,—,MISMATCH,MISMATCH,—,MISMATCH,MISMATCH,—,—,—,—,—,—,—,—,—,—,—,—,—,—,MISMATCH,MISMATCH,—,MISMATCH,MISMATCH,—,—,—,—,—,MISMATCH,—,—,MISMATCH,—,—,—,—,MISMATCH,MISMATCH,MISMATCH,MISMATCH,MISMATCH,MISMATCH,MISMATCH,MISMATCH,MISMATCH,—,—,—,MISMATCH,—,0.0%,"EPD Expiry: beam=""2026-10-01"" pdf=∅ | Material: beam=""Compressed earth block wall"" pdf=∅ | Manufacturer: beam=""Briques Technic Concept - Cycle terre"" pdf=∅ | Product Brand Name: beam=""Stabilized with 3.7% NH"" pdf=∅ | Specifications: beam=""300mm (11 13/16"") width, incl. mortar"" pdf=∅ | Countries of Manufacture: beam=""EU"" pdf=∅ | Markets of Applicability: beam=""EU"" pdf=∅ | Stated EPD kgCO2e / unit: beam=""27.8"" pdf=∅ | GWP units kgCO2e per: beam=""m2"" pdf=∅ | Density: beam=""535.695"" pdf=∅ | Density Units: beam=""kg/m2 @ 0.3m width"" pdf=∅ | Addn'l factor units: beam=""43.114"" pdf=∅ | R-value / inch: beam=""kg of mortar/m2 blocks@ 0.3m width"" pdf=∅ | Depth (m): beam=""0.300"" pdf=∅ | Material Type: beam=""Earth Block"" pdf=∅ | EPD ID: beam=""20220329507"" pdf=∅ | EPD Type: beam=""Industry average"" pdf=∅ | EPD Owner: beam=""BRIQUES TECHNIC CONCEPT"" pdf=∅ | EPD/LCA Prepared by: beam=""Esteana"" pdf=∅ | EPD Program / Operator: beam=""Agence Française de Normalisation (AFNOR"" pdf=∅ | Internal/External Validation: beam=""External"" pdf=∅ | EPD Verifying Agent: beam=""Sébastien Lasvaux, LESBAT"" pdf=∅ | EPD Standards: beam=""NF EN ISO 14025, NF EN 15804+A1, NF EN 1"" pdf=""ISO 14025, EN 15804+A1"" | EPD PCR Guidelines: beam=""Norme NF EN 15804+A1 - NF EN 15804/CN."" pdf=∅ | Product Service Life (Years): beam=""100"" pdf=∅"
CAR005,4029-8012,—,—,—,—,—,—,MISMATCH,—,MISMATCH,MATCH,MISMATCH,MISMATCH,—,MISMATCH,MISMATCH,—,MISMATCH,MISMATCH,—,—,—,—,—,—,—,—,—,—,—,—,—,—,MISMATCH,MISMATCH,—,—,—,—,—,—,MISMATCH,MISMATCH,MISMATCH,—,—,MISMATCH,—,—,—,—,MATCH,MATCH,MISMATCH,MATCH,MATCH,MATCH,MISMATCH,—,MISMATCH,MISMATCH,—,—,MATCH,—,28.0%,"EPD Expiry: beam=""2023-11-18"" pdf=""2024-03-27"" | Material: beam=""Carpet"" pdf=∅ | Product Brand Name: beam=""Average Product - Nylon 2520 Yarn System"" pdf=∅ | Specifications: beam=""3.5 mm nylon 6 yarn Modular Carpet"" pdf=∅ | Countries of Manufacture: beam=""CA"" pdf=∅ | Markets of Applicability: beam=""US & CA"" pdf=""LCA Software LCI Databases LCIA Methodol"" | Stated EPD kgCO2e / unit: beam=""13.38"" pdf=∅ | GWP units kgCO2e per: beam=""m2"" pdf=""Year of Reported"" | Density: beam=""3.765"" pdf=""23"" | Density Units: beam=""kg/m2"" pdf=""kg/m3"" | Length (m): beam=""0.500"" pdf=∅ | Width (m): beam=""0.500"" pdf=∅ | Depth (m): beam=""0.004"" pdf=∅ | Material Type: beam=""Nylon"" pdf=""Fiberglass"" | EPD Owner: beam=""Venture Carpets"" pdf=""UL
Environment"" | EPD Verifying Agent: beam=""Lindita Bushi, Ph.D., Athena Sustainable"" pdf=""Lindita Bushi from the Athena Sustainabl"" | EPD PCR Guidelines: beam=""Flooring: Carpet, Resilient, Laminate, C"" pdf=""Flooring EPD Requirements,” 2018"" | LCA Method: beam=""CML baseline v.4.4"" pdf=""North America Open LCA v.2.03 Ecoinvent """
CAR006,4029-8012,—,—,—,—,—,—,MISMATCH,—,MISMATCH,MATCH,MISMATCH,MISMATCH,—,MISMATCH,MISMATCH,—,MISMATCH,MISMATCH,—,—,—,—,—,—,—,—,—,—,—,—,—,—,MISMATCH,MISMATCH,—,—,—,—,—,—,MISMATCH,MISMATCH,MISMATCH,—,—,MISMATCH,—,—,—,—,MATCH,MATCH,MISMATCH,MATCH,MATCH,MATCH,MISMATCH,—,MISMATCH,MISMATCH,—,—,MATCH,—,28.0%,"EPD Expiry: beam=""2023-11-18"" pdf=""2024-03-27"" | Material: beam=""Carpet"" pdf=∅ | Product Brand Name: beam=""Average Product - Polypropylene Yarn Sys"" pdf=∅ | Specifications: beam=""3.5 mm Modular Carpet"" pdf=∅ | Countries of Manufacture: beam=""CA"" pdf=∅ | Markets of Applicability: beam=""US & CA"" pdf=""LCA Software LCI Databases LCIA Methodol"" | Stated EPD kgCO2e / unit: beam=""6.83"" pdf=∅ | GWP units kgCO2e per: beam=""m2"" pdf=""Year of Reported"" | Density: beam=""3.621"" pdf=""23"" | Density Units: beam=""kg/m2"" pdf=""kg/m3"" | Length (m): beam=""0.500"" pdf=∅ | Width (m): beam=""0.500"" pdf=∅ | Depth (m): beam=""0.004"" pdf=∅ | Material Type: beam=""Polypropylene"" pdf=""Fiberglass"" | EPD Owner: beam=""Venture Carpets"" pdf=""UL
Environment"" | EPD Verifying Agent: beam=""Lindita Bushi, Ph.D., Athena Sustainable"" pdf=""Lindita Bushi from the Athena Sustainabl"" | EPD PCR Guidelines: beam=""Flooring: Carpet, Resilient, Laminate, C"" pdf=""Flooring EPD Requirements,” 2018"" | LCA Method: beam=""CML baseline v.4.4"" pdf=""North America Open LCA v.2.03 Ecoinvent """
CAR007,4029-8012,—,—,—,—,—,—,MISMATCH,—,MISMATCH,MATCH,MISMATCH,MISMATCH,—,MISMATCH,MISMATCH,—,MISMATCH,MISMATCH,—,—,—,—,—,—,—,—,—,—,—,—,—,—,MISMATCH,MISMATCH,—,—,—,—,—,—,MISMATCH,MISMATCH,MISMATCH,—,—,MISMATCH,—,—,—,—,MATCH,MATCH,MISMATCH,MATCH,MATCH,MATCH,MISMATCH,—,MISMATCH,MISMATCH,—,—,MATCH,—,28.0%,"EPD Expiry: beam=""2023-11-18"" pdf=""2024-03-27"" | Material: beam=""Carpet"" pdf=∅ | Product Brand Name: beam=""Polyester Yarn System"" pdf=∅ | Specifications: beam=""10.0 mm Modular Carpet"" pdf=∅ | Countries of Manufacture: beam=""CA"" pdf=∅ | Markets of Applicability: beam=""US & CA"" pdf=""LCA Software LCI Databases LCIA Methodol"" | Stated EPD kgCO2e / unit: beam=""9.88"" pdf=∅ | GWP units kgCO2e per: beam=""m2"" pdf=""Year of Reported"" | Density: beam=""4.44"" pdf=""23"" | Density Units: beam=""kg/m2"" pdf=""kg/m3"" | Length (m): beam=""0.500"" pdf=∅ | Width (m): beam=""0.500"" pdf=∅ | Depth (m): beam=""0.010"" pdf=∅ | Material Type: beam=""Polyester"" pdf=""Fiberglass"" | EPD Owner: beam=""Venture Carpets"" pdf=""UL
Environment"" | EPD Verifying Agent: beam=""Lindita Bushi, Ph.D., Athena Sustainable"" pdf=""Lindita Bushi from the Athena Sustainabl"" | EPD PCR Guidelines: beam=""Flooring: Carpet, Resilient, Laminate, C"" pdf=""Flooring EPD Requirements,” 2018"" | LCA Method: beam=""CML baseline v.4.4"" pdf=""North America Open LCA v.2.03 Ecoinvent """
CAR008,4029-8012,—,—,—,—,—,—,MISMATCH,—,MISMATCH,MATCH,MISMATCH,MISMATCH,—,MISMATCH,MISMATCH,—,MISMATCH,MISMATCH,—,—,—,—,—,—,—,—,—,—,—,—,—,—,MISMATCH,MISMATCH,—,—,—,—,—,—,MISMATCH,MISMATCH,MISMATCH,—,—,MISMATCH,—,—,—,—,MATCH,MATCH,MISMATCH,MATCH,MATCH,MATCH,MISMATCH,—,MISMATCH,MISMATCH,—,—,MATCH,—,28.0%,"EPD Expiry: beam=""2023-11-18"" pdf=""2024-03-27"" | Material: beam=""Carpet"" pdf=∅ | Product Brand Name: beam=""Recycled nylon 6 yarn system"" pdf=∅ | Specifications: beam=""3.5 mm Modular Carpet"" pdf=∅ | Countries of Manufacture: beam=""CA"" pdf=∅ | Markets of Applicability: beam=""US & CA"" pdf=""LCA Software LCI Databases LCIA Methodol"" | Stated EPD kgCO2e / unit: beam=""7.8"" pdf=∅ | GWP units kgCO2e per: beam=""m2"" pdf=""Year of Reported"" | Density: beam=""3.77"" pdf=""23"" | Density Units: beam=""kg/m2"" pdf=""kg/m3"" | Length (m): beam=""0.500"" pdf=∅ | Width (m): beam=""0.500"" pdf=∅ | Depth (m): beam=""0.004"" pdf=∅ | Material Type: beam=""Recycled Nylon"" pdf=""Fiberglass"" | EPD Owner: beam=""Venture Carpets"" pdf=""UL
Environment"" | EPD Verifying Agent: beam=""Lindita Bushi, Ph.D., Athena Sustainable"" pdf=""Lindita Bushi from the Athena Sustainabl"" | EPD PCR Guidelines: beam=""Flooring: Carpet, Resilient, Laminate, C"" pdf=""Flooring EPD Requirements,” 2018"" | LCA Method: beam=""CML baseline v.4.4"" pdf=""North America Open LCA v.2.03 Ecoinvent """
MPS002,4078-8004,—,—,—,—,—,—,MISMATCH,—,MISMATCH,MATCH,MISMATCH,MISMATCH,—,MATCH,MISMATCH,—,MISMATCH,MISMATCH,—,—,—,—,—,—,—,—,—,—,—,—,—,—,MATCH,MATCH,MISMATCH,MISMATCH,—,—,—,—,—,—,MISMATCH,—,—,MISMATCH,—,—,—,—,MATCH,MATCH,MISMATCH,MISMATCH,MATCH,MATCH,MISMATCH,MISMATCH,MATCH,MATCH,MATCH,MATCH,MISMATCH,—,42.9%,"EPD Expiry: beam=""2027"" pdf=""2022-08-15"" | Material: beam=""Metal Panels - Steel"" pdf=∅ | Product Brand Name: beam=""Includes: Agway, Bailey, Behlen, Canam,D"" pdf=∅ | Specifications: beam=""24 gauge"" pdf=∅ | Markets of Applicability: beam=""US & CA"" pdf=""CAN"" | Stated EPD kgCO2e / unit: beam=""2.434"" pdf=∅ | GWP units kgCO2e per: beam=""kg"" pdf=""1 metric ton"" | Addn'l factors: beam=""4.88"" pdf=∅ | Addn'l factor units: beam=""kg/m2"" pdf=∅ | Depth (m): beam=""0.001"" pdf=∅ | Material Type: beam=""Metal"" pdf=""Steel"" | EPD Owner: beam=""Canadian Sheet Steel Building Institute"" pdf=∅ | EPD/LCA Prepared by: beam=""ArcelorMittal Global R&D"" pdf=∅ | EPD Verifying Agent: beam=""Groupe AGECO"" pdf=∅ | EPD Standards: beam=""ISO 14044"" pdf=""ISO 14025, ISO 21930:2017, CAN/CSA-ISO 1"" | Product Service Life (Years): beam=""75"" pdf=∅"
676103,4786842353.103.1,—,—,—,—,—,—,MISMATCH,—,MISMATCH,MISMATCH,—,—,—,MISMATCH,MATCH,—,MISMATCH,MISMATCH,—,—,—,—,—,—,—,—,—,—,—,—,—,—,MISMATCH,MISMATCH,—,—,—,—,—,—,—,—,—,—,—,—,—,—,—,—,MATCH,MISMATCH,MISMATCH,MISMATCH,MISMATCH,MISMATCH,—,—,—,—,—,—,—,—,13.3%,"EPD Expiry: beam=""2022"" pdf=∅ | Material: beam=""EPDM Roofing Membrane"" pdf=∅ | Manufacturer: beam=""Mfrs included: Carlisle SynTec Systems, "" pdf=""Single Ply Roofing Industry"" | Countries of Manufacture: beam=""US"" pdf=∅ | Stated EPD kgCO2e / unit: beam=""6.69"" pdf=∅ | GWP units kgCO2e per: beam=""m²"" pdf=""evaluated is 1 m of single ply roofing m"" | Density: beam=""2.07"" pdf=∅ | Density Units: beam=""kg/m2"" pdf=∅ | EPD Type: beam=""Industry average"" pdf=∅ | EPD Owner: beam=""Single Ply Roofing Industry (SPRI)"" pdf=""UL Environment"" | EPD/LCA Prepared by: beam=""UL Environment"" pdf=""thinkstep"" | EPD Program / Operator: beam=""UL Environment"" pdf=""ASTM International"" | Internal/External Validation: beam=""External"" pdf=∅"
PLY004,4786969381.102.1,—,—,—,—,—,—,MISMATCH,—,MISMATCH,MATCH,MISMATCH,MISMATCH,—,MISMATCH,MISMATCH,—,MATCH,MISMATCH,—,—,—,—,—,—,—,—,—,—,—,—,—,—,MISMATCH,MISMATCH,—,—,—,—,—,—,—,—,—,—,—,MATCH,—,—,—,—,MATCH,MISMATCH,MISMATCH,MISMATCH,MATCH,MISMATCH,MISMATCH,MISMATCH,MISMATCH,—,—,—,—,—,23.8%,"EPD Expiry: beam=""2024"" pdf=∅ | Material: beam=""Plywood"" pdf=∅ | Product Brand Name: beam=""softwood ply"" pdf=∅ | Specifications: beam=""1/2"""" pdf=∅ | Countries of Manufacture: beam=""US"" pdf=∅ | Markets of Applicability: beam=""US & CA"" pdf=∅ | GWP units kgCO2e per: beam=""m2 at 3/8"""" pdf=""is 1 m of SWPW with a"" | Density: beam=""4.38"" pdf=""500"" | Density Units: beam=""kg/m2 at 3/8"""" pdf=""kg/m3"" | EPD Type: beam=""Product-specific"" pdf=∅ | EPD Owner: beam=""Roseburg Forest Products"" pdf=""UL Environment"" | EPD/LCA Prepared by: beam=""UL Environment"" pdf=""thinkstep"" | Internal/External Validation: beam=""External"" pdf=∅ | EPD Verifying Agent: beam=""Industrial Ecology Consultants"" pdf=∅ | EPD Standards: beam=""ISO 21930:2017"" pdf=""ISO 14025, ISO 21930:2007, EN 15804"" | EPD PCR Guidelines: beam=""North American structural and architectu"" pdf=""Declaration for North American Structura"""
PLY005,4786969381.102.1,—,—,—,—,—,—,MISMATCH,—,MISMATCH,MATCH,MISMATCH,MISMATCH,—,MISMATCH,MISMATCH,—,MATCH,MISMATCH,—,—,—,—,—,—,—,—,—,—,—,—,—,—,MISMATCH,MISMATCH,—,—,—,—,—,—,—,—,—,—,—,MATCH,—,—,—,—,MATCH,MISMATCH,MISMATCH,MISMATCH,MATCH,MISMATCH,MISMATCH,MISMATCH,MISMATCH,—,—,—,—,—,23.8%,"EPD Expiry: beam=""2024"" pdf=∅ | Material: beam=""Plywood"" pdf=∅ | Product Brand Name: beam=""softwood ply"" pdf=∅ | Specifications: beam=""3/4"""" pdf=∅ | Countries of Manufacture: beam=""US"" pdf=∅ | Markets of Applicability: beam=""US & CA"" pdf=∅ | GWP units kgCO2e per: beam=""m2 at 3/8"""" pdf=""is 1 m of SWPW with a"" | Density: beam=""4.38"" pdf=""500"" | Density Units: beam=""kg/m2 at 3/8"""" pdf=""kg/m3"" | EPD Type: beam=""Product-specific"" pdf=∅ | EPD Owner: beam=""Roseburg Forest Products"" pdf=""UL Environment"" | EPD/LCA Prepared by: beam=""UL Environment"" pdf=""thinkstep"" | Internal/External Validation: beam=""External"" pdf=∅ | EPD Verifying Agent: beam=""Industrial Ecology Consultants"" pdf=∅ | EPD Standards: beam=""ISO 21930:2017"" pdf=""ISO 14025, ISO 21930:2007, EN 15804"" | EPD PCR Guidelines: beam=""North American structural and architectu"" pdf=""Declaration for North American Structura"""
237e64,4787168709.104.1,—,—,—,—,—,—,MISMATCH,—,MISMATCH,MISMATCH,MISMATCH,—,—,—,MISMATCH,—,MISMATCH,MISMATCH,—,—,—,—,—,—,—,—,—,—,—,—,—,—,MISMATCH,MISMATCH,—,—,—,—,—,—,—,—,—,—,—,—,—,—,—,—,MATCH,MISMATCH,—,MISMATCH,—,—,—,—,—,—,—,—,—,—,8.3%,"EPD Expiry: beam=""2021"" pdf=∅ | Material: beam=""SBS Modified Bitumen Roofing"" pdf=∅ | Manufacturer: beam=""ARMA"" pdf=""Asphalt Roofing Manufacturers Associatio"" | Product Brand Name: beam=""Includes: CertainTeed, Firestone, GAF, H"" pdf=∅ | Markets of Applicability: beam=""US & CA"" pdf=""of the study."" | Stated EPD kgCO2e / unit: beam=""6.7"" pdf=""2.1"" | GWP units kgCO2e per: beam=""m²"" pdf=""10.8 ft"" | Density: beam=""8.4"" pdf=""23"" | Density Units: beam=""kg/m2"" pdf=""kg/m3"" | EPD Type: beam=""Industry average"" pdf=∅ | EPD/LCA Prepared by: beam=""UL Environment"" pdf=""thinkstep"""
b8e3dc,4787352797.110.1,—,—,—,—,—,—,MISMATCH,—,MISMATCH,MATCH,MISMATCH,MISMATCH,—,—,MISMATCH,—,MISMATCH,MISMATCH,—,—,—,—,—,—,—,—,—,—,—,—,—,—,—,—,—,—,—,—,—,—,—,—,—,—,—,MATCH,—,—,—,—,MATCH,MISMATCH,—,MISMATCH,—,—,—,—,—,—,—,—,—,—,25.0%,"EPD Expiry: beam=""2024"" pdf=∅ | Material: beam=""Gypsum panels - glass mat"" pdf=∅ | Product Brand Name: beam=""Securock ExoAir 430"" pdf=∅ | Specifications: beam=""1/2"""" pdf=∅ | Markets of Applicability: beam=""US"" pdf=∅ | Stated EPD kgCO2e / unit: beam=""568"" pdf=""650"" | GWP units kgCO2e per: beam=""92.9m2"" pdf=""The declared unit for this LCA study is "" | EPD Type: beam=""Product-specific"" pdf=∅ | EPD/LCA Prepared by: beam=""UL Environment"" pdf=""Industrial Ecology Consultants"""
LVT005,4787521006.133.1,—,—,—,—,—,—,MISMATCH,—,MISMATCH,MATCH,MISMATCH,MISMATCH,—,MISMATCH,MISMATCH,—,MISMATCH,MISMATCH,—,—,—,—,—,—,—,—,—,—,—,—,—,—,MISMATCH,MISMATCH,—,—,—,—,—,—,—,—,—,—,—,MATCH,—,—,—,—,MATCH,MISMATCH,MISMATCH,—,—,—,—,—,—,MISMATCH,—,—,—,—,18.8%,"EPD Expiry: beam=""2025"" pdf=∅ | Material: beam=""Luxury vinyl tile (LVT)"" pdf=∅ | Product Brand Name: beam=""All tile & plank models"" pdf=∅ | Specifications: beam=""3.0 mm"" pdf=∅ | Countries of Manufacture: beam=""US"" pdf=∅ | Markets of Applicability: beam=""US & CA"" pdf=∅ | Stated EPD kgCO2e / unit: beam=""10.4"" pdf=∅ | GWP units kgCO2e per: beam=""m2"" pdf=""Name Value Unit"" | Density: beam=""5.44"" pdf=""1700"" | Density Units: beam=""kg/m2"" pdf=""kg/m3"" | EPD Type: beam=""Product-specific"" pdf=∅ | EPD Owner: beam=""Interface"" pdf=""UL Environment"" | LCA Method: beam=""TRACI 2.1"" pdf=∅"
68328c,4788424634.101.1,—,—,—,—,—,—,MISMATCH,—,MISMATCH,MATCH,—,MISMATCH,—,—,MISMATCH,—,MISMATCH,MATCH,—,—,—,—,—,—,—,—,—,—,—,—,—,—,MISMATCH,MATCH,MISMATCH,MISMATCH,—,—,—,—,—,—,—,—,—,—,—,—,—,—,MATCH,MATCH,—,MISMATCH,—,—,—,—,—,—,—,—,—,—,35.7%,"EPD Expiry: beam=""2025"" pdf=∅ | Material: beam=""OSB sheathing"" pdf=∅ | Specifications: beam=""5/8"""" pdf=∅ | Markets of Applicability: beam=""US & CA"" pdf=""CAN, USA"" | Stated EPD kgCO2e / unit: beam=""242.58"" pdf=""5.220000000000001"" | Density: beam=""620"" pdf=""500"" | Addn'l factors: beam=""9.8456"" pdf=∅ | Addn'l factor units: beam=""kg/m2 at 5/8"""" pdf=∅ | EPD/LCA Prepared by: beam=""UL Environment"" pdf=""PRé Consultants"""
69ac20,4788424634.101.1,—,—,—,—,—,—,MISMATCH,—,MISMATCH,MATCH,—,MISMATCH,—,—,MISMATCH,—,MISMATCH,MATCH,—,—,—,—,—,—,—,—,—,—,—,—,—,—,MISMATCH,MATCH,MISMATCH,MISMATCH,—,—,—,—,—,—,—,—,—,—,—,—,—,—,MATCH,MATCH,—,MISMATCH,—,—,—,—,—,—,—,—,—,—,35.7%,"EPD Expiry: beam=""2025"" pdf=∅ | Material: beam=""OSB sheathing"" pdf=∅ | Specifications: beam=""3/4"""" pdf=∅ | Markets of Applicability: beam=""US & CA"" pdf=""CAN, USA"" | Stated EPD kgCO2e / unit: beam=""242.58"" pdf=""5.220000000000001"" | Density: beam=""620"" pdf=""500"" | Addn'l factors: beam=""11.811"" pdf=∅ | Addn'l factor units: beam=""kg/m2 at 3/4"""" pdf=∅ | EPD/LCA Prepared by: beam=""UL Environment"" pdf=""PRé Consultants"""
d14a8f,4788424634.101.1,—,—,—,—,—,—,MISMATCH,—,MISMATCH,MATCH,—,MISMATCH,—,—,MISMATCH,—,MISMATCH,MATCH,—,—,—,—,—,—,—,—,—,—,—,—,—,—,MISMATCH,MATCH,MISMATCH,MISMATCH,—,—,—,—,—,—,—,—,—,—,—,—,—,—,MATCH,MATCH,—,MISMATCH,—,—,—,—,—,—,—,—,—,—,35.7%,"EPD Expiry: beam=""2025"" pdf=∅ | Material: beam=""OSB sheathing"" pdf=∅ | Specifications: beam=""7/8"""" pdf=∅ | Markets of Applicability: beam=""US & CA"" pdf=""CAN, USA"" | Stated EPD kgCO2e / unit: beam=""242.58"" pdf=""5.220000000000001"" | Density: beam=""620"" pdf=""500"" | Addn'l factors: beam=""13.7795"" pdf=∅ | Addn'l factor units: beam=""kg/m2 at 7/8"""" pdf=∅ | EPD/LCA Prepared by: beam=""UL Environment"" pdf=""PRé Consultants"""
edcc0d,4788424634.101.1,—,—,—,—,—,—,MISMATCH,—,MISMATCH,MATCH,—,MISMATCH,—,—,MISMATCH,—,MISMATCH,MATCH,—,—,—,—,—,—,—,—,—,—,—,—,—,—,MISMATCH,MATCH,MISMATCH,MISMATCH,—,—,—,—,—,—,—,—,—,—,—,—,—,—,MATCH,MATCH,—,MISMATCH,—,—,—,—,—,—,—,—,—,—,35.7%,"EPD Expiry: beam=""2025"" pdf=∅ | Material: beam=""OSB sheathing"" pdf=∅ | Specifications: beam=""1/2"""" pdf=∅ | Markets of Applicability: beam=""US & CA"" pdf=""CAN, USA"" | Stated EPD kgCO2e / unit: beam=""242.58"" pdf=""5.220000000000001"" | Density: beam=""620"" pdf=""500"" | Addn'l factors: beam=""7.874"" pdf=∅ | Addn'l factor units: beam=""kg/m2 at 1/2"""" pdf=∅ | EPD/LCA Prepared by: beam=""UL Environment"" pdf=""PRé Consultants"""
f0c8ce,4788424634.101.1,—,—,—,—,—,—,MISMATCH,—,MISMATCH,MATCH,—,MISMATCH,—,—,MISMATCH,—,MISMATCH,MATCH,—,—,—,—,—,—,—,—,—,—,—,—,—,—,MISMATCH,MATCH,MISMATCH,MISMATCH,—,—,—,—,—,—,—,—,—,—,—,—,—,—,MATCH,MATCH,—,MISMATCH,—,—,—,—,—,—,—,—,—,—,35.7%,"EPD Expiry: beam=""2025"" pdf=∅ | Material: beam=""OSB sheathing"" pdf=∅ | Specifications: beam=""7/16"""" pdf=∅ | Markets of Applicability: beam=""US & CA"" pdf=""CAN, USA"" | Stated EPD kgCO2e / unit: beam=""242.58"" pdf=""5.220000000000001"" | Density: beam=""620"" pdf=""500"" | Addn'l factors: beam=""6.88975"" pdf=∅ | Addn'l factor units: beam=""kg/m2 at 7/16"""" pdf=∅ | EPD/LCA Prepared by: beam=""UL Environment"" pdf=""PRé Consultants"""
12dc8t,4788424634.102.1,—,—,—,—,—,—,MISMATCH,—,MISMATCH,MATCH,—,MISMATCH,—,—,MISMATCH,—,MISMATCH,MATCH,—,—,—,—,—,—,—,—,—,—,—,—,—,—,MISMATCH,MATCH,—,—,—,—,—,—,MISMATCH,MISMATCH,MISMATCH,MISMATCH,—,—,—,—,—,—,MATCH,MATCH,—,MISMATCH,—,—,—,—,—,—,—,—,—,—,31.3%,"EPD Expiry: beam=""2025"" pdf=∅ | Material: beam=""Wood - SPF"" pdf=∅ | Specifications: beam=""by area (m2) (i.e. solid 2.5"" x area x f"" pdf=∅ | Markets of Applicability: beam=""US & CA"" pdf=""CAN, USA"" | Stated EPD kgCO2e / unit: beam=""63.12"" pdf=""5.220000000000001"" | Density: beam=""460"" pdf=""500"" | Length (m): beam=""1.000"" pdf=∅ | Width (m): beam=""0.0381"" pdf=∅ | Depth (m): beam=""0.0635"" pdf=∅ | Unit Volume (m3): beam=""0.002419"" pdf=∅ | EPD/LCA Prepared by: beam=""UL Environment"" pdf=""PRé Consultants"""
1k46tl,4788424634.102.1,—,—,—,—,—,—,MISMATCH,—,MISMATCH,MATCH,—,MISMATCH,—,—,MISMATCH,—,MISMATCH,MATCH,—,—,—,—,—,—,—,—,—,—,—,—,—,—,MISMATCH,MATCH,—,—,—,—,—,—,MISMATCH,MISMATCH,MISMATCH,MISMATCH,—,—,—,—,—,—,MATCH,MATCH,—,MISMATCH,—,—,—,—,—,—,—,—,—,—,31.3%,"EPD Expiry: beam=""2025"" pdf=∅ | Material: beam=""Wood - SPF"" pdf=∅ | Specifications: beam=""by length (m)"" pdf=∅ | Markets of Applicability: beam=""US & CA"" pdf=""CAN, USA"" | Stated EPD kgCO2e / unit: beam=""63.12"" pdf=""5.220000000000001"" | Density: beam=""460"" pdf=""500"" | Length (m): beam=""1.000"" pdf=∅ | Width (m): beam=""0.0191"" pdf=∅ | Depth (m): beam=""0.1842"" pdf=∅ | Unit Volume (m3): beam=""0.003508"" pdf=∅ | EPD/LCA Prepared by: beam=""UL Environment"" pdf=""PRé Consultants"""
2m3nf4,4788424634.102.1,—,—,—,—,—,—,MISMATCH,—,MISMATCH,MATCH,—,MISMATCH,—,—,MISMATCH,—,MISMATCH,MATCH,—,—,—,—,—,—,—,—,—,—,—,—,—,—,MISMATCH,MATCH,—,—,—,—,—,—,MISMATCH,MISMATCH,MISMATCH,MISMATCH,—,—,—,—,—,—,MATCH,MATCH,—,MISMATCH,—,—,—,—,—,—,—,—,—,—,31.3%,"EPD Expiry: beam=""2025"" pdf=∅ | Material: beam=""Wood - SPF"" pdf=∅ | Specifications: beam=""by area (m2) (i.e. solid 3.5"" x area x f"" pdf=∅ | Markets of Applicability: beam=""US & CA"" pdf=""CAN, USA"" | Stated EPD kgCO2e / unit: beam=""63.12"" pdf=""5.220000000000001"" | Density: beam=""460"" pdf=""500"" | Length (m): beam=""1.000"" pdf=∅ | Width (m): beam=""0.0381"" pdf=∅ | Depth (m): beam=""0.0889"" pdf=∅ | Unit Volume (m3): beam=""0.003387"" pdf=∅ | EPD/LCA Prepared by: beam=""UL Environment"" pdf=""PRé Consultants"""
4f140x,4788424634.102.1,—,—,—,—,—,—,MISMATCH,—,MISMATCH,MATCH,—,MISMATCH,—,—,MISMATCH,—,MISMATCH,MATCH,—,—,—,—,—,—,—,—,—,—,—,—,—,—,MISMATCH,MATCH,—,—,—,—,—,—,MISMATCH,MISMATCH,MISMATCH,MISMATCH,—,—,—,—,—,—,MATCH,MATCH,—,MISMATCH,—,—,—,—,—,—,—,—,—,—,31.3%,"EPD Expiry: beam=""2025"" pdf=∅ | Material: beam=""Wood - SPF"" pdf=∅ | Specifications: beam=""by length (m)"" pdf=∅ | Markets of Applicability: beam=""US & CA"" pdf=""CAN, USA"" | Stated EPD kgCO2e / unit: beam=""63.12"" pdf=""5.220000000000001"" | Density: beam=""460"" pdf=""500"" | Length (m): beam=""1.000"" pdf=∅ | Width (m): beam=""0.0191"" pdf=∅ | Depth (m): beam=""0.2350"" pdf=∅ | Unit Volume (m3): beam=""0.004476"" pdf=∅ | EPD/LCA Prepared by: beam=""UL Environment"" pdf=""PRé Consultants"""
4ld02f,4788424634.102.1,—,—,—,—,—,—,MISMATCH,—,MISMATCH,MATCH,—,MISMATCH,—,—,MISMATCH,—,MISMATCH,MATCH,—,—,—,—,—,—,—,—,—,—,—,—,—,—,MISMATCH,MATCH,—,—,—,—,—,—,MISMATCH,MISMATCH,—,—,—,—,—,—,—,—,MATCH,MATCH,—,MISMATCH,—,—,—,—,—,—,—,—,—,—,35.7%,"EPD Expiry: beam=""2025"" pdf=∅ | Material: beam=""Wood - SPF"" pdf=∅ | Specifications: beam=""3/8"" boards"" pdf=∅ | Markets of Applicability: beam=""US & CA"" pdf=""CAN, USA"" | Stated EPD kgCO2e / unit: beam=""63.12"" pdf=""5.220000000000001"" | Density: beam=""460"" pdf=""500"" | Length (m): beam=""1.000"" pdf=∅ | Width (m): beam=""0.0095"" pdf=∅ | EPD/LCA Prepared by: beam=""UL Environment"" pdf=""PRé Consultants"""
4lv9wd,4788424634.102.1,—,—,—,—,—,—,MISMATCH,—,MISMATCH,MATCH,—,MISMATCH,—,—,MISMATCH,—,MISMATCH,MATCH,—,—,—,—,—,—,—,—,—,—,—,—,—,—,MISMATCH,MATCH,—,—,—,—,—,—,MISMATCH,MISMATCH,MISMATCH,MISMATCH,—,—,—,—,—,—,MATCH,MATCH,—,MISMATCH,—,—,—,—,—,—,—,—,—,—,31.3%,"EPD Expiry: beam=""2025"" pdf=∅ | Material: beam=""Wood - SPF"" pdf=∅ | Specifications: beam=""by area (m2) (i.e. solid 7.25"" x area x "" pdf=∅ | Markets of Applicability: beam=""US & CA"" pdf=""CAN, USA"" | Stated EPD kgCO2e / unit: beam=""63.12"" pdf=""5.220000000000001"" | Density: beam=""460"" pdf=""500"" | Length (m): beam=""1.000"" pdf=∅ | Width (m): beam=""0.0381"" pdf=∅ | Depth (m): beam=""0.1842"" pdf=∅ | Unit Volume (m3): beam=""0.007016"" pdf=∅ | EPD/LCA Prepared by: beam=""UL Environment"" pdf=""PRé Consultants"""
4scwf3,4788424634.102.1,—,—,—,—,—,—,MISMATCH,—,MISMATCH,MATCH,—,MISMATCH,—,—,MISMATCH,—,MISMATCH,MATCH,—,—,—,—,—,—,—,—,—,—,—,—,—,—,MISMATCH,MATCH,—,—,—,—,—,—,MISMATCH,MISMATCH,—,—,—,—,—,—,—,—,MATCH,MATCH,—,MISMATCH,—,—,—,—,—,—,—,—,—,—,35.7%,"EPD Expiry: beam=""2025"" pdf=∅ | Material: beam=""Wood - SPF"" pdf=∅ | Specifications: beam=""3/4"" boards"" pdf=∅ | Markets of Applicability: beam=""US & CA"" pdf=""CAN, USA"" | Stated EPD kgCO2e / unit: beam=""63.12"" pdf=""5.220000000000001"" | Density: beam=""460"" pdf=""500"" | Length (m): beam=""1.000"" pdf=∅ | Width (m): beam=""0.0191"" pdf=∅ | EPD/LCA Prepared by: beam=""UL Environment"" pdf=""PRé Consultants"""
8vkef3,4788424634.102.1,—,—,—,—,—,—,MISMATCH,—,MISMATCH,MATCH,—,MISMATCH,—,—,MISMATCH,—,MISMATCH,MATCH,—,—,—,—,—,—,—,—,—,—,—,—,—,—,MISMATCH,MATCH,—,—,—,—,—,—,MISMATCH,MISMATCH,MISMATCH,MISMATCH,—,—,—,—,—,—,MATCH,MATCH,—,MISMATCH,—,—,—,—,—,—,—,—,—,—,31.3%,"EPD Expiry: beam=""2025"" pdf=∅ | Material: beam=""Wood - SPF"" pdf=∅ | Specifications: beam=""by area (m2) (i.e. solid 7.25"" x area x "" pdf=∅ | Markets of Applicability: beam=""US & CA"" pdf=""CAN, USA"" | Stated EPD kgCO2e / unit: beam=""63.12"" pdf=""5.220000000000001"" | Density: beam=""460"" pdf=""500"" | Length (m): beam=""1.000"" pdf=∅ | Width (m): beam=""0.0381"" pdf=∅ | Depth (m): beam=""0.2350"" pdf=∅ | Unit Volume (m3): beam=""0.008952"" pdf=∅ | EPD/LCA Prepared by: beam=""UL Environment"" pdf=""PRé Consultants"""
9219e5,4788424634.102.1,—,—,—,—,—,—,MISMATCH,—,MISMATCH,MATCH,—,MISMATCH,—,—,MISMATCH,—,MISMATCH,MATCH,—,—,—,—,—,—,—,—,—,—,—,—,—,—,MISMATCH,MATCH,—,—,—,—,—,—,MISMATCH,MISMATCH,MISMATCH,MISMATCH,—,—,—,—,—,—,MATCH,MATCH,—,MISMATCH,—,—,—,—,—,—,—,—,—,—,31.3%,"EPD Expiry: beam=""2025"" pdf=∅ | Material: beam=""Wood - SPF"" pdf=∅ | Specifications: beam=""by volume (m3)"" pdf=∅ | Markets of Applicability: beam=""US & CA"" pdf=""CAN, USA"" | Stated EPD kgCO2e / unit: beam=""63.12"" pdf=""5.220000000000001"" | Density: beam=""460"" pdf=""500"" | Length (m): beam=""1.000"" pdf=∅ | Width (m): beam=""1.000"" pdf=∅ | Depth (m): beam=""1.000"" pdf=∅ | Unit Volume (m3): beam=""1.000000"" pdf=∅ | EPD/LCA Prepared by: beam=""UL Environment"" pdf=""PRé Consultants"""
92d24d,4788424634.102.1,—,—,—,—,—,—,MISMATCH,—,MISMATCH,MATCH,—,MISMATCH,—,—,MISMATCH,—,MISMATCH,MATCH,—,—,—,—,—,—,—,—,—,—,—,—,—,—,MISMATCH,MATCH,—,—,—,—,—,—,MISMATCH,MISMATCH,MISMATCH,MISMATCH,—,—,—,—,—,—,MATCH,MATCH,—,MISMATCH,—,—,—,—,—,—,—,—,—,—,31.3%,"EPD Expiry: beam=""2025"" pdf=∅ | Material: beam=""Wood - SPF"" pdf=∅ | Specifications: beam=""by length (m)"" pdf=∅ | Markets of Applicability: beam=""US & CA"" pdf=""CAN, USA"" | Stated EPD kgCO2e / unit: beam=""63.12"" pdf=""5.220000000000001"" | Density: beam=""460"" pdf=""500"" | Length (m): beam=""1.000"" pdf=∅ | Width (m): beam=""0.0191"" pdf=∅ | Depth (m): beam=""0.1397"" pdf=∅ | Unit Volume (m3): beam=""0.002661"" pdf=∅ | EPD/LCA Prepared by: beam=""UL Environment"" pdf=""PRé Consultants"""
c309dk,4788424634.102.1,—,—,—,—,—,—,MISMATCH,—,MISMATCH,MATCH,—,MISMATCH,—,—,MISMATCH,—,MISMATCH,MATCH,—,—,—,—,—,—,—,—,—,—,—,—,—,—,MISMATCH,MATCH,—,—,—,—,—,—,MISMATCH,MISMATCH,MISMATCH,MISMATCH,—,—,—,—,—,—,MATCH,MATCH,—,MISMATCH,—,—,—,—,—,—,—,—,—,—,31.3%,"EPD Expiry: beam=""2025"" pdf=∅ | Material: beam=""Wood - SPF"" pdf=∅ | Specifications: beam=""by area (m2) (i.e. solid 5.5"" x area x f"" pdf=∅ | Markets of Applicability: beam=""US & CA"" pdf=""CAN, USA"" | Stated EPD kgCO2e / unit: beam=""63.12"" pdf=""5.220000000000001"" | Density: beam=""460"" pdf=""500"" | Length (m): beam=""1.000"" pdf=∅ | Width (m): beam=""0.0381"" pdf=∅ | Depth (m): beam=""0.1397"" pdf=∅ | Unit Volume (m3): beam=""0.005323"" pdf=∅ | EPD/LCA Prepared by: beam=""UL Environment"" pdf=""PRé Consultants"""
k2f2dm,4788424634.102.1,—,—,—,—,—,—,MISMATCH,—,MISMATCH,MATCH,—,MISMATCH,—,—,MISMATCH,—,MISMATCH,MATCH,—,—,—,—,—,—,—,—,—,—,—,—,—,—,MISMATCH,MATCH,—,—,—,—,—,—,MISMATCH,MISMATCH,MISMATCH,MISMATCH,—,—,—,—,—,—,MATCH,MATCH,—,MISMATCH,—,—,—,—,—,—,—,—,—,—,31.3%,"EPD Expiry: beam=""2025"" pdf=∅ | Material: beam=""Wood - SPF"" pdf=∅ | Specifications: beam=""by length (m)"" pdf=∅ | Markets of Applicability: beam=""US & CA"" pdf=""CAN, USA"" | Stated EPD kgCO2e / unit: beam=""63.12"" pdf=""5.220000000000001"" | Density: beam=""460"" pdf=""500"" | Length (m): beam=""1.000"" pdf=∅ | Width (m): beam=""0.0191"" pdf=∅ | Depth (m): beam=""0.0381"" pdf=∅ | Unit Volume (m3): beam=""0.000726"" pdf=∅ | EPD/LCA Prepared by: beam=""UL Environment"" pdf=""PRé Consultants"""
l2kgs9,4788424634.102.1,—,—,—,—,—,—,MISMATCH,—,MISMATCH,MATCH,—,MISMATCH,—,—,MISMATCH,—,MISMATCH,MATCH,—,—,—,—,—,—,—,—,—,—,—,—,—,—,MISMATCH,MATCH,—,—,—,—,—,—,MISMATCH,MISMATCH,—,—,—,—,—,—,—,—,MATCH,MATCH,—,MISMATCH,—,—,—,—,—,—,—,—,—,—,35.7%,"EPD Expiry: beam=""2025"" pdf=∅ | Material: beam=""Wood - SPF"" pdf=∅ | Specifications: beam=""1/2"" boards"" pdf=∅ | Markets of Applicability: beam=""US & CA"" pdf=""CAN, USA"" | Stated EPD kgCO2e / unit: beam=""63.12"" pdf=""5.220000000000001"" | Density: beam=""460"" pdf=""500"" | Length (m): beam=""1.000"" pdf=∅ | Width (m): beam=""0.0127"" pdf=∅ | EPD/LCA Prepared by: beam=""UL Environment"" pdf=""PRé Consultants"""
o3kwx9,4788424634.102.1,—,—,—,—,—,—,MISMATCH,—,MISMATCH,MATCH,—,MISMATCH,—,—,MISMATCH,—,MISMATCH,MATCH,—,—,—,—,—,—,—,—,—,—,—,—,—,—,MISMATCH,MATCH,—,—,—,—,—,—,MISMATCH,MISMATCH,MISMATCH,MISMATCH,—,—,—,—,—,—,MATCH,MATCH,—,MISMATCH,—,—,—,—,—,—,—,—,—,—,31.3%,"EPD Expiry: beam=""2025"" pdf=∅ | Material: beam=""Wood - SPF"" pdf=∅ | Specifications: beam=""by area (m2) (i.e. solid 7.25"" x area x "" pdf=∅ | Markets of Applicability: beam=""US & CA"" pdf=""CAN, USA"" | Stated EPD kgCO2e / unit: beam=""63.12"" pdf=""5.220000000000001"" | Density: beam=""460"" pdf=""500"" | Length (m): beam=""1.000"" pdf=∅ | Width (m): beam=""0.0381"" pdf=∅ | Depth (m): beam=""0.2858"" pdf=∅ | Unit Volume (m3): beam=""0.010887"" pdf=∅ | EPD/LCA Prepared by: beam=""UL Environment"" pdf=""PRé Consultants"""
p2v3x5,4788424634.102.1,—,—,—,—,—,—,MISMATCH,—,MISMATCH,MATCH,—,MISMATCH,—,—,MISMATCH,—,MISMATCH,MATCH,—,—,—,—,—,—,—,—,—,—,—,—,—,—,MISMATCH,MATCH,—,—,—,—,—,—,MISMATCH,MISMATCH,—,—,—,—,—,—,—,—,MATCH,MATCH,—,MISMATCH,—,—,—,—,—,—,—,—,—,—,35.7%,"EPD Expiry: beam=""2025"" pdf=∅ | Material: beam=""Wood - SPF"" pdf=∅ | Specifications: beam=""5/8"" boards"" pdf=∅ | Markets of Applicability: beam=""US & CA"" pdf=""CAN, USA"" | Stated EPD kgCO2e / unit: beam=""63.12"" pdf=""5.220000000000001"" | Density: beam=""460"" pdf=""500"" | Length (m): beam=""1.000"" pdf=∅ | Width (m): beam=""0.0159"" pdf=∅ | EPD/LCA Prepared by: beam=""UL Environment"" pdf=""PRé Consultants"""
s029f2,4788424634.102.1,—,—,—,—,—,—,MISMATCH,—,MISMATCH,MATCH,—,MISMATCH,—,—,MISMATCH,—,MISMATCH,MATCH,—,—,—,—,—,—,—,—,—,—,—,—,—,—,MISMATCH,MATCH,—,—,—,—,—,—,MISMATCH,MISMATCH,MISMATCH,MISMATCH,—,—,—,—,—,—,MATCH,MATCH,—,MISMATCH,—,—,—,—,—,—,—,—,—,—,31.3%,"EPD Expiry: beam=""2025"" pdf=∅ | Material: beam=""Wood - SPF"" pdf=∅ | Specifications: beam=""by length (m)"" pdf=∅ | Markets of Applicability: beam=""US & CA"" pdf=""CAN, USA"" | Stated EPD kgCO2e / unit: beam=""63.12"" pdf=""5.220000000000001"" | Density: beam=""460"" pdf=""500"" | Length (m): beam=""1.000"" pdf=∅ | Width (m): beam=""0.0191"" pdf=∅ | Depth (m): beam=""0.0889"" pdf=∅ | Unit Volume (m3): beam=""0.001694"" pdf=∅ | EPD/LCA Prepared by: beam=""UL Environment"" pdf=""PRé Consultants"""
t2c9ss,4788424634.102.1,—,—,—,—,—,—,MISMATCH,—,MISMATCH,MATCH,—,MISMATCH,—,—,MISMATCH,—,MISMATCH,MATCH,—,—,—,—,—,—,—,—,—,—,—,—,—,—,MISMATCH,MATCH,—,—,—,—,—,—,MISMATCH,MISMATCH,—,—,—,—,—,—,—,—,MATCH,MATCH,—,MISMATCH,—,—,—,—,—,—,—,—,—,—,35.7%,"EPD Expiry: beam=""2025"" pdf=∅ | Material: beam=""Wood - SPF"" pdf=∅ | Specifications: beam=""1/4"" boards"" pdf=∅ | Markets of Applicability: beam=""US & CA"" pdf=""CAN, USA"" | Stated EPD kgCO2e / unit: beam=""63.12"" pdf=""5.220000000000001"" | Density: beam=""460"" pdf=""500"" | Length (m): beam=""1.000"" pdf=∅ | Width (m): beam=""0.0064"" pdf=∅ | EPD/LCA Prepared by: beam=""UL Environment"" pdf=""PRé Consultants"""
w93kcl,4788424634.102.1,—,—,—,—,—,—,MISMATCH,—,MISMATCH,MATCH,—,MISMATCH,—,—,MISMATCH,—,MISMATCH,MATCH,—,—,—,—,—,—,—,—,—,—,—,—,—,—,MISMATCH,MATCH,—,—,—,—,—,—,MISMATCH,MISMATCH,MISMATCH,MISMATCH,—,—,—,—,—,—,MATCH,MATCH,—,MISMATCH,—,—,—,—,—,—,—,—,—,—,31.3%,"EPD Expiry: beam=""2025"" pdf=∅ | Material: beam=""Wood - SPF"" pdf=∅ | Specifications: beam=""by length (m)"" pdf=∅ | Markets of Applicability: beam=""US & CA"" pdf=""CAN, USA"" | Stated EPD kgCO2e / unit: beam=""63.12"" pdf=""5.220000000000001"" | Density: beam=""460"" pdf=""500"" | Length (m): beam=""1.000"" pdf=∅ | Width (m): beam=""0.0191"" pdf=∅ | Depth (m): beam=""0.0635"" pdf=∅ | Unit Volume (m3): beam=""0.001210"" pdf=∅ | EPD/LCA Prepared by: beam=""UL Environment"" pdf=""PRé Consultants"""
x3fk2s,4788424634.102.1,—,—,—,—,—,—,MISMATCH,—,MISMATCH,MATCH,—,MISMATCH,—,—,MISMATCH,—,MISMATCH,MATCH,—,—,—,—,—,—,—,—,—,—,—,—,—,—,MISMATCH,MATCH,—,—,—,—,—,—,MISMATCH,MISMATCH,—,—,—,—,—,—,—,—,MATCH,MATCH,—,MISMATCH,—,—,—,—,—,—,—,—,—,—,35.7%,"EPD Expiry: beam=""2025"" pdf=∅ | Material: beam=""Wood - SPF"" pdf=∅ | Specifications: beam=""7/8"" boards"" pdf=∅ | Markets of Applicability: beam=""US & CA"" pdf=""CAN, USA"" | Stated EPD kgCO2e / unit: beam=""63.12"" pdf=""5.220000000000001"" | Density: beam=""460"" pdf=""500"" | Length (m): beam=""1.000"" pdf=∅ | Width (m): beam=""0.0222"" pdf=∅ | EPD/LCA Prepared by: beam=""UL Environment"" pdf=""PRé Consultants"""
61a79e,4788424634.103.1,—,—,—,—,—,—,MISMATCH,—,MISMATCH,MATCH,—,MISMATCH,—,—,MISMATCH,—,MISMATCH,MATCH,—,—,—,—,—,—,—,—,—,—,—,—,—,—,MISMATCH,MATCH,MISMATCH,MISMATCH,—,—,—,—,—,—,—,—,—,—,—,—,—,—,MATCH,MATCH,—,MISMATCH,—,—,—,—,—,—,—,—,—,—,35.7%,"EPD Expiry: beam=""2025"" pdf=∅ | Material: beam=""Plywood"" pdf=∅ | Specifications: beam=""3/4"""" pdf=∅ | Markets of Applicability: beam=""US & CA"" pdf=""CAN, USA"" | Stated EPD kgCO2e / unit: beam=""219.32"" pdf=""5.220000000000001"" | Density: beam=""484"" pdf=""500"" | Addn'l factors: beam=""9.2202"" pdf=∅ | Addn'l factor units: beam=""kg/m2 at 3/4"""" pdf=∅ | EPD/LCA Prepared by: beam=""UL Environment"" pdf=""PRé Consultants"""
c41283,4788424634.103.1,—,—,—,—,—,—,MISMATCH,—,MISMATCH,MATCH,—,MISMATCH,—,—,MISMATCH,—,MISMATCH,MATCH,—,—,—,—,—,—,—,—,—,—,—,—,—,—,MISMATCH,MATCH,MISMATCH,MISMATCH,—,—,—,—,—,—,—,—,—,—,—,—,—,—,MATCH,MATCH,—,MISMATCH,—,—,—,—,—,—,—,—,—,—,35.7%,"EPD Expiry: beam=""2025"" pdf=∅ | Material: beam=""Plywood"" pdf=∅ | Specifications: beam=""1/2"""" pdf=∅ | Markets of Applicability: beam=""US & CA"" pdf=""CAN, USA"" | Stated EPD kgCO2e / unit: beam=""219.32"" pdf=""5.220000000000001"" | Density: beam=""484"" pdf=""500"" | Addn'l factors: beam=""6.1468"" pdf=∅ | Addn'l factor units: beam=""kg/m2 at 1/2"""" pdf=∅ | EPD/LCA Prepared by: beam=""UL Environment"" pdf=""PRé Consultants"""
d88aad,4788424634.103.1,—,—,—,—,—,—,MISMATCH,—,MISMATCH,MATCH,—,MISMATCH,—,—,MISMATCH,—,MISMATCH,MATCH,—,—,—,—,—,—,—,—,—,—,—,—,—,—,MISMATCH,MATCH,MISMATCH,MISMATCH,—,—,—,—,—,—,—,—,—,—,—,—,—,—,MATCH,MATCH,—,MISMATCH,—,—,—,—,—,—,—,—,—,—,35.7%,"EPD Expiry: beam=""2025"" pdf=∅ | Material: beam=""Plywood"" pdf=∅ | Specifications: beam=""5/8"""" pdf=∅ | Markets of Applicability: beam=""US & CA"" pdf=""CAN, USA"" | Stated EPD kgCO2e / unit: beam=""219.32"" pdf=""5.220000000000001"" | Density: beam=""484"" pdf=""500"" | Addn'l factors: beam=""7.6956"" pdf=∅ | Addn'l factor units: beam=""kg/m2 at 5/8"""" pdf=∅ | EPD/LCA Prepared by: beam=""UL Environment"" pdf=""PRé Consultants"""
f92a05,4788424634.104.1,—,—,—,—,—,—,MISMATCH,—,MISMATCH,MATCH,—,—,—,MISMATCH,MISMATCH,—,MISMATCH,MATCH,—,—,—,—,—,—,—,—,—,—,—,—,—,—,MISMATCH,MATCH,—,—,—,—,—,—,—,—,MISMATCH,—,—,—,—,—,—,—,MATCH,MATCH,—,MISMATCH,—,—,—,—,—,—,—,—,—,—,38.5%,"EPD Expiry: beam=""2025"" pdf=∅ | Material: beam=""Glued Laminated Timber (Glulam)"" pdf=∅ | Countries of Manufacture: beam=""US & CA"" pdf=""USA"" | Markets of Applicability: beam=""US & CA"" pdf=""CAN, USA"" | Stated EPD kgCO2e / unit: beam=""137.19"" pdf=""5.220000000000001"" | Density: beam=""548"" pdf=""500"" | Depth (m): beam=""0.089"" pdf=∅ | EPD/LCA Prepared by: beam=""UL Environment"" pdf=""PRé Consultants"""
vd92kd,4788424634.104.1,—,—,—,—,—,—,MISMATCH,—,MISMATCH,MATCH,—,—,—,MISMATCH,MISMATCH,—,MISMATCH,MATCH,—,—,—,—,—,—,—,—,—,—,—,—,—,—,MISMATCH,MATCH,—,—,—,—,—,—,—,—,MISMATCH,—,—,—,—,—,—,—,MATCH,MATCH,—,MISMATCH,—,—,—,—,—,—,—,—,—,—,38.5%,"EPD Expiry: beam=""2025"" pdf=∅ | Material: beam=""Glued Laminated Timber (Glulam)"" pdf=∅ | Countries of Manufacture: beam=""US & CA"" pdf=""USA"" | Markets of Applicability: beam=""US & CA"" pdf=""CAN, USA"" | Stated EPD kgCO2e / unit: beam=""137.19"" pdf=""5.220000000000001"" | Density: beam=""548"" pdf=""500"" | Depth (m): beam=""0.089"" pdf=∅ | EPD/LCA Prepared by: beam=""UL Environment"" pdf=""PRé Consultants"""
ebd574,4788424634.105.1,—,—,—,—,—,—,MISMATCH,—,MISMATCH,MATCH,—,—,—,—,MISMATCH,—,MISMATCH,MATCH,—,—,—,—,—,—,—,—,—,—,—,—,—,—,MISMATCH,MATCH,—,—,—,—,—,—,—,—,—,—,—,MISMATCH,—,—,—,—,MATCH,MATCH,—,MISMATCH,MATCH,—,—,—,—,—,—,—,—,—,46.2%,"EPD Expiry: beam=""2025"" pdf=∅ | Material: beam=""Laminated veneer lumber"" pdf=∅ | Markets of Applicability: beam=""US & CA"" pdf=""CAN, USA"" | Stated EPD kgCO2e / unit: beam=""361.45"" pdf=""5.220000000000001"" | Density: beam=""548"" pdf=""500"" | Material Type: beam=""Wood"" pdf=""LVL"" | EPD/LCA Prepared by: beam=""UL Environment"" pdf=""PRé Consultants"""
a6h0p2,4788424634.106.1,—,—,—,—,—,—,MISMATCH,—,MISMATCH,MATCH,—,MISMATCH,—,—,MISMATCH,—,MISMATCH,MISMATCH,—,—,—,—,MISMATCH,—,—,—,—,—,—,—,—,—,MISMATCH,MISMATCH,MISMATCH,MISMATCH,—,—,—,—,—,—,—,—,—,—,—,—,—,—,MATCH,MATCH,—,MISMATCH,—,—,—,—,—,—,—,—,—,—,20.0%,"EPD Expiry: beam=""2025"" pdf=∅ | Material: beam=""Wood I joist"" pdf=∅ | Specifications: beam=""TJI 230/360"" pdf=∅ | Markets of Applicability: beam=""US & CA"" pdf=""CAN, USA"" | Stated EPD kgCO2e / unit: beam=""1.97"" pdf=""5.220000000000001"" | GWP units kgCO2e per: beam=""m at avg depth"" pdf=""OR DECLARED UNIT 1 m of wood I-joist pro"" | GWP-bio from EPD: beam=""0"" pdf=∅ | Density: beam=""4.911"" pdf=""500"" | Density Units: beam=""kg/m at depth"" pdf=""kg/m3"" | Addn'l factors: beam=""1.132"" pdf=∅ | Addn'l factor units: beam=""ratio to avg"" pdf=∅ | EPD/LCA Prepared by: beam=""UL Environment"" pdf=""PRé Consultants"""
cec541,4788424634.106.1,—,—,—,—,—,—,MISMATCH,—,MISMATCH,MATCH,—,MISMATCH,—,—,MISMATCH,—,MISMATCH,MISMATCH,—,—,—,—,MISMATCH,—,—,—,—,—,—,—,—,—,MISMATCH,MISMATCH,MISMATCH,MISMATCH,—,—,—,—,—,—,—,—,—,—,—,—,—,—,MATCH,MATCH,—,MISMATCH,—,—,—,—,—,—,—,—,—,—,20.0%,"EPD Expiry: beam=""2025"" pdf=∅ | Material: beam=""Wood I joist"" pdf=∅ | Specifications: beam=""TJI 230/360"" pdf=∅ | Markets of Applicability: beam=""US & CA"" pdf=""CAN, USA"" | Stated EPD kgCO2e / unit: beam=""1.97"" pdf=""5.220000000000001"" | GWP units kgCO2e per: beam=""m at avg depth"" pdf=""OR DECLARED UNIT 1 m of wood I-joist pro"" | GWP-bio from EPD: beam=""0"" pdf=∅ | Density: beam=""4.464"" pdf=""500"" | Density Units: beam=""kg/m at depth"" pdf=""kg/m3"" | Addn'l factors: beam=""1.029"" pdf=∅ | Addn'l factor units: beam=""ratio to avg"" pdf=∅ | EPD/LCA Prepared by: beam=""UL Environment"" pdf=""PRé Consultants"""
d92kl5,4788424634.106.1,—,—,—,—,—,—,MISMATCH,—,MISMATCH,MATCH,—,MISMATCH,—,—,MISMATCH,—,MISMATCH,MISMATCH,—,—,—,—,MISMATCH,—,—,—,—,—,—,—,—,—,MISMATCH,MISMATCH,MISMATCH,MISMATCH,—,—,—,—,—,—,—,—,—,—,—,—,—,—,MATCH,MATCH,—,MISMATCH,—,—,—,—,—,—,—,—,—,—,20.0%,"EPD Expiry: beam=""2025"" pdf=∅ | Material: beam=""Wood I joist"" pdf=∅ | Specifications: beam=""TJI 230/360"" pdf=∅ | Markets of Applicability: beam=""US & CA"" pdf=""CAN, USA"" | Stated EPD kgCO2e / unit: beam=""1.97"" pdf=""5.220000000000001"" | GWP units kgCO2e per: beam=""m at avg depth"" pdf=""OR DECLARED UNIT 1 m of wood I-joist pro"" | GWP-bio from EPD: beam=""0"" pdf=∅ | Density: beam=""4.018"" pdf=""500"" | Density Units: beam=""kg/m at depth"" pdf=""kg/m3"" | Addn'l factors: beam=""0.926"" pdf=∅ | Addn'l factor units: beam=""ratio to avg"" pdf=∅ | EPD/LCA Prepared by: beam=""UL Environment"" pdf=""PRé Consultants"""
dk02lm,4788424634.106.1,—,—,—,—,—,—,MISMATCH,—,MISMATCH,MATCH,—,MISMATCH,—,—,—,—,MISMATCH,MISMATCH,—,—,—,—,MISMATCH,—,—,—,—,—,—,—,—,—,MISMATCH,MISMATCH,MISMATCH,MISMATCH,—,—,—,—,—,—,—,—,—,—,—,—,—,—,MATCH,MATCH,—,MISMATCH,—,—,—,—,—,—,—,—,—,—,21.4%,"EPD Expiry: beam=""2025"" pdf=∅ | Material: beam=""Wood I joist"" pdf=∅ | Specifications: beam=""TJI 230/360"" pdf=∅ | Stated EPD kgCO2e / unit: beam=""1.97"" pdf=""5.220000000000001"" | GWP units kgCO2e per: beam=""m at avg depth"" pdf=""OR DECLARED UNIT 1 m of wood I-joist pro"" | GWP-bio from EPD: beam=""8.65"" pdf=∅ | Density: beam=""4.34"" pdf=""500"" | Density Units: beam=""kg/m at avg depth"" pdf=""kg/m3"" | Addn'l factors: beam=""1"" pdf=∅ | Addn'l factor units: beam=""ratio to avg"" pdf=∅ | EPD/LCA Prepared by: beam=""UL Environment"" pdf=""PRé Consultants"""
f53d9a,4788424634.106.1,—,—,—,—,—,—,MISMATCH,—,MISMATCH,MATCH,—,MISMATCH,—,—,MISMATCH,—,MISMATCH,MISMATCH,—,—,—,—,MISMATCH,—,—,—,—,—,—,—,—,—,MISMATCH,MISMATCH,MISMATCH,MISMATCH,—,—,—,—,—,—,—,—,—,—,—,—,—,—,MATCH,MATCH,—,MISMATCH,—,—,—,—,—,—,—,—,—,—,20.0%,"EPD Expiry: beam=""2025"" pdf=∅ | Material: beam=""Wood I joist"" pdf=∅ | Specifications: beam=""TJI 230/360"" pdf=∅ | Markets of Applicability: beam=""US & CA"" pdf=""CAN, USA"" | Stated EPD kgCO2e / unit: beam=""1.97"" pdf=""5.220000000000001"" | GWP units kgCO2e per: beam=""m at avg depth"" pdf=""OR DECLARED UNIT 1 m of wood I-joist pro"" | GWP-bio from EPD: beam=""0"" pdf=∅ | Density: beam=""5.209"" pdf=""500"" | Density Units: beam=""kg/m at depth"" pdf=""kg/m3"" | Addn'l factors: beam=""1.2"" pdf=∅ | Addn'l factor units: beam=""ratio to avg"" pdf=∅ | EPD/LCA Prepared by: beam=""UL Environment"" pdf=""PRé Consultants"""
10d47f,4788424634.107.1,—,—,—,—,—,—,MISMATCH,—,MISMATCH,MISMATCH,—,MISMATCH,—,—,MATCH,—,MISMATCH,MATCH,—,—,—,—,—,—,—,—,—,—,—,—,—,—,MISMATCH,MATCH,—,—,—,—,—,—,—,—,—,—,—,—,—,—,—,—,MATCH,MATCH,—,MISMATCH,—,—,—,—,—,—,—,—,—,—,41.7%,"EPD Expiry: beam=""2025"" pdf=∅ | Material: beam=""Wood - Redwood"" pdf=∅ | Manufacturer: beam=""American Wood Council & Canadian Wood Co"" pdf=""the United States of America"" | Specifications: beam=""Lumber by volume (m3)"" pdf=∅ | Stated EPD kgCO2e / unit: beam=""37.97"" pdf=""5.220000000000001"" | Density: beam=""456"" pdf=""500"" | EPD/LCA Prepared by: beam=""UL Environment"" pdf=""PRé Consultants"""
31ckd0,4788424634.107.1,—,—,—,—,—,—,MISMATCH,—,MISMATCH,MISMATCH,—,MISMATCH,—,—,MATCH,—,MISMATCH,MATCH,—,—,—,—,—,—,—,—,—,—,—,—,—,—,MISMATCH,MATCH,—,—,—,—,—,—,—,MISMATCH,MISMATCH,—,—,—,—,—,—,—,MATCH,MATCH,—,MISMATCH,—,—,—,—,—,—,—,—,—,—,35.7%,"EPD Expiry: beam=""2025"" pdf=∅ | Material: beam=""Wood - Redwood"" pdf=∅ | Manufacturer: beam=""American Wood Council & Canadian Wood Co"" pdf=""the United States of America"" | Specifications: beam=""by length (m)"" pdf=∅ | Stated EPD kgCO2e / unit: beam=""37.97"" pdf=""5.220000000000001"" | Density: beam=""456"" pdf=""500"" | Width (m): beam=""0.0191"" pdf=∅ | Depth (m): beam=""0.0889"" pdf=∅ | EPD/LCA Prepared by: beam=""UL Environment"" pdf=""PRé Consultants"""
iv303x,4788424634.107.1,—,—,—,—,—,—,MISMATCH,—,MISMATCH,MISMATCH,—,MISMATCH,—,—,MATCH,—,MISMATCH,MATCH,—,—,—,—,—,—,—,—,—,—,—,—,—,—,MISMATCH,MATCH,—,—,—,—,—,—,—,MISMATCH,MISMATCH,—,—,—,—,—,—,—,MATCH,MATCH,—,MISMATCH,—,—,—,—,—,—,—,—,—,—,35.7%,"EPD Expiry: beam=""2025"" pdf=∅ | Material: beam=""Wood - Redwood"" pdf=∅ | Manufacturer: beam=""American Wood Council & Canadian Wood Co"" pdf=""the United States of America"" | Specifications: beam=""by length (m)"" pdf=∅ | Stated EPD kgCO2e / unit: beam=""37.97"" pdf=""5.220000000000001"" | Density: beam=""456"" pdf=""500"" | Width (m): beam=""0.0191"" pdf=∅ | Depth (m): beam=""0.0635"" pdf=∅ | EPD/LCA Prepared by: beam=""UL Environment"" pdf=""PRé Consultants"""
jk29kd,4788424634.107.1,—,—,—,—,—,—,MISMATCH,—,MISMATCH,MISMATCH,—,MISMATCH,—,—,MATCH,—,MISMATCH,MATCH,—,—,—,—,—,—,—,—,—,—,—,—,—,—,MISMATCH,MATCH,—,—,—,—,—,—,—,MISMATCH,MISMATCH,—,—,—,—,—,—,—,MATCH,MATCH,—,MISMATCH,—,—,—,—,—,—,—,—,—,—,35.7%,"EPD Expiry: beam=""2025"" pdf=∅ | Material: beam=""Wood - Redwood"" pdf=∅ | Manufacturer: beam=""American Wood Council & Canadian Wood Co"" pdf=""the United States of America"" | Specifications: beam=""by length (m)"" pdf=∅ | Stated EPD kgCO2e / unit: beam=""37.97"" pdf=""5.220000000000001"" | Density: beam=""456"" pdf=""500"" | Width (m): beam=""0.0191"" pdf=∅ | Depth (m): beam=""0.0381"" pdf=∅ | EPD/LCA Prepared by: beam=""UL Environment"" pdf=""PRé Consultants"""
pd92mn,4788424634.107.1,—,—,—,—,—,—,MISMATCH,—,MISMATCH,MISMATCH,—,MISMATCH,—,—,MATCH,—,MISMATCH,MATCH,—,—,—,—,—,—,—,—,—,—,—,—,—,—,MISMATCH,MATCH,—,—,—,—,—,—,—,MISMATCH,—,—,—,—,—,—,—,—,MATCH,MATCH,—,MISMATCH,—,—,—,—,—,—,—,—,—,—,38.5%,"EPD Expiry: beam=""2025"" pdf=∅ | Material: beam=""Wood - Redwood"" pdf=∅ | Manufacturer: beam=""American Wood Council & Canadian Wood Co"" pdf=""the United States of America"" | Specifications: beam=""by surface area (m2)"" pdf=∅ | Stated EPD kgCO2e / unit: beam=""37.97"" pdf=""5.220000000000001"" | Density: beam=""456"" pdf=""500"" | Width (m): beam=""0.0191"" pdf=∅ | EPD/LCA Prepared by: beam=""UL Environment"" pdf=""PRé Consultants"""
1f3cc3,4788647002.101.1,—,—,—,—,—,—,MISMATCH,—,MISMATCH,MATCH,MISMATCH,MISMATCH,—,—,MISMATCH,—,MISMATCH,MISMATCH,—,—,—,—,—,—,—,—,—,—,—,—,—,—,MISMATCH,MISMATCH,—,—,MISMATCH,MISMATCH,—,—,—,—,—,—,—,MISMATCH,—,—,—,—,MATCH,MISMATCH,—,MISMATCH,—,—,—,—,—,—,—,—,—,—,12.5%,"EPD Expiry: beam=""2024"" pdf=∅ | Material: beam=""Fiberglass batt"" pdf=∅ | Product Brand Name: beam=""Sustainable Insulation"" pdf=∅ | Specifications: beam=""R 3.6/inch"" pdf=∅ | Markets of Applicability: beam=""US"" pdf=∅ | Stated EPD kgCO2e / unit: beam=""0.94"" pdf=""0.202"" | GWP units kgCO2e per: beam=""m2•RSI"" pdf=""Environmental impacts are reported per f"" | Density: beam=""0.488"" pdf=""50"" | Density Units: beam=""kg/m2 at RSI 1"" pdf=""kg/m3"" | R-value / inch: beam=""3.64"" pdf=∅ | k, Thermal Conductivity: beam=""0.0396212"" pdf=∅ | Material Type: beam=""Fiberglass"" pdf=""Mineral wool"" | EPD Type: beam=""Product-specific"" pdf=∅ | EPD/LCA Prepared by: beam=""UL Environment"" pdf=∅"
f33e5e,4788647002.102.1,—,—,—,—,—,—,MISMATCH,—,MISMATCH,MATCH,MISMATCH,MISMATCH,—,—,MISMATCH,—,MISMATCH,MISMATCH,—,—,—,—,—,—,—,—,—,—,—,—,—,—,MISMATCH,MISMATCH,—,—,MISMATCH,MISMATCH,—,—,—,—,—,—,—,MATCH,—,—,—,—,MATCH,MISMATCH,—,MISMATCH,—,—,—,—,—,—,—,—,—,—,18.8%,"EPD Expiry: beam=""2024"" pdf=∅ | Material: beam=""Fiberglass loose fill"" pdf=∅ | Product Brand Name: beam=""InsulSafe, Optima, TruComfort"" pdf=∅ | Specifications: beam=""R 2.6/inch"" pdf=∅ | Markets of Applicability: beam=""US"" pdf=∅ | Stated EPD kgCO2e / unit: beam=""1.29"" pdf=""0.241"" | GWP units kgCO2e per: beam=""m2•RSI"" pdf=""Environmental impacts are reported per f"" | Density: beam=""0.574"" pdf=""23"" | Density Units: beam=""kg/m2 at RSI 1"" pdf=""kg/m3"" | R-value / inch: beam=""2.6"" pdf=∅ | k, Thermal Conductivity: beam=""0.0554697"" pdf=∅ | EPD Type: beam=""Product-specific"" pdf=∅ | EPD/LCA Prepared by: beam=""UL Environment"" pdf=∅"
9cd566,4788721182.101.1,—,—,—,—,—,—,MISMATCH,—,MISMATCH,MISMATCH,MISMATCH,MISMATCH,—,MISMATCH,MISMATCH,—,MISMATCH,MISMATCH,—,—,—,—,—,—,—,—,—,—,—,—,—,—,MISMATCH,MATCH,—,—,MISMATCH,MISMATCH,—,—,—,—,—,—,—,MATCH,—,—,—,—,MATCH,MATCH,—,MISMATCH,—,—,—,—,—,—,—,—,—,—,23.5%,"EPD Expiry: beam=""2024"" pdf=∅ | Material: beam=""XPS foam board"" pdf=∅ | Manufacturer: beam=""Owens Corning"" pdf=""the locations listed below. Tallmadge"" | Product Brand Name: beam=""Foamular 250  (Legacy)"" pdf=∅ | Specifications: beam=""R 5.0/inch"" pdf=∅ | Countries of Manufacture: beam=""Mexico"" pdf=∅ | Markets of Applicability: beam=""Mexico"" pdf=""CAN, USA"" | Stated EPD kgCO2e / unit: beam=""50.5"" pdf=""21.9"" | GWP units kgCO2e per: beam=""m2•RSI"" pdf=""OR DECLARED UNIT"" | Density: beam=""24.8"" pdf=""28"" | R-value / inch: beam=""5"" pdf=∅ | k, Thermal Conductivity: beam=""0.02884424"" pdf=∅ | EPD/LCA Prepared by: beam=""UL Environment"" pdf=""PRé Consultants"""
MPA001,4788736474.105.1,—,—,—,—,—,—,MISMATCH,—,MISMATCH,MISMATCH,MISMATCH,—,—,MISMATCH,MISMATCH,—,MISMATCH,MISMATCH,—,—,—,—,—,—,—,—,—,—,—,—,—,—,MISMATCH,MISMATCH,—,—,—,—,—,—,—,—,—,—,—,MISMATCH,—,—,—,—,MATCH,MATCH,MISMATCH,MISMATCH,MATCH,MISMATCH,MISMATCH,MATCH,MISMATCH,MATCH,MISMATCH,MISMATCH,—,—,21.7%,"EPD Expiry: beam=""2025"" pdf=∅ | Material: beam=""Aluminum"" pdf=∅ | Manufacturer: beam=""CENTRIA"" pdf=∅ | Product Brand Name: beam=""RZR"" pdf=∅ | Countries of Manufacture: beam=""US"" pdf=∅ | Markets of Applicability: beam=""US & CA"" pdf=""CAN, USA"" | Stated EPD kgCO2e / unit: beam=""6020"" pdf=""11179"" | GWP units kgCO2e per: beam=""100 m2"" pdf=""OR DECLARED UNIT"" | Density: beam=""10.49"" pdf=""500"" | Density Units: beam=""kg/m2"" pdf=""kg/m3"" | Material Type: beam=""Aluminum"" pdf=""Plywood"" | EPD Owner: beam=""CENTRIA"" pdf=∅ | EPD/LCA Prepared by: beam=""UL Environment"" pdf=""Sphera"" | Internal/External Validation: beam=""External"" pdf=∅ | EPD Verifying Agent: beam=""Industrial Ecology Consultants"" pdf=∅ | EPD PCR Guidelines: beam=""Insulated metal panels, metal composite "" pdf=""Insulated Metal Panels, Metal Composite "" | EPD LCA Software: beam=""GaBi ts 9"" pdf=""& VERSION NUMBER GaBi ts, 9"" | EPD LCI Database: beam=""GaBi 2019"" pdf=∅"
MPA002,4788736474.105.1,—,—,—,—,—,—,MISMATCH,—,MISMATCH,MISMATCH,MISMATCH,—,—,MISMATCH,MISMATCH,—,MISMATCH,MISMATCH,—,—,—,—,—,—,—,—,—,—,—,—,—,—,MISMATCH,MISMATCH,—,—,—,—,—,—,—,—,—,—,—,MISMATCH,—,—,—,—,MATCH,MATCH,MISMATCH,MISMATCH,MATCH,MISMATCH,MISMATCH,MATCH,MISMATCH,MATCH,MISMATCH,MISMATCH,—,—,21.7%,"EPD Expiry: beam=""2025"" pdf=∅ | Material: beam=""Aluminum"" pdf=∅ | Manufacturer: beam=""CENTRIA"" pdf=∅ | Product Brand Name: beam=""LVLZ"" pdf=∅ | Countries of Manufacture: beam=""US"" pdf=∅ | Markets of Applicability: beam=""US & CA"" pdf=""CAN, USA"" | Stated EPD kgCO2e / unit: beam=""7700"" pdf=""11179"" | GWP units kgCO2e per: beam=""100 m2"" pdf=""OR DECLARED UNIT"" | Density: beam=""13.62"" pdf=""500"" | Density Units: beam=""kg/m2"" pdf=""kg/m3"" | Material Type: beam=""Aluminum"" pdf=""Plywood"" | EPD Owner: beam=""CENTRIA"" pdf=∅ | EPD/LCA Prepared by: beam=""UL Environment"" pdf=""Sphera"" | Internal/External Validation: beam=""External"" pdf=∅ | EPD Verifying Agent: beam=""Industrial Ecology Consultants"" pdf=∅ | EPD PCR Guidelines: beam=""Insulated metal panels, metal composite "" pdf=""Insulated Metal Panels, Metal Composite "" | EPD LCA Software: beam=""GaBi ts 10"" pdf=""& VERSION NUMBER GaBi ts, 9"" | EPD LCI Database: beam=""GaBi 2020"" pdf=∅"
LVT014,4788753451.101.1,—,—,—,—,—,—,MATCH,—,MISMATCH,MISMATCH,MISMATCH,MISMATCH,—,—,MISMATCH,—,MISMATCH,MATCH,—,—,—,—,—,—,—,—,—,—,—,—,—,—,MISMATCH,MISMATCH,—,—,—,—,—,—,—,—,MISMATCH,—,—,MISMATCH,—,—,—,—,MISMATCH,MISMATCH,MATCH,MISMATCH,MATCH,MATCH,MISMATCH,—,MISMATCH,MATCH,MISMATCH,MISMATCH,MATCH,—,29.2%,"Material: beam=""Vinyl flooring"" pdf=∅ | Manufacturer: beam=""Resilient Floor Covering Institute"" pdf=""eight manufacturing facilities located i"" | Product Brand Name: beam=""Heterogeneous"" pdf=∅ | Specifications: beam=""1.1 - 5.5mm"" pdf=∅ | Markets of Applicability: beam=""US & CA"" pdf=""CAN, USA"" | Stated EPD kgCO2e / unit: beam=""7.04"" pdf=""11"" | Density: beam=""2.1"" pdf=∅ | Density Units: beam=""kg/m2"" pdf=∅ | Depth (m): beam=""0.0011-0.0055"" pdf=∅ | Material Type: beam=""Vinyl"" pdf=""Hardwood"" | EPD ID: beam=""4788753451.101.1"" pdf=""SCS-EPD-10144"" | EPD Type: beam=""Industry average"" pdf=∅ | EPD/LCA Prepared by: beam=""Thinkstep, Inc."" pdf=∅ | EPD Verifying Agent: beam=""Thomas P. Gloria, Ph.D., Industrial Ecol"" pdf=""Thomas Gloria, Ph.D., Industrial Ecology"" | EPD PCR Guidelines: beam=""Part B: Part B: Flooring EPD Requirement"" pdf=""Flooring EPD Requirements. Version 2. UL"" | EPD LCA Software: beam=""GaBi ts 8.7"" pdf=""and LCI database: OpenLCA v1.11 software"" | EPD LCI Database: beam=""GaBi 2018 (service pack 36)"" pdf=""OpenLCA v1.11 software and the Ecoinvent"""
LVT000,4788753451.103.1,—,—,—,—,—,—,MISMATCH,—,MISMATCH,MISMATCH,—,MISMATCH,—,—,MISMATCH,—,MATCH,MISMATCH,—,—,—,—,—,—,—,—,—,—,—,—,—,—,MISMATCH,MISMATCH,—,—,—,—,—,—,—,—,MISMATCH,—,—,MISMATCH,—,—,—,—,MATCH,MATCH,MISMATCH,MATCH,MATCH,MISMATCH,MISMATCH,—,MATCH,MATCH,MISMATCH,MISMATCH,MISMATCH,—,30.4%,"EPD Expiry: beam=""2024"" pdf=∅ | Material: beam=""Rigid core vinyl flooring"" pdf=∅ | Manufacturer: beam=""Resilient Floor Covering Institute"" pdf=""RFCI manufacturers of this flooring"" | Specifications: beam=""2 - 12mm"" pdf=∅ | Markets of Applicability: beam=""US & CA"" pdf=""CAN, USA"" | GWP units kgCO2e per: beam=""m²"" pdf=""OR DECLARED UNIT"" | Density: beam=""9.2"" pdf=∅ | Density Units: beam=""kg/m2"" pdf=∅ | Depth (m): beam=""0.002 - 0.012"" pdf=∅ | Material Type: beam=""Vinyl"" pdf=""Hardwood"" | EPD Owner: beam=""Resilient Floor Covering Institute"" pdf=""UL Environment"" | Internal/External Validation: beam=""External"" pdf=∅ | EPD Verifying Agent: beam=""Thomas P. Gloria, Ph.D., Industrial Ecol"" pdf=∅ | EPD LCA Software: beam=""GaBi ts 8.7"" pdf=""& VERSION NUMBER GaBi ts, 8.7"" | EPD LCI Database: beam=""GaBi 2018 (service pack 36)"" pdf=∅ | Product Service Life (Years): beam=""30"" pdf=""75"""
891444,4788753451.104.1,—,—,—,—,—,—,MISMATCH,—,MISMATCH,MISMATCH,MISMATCH,—,—,—,MISMATCH,—,MATCH,MISMATCH,—,—,—,—,—,—,—,—,—,—,—,—,—,—,MISMATCH,MISMATCH,—,—,—,—,—,—,—,—,MISMATCH,—,—,—,—,—,—,—,MATCH,MATCH,—,MISMATCH,—,—,—,—,—,—,—,—,—,—,23.1%,"EPD Expiry: beam=""2024"" pdf=∅ | Material: beam=""Rubber flooring"" pdf=∅ | Manufacturer: beam=""Resilient Floor Covering Institute"" pdf=""RFCI manufacturers. Rubber flooring is"" | Product Brand Name: beam=""Includes tiles and rolls from American B"" pdf=∅ | Markets of Applicability: beam=""US & CA"" pdf=""CAN, USA"" | GWP units kgCO2e per: beam=""m²"" pdf=""OR DECLARED UNIT"" | Density: beam=""5.6"" pdf=∅ | Density Units: beam=""kg/m2"" pdf=∅ | Depth (m): beam=""0.002"" pdf=∅ | EPD/LCA Prepared by: beam=""UL Environment"" pdf=""thinkstep"""
LVT001,4788753451.106.1,—,—,—,—,—,—,MISMATCH,—,MISMATCH,MISMATCH,—,MISMATCH,—,—,MISMATCH,—,MISMATCH,MISMATCH,—,—,—,—,—,—,—,—,—,—,—,—,—,—,MISMATCH,MISMATCH,—,—,—,—,—,—,—,—,MISMATCH,—,—,MISMATCH,—,—,—,—,MISMATCH,MISMATCH,MISMATCH,MISMATCH,MATCH,MISMATCH,MISMATCH,—,MISMATCH,MISMATCH,MISMATCH,MISMATCH,MISMATCH,—,4.3%,"EPD Expiry: beam=""2024"" pdf=∅ | Material: beam=""Luxury vinyl tile"" pdf=∅ | Manufacturer: beam=""Resilient Floor Covering Institute"" pdf=∅ | Specifications: beam=""2 - 5mm"" pdf=∅ | Markets of Applicability: beam=""US & CA"" pdf=∅ | Stated EPD kgCO2e / unit: beam=""11.9"" pdf=∅ | GWP units kgCO2e per: beam=""m²"" pdf=∅ | Density: beam=""5.9"" pdf=∅ | Density Units: beam=""kg/m2"" pdf=∅ | Depth (m): beam=""0.002-0.005"" pdf=∅ | Material Type: beam=""Vinyl"" pdf=∅ | EPD ID: beam=""4788753451.106.1"" pdf=""HERE"" | EPD Type: beam=""Industry average"" pdf=""Product-specific"" | EPD Owner: beam=""Resilient Floor Covering Institute"" pdf=∅ | EPD/LCA Prepared by: beam=""Thinkstep, Inc."" pdf=∅ | Internal/External Validation: beam=""External"" pdf=∅ | EPD Verifying Agent: beam=""Thomas P. Gloria, Ph.D., Industrial Ecol"" pdf=∅ | EPD PCR Guidelines: beam=""Part B: Part B: Flooring EPD Requirement"" pdf=∅ | LCA Method: beam=""TRACI 2.1"" pdf=""+ VERSION"" | EPD LCA Software: beam=""GaBi ts 8.7"" pdf=""+ VERSION"" | EPD LCI Database: beam=""GaBi 2018 (service pack 36)"" pdf=∅ | Product Service Life (Years): beam=""30"" pdf=∅"
LIN000,4788756650.101.1,—,—,—,—,—,—,MISMATCH,—,MISMATCH,MATCH,MISMATCH,MISMATCH,—,MISMATCH,MISMATCH,—,MISMATCH,MISMATCH,—,—,—,—,MISMATCH,—,—,—,—,—,—,—,—,—,MISMATCH,MISMATCH,—,—,—,—,—,—,—,—,MISMATCH,—,—,MISMATCH,—,—,—,—,MATCH,MATCH,MATCH,MISMATCH,MISMATCH,MISMATCH,MISMATCH,—,MISMATCH,MISMATCH,MISMATCH,MISMATCH,MATCH,—,19.2%,"EPD Expiry: beam=""2025-10-01"" pdf=∅ | Material: beam=""Linoleum flooring"" pdf=∅ | Product Brand Name: beam=""DLW Linoleum Acousticplus"" pdf=∅ | Specifications: beam=""4.0 mm sheet style linoleum"" pdf=∅ | Countries of Manufacture: beam=""Germany"" pdf=""DEU"" | Markets of Applicability: beam=""US"" pdf=""Commercial market"" | Stated EPD kgCO2e / unit: beam=""10.116"" pdf=""83.7"" | GWP units kgCO2e per: beam=""m²"" pdf=∅ | GWP-bio from EPD: beam=""6.99"" pdf=∅ | Density: beam=""3.5"" pdf=∅ | Density Units: beam=""kg/m2"" pdf=∅ | Depth (m): beam=""0.0040"" pdf=""0.004"" | Material Type: beam=""Linoleum"" pdf=∅ | EPD/LCA Prepared by: beam=""EVEA"" pdf=""of the Life Cycle Assessment"" | EPD Program / Operator: beam=""UL Environment"" pdf=""IBU"" | Internal/External Validation: beam=""External"" pdf=∅ | EPD Verifying Agent: beam=""Maria José Monteagudo Arrebola"" pdf=∅ | EPD PCR Guidelines: beam=""UL Environment PCR Part B: Flooring EPD "" pdf=∅ | LCA Method: beam=""TRACI 2.1"" pdf=""& VERSION NUMBER Methode EN 15804_FR_Ev-"" | EPD LCA Software: beam=""Simapro 10"" pdf=""& VERSION NUMBER Simapro 9"" | EPD LCI Database: beam=""Ecoinvent 3.6"" pdf=""Version 3.5"""
LIN003,4788756650.102.1,—,—,—,—,—,—,MISMATCH,—,MISMATCH,MATCH,MISMATCH,MISMATCH,—,MISMATCH,MISMATCH,—,MISMATCH,MISMATCH,—,—,—,—,MISMATCH,—,—,—,—,—,—,—,—,—,MISMATCH,MISMATCH,—,—,—,—,—,—,—,—,MISMATCH,—,—,MISMATCH,—,—,—,—,MATCH,MATCH,MATCH,MISMATCH,MISMATCH,MISMATCH,MISMATCH,—,MISMATCH,MISMATCH,MATCH,MISMATCH,MATCH,—,23.1%,"EPD Expiry: beam=""2025-10-01"" pdf=∅ | Material: beam=""Linoleum flooring"" pdf=∅ | Product Brand Name: beam=""DLW Linoleum Compact"" pdf=∅ | Specifications: beam=""2.5 mm sheet style linoleum"" pdf=∅ | Countries of Manufacture: beam=""Germany"" pdf=""DEU"" | Markets of Applicability: beam=""US"" pdf=""Commercial market"" | Stated EPD kgCO2e / unit: beam=""6.901"" pdf=""106.1"" | GWP units kgCO2e per: beam=""m²"" pdf=∅ | GWP-bio from EPD: beam=""6.38"" pdf=∅ | Density: beam=""2.94"" pdf=∅ | Density Units: beam=""kg/m2"" pdf=∅ | Depth (m): beam=""0.0025"" pdf=""0.00253"" | Material Type: beam=""Linoleum"" pdf=∅ | EPD/LCA Prepared by: beam=""EVEA"" pdf=""of the Life Cycle Assessment"" | EPD Program / Operator: beam=""UL Environment"" pdf=""IBU"" | Internal/External Validation: beam=""External"" pdf=∅ | EPD Verifying Agent: beam=""Maria José Monteagudo Arrebola"" pdf=∅ | EPD PCR Guidelines: beam=""UL Environment PCR Part B: Flooring EPD "" pdf=∅ | LCA Method: beam=""TRACI 2.1"" pdf=""& VERSION NUMBER Methode EN 15804_FR_Ev-"" | EPD LCI Database: beam=""Ecoinvent 3.5"" pdf=""Version 3.5"""
4dadb7,4788863727.101.1,—,—,—,—,—,—,MISMATCH,—,MISMATCH,MISMATCH,MISMATCH,MISMATCH,—,—,MATCH,—,MISMATCH,MISMATCH,—,—,—,—,—,—,—,—,—,—,—,—,—,—,MISMATCH,MISMATCH,—,—,—,—,—,—,—,—,—,—,—,—,—,—,—,—,MATCH,MATCH,—,MISMATCH,—,—,—,—,—,—,—,—,—,—,23.1%,"EPD Expiry: beam=""2024"" pdf=∅ | Material: beam=""Ceramic tile"" pdf=∅ | Manufacturer: beam=""Crossville"" pdf=""this facility"" | Product Brand Name: beam=""Porcelain"" pdf=∅ | Specifications: beam=""Standard grade"" pdf=∅ | Stated EPD kgCO2e / unit: beam=""23.9"" pdf=∅ | GWP units kgCO2e per: beam=""m²"" pdf=""REFERENCE PCR AND VERSION NUMBER UL Part"" | Density: beam=""24.41"" pdf=∅ | Density Units: beam=""kg/m2"" pdf=∅ | EPD/LCA Prepared by: beam=""UL Environment"" pdf=""WAP Sustainability Consulting"""
5a9ecd,4788873607.102.1,—,—,—,—,—,—,MISMATCH,—,MISMATCH,MISMATCH,MISMATCH,MISMATCH,—,—,MISMATCH,—,MISMATCH,MATCH,—,—,—,—,MISMATCH,—,—,—,—,—,—,—,—,—,MISMATCH,MISMATCH,—,—,—,—,—,—,—,—,—,—,—,—,—,—,—,—,MATCH,MATCH,—,MISMATCH,—,—,—,—,—,—,—,—,MATCH,—,26.7%,"EPD Expiry: beam=""2025"" pdf=∅ | Material: beam=""Carpet"" pdf=∅ | Manufacturer: beam=""Interface"" pdf=""the process"" | Product Brand Name: beam=""Cquest BioX"" pdf=∅ | Specifications: beam=""1.5 mm Modular tile carpet"" pdf=∅ | Markets of Applicability: beam=""US"" pdf=∅ | Stated EPD kgCO2e / unit: beam=""-0.256"" pdf=""-0.369"" | GWP-bio from EPD: beam=""4.67"" pdf=∅ | Density: beam=""2.8"" pdf=""23"" | Density Units: beam=""kg/m2"" pdf=""kg/m3"" | EPD/LCA Prepared by: beam=""UL Environment"" pdf=∅"
MWB006,4789092768.101.1,—,—,—,—,—,—,MATCH,—,MISMATCH,MATCH,MISMATCH,MISMATCH,—,—,MISMATCH,—,MISMATCH,MISMATCH,—,—,—,—,—,—,—,—,—,—,—,—,—,—,—,—,MISMATCH,MISMATCH,MISMATCH,MISMATCH,—,—,—,MISMATCH,—,—,—,MATCH,—,—,—,—,MISMATCH,MISMATCH,—,MISMATCH,—,—,—,—,—,—,—,—,—,—,17.6%,"Material: beam=""Mineral wool batt"" pdf=∅ | Product Brand Name: beam=""Safe'n'Sound"" pdf=∅ | Specifications: beam=""R 4.0-inch"" pdf=∅ | Markets of Applicability: beam=""US & CA"" pdf=""and time periods, all of"" | Stated EPD kgCO2e / unit: beam=""1.31"" pdf=""31"" | GWP units kgCO2e per: beam=""m2•RSI"" pdf=∅ | Addn'l factors: beam=""2.64000"" pdf=∅ | Addn'l factor units: beam=""RSI (m2K/W)"" pdf=∅ | R-value / inch: beam=""4.00"" pdf=∅ | k, Thermal Conductivity: beam=""0.0360553"" pdf=∅ | Width (m): beam=""0.089"" pdf=∅ | EPD ID: beam=""4789092768.101.1"" pdf=""EPD-RWI-20190075-CCD1-EN"" | EPD Type: beam=""Product-specific"" pdf=∅ | EPD/LCA Prepared by: beam=""UL Environment"" pdf=""of the Life Cycle"""
MWB008,4789092768.101.1,—,—,—,—,—,—,MATCH,—,MISMATCH,MATCH,MISMATCH,MISMATCH,—,—,MISMATCH,—,MISMATCH,MISMATCH,—,—,—,—,—,—,—,—,—,—,—,—,—,—,—,—,—,—,MISMATCH,MISMATCH,—,—,—,—,—,—,—,MATCH,—,—,—,—,MISMATCH,MISMATCH,—,MISMATCH,—,—,—,—,—,—,—,—,—,—,21.4%,"Material: beam=""Mineral wool board"" pdf=∅ | Product Brand Name: beam=""Cavityrock"" pdf=∅ | Specifications: beam=""R 4.3-inch"" pdf=∅ | Markets of Applicability: beam=""US & CA"" pdf=""and time periods, all of"" | Stated EPD kgCO2e / unit: beam=""2.1"" pdf=""31"" | GWP units kgCO2e per: beam=""m2•RSI"" pdf=∅ | R-value / inch: beam=""4.30"" pdf=∅ | k, Thermal Conductivity: beam=""0.03353981395"" pdf=∅ | EPD ID: beam=""4789092768.101.1"" pdf=""EPD-RWI-20190075-CCD1-EN"" | EPD Type: beam=""Product-specific"" pdf=∅ | EPD/LCA Prepared by: beam=""UL Environment"" pdf=""of the Life Cycle"""
MWB009,4789092768.101.1,—,—,—,—,—,—,MATCH,—,MISMATCH,MATCH,MISMATCH,MISMATCH,—,—,MISMATCH,—,MISMATCH,MISMATCH,—,—,—,—,—,—,—,—,—,—,—,—,—,—,MISMATCH,MATCH,—,—,MISMATCH,MISMATCH,—,—,—,—,—,—,—,MATCH,—,—,—,—,MISMATCH,MISMATCH,—,MISMATCH,—,—,—,—,—,—,—,—,—,—,25.0%,"Material: beam=""Mineral wool board"" pdf=∅ | Product Brand Name: beam=""Comfortboard 80"" pdf=∅ | Specifications: beam=""R 4.2-inch"" pdf=∅ | Markets of Applicability: beam=""US & CA"" pdf=""and time periods, all of"" | Stated EPD kgCO2e / unit: beam=""4.061"" pdf=""31"" | GWP units kgCO2e per: beam=""m2•RSI"" pdf=∅ | Density: beam=""128"" pdf=""40"" | R-value / inch: beam=""4.20"" pdf=∅ | k, Thermal Conductivity: beam=""0.03433838095"" pdf=∅ | EPD ID: beam=""4789092768.101.1"" pdf=""EPD-RWI-20190075-CCD1-EN"" | EPD Type: beam=""Product-specific"" pdf=∅ | EPD/LCA Prepared by: beam=""UL Environment"" pdf=""of the Life Cycle"""
MWB010,4789092768.101.1,—,—,—,—,—,—,MATCH,—,MISMATCH,MATCH,MISMATCH,MISMATCH,—,—,MISMATCH,—,MISMATCH,MISMATCH,—,—,—,—,—,—,—,—,—,—,—,—,—,—,—,—,—,—,MISMATCH,MISMATCH,—,—,—,—,—,—,—,MATCH,—,—,—,—,MISMATCH,MISMATCH,—,MISMATCH,—,—,—,—,—,—,—,—,—,—,21.4%,"Material: beam=""Mineral wool board"" pdf=∅ | Product Brand Name: beam=""Comfortboard 110"" pdf=∅ | Specifications: beam=""R 4.0-inch"" pdf=∅ | Markets of Applicability: beam=""US & CA"" pdf=""and time periods, all of"" | Stated EPD kgCO2e / unit: beam=""5.63"" pdf=""31"" | GWP units kgCO2e per: beam=""m2•RSI"" pdf=∅ | R-value / inch: beam=""4.00"" pdf=∅ | k, Thermal Conductivity: beam=""0.0360553"" pdf=∅ | EPD ID: beam=""4789092768.101.1"" pdf=""EPD-RWI-20190075-CCD1-EN"" | EPD Type: beam=""Product-specific"" pdf=∅ | EPD/LCA Prepared by: beam=""UL Environment"" pdf=""of the Life Cycle"""
MWB011,4789092768.101.1,—,—,—,—,—,—,MATCH,—,MISMATCH,MATCH,MISMATCH,MISMATCH,—,—,MISMATCH,—,MISMATCH,MISMATCH,—,—,—,—,—,—,—,—,—,—,—,—,—,—,—,—,—,—,MISMATCH,MISMATCH,—,—,—,—,—,—,—,MATCH,—,—,—,—,MISMATCH,MISMATCH,—,MISMATCH,—,—,—,—,—,—,—,—,—,—,21.4%,"Material: beam=""Mineral wool board"" pdf=∅ | Product Brand Name: beam=""Toprock DD"" pdf=∅ | Specifications: beam=""R 4.3-inch"" pdf=∅ | Markets of Applicability: beam=""US & CA"" pdf=""and time periods, all of"" | Stated EPD kgCO2e / unit: beam=""5.63"" pdf=""31"" | GWP units kgCO2e per: beam=""m2•RSI"" pdf=∅ | R-value / inch: beam=""4.30"" pdf=∅ | k, Thermal Conductivity: beam=""0.03353981395"" pdf=∅ | EPD ID: beam=""4789092768.101.1"" pdf=""EPD-RWI-20190075-CCD1-EN"" | EPD Type: beam=""Product-specific"" pdf=∅ | EPD/LCA Prepared by: beam=""UL Environment"" pdf=""of the Life Cycle"""
MWB014,4789092768.101.1,—,—,—,—,—,—,MATCH,—,MISMATCH,MATCH,MISMATCH,MISMATCH,—,—,MISMATCH,—,MISMATCH,MISMATCH,—,—,—,—,—,—,—,—,—,—,—,—,—,—,—,—,—,—,MISMATCH,MISMATCH,—,—,—,—,—,—,—,MATCH,—,—,—,—,MISMATCH,MISMATCH,MATCH,—,MISMATCH,MATCH,MISMATCH,MISMATCH,MISMATCH,MISMATCH,MATCH,—,MISMATCH,—,27.3%,"Material: beam=""Mineral wool batt"" pdf=∅ | Product Brand Name: beam=""ComfortBatt R-24 (Wood Studs)"" pdf=∅ | Specifications: beam=""R 4.4-inch"" pdf=∅ | Markets of Applicability: beam=""US & CA"" pdf=""and time periods, all of"" | Stated EPD kgCO2e / unit: beam=""1.70"" pdf=""31"" | GWP units kgCO2e per: beam=""m2•RSI"" pdf=∅ | R-value / inch: beam=""4.40"" pdf=∅ | k, Thermal Conductivity: beam=""0.0327775"" pdf=∅ | EPD ID: beam=""4789092768.101.1"" pdf=""EPD-RWI-20190075-CCD1-EN"" | EPD Type: beam=""Product-specific"" pdf=∅ | EPD Program / Operator: beam=""UL Environment"" pdf=""IBU"" | EPD Verifying Agent: beam=""IBU – Institut Bauen und Umwelt e.V."" pdf=""appointed by SVR)"" | EPD Standards: beam=""per /ISO 14025/ and /EN 15804/"" pdf=""ISO 14025, EN 15804"" | EPD PCR Guidelines: beam=""Product Category Rules Part A: Calculati"" pdf=""The span of products, which are containe"" | LCA Method: beam=""TRACI 2.1"" pdf=∅ | Product Service Life (Years): beam=""75"" pdf=∅"
MWB017,4789092768.101.1,—,—,—,—,—,—,MATCH,—,MISMATCH,MATCH,MISMATCH,MISMATCH,—,—,MISMATCH,—,MISMATCH,MISMATCH,—,—,—,—,—,—,—,—,—,—,—,—,—,—,—,—,—,—,MISMATCH,MISMATCH,—,—,—,—,—,—,—,MATCH,—,—,—,—,MISMATCH,MISMATCH,MATCH,—,MISMATCH,MATCH,MISMATCH,MISMATCH,MISMATCH,MISMATCH,MATCH,—,MISMATCH,—,27.3%,"Material: beam=""Mineral wool batt"" pdf=∅ | Product Brand Name: beam=""ComfortBatt R-23"" pdf=∅ | Specifications: beam=""R 4.2-inch"" pdf=∅ | Markets of Applicability: beam=""US & CA"" pdf=""and time periods, all of"" | Stated EPD kgCO2e / unit: beam=""1.44"" pdf=""31"" | GWP units kgCO2e per: beam=""m2•RSI"" pdf=∅ | R-value / inch: beam=""4.18"" pdf=∅ | k, Thermal Conductivity: beam=""0.0345027"" pdf=∅ | EPD ID: beam=""4789092768.101.1"" pdf=""EPD-RWI-20190075-CCD1-EN"" | EPD Type: beam=""Product-specific"" pdf=∅ | EPD Program / Operator: beam=""UL Environment"" pdf=""IBU"" | EPD Verifying Agent: beam=""IBU – Institut Bauen und Umwelt e.V."" pdf=""appointed by SVR)"" | EPD Standards: beam=""per /ISO 14025/ and /EN 15804/"" pdf=""ISO 14025, EN 15804"" | EPD PCR Guidelines: beam=""Product Category Rules Part A: Calculati"" pdf=""The span of products, which are containe"" | LCA Method: beam=""TRACI 2.1"" pdf=∅ | Product Service Life (Years): beam=""75"" pdf=∅"
MWB018,4789092768.101.1,—,—,—,—,—,—,MATCH,—,MISMATCH,MATCH,MISMATCH,MISMATCH,—,—,MISMATCH,—,MISMATCH,MISMATCH,—,—,—,—,—,—,—,—,—,—,—,—,—,—,—,—,—,—,MISMATCH,MISMATCH,—,—,—,—,—,—,—,MATCH,—,—,—,—,MISMATCH,MISMATCH,MATCH,—,MISMATCH,MATCH,MISMATCH,MISMATCH,MISMATCH,MISMATCH,MATCH,—,MISMATCH,—,27.3%,"Material: beam=""Mineral wool batt"" pdf=∅ | Product Brand Name: beam=""ComfortBatt R-15"" pdf=∅ | Specifications: beam=""R 4.3-inch"" pdf=∅ | Markets of Applicability: beam=""US & CA"" pdf=""and time periods, all of"" | Stated EPD kgCO2e / unit: beam=""1.31"" pdf=""31"" | GWP units kgCO2e per: beam=""m2•RSI"" pdf=∅ | R-value / inch: beam=""4.30"" pdf=∅ | k, Thermal Conductivity: beam=""0.0335398"" pdf=∅ | EPD ID: beam=""4789092768.101.1"" pdf=""EPD-RWI-20190075-CCD1-EN"" | EPD Type: beam=""Product-specific"" pdf=∅ | EPD Program / Operator: beam=""UL Environment"" pdf=""IBU"" | EPD Verifying Agent: beam=""IBU – Institut Bauen und Umwelt e.V."" pdf=""appointed by SVR)"" | EPD Standards: beam=""per /ISO 14025/ and /EN 15804/"" pdf=""ISO 14025, EN 15804"" | EPD PCR Guidelines: beam=""Product Category Rules Part A: Calculati"" pdf=""The span of products, which are containe"" | LCA Method: beam=""TRACI 2.1"" pdf=∅ | Product Service Life (Years): beam=""75"" pdf=∅"
MWB019,4789092768.101.1,—,—,—,—,—,—,MATCH,—,MISMATCH,MATCH,MISMATCH,MISMATCH,—,—,MISMATCH,—,MISMATCH,MISMATCH,—,—,—,—,—,—,—,—,—,—,—,—,—,—,—,—,—,—,MISMATCH,MISMATCH,—,—,—,—,—,—,—,MATCH,—,—,—,—,MISMATCH,MISMATCH,MATCH,—,MISMATCH,MATCH,MISMATCH,MISMATCH,MISMATCH,MISMATCH,MATCH,—,MISMATCH,—,27.3%,"Material: beam=""Mineral wool batt"" pdf=∅ | Product Brand Name: beam=""ComfortBatt R-10, R-14, R-22, R-28, R-30"" pdf=∅ | Specifications: beam=""R 4.0-inch"" pdf=∅ | Markets of Applicability: beam=""US & CA"" pdf=""and time periods, all of"" | Stated EPD kgCO2e / unit: beam=""1.18"" pdf=""31"" | GWP units kgCO2e per: beam=""m2•RSI"" pdf=∅ | R-value / inch: beam=""4.00"" pdf=∅ | k, Thermal Conductivity: beam=""0.0360553"" pdf=∅ | EPD ID: beam=""4789092768.101.1"" pdf=""EPD-RWI-20190075-CCD1-EN"" | EPD Type: beam=""Product-specific"" pdf=∅ | EPD Program / Operator: beam=""UL Environment"" pdf=""IBU"" | EPD Verifying Agent: beam=""IBU – Institut Bauen und Umwelt e.V."" pdf=""appointed by SVR)"" | EPD Standards: beam=""per /ISO 14025/ and /EN 15804/"" pdf=""ISO 14025, EN 15804"" | EPD PCR Guidelines: beam=""Product Category Rules Part A: Calculati"" pdf=""The span of products, which are containe"" | LCA Method: beam=""TRACI 2.1"" pdf=∅ | Product Service Life (Years): beam=""75"" pdf=∅"
MWB020,4789092768.101.1,—,—,—,—,—,—,MATCH,—,MISMATCH,MATCH,MISMATCH,MISMATCH,—,—,MISMATCH,—,MISMATCH,MISMATCH,—,—,—,—,—,—,—,—,—,—,—,—,—,—,—,—,—,—,MISMATCH,MISMATCH,—,—,—,—,—,—,—,MATCH,—,—,—,—,MISMATCH,MISMATCH,MATCH,—,MISMATCH,MATCH,MISMATCH,MISMATCH,MISMATCH,MISMATCH,MATCH,—,MISMATCH,—,27.3%,"Material: beam=""Mineral wool batt"" pdf=∅ | Product Brand Name: beam=""ComfortBatt R-24 (Steel Studs)"" pdf=∅ | Specifications: beam=""R 4.0-inch"" pdf=∅ | Markets of Applicability: beam=""US & CA"" pdf=""and time periods, all of"" | Stated EPD kgCO2e / unit: beam=""1.18"" pdf=""31"" | GWP units kgCO2e per: beam=""m2•RSI"" pdf=∅ | R-value / inch: beam=""4.00"" pdf=∅ | k, Thermal Conductivity: beam=""0.0360553"" pdf=∅ | EPD ID: beam=""4789092768.101.1"" pdf=""EPD-RWI-20190075-CCD1-EN"" | EPD Type: beam=""Product-specific"" pdf=∅ | EPD Program / Operator: beam=""UL Environment"" pdf=""IBU"" | EPD Verifying Agent: beam=""IBU – Institut Bauen und Umwelt e.V."" pdf=""appointed by SVR)"" | EPD Standards: beam=""per /ISO 14025/ and /EN 15804/"" pdf=""ISO 14025, EN 15804"" | EPD PCR Guidelines: beam=""Product Category Rules Part A: Calculati"" pdf=""The span of products, which are containe"" | LCA Method: beam=""TRACI 2.1"" pdf=∅ | Product Service Life (Years): beam=""75"" pdf=∅"
CER000,4789101745.101.1,—,—,—,—,—,—,MISMATCH,—,MISMATCH,MISMATCH,MISMATCH,MISMATCH,—,MATCH,MISMATCH,—,MISMATCH,MISMATCH,—,—,—,—,—,—,—,—,—,—,—,—,—,—,MISMATCH,MISMATCH,—,—,—,—,—,—,—,—,—,—,—,MISMATCH,—,—,—,—,MATCH,MATCH,MISMATCH,MISMATCH,MATCH,MISMATCH,MISMATCH,MATCH,MISMATCH,MATCH,MISMATCH,MISMATCH,MATCH,—,28.0%,"EPD Expiry: beam=""2025"" pdf=∅ | Material: beam=""Ceramic tile"" pdf=∅ | Manufacturer: beam=""Tile Council of North America"" pdf=""North America. Ceramic tiles are"" | Product Brand Name: beam=""Includes: American Wonder, Arto, Crossvi"" pdf=∅ | Specifications: beam=""Industry average."" pdf=∅ | Markets of Applicability: beam=""US & CA"" pdf=""CAN, USA"" | Stated EPD kgCO2e / unit: beam=""14.1"" pdf=""100"" | GWP units kgCO2e per: beam=""m²"" pdf=""OR DECLARED UNIT"" | Density: beam=""18.8"" pdf=""1500"" | Density Units: beam=""kg/m2"" pdf=""kg/m3"" | Material Type: beam=""Ceramic tile"" pdf=""Brick"" | EPD Owner: beam=""Tile Council of North America"" pdf=∅ | EPD/LCA Prepared by: beam=""UL Environment"" pdf=""WAP Sustainability Consulting"" | Internal/External Validation: beam=""External"" pdf=∅ | EPD Verifying Agent: beam=""Ramboll"" pdf=∅ | EPD PCR Guidelines: beam=""Flooring EPD requirements, UL 10010-7, v"" pdf=""Flooring EPD Requirements, UL 10010-7, V"" | EPD LCA Software: beam=""GaBi 9.2.0.58"" pdf=""& VERSION NUMBER GaBi Database Version 9"" | EPD LCI Database: beam=""GaBi 9.2.0.58"" pdf=∅"
OSB000,4789103593.101.1,—,—,—,—,—,—,MISMATCH,—,MISMATCH,MISMATCH,MISMATCH,MISMATCH,—,—,MISMATCH,—,MISMATCH,MATCH,—,—,—,—,—,—,—,—,—,—,—,—,—,—,MISMATCH,MATCH,MISMATCH,MISMATCH,MISMATCH,MISMATCH,—,—,—,—,—,—,—,—,—,—,—,—,MATCH,MATCH,MISMATCH,MISMATCH,MATCH,MISMATCH,MISMATCH,—,—,MISMATCH,—,—,—,—,22.7%,"EPD Expiry: beam=""2025-07-01"" pdf=∅ | Material: beam=""OSB sheathing"" pdf=∅ | Manufacturer: beam=""Huber"" pdf=""plants in Commerce"" | Product Brand Name: beam=""AdvanTech"" pdf=∅ | Specifications: beam=""1/2"" Sheathing"" pdf=∅ | Markets of Applicability: beam=""US"" pdf=""Residential, Multi-Family, Commercial"" | Stated EPD kgCO2e / unit: beam=""420"" pdf=""37"" | Density: beam=""662"" pdf=""500"" | Addn'l factors: beam=""8.407"" pdf=∅ | Addn'l factor units: beam=""kg/m2 at 1/2"""" pdf=∅ | R-value / inch: beam=""78.74"" pdf=∅ | k, Thermal Conductivity: beam=""m2 @ 1/2'' / m3"" pdf=∅ | EPD Owner: beam=""Huber"" pdf=∅ | EPD/LCA Prepared by: beam=""UL"" pdf=""Sustainable Solutions Corporation"" | Internal/External Validation: beam=""External"" pdf=∅ | EPD Verifying Agent: beam=""Thomas P. Gloria, Ph.D., Industrial Ecol"" pdf=∅ | LCA Method: beam=""SimaPro v9"" pdf=""& VERSION NUMBER TRACI"""
OSB006,4789103593.101.1,—,—,—,—,—,—,MISMATCH,—,MISMATCH,MISMATCH,MISMATCH,MISMATCH,—,—,MISMATCH,—,MISMATCH,MATCH,—,—,—,—,—,—,—,—,—,—,—,—,—,—,MISMATCH,MATCH,MISMATCH,MISMATCH,MISMATCH,MISMATCH,—,—,—,—,—,—,—,—,—,—,—,—,MATCH,MATCH,MISMATCH,MISMATCH,MATCH,MISMATCH,MISMATCH,—,—,—,—,—,—,—,23.8%,"EPD Expiry: beam=""2025-07-01"" pdf=∅ | Material: beam=""OSB subflooring"" pdf=∅ | Manufacturer: beam=""Huber"" pdf=""plants in Commerce"" | Product Brand Name: beam=""AdvanTech"" pdf=∅ | Specifications: beam=""19/32"" Subflooring"" pdf=∅ | Markets of Applicability: beam=""US"" pdf=""Residential, Multi-Family, Commercial"" | Stated EPD kgCO2e / unit: beam=""470"" pdf=""37"" | Density: beam=""670"" pdf=""500"" | Addn'l factors: beam=""10.12"" pdf=∅ | Addn'l factor units: beam=""kg/m2 at 1/2"""" pdf=∅ | R-value / inch: beam=""66.31"" pdf=∅ | k, Thermal Conductivity: beam=""m2 @ 19/32'' / m3"" pdf=∅ | EPD Owner: beam=""Huber"" pdf=∅ | EPD/LCA Prepared by: beam=""UL"" pdf=""Sustainable Solutions Corporation"" | Internal/External Validation: beam=""External"" pdf=∅ | EPD Verifying Agent: beam=""Thomas P. Gloria, Ph.D., Industrial Ecol"" pdf=∅"
2fg4um,4789103593.102.1,—,—,—,—,—,—,MISMATCH,—,MISMATCH,MISMATCH,MISMATCH,MISMATCH,—,MISMATCH,MISMATCH,—,MISMATCH,MATCH,—,—,—,—,—,—,—,—,—,—,—,—,—,—,MISMATCH,MATCH,MISMATCH,MISMATCH,—,—,—,—,—,—,MISMATCH,—,—,—,—,—,—,—,MATCH,MATCH,MISMATCH,MISMATCH,MATCH,MISMATCH,MISMATCH,—,—,MATCH,MATCH,MISMATCH,MATCH,—,32.0%,"EPD Expiry: beam=""2025-07-01"" pdf=∅ | Material: beam=""OSB roof & wall sheathing & barrier syst"" pdf=∅ | Manufacturer: beam=""Huber"" pdf=""five different thicknesses"" | Product Brand Name: beam=""ZIP System - Wall and Roof Sheathing"" pdf=∅ | Specifications: beam=""7/16"" sheathing and protective barrier"" pdf=∅ | Countries of Manufacture: beam=""US"" pdf=∅ | Markets of Applicability: beam=""US & CA"" pdf=""Residential, Multi-Family, Commercial"" | Stated EPD kgCO2e / unit: beam=""380"" pdf=""38"" | Density: beam=""660"" pdf=""500"" | Addn'l factors: beam=""10.494"" pdf=∅ | Addn'l factor units: beam=""kg/m2 at  5/8"""" pdf=∅ | Depth (m): beam=""0.0159"" pdf=∅ | EPD Owner: beam=""Huber"" pdf=∅ | EPD/LCA Prepared by: beam=""UL"" pdf=""Sustainable Solutions Corporation"" | Internal/External Validation: beam=""External"" pdf=∅ | EPD Verifying Agent: beam=""Thomas P. Gloria, Ph.D., Industrial Ecol"" pdf=∅ | EPD LCI Database: beam=""ecoinvent v3.5"" pdf=""was the primary sources of secondary dat"""
2gy8rd,4789103593.102.1,—,—,—,—,—,—,MISMATCH,—,MISMATCH,MISMATCH,MISMATCH,MISMATCH,—,MISMATCH,MISMATCH,—,MISMATCH,MATCH,—,—,—,—,—,—,—,—,—,—,—,—,—,—,MISMATCH,MATCH,—,—,MISMATCH,—,—,—,—,—,MISMATCH,—,—,—,—,—,—,—,MATCH,MATCH,MISMATCH,MISMATCH,—,MISMATCH,MISMATCH,—,—,MATCH,MATCH,MISMATCH,MATCH,—,30.4%,"EPD Expiry: beam=""2025-06-30"" pdf=∅ | Material: beam=""Insulated OSB sheathing & barrier system"" pdf=∅ | Manufacturer: beam=""Huber"" pdf=""five different thicknesses"" | Product Brand Name: beam=""ZIP System - R-12 Insulated Sheathing"" pdf=∅ | Specifications: beam=""7/16"" osb sheathing, 1"" foam insulation,"" pdf=∅ | Countries of Manufacture: beam=""US"" pdf=∅ | Markets of Applicability: beam=""US & CA"" pdf=""Residential, Multi-Family, Commercial"" | Stated EPD kgCO2e / unit: beam=""260"" pdf=""38"" | Density: beam=""223"" pdf=""500"" | R-value / inch: beam=""12"" pdf=∅ | Depth (m): beam=""0.0619"" pdf=∅ | EPD Owner: beam=""Huber"" pdf=∅ | EPD/LCA Prepared by: beam=""UL Environment"" pdf=""Sustainable Solutions Corporation"" | Internal/External Validation: beam=""Internal"" pdf=∅ | EPD Verifying Agent: beam=""Grant R Martin, UL Environment"" pdf=∅ | EPD LCI Database: beam=""ecoinvent v3.5"" pdf=""was the primary sources of secondary dat"""
3lkfm3,4789103593.102.1,—,—,—,—,—,—,MISMATCH,—,MISMATCH,MISMATCH,MISMATCH,MISMATCH,—,MISMATCH,MISMATCH,—,MISMATCH,MATCH,—,—,—,—,—,—,—,—,—,—,—,—,—,—,MISMATCH,MATCH,—,—,MISMATCH,—,—,—,—,—,MISMATCH,—,—,—,—,—,—,—,MATCH,MATCH,MISMATCH,MISMATCH,—,MISMATCH,MISMATCH,—,—,MATCH,MATCH,MISMATCH,MATCH,—,30.4%,"EPD Expiry: beam=""2025-06-30"" pdf=∅ | Material: beam=""Insulated OSB sheathing & barrier system"" pdf=∅ | Manufacturer: beam=""Huber"" pdf=""five different thicknesses"" | Product Brand Name: beam=""ZIP System - R-6 Insulated Sheathing"" pdf=∅ | Specifications: beam=""7/16"" osb sheathing, 1"" foam insulation,"" pdf=∅ | Countries of Manufacture: beam=""US"" pdf=∅ | Markets of Applicability: beam=""US & CA"" pdf=""Residential, Multi-Family, Commercial"" | Stated EPD kgCO2e / unit: beam=""280"" pdf=""38"" | Density: beam=""223"" pdf=""500"" | R-value / inch: beam=""6"" pdf=∅ | Depth (m): beam=""0.0365"" pdf=∅ | EPD Owner: beam=""Huber"" pdf=∅ | EPD/LCA Prepared by: beam=""UL Environment"" pdf=""Sustainable Solutions Corporation"" | Internal/External Validation: beam=""Internal"" pdf=∅ | EPD Verifying Agent: beam=""Grant R Martin, UL Environment"" pdf=∅ | EPD LCI Database: beam=""ecoinvent v3.5"" pdf=""was the primary sources of secondary dat"""
7vi3jf,4789103593.102.1,—,—,—,—,—,—,MISMATCH,—,MISMATCH,MISMATCH,MISMATCH,MISMATCH,—,MISMATCH,MISMATCH,—,MISMATCH,MATCH,—,—,—,—,—,—,—,—,—,—,—,—,—,—,MISMATCH,MATCH,MISMATCH,MISMATCH,—,—,—,—,—,—,MISMATCH,—,—,—,—,—,—,—,MATCH,MATCH,MISMATCH,MISMATCH,MATCH,MISMATCH,MISMATCH,—,—,MATCH,MATCH,MISMATCH,MATCH,—,32.0%,"EPD Expiry: beam=""2025-07-01"" pdf=∅ | Material: beam=""OSB roof & wall sheathing & barrier syst"" pdf=∅ | Manufacturer: beam=""Huber"" pdf=""five different thicknesses"" | Product Brand Name: beam=""ZIP System - Wall and Roof Sheathing"" pdf=∅ | Specifications: beam=""7/16"" sheathing and protective barrier"" pdf=∅ | Countries of Manufacture: beam=""US"" pdf=∅ | Markets of Applicability: beam=""US & CA"" pdf=""Residential, Multi-Family, Commercial"" | Stated EPD kgCO2e / unit: beam=""380"" pdf=""38"" | Density: beam=""660"" pdf=""500"" | Addn'l factors: beam=""7.26"" pdf=∅ | Addn'l factor units: beam=""kg/m2 at  7/16"""" pdf=∅ | Depth (m): beam=""0.0110"" pdf=∅ | EPD Owner: beam=""Huber"" pdf=∅ | EPD/LCA Prepared by: beam=""UL"" pdf=""Sustainable Solutions Corporation"" | Internal/External Validation: beam=""External"" pdf=∅ | EPD Verifying Agent: beam=""Thomas P. Gloria, Ph.D., Industrial Ecol"" pdf=∅ | EPD LCI Database: beam=""ecoinvent v3.5"" pdf=""was the primary sources of secondary dat"""
dsa30i,4789103593.102.1,—,—,—,—,—,—,MISMATCH,—,MISMATCH,MISMATCH,MISMATCH,MISMATCH,—,MISMATCH,MISMATCH,—,MISMATCH,MATCH,—,—,—,—,—,—,—,—,—,—,—,—,—,—,MISMATCH,MATCH,—,—,MISMATCH,—,—,—,—,—,MISMATCH,—,—,—,—,—,—,—,MATCH,MATCH,MISMATCH,MISMATCH,—,MISMATCH,MISMATCH,—,—,MATCH,MATCH,MISMATCH,MATCH,—,30.4%,"EPD Expiry: beam=""2025-06-30"" pdf=∅ | Material: beam=""Insulated OSB sheathing & barrier system"" pdf=∅ | Manufacturer: beam=""Huber"" pdf=""five different thicknesses"" | Product Brand Name: beam=""ZIP System - R-3 Insulated Sheathing"" pdf=∅ | Specifications: beam=""7/16"" osb sheathing, 1/2"" foam insulatio"" pdf=∅ | Countries of Manufacture: beam=""US"" pdf=∅ | Markets of Applicability: beam=""US & CA"" pdf=""Residential, Multi-Family, Commercial"" | Stated EPD kgCO2e / unit: beam=""310"" pdf=""38"" | Density: beam=""325"" pdf=""500"" | R-value / inch: beam=""3"" pdf=∅ | Depth (m): beam=""0.0238"" pdf=∅ | EPD Owner: beam=""Huber"" pdf=∅ | EPD/LCA Prepared by: beam=""UL Environment"" pdf=""Sustainable Solutions Corporation"" | Internal/External Validation: beam=""Internal"" pdf=∅ | EPD Verifying Agent: beam=""Grant R Martin, UL Environment"" pdf=∅ | EPD LCI Database: beam=""ecoinvent v3.5"" pdf=""was the primary sources of secondary dat"""
g83od3,4789103593.102.1,—,—,—,—,—,—,MISMATCH,—,MISMATCH,MISMATCH,MISMATCH,MISMATCH,—,MISMATCH,MISMATCH,—,MISMATCH,MATCH,—,—,—,—,—,—,—,—,—,—,—,—,—,—,MISMATCH,MATCH,MISMATCH,MISMATCH,—,—,—,—,—,—,MISMATCH,—,—,—,—,—,—,—,MATCH,MATCH,MISMATCH,MISMATCH,MATCH,MISMATCH,MISMATCH,—,—,MATCH,MATCH,MISMATCH,MATCH,—,32.0%,"EPD Expiry: beam=""2025-07-01"" pdf=∅ | Material: beam=""OSB roof & wall sheathing & barrier syst"" pdf=∅ | Manufacturer: beam=""Huber"" pdf=""five different thicknesses"" | Product Brand Name: beam=""ZIP System - Wall and Roof Sheathing"" pdf=∅ | Specifications: beam=""7/16"" sheathing and protective barrier"" pdf=∅ | Countries of Manufacture: beam=""US"" pdf=∅ | Markets of Applicability: beam=""US & CA"" pdf=""Residential, Multi-Family, Commercial"" | Stated EPD kgCO2e / unit: beam=""380"" pdf=""38"" | Density: beam=""660"" pdf=""500"" | Addn'l factors: beam=""8.382"" pdf=∅ | Addn'l factor units: beam=""kg/m2 at  1/2"""" pdf=∅ | Depth (m): beam=""0.0127"" pdf=∅ | EPD Owner: beam=""Huber"" pdf=∅ | EPD/LCA Prepared by: beam=""UL"" pdf=""Sustainable Solutions Corporation"" | Internal/External Validation: beam=""External"" pdf=∅ | EPD Verifying Agent: beam=""Thomas P. Gloria, Ph.D., Industrial Ecol"" pdf=∅ | EPD LCI Database: beam=""ecoinvent v3.5"" pdf=""was the primary sources of secondary dat"""
t5ydsd,4789103593.102.1,—,—,—,—,—,—,MISMATCH,—,MISMATCH,MISMATCH,MISMATCH,MISMATCH,—,MISMATCH,MISMATCH,—,MISMATCH,MATCH,—,—,—,—,—,—,—,—,—,—,—,—,—,—,MISMATCH,MATCH,—,—,MISMATCH,—,—,—,—,—,MISMATCH,—,—,—,—,—,—,—,MATCH,MATCH,MISMATCH,MISMATCH,—,MISMATCH,MISMATCH,—,—,MATCH,MATCH,MISMATCH,MATCH,—,30.4%,"EPD Expiry: beam=""2025-06-30"" pdf=∅ | Material: beam=""Insulated OSB sheathing & barrier system"" pdf=∅ | Manufacturer: beam=""Huber"" pdf=""five different thicknesses"" | Product Brand Name: beam=""ZIP System - R-9 Insulated Sheathing"" pdf=∅ | Specifications: beam=""7/16"" osb sheathing, 1"" foam insulation,"" pdf=∅ | Countries of Manufacture: beam=""US"" pdf=∅ | Markets of Applicability: beam=""US & CA"" pdf=""Residential, Multi-Family, Commercial"" | Stated EPD kgCO2e / unit: beam=""260"" pdf=""38"" | Density: beam=""223"" pdf=""500"" | R-value / inch: beam=""9"" pdf=∅ | Depth (m): beam=""0.0492"" pdf=∅ | EPD Owner: beam=""Huber"" pdf=∅ | EPD/LCA Prepared by: beam=""UL Environment"" pdf=""Sustainable Solutions Corporation"" | Internal/External Validation: beam=""Internal"" pdf=∅ | EPD Verifying Agent: beam=""Grant R Martin, UL Environment"" pdf=∅ | EPD LCI Database: beam=""ecoinvent v3.5"" pdf=""was the primary sources of secondary dat"""
34db3d,4789289084.103.1,—,—,—,—,—,—,MISMATCH,—,MISMATCH,MISMATCH,MISMATCH,MISMATCH,—,—,MATCH,—,MISMATCH,MISMATCH,—,—,—,—,—,—,—,—,—,—,—,—,—,—,MISMATCH,MATCH,—,—,—,—,—,—,—,—,MISMATCH,—,—,—,—,—,—,—,MATCH,MATCH,—,MISMATCH,—,—,—,—,—,—,—,—,—,—,28.6%,"EPD Expiry: beam=""2026"" pdf=∅ | Material: beam=""Metal Panels - Aluminum"" pdf=∅ | Manufacturer: beam=""Metal Construction Assn."" pdf=∅ | Product Brand Name: beam=""Includes: ATAS, DMI, Englert, Fabral,McE"" pdf=∅ | Specifications: beam=""22 gauge"" pdf=∅ | Stated EPD kgCO2e / unit: beam=""1860"" pdf=""3693.91"" | GWP units kgCO2e per: beam=""100m2"" pdf=""OR DECLARED UNIT"" | Density: beam=""2720"" pdf=""7850"" | Depth (m): beam=""0.001"" pdf=∅ | EPD/LCA Prepared by: beam=""UL Environment"" pdf=""thinkstep"""
98a9cd,4789289084.103.1,—,—,—,—,—,—,MISMATCH,—,MISMATCH,MISMATCH,MISMATCH,MISMATCH,—,—,MATCH,—,MISMATCH,MISMATCH,—,—,—,—,—,—,—,—,—,—,—,—,—,—,MISMATCH,MATCH,—,—,—,—,—,—,—,—,MISMATCH,—,—,—,—,—,—,—,MATCH,MATCH,—,MISMATCH,—,MISMATCH,—,—,—,—,—,—,—,—,26.7%,"EPD Expiry: beam=""2025"" pdf=∅ | Material: beam=""Metal Panels - Steel"" pdf=∅ | Manufacturer: beam=""Metal Construction Assn."" pdf=∅ | Product Brand Name: beam=""Includes: ATAS, DMI, Englert, Fabral,McE"" pdf=∅ | Specifications: beam=""24 gauge"" pdf=∅ | Stated EPD kgCO2e / unit: beam=""1530"" pdf=""3693.91"" | GWP units kgCO2e per: beam=""100m2"" pdf=""OR DECLARED UNIT"" | Density: beam=""8030"" pdf=""7850"" | Depth (m): beam=""0.001"" pdf=∅ | EPD/LCA Prepared by: beam=""UL Environment"" pdf=""thinkstep"" | Internal/External Validation: beam=""External"" pdf=∅"
LIN001,4789356590.101.2,—,—,—,—,—,—,MISMATCH,—,MISMATCH,MISMATCH,MISMATCH,MISMATCH,—,MISMATCH,MISMATCH,—,MISMATCH,MISMATCH,—,—,—,—,—,—,—,—,—,—,—,—,—,—,MISMATCH,MISMATCH,—,—,—,—,—,—,—,—,MISMATCH,—,—,MISMATCH,—,—,—,—,MATCH,MATCH,MISMATCH,MISMATCH,MATCH,MISMATCH,MISMATCH,—,MATCH,MATCH,MATCH,MISMATCH,MISMATCH,—,24.0%,"EPD Expiry: beam=""2025-10-01"" pdf=∅ | Material: beam=""Linoleum flooring"" pdf=∅ | Manufacturer: beam=""Tarkett"" pdf=""various species of pines and"" | Product Brand Name: beam=""Lino Acoustic"" pdf=∅ | Specifications: beam=""3.8 mm sheet style linoleum"" pdf=∅ | Countries of Manufacture: beam=""EU"" pdf=""ITA"" | Markets of Applicability: beam=""US & CA"" pdf=""CAN, USA"" | Stated EPD kgCO2e / unit: beam=""2.36"" pdf=∅ | GWP units kgCO2e per: beam=""m²"" pdf=""OR DECLARED UNIT"" | Density: beam=""3.66"" pdf=∅ | Density Units: beam=""kg/m3"" pdf=∅ | Depth (m): beam=""0.0038"" pdf=∅ | Material Type: beam=""Linoleum"" pdf=∅ | EPD Owner: beam=""Tarkett"" pdf=∅ | EPD/LCA Prepared by: beam=""Sphera Solutions, Inc."" pdf=∅ | Internal/External Validation: beam=""External"" pdf=∅ | EPD Verifying Agent: beam=""Cooper McCollum"" pdf=∅ | EPD LCI Database: beam=""GaBi 2019.3 (service pack 39)"" pdf=∅ | Product Service Life (Years): beam=""30"" pdf=""1"""
LIN002,4789356590.101.2,—,—,—,—,—,—,MISMATCH,—,MISMATCH,MISMATCH,MISMATCH,MISMATCH,—,MISMATCH,MISMATCH,—,MISMATCH,MISMATCH,—,—,—,—,—,—,—,—,—,—,—,—,—,—,MISMATCH,MISMATCH,—,—,—,—,—,—,—,—,MISMATCH,—,—,MISMATCH,—,—,—,—,MATCH,MATCH,MISMATCH,MISMATCH,MATCH,MISMATCH,MISMATCH,—,MATCH,MATCH,MATCH,MISMATCH,MISMATCH,—,24.0%,"EPD Expiry: beam=""2025-10-01"" pdf=∅ | Material: beam=""Linoleum flooring"" pdf=∅ | Manufacturer: beam=""Tarkett"" pdf=""various species of pines and"" | Product Brand Name: beam=""Veneto Acoustic Cork"" pdf=∅ | Specifications: beam=""4.4 mm sheet style linoleum"" pdf=∅ | Countries of Manufacture: beam=""EU"" pdf=""ITA"" | Markets of Applicability: beam=""US & CA"" pdf=""CAN, USA"" | Stated EPD kgCO2e / unit: beam=""-0.413"" pdf=∅ | GWP units kgCO2e per: beam=""m²"" pdf=""OR DECLARED UNIT"" | Density: beam=""4.88"" pdf=∅ | Density Units: beam=""kg/m3"" pdf=∅ | Depth (m): beam=""0.0038"" pdf=∅ | Material Type: beam=""Linoleum"" pdf=∅ | EPD Owner: beam=""Tarkett"" pdf=∅ | EPD/LCA Prepared by: beam=""Sphera Solutions, Inc."" pdf=∅ | Internal/External Validation: beam=""External"" pdf=∅ | EPD Verifying Agent: beam=""Cooper McCollum"" pdf=∅ | EPD LCI Database: beam=""GaBi 2019.3 (service pack 39)"" pdf=∅ | Product Service Life (Years): beam=""30"" pdf=""1"""
LIN004,4789356590.101.2,—,—,—,—,—,—,MISMATCH,—,MISMATCH,MISMATCH,MISMATCH,MISMATCH,—,MISMATCH,MISMATCH,—,MISMATCH,MISMATCH,—,—,—,—,—,—,—,—,—,—,—,—,—,—,MISMATCH,MISMATCH,—,—,—,—,—,—,—,—,MISMATCH,—,—,MISMATCH,—,—,—,—,MATCH,MATCH,MISMATCH,MISMATCH,MATCH,MISMATCH,MISMATCH,—,MATCH,MATCH,MATCH,MISMATCH,MISMATCH,—,24.0%,"EPD Expiry: beam=""2025-10-01"" pdf=∅ | Material: beam=""Linoleum flooring"" pdf=∅ | Manufacturer: beam=""Tarkett"" pdf=""various species of pines and"" | Product Brand Name: beam=""Lino"" pdf=∅ | Specifications: beam=""2.5 mm sheet style linoleum"" pdf=∅ | Countries of Manufacture: beam=""EU"" pdf=""ITA"" | Markets of Applicability: beam=""US & CA"" pdf=""CAN, USA"" | Stated EPD kgCO2e / unit: beam=""-0.6"" pdf=∅ | GWP units kgCO2e per: beam=""m²"" pdf=""OR DECLARED UNIT"" | Density: beam=""3.18"" pdf=∅ | Density Units: beam=""kg/m2"" pdf=∅ | Depth (m): beam=""0.0025"" pdf=∅ | Material Type: beam=""Linoleum"" pdf=∅ | EPD Owner: beam=""Tarkett"" pdf=∅ | EPD/LCA Prepared by: beam=""Sphera Solutions, Inc."" pdf=∅ | Internal/External Validation: beam=""External"" pdf=∅ | EPD Verifying Agent: beam=""Cooper McCollum"" pdf=∅ | EPD LCI Database: beam=""GaBi 2019.3 (service pack 39)"" pdf=∅ | Product Service Life (Years): beam=""30"" pdf=""1"""
MPA000,4789365778.101.1,—,—,—,—,—,—,MISMATCH,—,MISMATCH,MISMATCH,MISMATCH,MISMATCH,—,MISMATCH,MISMATCH,—,MISMATCH,MISMATCH,—,—,—,—,—,—,—,—,—,—,—,—,—,—,MISMATCH,MISMATCH,MISMATCH,MISMATCH,—,—,—,—,—,—,—,—,—,MISMATCH,—,—,—,—,MATCH,MATCH,MISMATCH,MISMATCH,MATCH,MISMATCH,MISMATCH,MISMATCH,MISMATCH,MATCH,MISMATCH,MISMATCH,MISMATCH,—,14.8%,"EPD Expiry: beam=""2025"" pdf=∅ | Material: beam=""Metal Panels - Aluminum"" pdf=∅ | Manufacturer: beam=""Petersen Aluminum Corp"" pdf=""commercial and residential applications."" | Product Brand Name: beam=""Pac-Clad"" pdf=∅ | Specifications: beam=""20EQ gauge"" pdf=∅ | Countries of Manufacture: beam=""US"" pdf=∅ | Markets of Applicability: beam=""US & CA"" pdf=""CAN, USA"" | Stated EPD kgCO2e / unit: beam=""3840"" pdf=""384"" | GWP units kgCO2e per: beam=""100m2"" pdf=""OR DECLARED UNIT"" | Density: beam=""2.07"" pdf=""7800"" | Density Units: beam=""kg/m2"" pdf=""kg/m3"" | Addn'l factors: beam=""207"" pdf=∅ | Addn'l factor units: beam=""kg/100m2"" pdf=∅ | Material Type: beam=""Aluminum"" pdf=""Steel"" | EPD Owner: beam=""Petersen Aluminum Corp"" pdf=∅ | EPD/LCA Prepared by: beam=""UL Environment"" pdf=""Sphera"" | Internal/External Validation: beam=""External"" pdf=∅ | EPD Verifying Agent: beam=""Industrial Ecology Consultants"" pdf=∅ | EPD Standards: beam=""ISO 21930:2017"" pdf=""ISO 14025, ISO21930:2017, EN 15804, ISO "" | EPD PCR Guidelines: beam=""Insulated metal panels, metal composite "" pdf=""Insulated Metal Panels, Metal Composite "" | EPD LCA Software: beam=""GaBi 8.7"" pdf=""& VERSION NUMBER GaBi ts, 8.7"" | EPD LCI Database: beam=""GaBi 2019"" pdf=∅ | Product Service Life (Years): beam=""75"" pdf=∅"
MPS000,4789365778.101.1,—,—,—,—,—,—,MISMATCH,—,MISMATCH,MISMATCH,MISMATCH,MISMATCH,—,MISMATCH,MISMATCH,—,MISMATCH,MISMATCH,—,—,—,—,—,—,—,—,—,—,—,—,—,—,MISMATCH,MISMATCH,MISMATCH,MISMATCH,—,—,—,—,—,—,—,—,—,MATCH,—,—,—,—,MATCH,MATCH,MISMATCH,MISMATCH,MATCH,MISMATCH,MISMATCH,MISMATCH,MISMATCH,MATCH,MISMATCH,MISMATCH,MISMATCH,—,18.5%,"EPD Expiry: beam=""2025"" pdf=∅ | Material: beam=""Metal Panels - Steel"" pdf=∅ | Manufacturer: beam=""Petersen Aluminum Corp"" pdf=""commercial and residential applications."" | Product Brand Name: beam=""Pac-Clad"" pdf=∅ | Specifications: beam=""24EQ gauge"" pdf=∅ | Countries of Manufacture: beam=""US"" pdf=∅ | Markets of Applicability: beam=""US & CA"" pdf=""CAN, USA"" | Stated EPD kgCO2e / unit: beam=""1580"" pdf=""384"" | GWP units kgCO2e per: beam=""100m2"" pdf=""OR DECLARED UNIT"" | Density: beam=""2.07"" pdf=""7800"" | Density Units: beam=""kg/m2"" pdf=""kg/m3"" | Addn'l factors: beam=""207"" pdf=∅ | Addn'l factor units: beam=""kg/100m2"" pdf=∅ | EPD Owner: beam=""Petersen Aluminum Corp"" pdf=∅ | EPD/LCA Prepared by: beam=""UL Environment"" pdf=""Sphera"" | Internal/External Validation: beam=""External"" pdf=∅ | EPD Verifying Agent: beam=""Industrial Ecology Consultants"" pdf=∅ | EPD Standards: beam=""ISO 21930:2017"" pdf=""ISO 14025, ISO21930:2017, EN 15804, ISO "" | EPD PCR Guidelines: beam=""Insulated metal panels, metal composite "" pdf=""Insulated Metal Panels, Metal Composite "" | EPD LCA Software: beam=""GaBi 8.7"" pdf=""& VERSION NUMBER GaBi ts, 8.7"" | EPD LCI Database: beam=""GaBi 2019"" pdf=∅ | Product Service Life (Years): beam=""75"" pdf=∅"
s0gp3f,4789365778.101.1,—,—,—,—,—,—,MISMATCH,—,MISMATCH,MISMATCH,MISMATCH,MISMATCH,—,MISMATCH,MISMATCH,—,MATCH,MISMATCH,—,—,—,—,—,—,—,—,—,—,—,—,—,—,MISMATCH,MISMATCH,—,—,—,—,—,—,—,—,—,—,—,—,—,—,—,—,MATCH,MATCH,—,MISMATCH,MATCH,—,—,—,—,—,—,—,—,—,26.7%,"EPD Expiry: beam=""2025-10-01"" pdf=∅ | Material: beam=""Metal Panels - Aluminum"" pdf=∅ | Manufacturer: beam=""Petersen Aluminum Corp"" pdf=""commercial and residential applications."" | Product Brand Name: beam=""Pac-Clad (new, don't use until EPD conce"" pdf=∅ | Specifications: beam=""20EQ gauge"" pdf=∅ | Countries of Manufacture: beam=""US"" pdf=∅ | Markets of Applicability: beam=""N.A. & EU"" pdf=""CAN, USA"" | GWP units kgCO2e per: beam=""100m2"" pdf=""OR DECLARED UNIT"" | Density: beam=""4.91"" pdf=""7800"" | Density Units: beam=""kg/m2"" pdf=""kg/m3"" | EPD/LCA Prepared by: beam=""UL Environment"" pdf=""Sphera"""
61aa40,4789400789.101.1,—,—,—,—,—,—,MISMATCH,—,MISMATCH,MISMATCH,MISMATCH,—,—,—,MATCH,—,MISMATCH,MISMATCH,—,—,—,—,—,—,—,—,—,—,—,—,—,—,MISMATCH,MISMATCH,—,—,—,—,—,—,—,—,—,—,—,—,—,—,—,—,MATCH,MATCH,—,MISMATCH,—,—,—,—,—,—,—,—,—,—,25.0%,"EPD Expiry: beam=""2025"" pdf=∅ | Material: beam=""Asphalt Shingles"" pdf=∅ | Manufacturer: beam=""Owens Corning"" pdf=""the following locations"" | Product Brand Name: beam=""Supreme"" pdf=∅ | Stated EPD kgCO2e / unit: beam=""2.75"" pdf=""2.71"" | GWP units kgCO2e per: beam=""m²"" pdf=""mass for the LCA."" | Density: beam=""9.26"" pdf=""23"" | Density Units: beam=""kg/m2"" pdf=""kg/m3"" | EPD/LCA Prepared by: beam=""UL Environment"" pdf=∅"
G60979,4789400789.101.1,—,—,—,—,—,—,MISMATCH,—,MISMATCH,MISMATCH,MISMATCH,—,—,—,MATCH,—,MISMATCH,MISMATCH,—,—,—,—,—,—,—,—,—,—,—,—,—,—,MISMATCH,MISMATCH,—,—,—,—,—,—,—,—,—,—,—,—,—,—,—,—,MATCH,MATCH,—,MISMATCH,—,—,—,—,—,—,—,—,—,—,25.0%,"EPD Expiry: beam=""2025"" pdf=∅ | Material: beam=""Asphalt Shingles"" pdf=∅ | Manufacturer: beam=""Owens Corning"" pdf=""the following locations"" | Product Brand Name: beam=""Duration"" pdf=∅ | Stated EPD kgCO2e / unit: beam=""3.49"" pdf=""2.71"" | GWP units kgCO2e per: beam=""m²"" pdf=""mass for the LCA."" | Density: beam=""10.12"" pdf=""23"" | Density Units: beam=""kg/m2"" pdf=""kg/m3"" | EPD/LCA Prepared by: beam=""UL Environment"" pdf=∅"
e7ab5a,4789400789.101.1,—,—,—,—,—,—,MISMATCH,—,MISMATCH,MISMATCH,MISMATCH,—,—,—,MATCH,—,MISMATCH,MISMATCH,—,—,—,—,—,—,—,—,—,—,—,—,—,—,MISMATCH,MISMATCH,—,—,—,—,—,—,—,—,—,—,—,—,—,—,—,—,MATCH,MATCH,—,MISMATCH,—,—,—,—,—,—,—,—,—,—,25.0%,"EPD Expiry: beam=""2025"" pdf=∅ | Material: beam=""Asphalt Shingles"" pdf=∅ | Manufacturer: beam=""Owens Corning"" pdf=""the following locations"" | Product Brand Name: beam=""Oakridge"" pdf=∅ | Stated EPD kgCO2e / unit: beam=""3.21"" pdf=""2.71"" | GWP units kgCO2e per: beam=""m²"" pdf=""mass for the LCA."" | Density: beam=""9.93"" pdf=""23"" | Density Units: beam=""kg/m2"" pdf=""kg/m3"" | EPD/LCA Prepared by: beam=""UL Environment"" pdf=∅"
f4l2kx,4789410886.101.1,—,—,—,—,—,—,MISMATCH,—,MISMATCH,MATCH,MISMATCH,MISMATCH,—,—,MISMATCH,—,MISMATCH,MISMATCH,—,—,—,—,MISMATCH,—,—,—,—,—,—,—,—,—,MISMATCH,MISMATCH,MISMATCH,MISMATCH,MISMATCH,MISMATCH,—,—,—,—,—,—,—,MISMATCH,—,—,—,—,MATCH,MATCH,—,MISMATCH,—,—,—,—,—,—,—,—,—,—,15.8%,"EPD Expiry: beam=""2026-01-01"" pdf=∅ | Material: beam=""Wood fiber board"" pdf=∅ | Product Brand Name: beam=""Includes: Georgia Pacific, Louisville, B"" pdf=∅ | Specifications: beam=""R 2.7/inch"" pdf=∅ | Markets of Applicability: beam=""US & CA"" pdf=""CAN, USA"" | Stated EPD kgCO2e / unit: beam=""196.13"" pdf=""5.220000000000001"" | GWP units kgCO2e per: beam=""m3"" pdf=""OR DECLARED UNIT 1 m of Cellulosic Fiber"" | GWP-bio from EPD: beam=""437.62"" pdf=∅ | Density: beam=""254"" pdf=∅ | Density Units: beam=""kg/m3"" pdf=∅ | Addn'l factors: beam=""13.77212865"" pdf=∅ | Addn'l factor units: beam=""kg/m2•RSI"" pdf=∅ | R-value / inch: beam=""2.66"" pdf=∅ | k, Thermal Conductivity: beam=""0.05422097895"" pdf=∅ | Material Type: beam=""Wood fibre"" pdf=""Wood fiber insulation"" | EPD/LCA Prepared by: beam=""UL Environment"" pdf=""PRé Consultants"""
ac0e7f,4789456400.101.1,—,—,—,—,—,—,MISMATCH,—,MISMATCH,MISMATCH,MISMATCH,MISMATCH,—,—,MISMATCH,—,MATCH,MATCH,—,—,—,—,—,—,—,—,—,—,—,—,—,—,MISMATCH,MISMATCH,—,—,—,—,—,—,—,—,MISMATCH,—,—,—,—,—,—,—,MATCH,MATCH,—,MISMATCH,—,—,—,—,—,—,—,—,—,—,28.6%,"EPD Expiry: beam=""2025"" pdf=∅ | Material: beam=""Hardwood flooring"" pdf=∅ | Manufacturer: beam=""mafi"" pdf=""the facility located in Schneegattern"" | Product Brand Name: beam=""Natural Hardwood Planks"" pdf=∅ | Specifications: beam=""3/4"", 3 ply laminated solid, oil pre-fin"" pdf=∅ | Markets of Applicability: beam=""EU"" pdf=""Americas, EMEA, APAC"" | Density: beam=""12.287"" pdf=∅ | Density Units: beam=""kg/m2 at 3/4"""" pdf=∅ | Depth (m): beam=""0.019"" pdf=∅ | EPD/LCA Prepared by: beam=""UL Environment"" pdf=""WAP Sustainability Consulting"""
GYP000,4789532059.140.1,—,—,—,—,—,—,MISMATCH,—,MISMATCH,MATCH,MISMATCH,MISMATCH,—,—,MISMATCH,—,MISMATCH,MISMATCH,—,—,—,—,—,—,—,—,—,—,—,—,—,—,MISMATCH,MISMATCH,MISMATCH,MISMATCH,—,—,—,—,—,MISMATCH,—,—,—,MATCH,—,—,—,—,MATCH,MISMATCH,MISMATCH,—,MISMATCH,MISMATCH,MISMATCH,—,MISMATCH,—,—,—,—,—,14.3%,"EPD Expiry: beam=""2026-01-01"" pdf=∅ | Material: beam=""Gypsum panels - glass mat"" pdf=∅ | Product Brand Name: beam=""GlasRoc Sheathing gypsum board"" pdf=∅ | Specifications: beam=""5/8"""" pdf=∅ | Markets of Applicability: beam=""US"" pdf=∅ | Stated EPD kgCO2e / unit: beam=""310"" pdf=∅ | GWP units kgCO2e per: beam=""92.9m2"" pdf=∅ | Density: beam=""1165"" pdf=""900"" | Density Units: beam=""kg/92.9m2"" pdf=""kg/m3"" | Addn'l factors: beam=""12.54"" pdf=∅ | Addn'l factor units: beam=""kg/m2"" pdf=∅ | Width (m): beam=""0.059"" pdf=∅ | EPD Type: beam=""Product-specific"" pdf=∅ | EPD Owner: beam=""CertainTeed"" pdf=""UL Environment"" | EPD Program / Operator: beam=""UL Environment"" pdf=""NSF International"" | Internal/External Validation: beam=""External"" pdf=∅ | EPD Verifying Agent: beam=""Thomas P. Gloria, Ph.D., Industrial Ecol"" pdf=∅ | EPD PCR Guidelines: beam=""NSF International PCR for Gypsum Panel P"" pdf=∅"
STR000,4789556099.102.1,—,—,—,—,—,—,MISMATCH,—,MISMATCH,MISMATCH,MISMATCH,MISMATCH,—,MATCH,MISMATCH,—,MISMATCH,MISMATCH,—,—,—,—,—,—,—,—,—,—,—,—,—,—,MATCH,MATCH,MISMATCH,MISMATCH,—,—,—,—,—,—,—,—,—,MATCH,—,—,—,—,MATCH,MATCH,MISMATCH,MISMATCH,MISMATCH,MISMATCH,MISMATCH,MATCH,MISMATCH,MATCH,MATCH,MISMATCH,—,—,34.6%,"EPD Expiry: beam=""2026"" pdf=∅ | Material: beam=""Structural Steel - L-Angle"" pdf=∅ | Manufacturer: beam=""American Institute of Steel Construction"" pdf=""US mills averaging in excess"" | Product Brand Name: beam=""Hot-rolled strucutural steel"" pdf=∅ | Specifications: beam=""Angle L 3.5"" x 3.5"" x 1/4"""" pdf=∅ | Markets of Applicability: beam=""US & CA"" pdf=""CAN, USA"" | Stated EPD kgCO2e / unit: beam=""1.22"" pdf=""1220"" | GWP units kgCO2e per: beam=""kg"" pdf=""1 metric ton"" | Addn'l factors: beam=""8.55"" pdf=∅ | Addn'l factor units: beam=""kg/m"" pdf=∅ | EPD Owner: beam=""American Institute of Steel Construction"" pdf=∅ | EPD/LCA Prepared by: beam=""UL Environment"" pdf=""Sphera"" | EPD Program / Operator: beam=""UL Environment"" pdf=""IBU"" | Internal/External Validation: beam=""External"" pdf=∅ | EPD Verifying Agent: beam=""Industrial Ecology Consultants"" pdf=∅ | EPD PCR Guidelines: beam=""Designated Steel Construction Product, U"" pdf=""Designated Steel Construction Product EP"" | EPD LCI Database: beam=""GaBi 2020"" pdf=∅"
STR001,4789556099.102.1,—,—,—,—,—,—,MISMATCH,—,MISMATCH,MISMATCH,MISMATCH,MISMATCH,—,MATCH,MISMATCH,—,MISMATCH,MISMATCH,—,—,—,—,—,—,—,—,—,—,—,—,—,—,MATCH,MATCH,MISMATCH,MISMATCH,—,—,—,—,—,—,—,—,—,MATCH,—,—,—,—,MATCH,MATCH,MISMATCH,MISMATCH,MISMATCH,MISMATCH,MISMATCH,MATCH,MISMATCH,MISMATCH,MISMATCH,MISMATCH,—,—,26.9%,"EPD Expiry: beam=""2026"" pdf=∅ | Material: beam=""Structural Steel / Rectangular HSS"" pdf=∅ | Manufacturer: beam=""American Institute of Steel Construction"" pdf=""US mills averaging in excess"" | Product Brand Name: beam=""Hot-rolled strucutural steel"" pdf=∅ | Specifications: beam=""Rectangular HSS 8"" x 6"" x 5/16"""" pdf=∅ | Markets of Applicability: beam=""US & CA"" pdf=""CAN, USA"" | Stated EPD kgCO2e / unit: beam=""1.22"" pdf=""1220"" | GWP units kgCO2e per: beam=""kg"" pdf=""1 metric ton"" | Addn'l factors: beam=""41.1"" pdf=∅ | Addn'l factor units: beam=""kg/m"" pdf=∅ | EPD Owner: beam=""American Institute of Steel Construction"" pdf=∅ | EPD/LCA Prepared by: beam=""UL Environment"" pdf=""Sphera"" | EPD Program / Operator: beam=""UL Environment"" pdf=""IBU"" | Internal/External Validation: beam=""External"" pdf=∅ | EPD Verifying Agent: beam=""Industrial Ecology Consultants"" pdf=∅ | EPD PCR Guidelines: beam=""Designated Steel Construction Product, U"" pdf=""Designated Steel Construction Product EP"" | LCA Method: beam=""TRACI 2.2"" pdf=""& VERSION NUMBER TRACI 2.1"" | EPD LCA Software: beam=""GaBi v11"" pdf=""& VERSION NUMBER GaBi v10"" | EPD LCI Database: beam=""GaBi 2021"" pdf=∅"
STR002,4789556099.102.1,—,—,—,—,—,—,MISMATCH,—,MISMATCH,MISMATCH,MISMATCH,MISMATCH,—,MATCH,MISMATCH,—,MISMATCH,MISMATCH,—,—,—,—,—,—,—,—,—,—,—,—,—,—,MATCH,MATCH,MISMATCH,MISMATCH,—,—,—,—,—,—,—,—,—,MATCH,—,—,—,—,MATCH,MATCH,MISMATCH,MISMATCH,MISMATCH,MISMATCH,MISMATCH,MATCH,MISMATCH,MISMATCH,MISMATCH,MISMATCH,—,—,26.9%,"EPD Expiry: beam=""2026"" pdf=∅ | Material: beam=""Structural Steel / Square HSS"" pdf=∅ | Manufacturer: beam=""American Institute of Steel Construction"" pdf=""US mills averaging in excess"" | Product Brand Name: beam=""Hot-rolled strucutural steel"" pdf=∅ | Specifications: beam=""Square HSS 3"" x 3"" x 3/16"""" pdf=∅ | Markets of Applicability: beam=""US & CA"" pdf=""CAN, USA"" | Stated EPD kgCO2e / unit: beam=""1.22"" pdf=""1220"" | GWP units kgCO2e per: beam=""kg"" pdf=""1 metric ton"" | Addn'l factors: beam=""10.3"" pdf=∅ | Addn'l factor units: beam=""kg/m"" pdf=∅ | EPD Owner: beam=""American Institute of Steel Construction"" pdf=∅ | EPD/LCA Prepared by: beam=""UL Environment"" pdf=""Sphera"" | EPD Program / Operator: beam=""UL Environment"" pdf=""IBU"" | Internal/External Validation: beam=""External"" pdf=∅ | EPD Verifying Agent: beam=""Industrial Ecology Consultants"" pdf=∅ | EPD PCR Guidelines: beam=""Designated Steel Construction Product, U"" pdf=""Designated Steel Construction Product EP"" | LCA Method: beam=""TRACI 2.3"" pdf=""& VERSION NUMBER TRACI 2.1"" | EPD LCA Software: beam=""GaBi v12"" pdf=""& VERSION NUMBER GaBi v10"" | EPD LCI Database: beam=""GaBi 2022"" pdf=∅"
STR003,4789556099.102.1,—,—,—,—,—,—,MISMATCH,—,MISMATCH,MISMATCH,MISMATCH,MISMATCH,—,MATCH,MISMATCH,—,MISMATCH,MISMATCH,—,—,—,—,—,—,—,—,—,—,—,—,—,—,MATCH,MATCH,MISMATCH,MISMATCH,—,—,—,—,—,—,—,—,—,MATCH,—,—,—,—,MATCH,MATCH,MISMATCH,MISMATCH,MISMATCH,MISMATCH,MISMATCH,MATCH,MISMATCH,MISMATCH,MISMATCH,MISMATCH,—,—,26.9%,"EPD Expiry: beam=""2026"" pdf=∅ | Material: beam=""Structural Steel / Square HSS"" pdf=∅ | Manufacturer: beam=""American Institute of Steel Construction"" pdf=""US mills averaging in excess"" | Product Brand Name: beam=""Hot-rolled strucutural steel"" pdf=∅ | Specifications: beam=""Square HSS 4"" x 4"" x 1/4"""" pdf=∅ | Markets of Applicability: beam=""US & CA"" pdf=""CAN, USA"" | Stated EPD kgCO2e / unit: beam=""1.22"" pdf=""1220"" | GWP units kgCO2e per: beam=""kg"" pdf=""1 metric ton"" | Addn'l factors: beam=""32.2"" pdf=∅ | Addn'l factor units: beam=""kg/m"" pdf=∅ | EPD Owner: beam=""American Institute of Steel Construction"" pdf=∅ | EPD/LCA Prepared by: beam=""UL Environment"" pdf=""Sphera"" | EPD Program / Operator: beam=""UL Environment"" pdf=""IBU"" | Internal/External Validation: beam=""External"" pdf=∅ | EPD Verifying Agent: beam=""Industrial Ecology Consultants"" pdf=∅ | EPD PCR Guidelines: beam=""Designated Steel Construction Product, U"" pdf=""Designated Steel Construction Product EP"" | LCA Method: beam=""TRACI 2.4"" pdf=""& VERSION NUMBER TRACI 2.1"" | EPD LCA Software: beam=""GaBi v13"" pdf=""& VERSION NUMBER GaBi v10"" | EPD LCI Database: beam=""GaBi 2023"" pdf=∅"
STR004,4789556099.102.1,—,—,—,—,—,—,MISMATCH,—,MISMATCH,MISMATCH,MISMATCH,MISMATCH,—,MATCH,MISMATCH,—,MISMATCH,MISMATCH,—,—,—,—,—,—,—,—,—,—,—,—,—,—,MATCH,MATCH,MISMATCH,MISMATCH,—,—,—,—,—,—,—,—,—,MATCH,—,—,—,—,MATCH,MATCH,MISMATCH,MISMATCH,MISMATCH,MISMATCH,MISMATCH,MATCH,MISMATCH,MISMATCH,MISMATCH,MISMATCH,—,—,26.9%,"EPD Expiry: beam=""2026"" pdf=∅ | Material: beam=""Structural Steel / Square HSS"" pdf=∅ | Manufacturer: beam=""American Institute of Steel Construction"" pdf=""US mills averaging in excess"" | Product Brand Name: beam=""Hot-rolled strucutural steel"" pdf=∅ | Specifications: beam=""Square HSS 5"" x 5"" x 1/4"""" pdf=∅ | Markets of Applicability: beam=""US & CA"" pdf=""CAN, USA"" | Stated EPD kgCO2e / unit: beam=""1.22"" pdf=""1220"" | GWP units kgCO2e per: beam=""kg"" pdf=""1 metric ton"" | Addn'l factors: beam=""23.2"" pdf=∅ | Addn'l factor units: beam=""kg/m"" pdf=∅ | EPD Owner: beam=""American Institute of Steel Construction"" pdf=∅ | EPD/LCA Prepared by: beam=""UL Environment"" pdf=""Sphera"" | EPD Program / Operator: beam=""UL Environment"" pdf=""IBU"" | Internal/External Validation: beam=""External"" pdf=∅ | EPD Verifying Agent: beam=""Industrial Ecology Consultants"" pdf=∅ | EPD PCR Guidelines: beam=""Designated Steel Construction Product, U"" pdf=""Designated Steel Construction Product EP"" | LCA Method: beam=""TRACI 2.5"" pdf=""& VERSION NUMBER TRACI 2.1"" | EPD LCA Software: beam=""GaBi v14"" pdf=""& VERSION NUMBER GaBi v10"" | EPD LCI Database: beam=""GaBi 2024"" pdf=∅"
STR005,4789556099.102.1,—,—,—,—,—,—,MISMATCH,—,MISMATCH,MISMATCH,MISMATCH,MISMATCH,—,MATCH,MISMATCH,—,MISMATCH,MISMATCH,—,—,—,—,—,—,—,—,—,—,—,—,—,—,MATCH,MATCH,MISMATCH,MISMATCH,—,—,—,—,—,—,—,—,—,MATCH,—,—,—,—,MATCH,MATCH,MISMATCH,MISMATCH,MISMATCH,MISMATCH,MISMATCH,MATCH,MISMATCH,MISMATCH,MISMATCH,MISMATCH,—,—,26.9%,"EPD Expiry: beam=""2026"" pdf=∅ | Material: beam=""Structural Steel / Square HSS"" pdf=∅ | Manufacturer: beam=""American Institute of Steel Construction"" pdf=""US mills averaging in excess"" | Product Brand Name: beam=""Hot-rolled strucutural steel"" pdf=∅ | Specifications: beam=""Square HSS 5"" x 5"" x 1/2"""" pdf=∅ | Markets of Applicability: beam=""US & CA"" pdf=""CAN, USA"" | Stated EPD kgCO2e / unit: beam=""1.22"" pdf=""1220"" | GWP units kgCO2e per: beam=""kg"" pdf=""1 metric ton"" | Addn'l factors: beam=""42.3"" pdf=∅ | Addn'l factor units: beam=""kg/m"" pdf=∅ | EPD Owner: beam=""American Institute of Steel Construction"" pdf=∅ | EPD/LCA Prepared by: beam=""UL Environment"" pdf=""Sphera"" | EPD Program / Operator: beam=""UL Environment"" pdf=""IBU"" | Internal/External Validation: beam=""External"" pdf=∅ | EPD Verifying Agent: beam=""Industrial Ecology Consultants"" pdf=∅ | EPD PCR Guidelines: beam=""Designated Steel Construction Product, U"" pdf=""Designated Steel Construction Product EP"" | LCA Method: beam=""TRACI 2.6"" pdf=""& VERSION NUMBER TRACI 2.1"" | EPD LCA Software: beam=""GaBi v15"" pdf=""& VERSION NUMBER GaBi v10"" | EPD LCI Database: beam=""GaBi 2025"" pdf=∅"
STR006,4789556099.102.1,—,—,—,—,—,—,MISMATCH,—,MISMATCH,MISMATCH,MISMATCH,MISMATCH,—,MATCH,MISMATCH,—,MISMATCH,MISMATCH,—,—,—,—,—,—,—,—,—,—,—,—,—,—,MATCH,MATCH,MISMATCH,MISMATCH,—,—,—,—,—,—,—,—,—,MATCH,—,—,—,—,MATCH,MATCH,MISMATCH,MISMATCH,MISMATCH,MISMATCH,MISMATCH,MATCH,MISMATCH,MISMATCH,MISMATCH,MISMATCH,—,—,26.9%,"EPD Expiry: beam=""2026"" pdf=∅ | Material: beam=""Structural Steel / Square HSS"" pdf=∅ | Manufacturer: beam=""American Institute of Steel Construction"" pdf=""US mills averaging in excess"" | Product Brand Name: beam=""Hot-rolled strucutural steel"" pdf=∅ | Specifications: beam=""Square HSS 8"" x 8"" x 1/4"""" pdf=∅ | Markets of Applicability: beam=""US & CA"" pdf=""CAN, USA"" | Stated EPD kgCO2e / unit: beam=""1.22"" pdf=""1220"" | GWP units kgCO2e per: beam=""kg"" pdf=""1 metric ton"" | Addn'l factors: beam=""37.9"" pdf=∅ | Addn'l factor units: beam=""kg/m"" pdf=∅ | EPD Owner: beam=""American Institute of Steel Construction"" pdf=∅ | EPD/LCA Prepared by: beam=""UL Environment"" pdf=""Sphera"" | EPD Program / Operator: beam=""UL Environment"" pdf=""IBU"" | Internal/External Validation: beam=""External"" pdf=∅ | EPD Verifying Agent: beam=""Industrial Ecology Consultants"" pdf=∅ | EPD PCR Guidelines: beam=""Designated Steel Construction Product, U"" pdf=""Designated Steel Construction Product EP"" | LCA Method: beam=""TRACI 2.7"" pdf=""& VERSION NUMBER TRACI 2.1"" | EPD LCA Software: beam=""GaBi v16"" pdf=""& VERSION NUMBER GaBi v10"" | EPD LCI Database: beam=""GaBi 2026"" pdf=∅"
STR007,4789556099.102.1,—,—,—,—,—,—,MISMATCH,—,MISMATCH,MISMATCH,MISMATCH,MISMATCH,—,MATCH,MISMATCH,—,MISMATCH,MISMATCH,—,—,—,—,—,—,—,—,—,—,—,—,—,—,MATCH,MATCH,MISMATCH,MISMATCH,—,—,—,—,—,—,—,—,—,MATCH,—,—,—,—,MATCH,MATCH,MISMATCH,MISMATCH,MISMATCH,MISMATCH,MISMATCH,MATCH,MISMATCH,MISMATCH,MISMATCH,MISMATCH,—,—,26.9%,"EPD Expiry: beam=""2026"" pdf=∅ | Material: beam=""Structural Steel / Wide Flange"" pdf=∅ | Manufacturer: beam=""American Institute of Steel Construction"" pdf=""US mills averaging in excess"" | Product Brand Name: beam=""Hot-rolled strucutural steel"" pdf=∅ | Specifications: beam=""W150x22 (W6x15)"" pdf=∅ | Markets of Applicability: beam=""US & CA"" pdf=""CAN, USA"" | Stated EPD kgCO2e / unit: beam=""1.22"" pdf=""1220"" | GWP units kgCO2e per: beam=""kg"" pdf=""1 metric ton"" | Addn'l factors: beam=""22.50"" pdf=∅ | Addn'l factor units: beam=""kg/m"" pdf=∅ | EPD Owner: beam=""American Institute of Steel Construction"" pdf=∅ | EPD/LCA Prepared by: beam=""UL Environment"" pdf=""Sphera"" | EPD Program / Operator: beam=""UL Environment"" pdf=""IBU"" | Internal/External Validation: beam=""External"" pdf=∅ | EPD Verifying Agent: beam=""Industrial Ecology Consultants"" pdf=∅ | EPD PCR Guidelines: beam=""Designated Steel Construction Product, U"" pdf=""Designated Steel Construction Product EP"" | LCA Method: beam=""TRACI 2.8"" pdf=""& VERSION NUMBER TRACI 2.1"" | EPD LCA Software: beam=""GaBi v17"" pdf=""& VERSION NUMBER GaBi v10"" | EPD LCI Database: beam=""GaBi 2027"" pdf=∅"
STR008,4789556099.102.1,—,—,—,—,—,—,MISMATCH,—,MISMATCH,MISMATCH,MISMATCH,MISMATCH,—,MATCH,MISMATCH,—,MISMATCH,MISMATCH,—,—,—,—,—,—,—,—,—,—,—,—,—,—,MATCH,MATCH,MISMATCH,MISMATCH,—,—,—,—,—,—,—,—,—,MATCH,—,—,—,—,MATCH,MATCH,MISMATCH,MISMATCH,MISMATCH,MISMATCH,MISMATCH,MATCH,MISMATCH,MISMATCH,MISMATCH,MISMATCH,—,—,26.9%,"EPD Expiry: beam=""2026"" pdf=∅ | Material: beam=""Structural Steel / Wide Flange"" pdf=∅ | Manufacturer: beam=""American Institute of Steel Construction"" pdf=""US mills averaging in excess"" | Product Brand Name: beam=""Hot-rolled strucutural steel"" pdf=∅ | Specifications: beam=""W150x30 (W6x20)"" pdf=∅ | Markets of Applicability: beam=""US & CA"" pdf=""CAN, USA"" | Stated EPD kgCO2e / unit: beam=""1.22"" pdf=""1220"" | GWP units kgCO2e per: beam=""kg"" pdf=""1 metric ton"" | Addn'l factors: beam=""29.8"" pdf=∅ | Addn'l factor units: beam=""kg/m"" pdf=∅ | EPD Owner: beam=""American Institute of Steel Construction"" pdf=∅ | EPD/LCA Prepared by: beam=""UL Environment"" pdf=""Sphera"" | EPD Program / Operator: beam=""UL Environment"" pdf=""IBU"" | Internal/External Validation: beam=""External"" pdf=∅ | EPD Verifying Agent: beam=""Industrial Ecology Consultants"" pdf=∅ | EPD PCR Guidelines: beam=""Designated Steel Construction Product, U"" pdf=""Designated Steel Construction Product EP"" | LCA Method: beam=""TRACI 2.9"" pdf=""& VERSION NUMBER TRACI 2.1"" | EPD LCA Software: beam=""GaBi v18"" pdf=""& VERSION NUMBER GaBi v10"" | EPD LCI Database: beam=""GaBi 2028"" pdf=∅"
STR009,4789556099.102.1,—,—,—,—,—,—,MISMATCH,—,MISMATCH,MISMATCH,MISMATCH,MISMATCH,—,MATCH,MISMATCH,—,MISMATCH,MISMATCH,—,—,—,—,—,—,—,—,—,—,—,—,—,—,MATCH,MATCH,MISMATCH,MISMATCH,—,—,—,—,—,—,—,—,—,MATCH,—,—,—,—,MATCH,MATCH,MISMATCH,MISMATCH,MISMATCH,MISMATCH,MISMATCH,MATCH,MISMATCH,MISMATCH,MISMATCH,MISMATCH,—,—,26.9%,"EPD Expiry: beam=""2026"" pdf=∅ | Material: beam=""Structural Steel / Wide Flange"" pdf=∅ | Manufacturer: beam=""American Institute of Steel Construction"" pdf=""US mills averaging in excess"" | Product Brand Name: beam=""Hot-rolled strucutural steel"" pdf=∅ | Specifications: beam=""W200x22 (W8x15)"" pdf=∅ | Markets of Applicability: beam=""US & CA"" pdf=""CAN, USA"" | Stated EPD kgCO2e / unit: beam=""1.22"" pdf=""1220"" | GWP units kgCO2e per: beam=""kg"" pdf=""1 metric ton"" | Addn'l factors: beam=""22.5"" pdf=∅ | Addn'l factor units: beam=""kg/m"" pdf=∅ | EPD Owner: beam=""American Institute of Steel Construction"" pdf=∅ | EPD/LCA Prepared by: beam=""UL Environment"" pdf=""Sphera"" | EPD Program / Operator: beam=""UL Environment"" pdf=""IBU"" | Internal/External Validation: beam=""External"" pdf=∅ | EPD Verifying Agent: beam=""Industrial Ecology Consultants"" pdf=∅ | EPD PCR Guidelines: beam=""Designated Steel Construction Product, U"" pdf=""Designated Steel Construction Product EP"" | LCA Method: beam=""TRACI 2.10"" pdf=""& VERSION NUMBER TRACI 2.1"" | EPD LCA Software: beam=""GaBi v19"" pdf=""& VERSION NUMBER GaBi v10"" | EPD LCI Database: beam=""GaBi 2029"" pdf=∅"
STR010,4789556099.102.1,—,—,—,—,—,—,MISMATCH,—,MISMATCH,MISMATCH,MISMATCH,MISMATCH,—,MATCH,MISMATCH,—,MISMATCH,MISMATCH,—,—,—,—,—,—,—,—,—,—,—,—,—,—,MATCH,MATCH,MISMATCH,MISMATCH,—,—,—,—,—,—,—,—,—,MATCH,—,—,—,—,MATCH,MATCH,MISMATCH,MISMATCH,MISMATCH,MISMATCH,MISMATCH,MATCH,MISMATCH,MISMATCH,MISMATCH,MISMATCH,—,—,26.9%,"EPD Expiry: beam=""2026"" pdf=∅ | Material: beam=""Structural Steel / Wide Flange"" pdf=∅ | Manufacturer: beam=""American Institute of Steel Construction"" pdf=""US mills averaging in excess"" | Product Brand Name: beam=""Hot-rolled strucutural steel"" pdf=∅ | Specifications: beam=""W200x27 (W8x18)"" pdf=∅ | Markets of Applicability: beam=""US & CA"" pdf=""CAN, USA"" | Stated EPD kgCO2e / unit: beam=""1.22"" pdf=""1220"" | GWP units kgCO2e per: beam=""kg"" pdf=""1 metric ton"" | Addn'l factors: beam=""26.6000"" pdf=∅ | Addn'l factor units: beam=""kg/m"" pdf=∅ | EPD Owner: beam=""American Institute of Steel Construction"" pdf=∅ | EPD/LCA Prepared by: beam=""UL Environment"" pdf=""Sphera"" | EPD Program / Operator: beam=""UL Environment"" pdf=""IBU"" | Internal/External Validation: beam=""External"" pdf=∅ | EPD Verifying Agent: beam=""Industrial Ecology Consultants"" pdf=∅ | EPD PCR Guidelines: beam=""Designated Steel Construction Product, U"" pdf=""Designated Steel Construction Product EP"" | LCA Method: beam=""TRACI 2.11"" pdf=""& VERSION NUMBER TRACI 2.1"" | EPD LCA Software: beam=""GaBi v20"" pdf=""& VERSION NUMBER GaBi v10"" | EPD LCI Database: beam=""GaBi 2030"" pdf=∅"
STR011,4789556099.102.1,—,—,—,—,—,—,MISMATCH,—,MISMATCH,MISMATCH,MISMATCH,MISMATCH,—,MATCH,MISMATCH,—,MISMATCH,MISMATCH,—,—,—,—,—,—,—,—,—,—,—,—,—,—,MATCH,MATCH,MISMATCH,MISMATCH,—,—,—,—,—,—,—,—,—,MATCH,—,—,—,—,MATCH,MATCH,MISMATCH,MISMATCH,MISMATCH,MISMATCH,MISMATCH,MATCH,MISMATCH,MISMATCH,MISMATCH,MISMATCH,—,—,26.9%,"EPD Expiry: beam=""2026"" pdf=∅ | Material: beam=""Structural Steel / Wide Flange"" pdf=∅ | Manufacturer: beam=""American Institute of Steel Construction"" pdf=""US mills averaging in excess"" | Product Brand Name: beam=""Hot-rolled strucutural steel"" pdf=∅ | Specifications: beam=""W200x31 (W8x21)"" pdf=∅ | Markets of Applicability: beam=""US & CA"" pdf=""CAN, USA"" | Stated EPD kgCO2e / unit: beam=""1.22"" pdf=""1220"" | GWP units kgCO2e per: beam=""kg"" pdf=""1 metric ton"" | Addn'l factors: beam=""31.3000"" pdf=∅ | Addn'l factor units: beam=""kg/m"" pdf=∅ | EPD Owner: beam=""American Institute of Steel Construction"" pdf=∅ | EPD/LCA Prepared by: beam=""UL Environment"" pdf=""Sphera"" | EPD Program / Operator: beam=""UL Environment"" pdf=""IBU"" | Internal/External Validation: beam=""External"" pdf=∅ | EPD Verifying Agent: beam=""Industrial Ecology Consultants"" pdf=∅ | EPD PCR Guidelines: beam=""Designated Steel Construction Product, U"" pdf=""Designated Steel Construction Product EP"" | LCA Method: beam=""TRACI 2.12"" pdf=""& VERSION NUMBER TRACI 2.1"" | EPD LCA Software: beam=""GaBi v21"" pdf=""& VERSION NUMBER GaBi v10"" | EPD LCI Database: beam=""GaBi 2031"" pdf=∅"
STR012,4789556099.102.1,—,—,—,—,—,—,MISMATCH,—,MISMATCH,MISMATCH,MISMATCH,MISMATCH,—,MATCH,MISMATCH,—,MISMATCH,MISMATCH,—,—,—,—,—,—,—,—,—,—,—,—,—,—,MATCH,MATCH,MISMATCH,MISMATCH,—,—,—,—,—,—,—,—,—,MATCH,—,—,—,—,MATCH,MATCH,MISMATCH,MISMATCH,MISMATCH,MISMATCH,MISMATCH,MATCH,MISMATCH,MISMATCH,MISMATCH,MISMATCH,—,—,26.9%,"EPD Expiry: beam=""2026"" pdf=∅ | Material: beam=""Structural Steel / Wide Flange"" pdf=∅ | Manufacturer: beam=""American Institute of Steel Construction"" pdf=""US mills averaging in excess"" | Product Brand Name: beam=""Hot-rolled strucutural steel"" pdf=∅ | Specifications: beam=""W200x36 (W8x24)"" pdf=∅ | Markets of Applicability: beam=""US & CA"" pdf=""CAN, USA"" | Stated EPD kgCO2e / unit: beam=""1.22"" pdf=""1220"" | GWP units kgCO2e per: beam=""kg"" pdf=""1 metric ton"" | Addn'l factors: beam=""35.9"" pdf=∅ | Addn'l factor units: beam=""kg/m"" pdf=∅ | EPD Owner: beam=""American Institute of Steel Construction"" pdf=∅ | EPD/LCA Prepared by: beam=""UL Environment"" pdf=""Sphera"" | EPD Program / Operator: beam=""UL Environment"" pdf=""IBU"" | Internal/External Validation: beam=""External"" pdf=∅ | EPD Verifying Agent: beam=""Industrial Ecology Consultants"" pdf=∅ | EPD PCR Guidelines: beam=""Designated Steel Construction Product, U"" pdf=""Designated Steel Construction Product EP"" | LCA Method: beam=""TRACI 2.13"" pdf=""& VERSION NUMBER TRACI 2.1"" | EPD LCA Software: beam=""GaBi v22"" pdf=""& VERSION NUMBER GaBi v10"" | EPD LCI Database: beam=""GaBi 2032"" pdf=∅"
STR013,4789556099.102.1,—,—,—,—,—,—,MISMATCH,—,MISMATCH,MISMATCH,MISMATCH,MISMATCH,—,MATCH,MISMATCH,—,MISMATCH,MISMATCH,—,—,—,—,—,—,—,—,—,—,—,—,—,—,MATCH,MATCH,MISMATCH,MISMATCH,—,—,—,—,—,—,—,—,—,MATCH,—,—,—,—,MATCH,MATCH,MISMATCH,MISMATCH,MISMATCH,MISMATCH,MISMATCH,MATCH,MISMATCH,MISMATCH,MISMATCH,MISMATCH,—,—,26.9%,"EPD Expiry: beam=""2026"" pdf=∅ | Material: beam=""Structural Steel / Wide Flange"" pdf=∅ | Manufacturer: beam=""American Institute of Steel Construction"" pdf=""US mills averaging in excess"" | Product Brand Name: beam=""Hot-rolled strucutural steel"" pdf=∅ | Specifications: beam=""W200x42 (W8x28)"" pdf=∅ | Markets of Applicability: beam=""US & CA"" pdf=""CAN, USA"" | Stated EPD kgCO2e / unit: beam=""1.22"" pdf=""1220"" | GWP units kgCO2e per: beam=""kg"" pdf=""1 metric ton"" | Addn'l factors: beam=""41.7"" pdf=∅ | Addn'l factor units: beam=""kg/m"" pdf=∅ | EPD Owner: beam=""American Institute of Steel Construction"" pdf=∅ | EPD/LCA Prepared by: beam=""UL Environment"" pdf=""Sphera"" | EPD Program / Operator: beam=""UL Environment"" pdf=""IBU"" | Internal/External Validation: beam=""External"" pdf=∅ | EPD Verifying Agent: beam=""Industrial Ecology Consultants"" pdf=∅ | EPD PCR Guidelines: beam=""Designated Steel Construction Product, U"" pdf=""Designated Steel Construction Product EP"" | LCA Method: beam=""TRACI 2.14"" pdf=""& VERSION NUMBER TRACI 2.1"" | EPD LCA Software: beam=""GaBi v23"" pdf=""& VERSION NUMBER GaBi v10"" | EPD LCI Database: beam=""GaBi 2033"" pdf=∅"
STR014,4789556099.102.1,—,—,—,—,—,—,MISMATCH,—,MISMATCH,MISMATCH,MISMATCH,MISMATCH,—,MATCH,MISMATCH,—,MISMATCH,MISMATCH,—,—,—,—,—,—,—,—,—,—,—,—,—,—,MATCH,MATCH,MISMATCH,MISMATCH,—,—,—,—,—,—,—,—,—,MATCH,—,—,—,—,MATCH,MATCH,MISMATCH,MISMATCH,MISMATCH,MISMATCH,MISMATCH,MATCH,MISMATCH,MISMATCH,MISMATCH,MISMATCH,—,—,26.9%,"EPD Expiry: beam=""2026"" pdf=∅ | Material: beam=""Structural Steel / Wide Flange"" pdf=∅ | Manufacturer: beam=""American Institute of Steel Construction"" pdf=""US mills averaging in excess"" | Product Brand Name: beam=""Hot-rolled strucutural steel"" pdf=∅ | Specifications: beam=""W200x59 (W8x40)"" pdf=∅ | Markets of Applicability: beam=""US & CA"" pdf=""CAN, USA"" | Stated EPD kgCO2e / unit: beam=""1.22"" pdf=""1220"" | GWP units kgCO2e per: beam=""kg"" pdf=""1 metric ton"" | Addn'l factors: beam=""59"" pdf=∅ | Addn'l factor units: beam=""kg/m"" pdf=∅ | EPD Owner: beam=""American Institute of Steel Construction"" pdf=∅ | EPD/LCA Prepared by: beam=""UL Environment"" pdf=""Sphera"" | EPD Program / Operator: beam=""UL Environment"" pdf=""IBU"" | Internal/External Validation: beam=""External"" pdf=∅ | EPD Verifying Agent: beam=""Industrial Ecology Consultants"" pdf=∅ | EPD PCR Guidelines: beam=""Designated Steel Construction Product, U"" pdf=""Designated Steel Construction Product EP"" | LCA Method: beam=""TRACI 2.15"" pdf=""& VERSION NUMBER TRACI 2.1"" | EPD LCA Software: beam=""GaBi v24"" pdf=""& VERSION NUMBER GaBi v10"" | EPD LCI Database: beam=""GaBi 2034"" pdf=∅"
STR015,4789556099.102.1,—,—,—,—,—,—,MISMATCH,—,MISMATCH,MISMATCH,MISMATCH,MISMATCH,—,MATCH,MISMATCH,—,MISMATCH,MISMATCH,—,—,—,—,—,—,—,—,—,—,—,—,—,—,MATCH,MATCH,MISMATCH,MISMATCH,—,—,—,—,—,—,—,—,—,MATCH,—,—,—,—,MATCH,MATCH,MISMATCH,MISMATCH,MISMATCH,MISMATCH,MISMATCH,MATCH,MISMATCH,MISMATCH,MISMATCH,MISMATCH,—,—,26.9%,"EPD Expiry: beam=""2026"" pdf=∅ | Material: beam=""Structural Steel / Wide Flange"" pdf=∅ | Manufacturer: beam=""American Institute of Steel Construction"" pdf=""US mills averaging in excess"" | Product Brand Name: beam=""Hot-rolled strucutural steel"" pdf=∅ | Specifications: beam=""W200x71 (W8x48)"" pdf=∅ | Markets of Applicability: beam=""US & CA"" pdf=""CAN, USA"" | Stated EPD kgCO2e / unit: beam=""1.22"" pdf=""1220"" | GWP units kgCO2e per: beam=""kg"" pdf=""1 metric ton"" | Addn'l factors: beam=""71"" pdf=∅ | Addn'l factor units: beam=""kg/m"" pdf=∅ | EPD Owner: beam=""American Institute of Steel Construction"" pdf=∅ | EPD/LCA Prepared by: beam=""UL Environment"" pdf=""Sphera"" | EPD Program / Operator: beam=""UL Environment"" pdf=""IBU"" | Internal/External Validation: beam=""External"" pdf=∅ | EPD Verifying Agent: beam=""Industrial Ecology Consultants"" pdf=∅ | EPD PCR Guidelines: beam=""Designated Steel Construction Product, U"" pdf=""Designated Steel Construction Product EP"" | LCA Method: beam=""TRACI 2.16"" pdf=""& VERSION NUMBER TRACI 2.1"" | EPD LCA Software: beam=""GaBi v25"" pdf=""& VERSION NUMBER GaBi v10"" | EPD LCI Database: beam=""GaBi 2035"" pdf=∅"
STR016,4789556099.102.1,—,—,—,—,—,—,MISMATCH,—,MISMATCH,MISMATCH,MISMATCH,MISMATCH,—,MATCH,MISMATCH,—,MISMATCH,MISMATCH,—,—,—,—,—,—,—,—,—,—,—,—,—,—,MATCH,MATCH,MISMATCH,MISMATCH,—,—,—,—,—,—,—,—,—,MATCH,—,—,—,—,MATCH,MATCH,MISMATCH,MISMATCH,MISMATCH,MISMATCH,MISMATCH,MATCH,MISMATCH,MISMATCH,MISMATCH,MISMATCH,—,—,26.9%,"EPD Expiry: beam=""2026"" pdf=∅ | Material: beam=""Structural Steel / Wide Flange"" pdf=∅ | Manufacturer: beam=""American Institute of Steel Construction"" pdf=""US mills averaging in excess"" | Product Brand Name: beam=""Hot-rolled strucutural steel"" pdf=∅ | Specifications: beam=""W250x18 (W10x12)"" pdf=∅ | Markets of Applicability: beam=""US & CA"" pdf=""CAN, USA"" | Stated EPD kgCO2e / unit: beam=""1.22"" pdf=""1220"" | GWP units kgCO2e per: beam=""kg"" pdf=""1 metric ton"" | Addn'l factors: beam=""17.9"" pdf=∅ | Addn'l factor units: beam=""kg/m"" pdf=∅ | EPD Owner: beam=""American Institute of Steel Construction"" pdf=∅ | EPD/LCA Prepared by: beam=""UL Environment"" pdf=""Sphera"" | EPD Program / Operator: beam=""UL Environment"" pdf=""IBU"" | Internal/External Validation: beam=""External"" pdf=∅ | EPD Verifying Agent: beam=""Industrial Ecology Consultants"" pdf=∅ | EPD PCR Guidelines: beam=""Designated Steel Construction Product, U"" pdf=""Designated Steel Construction Product EP"" | LCA Method: beam=""TRACI 2.17"" pdf=""& VERSION NUMBER TRACI 2.1"" | EPD LCA Software: beam=""GaBi v26"" pdf=""& VERSION NUMBER GaBi v10"" | EPD LCI Database: beam=""GaBi 2036"" pdf=∅"
STR017,4789556099.102.1,—,—,—,—,—,—,MISMATCH,—,MISMATCH,MISMATCH,MISMATCH,MISMATCH,—,MATCH,MISMATCH,—,MISMATCH,MISMATCH,—,—,—,—,—,—,—,—,—,—,—,—,—,—,MATCH,MATCH,MISMATCH,MISMATCH,—,—,—,—,—,—,—,—,—,MATCH,—,—,—,—,MATCH,MATCH,MISMATCH,MISMATCH,MISMATCH,MISMATCH,MISMATCH,MATCH,MISMATCH,MISMATCH,MISMATCH,MISMATCH,—,—,26.9%,"EPD Expiry: beam=""2026"" pdf=∅ | Material: beam=""Structural Steel / Wide Flange"" pdf=∅ | Manufacturer: beam=""American Institute of Steel Construction"" pdf=""US mills averaging in excess"" | Product Brand Name: beam=""Hot-rolled strucutural steel"" pdf=∅ | Specifications: beam=""W250x22 (W10x15)"" pdf=∅ | Markets of Applicability: beam=""US & CA"" pdf=""CAN, USA"" | Stated EPD kgCO2e / unit: beam=""1.22"" pdf=""1220"" | GWP units kgCO2e per: beam=""kg"" pdf=""1 metric ton"" | Addn'l factors: beam=""22.3"" pdf=∅ | Addn'l factor units: beam=""kg/m"" pdf=∅ | EPD Owner: beam=""American Institute of Steel Construction"" pdf=∅ | EPD/LCA Prepared by: beam=""UL Environment"" pdf=""Sphera"" | EPD Program / Operator: beam=""UL Environment"" pdf=""IBU"" | Internal/External Validation: beam=""External"" pdf=∅ | EPD Verifying Agent: beam=""Industrial Ecology Consultants"" pdf=∅ | EPD PCR Guidelines: beam=""Designated Steel Construction Product, U"" pdf=""Designated Steel Construction Product EP"" | LCA Method: beam=""TRACI 2.18"" pdf=""& VERSION NUMBER TRACI 2.1"" | EPD LCA Software: beam=""GaBi v27"" pdf=""& VERSION NUMBER GaBi v10"" | EPD LCI Database: beam=""GaBi 2037"" pdf=∅"
STR018,4789556099.102.1,—,—,—,—,—,—,MISMATCH,—,MISMATCH,MISMATCH,MISMATCH,MISMATCH,—,MATCH,MISMATCH,—,MISMATCH,MISMATCH,—,—,—,—,—,—,—,—,—,—,—,—,—,—,MATCH,MATCH,MISMATCH,MISMATCH,—,—,—,—,—,—,—,—,—,MATCH,—,—,—,—,MATCH,MATCH,MISMATCH,MISMATCH,MISMATCH,MISMATCH,MISMATCH,MATCH,MISMATCH,MISMATCH,MISMATCH,MISMATCH,—,—,26.9%,"EPD Expiry: beam=""2026"" pdf=∅ | Material: beam=""Structural Steel / Wide Flange"" pdf=∅ | Manufacturer: beam=""American Institute of Steel Construction"" pdf=""US mills averaging in excess"" | Product Brand Name: beam=""Hot-rolled strucutural steel"" pdf=∅ | Specifications: beam=""W250x25 (W10x17)"" pdf=∅ | Markets of Applicability: beam=""US & CA"" pdf=""CAN, USA"" | Stated EPD kgCO2e / unit: beam=""1.22"" pdf=""1220"" | GWP units kgCO2e per: beam=""kg"" pdf=""1 metric ton"" | Addn'l factors: beam=""25.3"" pdf=∅ | Addn'l factor units: beam=""kg/m"" pdf=∅ | EPD Owner: beam=""American Institute of Steel Construction"" pdf=∅ | EPD/LCA Prepared by: beam=""UL Environment"" pdf=""Sphera"" | EPD Program / Operator: beam=""UL Environment"" pdf=""IBU"" | Internal/External Validation: beam=""External"" pdf=∅ | EPD Verifying Agent: beam=""Industrial Ecology Consultants"" pdf=∅ | EPD PCR Guidelines: beam=""Designated Steel Construction Product, U"" pdf=""Designated Steel Construction Product EP"" | LCA Method: beam=""TRACI 2.19"" pdf=""& VERSION NUMBER TRACI 2.1"" | EPD LCA Software: beam=""GaBi v28"" pdf=""& VERSION NUMBER GaBi v10"" | EPD LCI Database: beam=""GaBi 2038"" pdf=∅"
STR019,4789556099.102.1,—,—,—,—,—,—,MISMATCH,—,MISMATCH,MISMATCH,MISMATCH,MISMATCH,—,MATCH,MISMATCH,—,MISMATCH,MISMATCH,—,—,—,—,—,—,—,—,—,—,—,—,—,—,MATCH,MATCH,MISMATCH,MISMATCH,—,—,—,—,—,—,—,—,—,MATCH,—,—,—,—,MATCH,MATCH,MISMATCH,MISMATCH,MISMATCH,MISMATCH,MISMATCH,MATCH,MISMATCH,MISMATCH,MISMATCH,MISMATCH,—,—,26.9%,"EPD Expiry: beam=""2026"" pdf=∅ | Material: beam=""Structural Steel / Wide Flange"" pdf=∅ | Manufacturer: beam=""American Institute of Steel Construction"" pdf=""US mills averaging in excess"" | Product Brand Name: beam=""Hot-rolled strucutural steel"" pdf=∅ | Specifications: beam=""W250x28 (W10x19)"" pdf=∅ | Markets of Applicability: beam=""US & CA"" pdf=""CAN, USA"" | Stated EPD kgCO2e / unit: beam=""1.22"" pdf=""1220"" | GWP units kgCO2e per: beam=""kg"" pdf=""1 metric ton"" | Addn'l factors: beam=""28.4"" pdf=∅ | Addn'l factor units: beam=""kg/m"" pdf=∅ | EPD Owner: beam=""American Institute of Steel Construction"" pdf=∅ | EPD/LCA Prepared by: beam=""UL Environment"" pdf=""Sphera"" | EPD Program / Operator: beam=""UL Environment"" pdf=""IBU"" | Internal/External Validation: beam=""External"" pdf=∅ | EPD Verifying Agent: beam=""Industrial Ecology Consultants"" pdf=∅ | EPD PCR Guidelines: beam=""Designated Steel Construction Product, U"" pdf=""Designated Steel Construction Product EP"" | LCA Method: beam=""TRACI 2.20"" pdf=""& VERSION NUMBER TRACI 2.1"" | EPD LCA Software: beam=""GaBi v29"" pdf=""& VERSION NUMBER GaBi v10"" | EPD LCI Database: beam=""GaBi 2039"" pdf=∅"
STR020,4789556099.102.1,—,—,—,—,—,—,MISMATCH,—,MISMATCH,MISMATCH,MISMATCH,MISMATCH,—,MATCH,MISMATCH,—,MISMATCH,MISMATCH,—,—,—,—,—,—,—,—,—,—,—,—,—,—,MATCH,MATCH,MISMATCH,MISMATCH,—,—,—,—,—,—,—,—,—,MATCH,—,—,—,—,MATCH,MATCH,MISMATCH,MISMATCH,MISMATCH,MISMATCH,MISMATCH,MATCH,MISMATCH,MISMATCH,MISMATCH,MISMATCH,—,—,26.9%,"EPD Expiry: beam=""2026"" pdf=∅ | Material: beam=""Structural Steel / Wide Flange"" pdf=∅ | Manufacturer: beam=""American Institute of Steel Construction"" pdf=""US mills averaging in excess"" | Product Brand Name: beam=""Hot-rolled strucutural steel"" pdf=∅ | Specifications: beam=""W250x33 (W10x22)"" pdf=∅ | Markets of Applicability: beam=""US & CA"" pdf=""CAN, USA"" | Stated EPD kgCO2e / unit: beam=""1.22"" pdf=""1220"" | GWP units kgCO2e per: beam=""kg"" pdf=""1 metric ton"" | Addn'l factors: beam=""32.7"" pdf=∅ | Addn'l factor units: beam=""kg/m"" pdf=∅ | EPD Owner: beam=""American Institute of Steel Construction"" pdf=∅ | EPD/LCA Prepared by: beam=""UL Environment"" pdf=""Sphera"" | EPD Program / Operator: beam=""UL Environment"" pdf=""IBU"" | Internal/External Validation: beam=""External"" pdf=∅ | EPD Verifying Agent: beam=""Industrial Ecology Consultants"" pdf=∅ | EPD PCR Guidelines: beam=""Designated Steel Construction Product, U"" pdf=""Designated Steel Construction Product EP"" | LCA Method: beam=""TRACI 2.21"" pdf=""& VERSION NUMBER TRACI 2.1"" | EPD LCA Software: beam=""GaBi v30"" pdf=""& VERSION NUMBER GaBi v10"" | EPD LCI Database: beam=""GaBi 2040"" pdf=∅"
STR021,4789556099.102.1,—,—,—,—,—,—,MISMATCH,—,MISMATCH,MISMATCH,MISMATCH,MISMATCH,—,MATCH,MISMATCH,—,MISMATCH,MISMATCH,—,—,—,—,—,—,—,—,—,—,—,—,—,—,MATCH,MATCH,MISMATCH,MISMATCH,—,—,—,—,—,—,—,—,—,MATCH,—,—,—,—,MATCH,MATCH,MISMATCH,MISMATCH,MISMATCH,MISMATCH,MISMATCH,MATCH,MISMATCH,MISMATCH,MISMATCH,MISMATCH,—,—,26.9%,"EPD Expiry: beam=""2026"" pdf=∅ | Material: beam=""Structural Steel / Wide Flange"" pdf=∅ | Manufacturer: beam=""American Institute of Steel Construction"" pdf=""US mills averaging in excess"" | Product Brand Name: beam=""Hot-rolled strucutural steel"" pdf=∅ | Specifications: beam=""W250x39 (W10x26)"" pdf=∅ | Markets of Applicability: beam=""US & CA"" pdf=""CAN, USA"" | Stated EPD kgCO2e / unit: beam=""1.22"" pdf=""1220"" | GWP units kgCO2e per: beam=""kg"" pdf=""1 metric ton"" | Addn'l factors: beam=""38.5"" pdf=∅ | Addn'l factor units: beam=""kg/m"" pdf=∅ | EPD Owner: beam=""American Institute of Steel Construction"" pdf=∅ | EPD/LCA Prepared by: beam=""UL Environment"" pdf=""Sphera"" | EPD Program / Operator: beam=""UL Environment"" pdf=""IBU"" | Internal/External Validation: beam=""External"" pdf=∅ | EPD Verifying Agent: beam=""Industrial Ecology Consultants"" pdf=∅ | EPD PCR Guidelines: beam=""Designated Steel Construction Product, U"" pdf=""Designated Steel Construction Product EP"" | LCA Method: beam=""TRACI 2.22"" pdf=""& VERSION NUMBER TRACI 2.1"" | EPD LCA Software: beam=""GaBi v31"" pdf=""& VERSION NUMBER GaBi v10"" | EPD LCI Database: beam=""GaBi 2041"" pdf=∅"
STR022,4789556099.102.1,—,—,—,—,—,—,MISMATCH,—,MISMATCH,MISMATCH,MISMATCH,MISMATCH,—,MATCH,MISMATCH,—,MISMATCH,MISMATCH,—,—,—,—,—,—,—,—,—,—,—,—,—,—,MATCH,MATCH,MISMATCH,MISMATCH,—,—,—,—,—,—,—,—,—,MATCH,—,—,—,—,MATCH,MATCH,MISMATCH,MISMATCH,MISMATCH,MISMATCH,MISMATCH,MATCH,MISMATCH,MISMATCH,MISMATCH,MISMATCH,—,—,26.9%,"EPD Expiry: beam=""2026"" pdf=∅ | Material: beam=""Structural Steel / Wide Flange"" pdf=∅ | Manufacturer: beam=""American Institute of Steel Construction"" pdf=""US mills averaging in excess"" | Product Brand Name: beam=""Hot-rolled strucutural steel"" pdf=∅ | Specifications: beam=""W250x45 (W10x30)"" pdf=∅ | Markets of Applicability: beam=""US & CA"" pdf=""CAN, USA"" | Stated EPD kgCO2e / unit: beam=""1.22"" pdf=""1220"" | GWP units kgCO2e per: beam=""kg"" pdf=""1 metric ton"" | Addn'l factors: beam=""44.8"" pdf=∅ | Addn'l factor units: beam=""kg/m"" pdf=∅ | EPD Owner: beam=""American Institute of Steel Construction"" pdf=∅ | EPD/LCA Prepared by: beam=""UL Environment"" pdf=""Sphera"" | EPD Program / Operator: beam=""UL Environment"" pdf=""IBU"" | Internal/External Validation: beam=""External"" pdf=∅ | EPD Verifying Agent: beam=""Industrial Ecology Consultants"" pdf=∅ | EPD PCR Guidelines: beam=""Designated Steel Construction Product, U"" pdf=""Designated Steel Construction Product EP"" | LCA Method: beam=""TRACI 2.23"" pdf=""& VERSION NUMBER TRACI 2.1"" | EPD LCA Software: beam=""GaBi v32"" pdf=""& VERSION NUMBER GaBi v10"" | EPD LCI Database: beam=""GaBi 2042"" pdf=∅"
STR023,4789556099.102.1,—,—,—,—,—,—,MISMATCH,—,MISMATCH,MISMATCH,MISMATCH,MISMATCH,—,MATCH,MISMATCH,—,MISMATCH,MISMATCH,—,—,—,—,—,—,—,—,—,—,—,—,—,—,MATCH,MATCH,MISMATCH,MISMATCH,—,—,—,—,—,—,—,—,—,MATCH,—,—,—,—,MATCH,MATCH,MISMATCH,MISMATCH,MISMATCH,MISMATCH,MISMATCH,MATCH,MISMATCH,MISMATCH,MISMATCH,MISMATCH,—,—,26.9%,"EPD Expiry: beam=""2026"" pdf=∅ | Material: beam=""Structural Steel / Wide Flange"" pdf=∅ | Manufacturer: beam=""American Institute of Steel Construction"" pdf=""US mills averaging in excess"" | Product Brand Name: beam=""Hot-rolled strucutural steel"" pdf=∅ | Specifications: beam=""W250x50 (W10x33)"" pdf=∅ | Markets of Applicability: beam=""US & CA"" pdf=""CAN, USA"" | Stated EPD kgCO2e / unit: beam=""1.22"" pdf=""1220"" | GWP units kgCO2e per: beam=""kg"" pdf=""1 metric ton"" | Addn'l factors: beam=""49.1"" pdf=∅ | Addn'l factor units: beam=""kg/m"" pdf=∅ | EPD Owner: beam=""American Institute of Steel Construction"" pdf=∅ | EPD/LCA Prepared by: beam=""UL Environment"" pdf=""Sphera"" | EPD Program / Operator: beam=""UL Environment"" pdf=""IBU"" | Internal/External Validation: beam=""External"" pdf=∅ | EPD Verifying Agent: beam=""Industrial Ecology Consultants"" pdf=∅ | EPD PCR Guidelines: beam=""Designated Steel Construction Product, U"" pdf=""Designated Steel Construction Product EP"" | LCA Method: beam=""TRACI 2.24"" pdf=""& VERSION NUMBER TRACI 2.1"" | EPD LCA Software: beam=""GaBi v33"" pdf=""& VERSION NUMBER GaBi v10"" | EPD LCI Database: beam=""GaBi 2043"" pdf=∅"
STR024,4789556099.102.1,—,—,—,—,—,—,MISMATCH,—,MISMATCH,MISMATCH,MISMATCH,MISMATCH,—,MATCH,MISMATCH,—,MISMATCH,MISMATCH,—,—,—,—,—,—,—,—,—,—,—,—,—,—,MATCH,MATCH,MISMATCH,MISMATCH,—,—,—,—,—,—,—,—,—,MATCH,—,—,—,—,MATCH,MATCH,MISMATCH,MISMATCH,MISMATCH,MISMATCH,MISMATCH,MATCH,MISMATCH,MISMATCH,MISMATCH,MISMATCH,—,—,26.9%,"EPD Expiry: beam=""2026"" pdf=∅ | Material: beam=""Structural Steel / Wide Flange"" pdf=∅ | Manufacturer: beam=""American Institute of Steel Construction"" pdf=""US mills averaging in excess"" | Product Brand Name: beam=""Hot-rolled strucutural steel"" pdf=∅ | Specifications: beam=""W250x58 (W10x38)"" pdf=∅ | Markets of Applicability: beam=""US & CA"" pdf=""CAN, USA"" | Stated EPD kgCO2e / unit: beam=""1.22"" pdf=""1220"" | GWP units kgCO2e per: beam=""kg"" pdf=""1 metric ton"" | Addn'l factors: beam=""58"" pdf=∅ | Addn'l factor units: beam=""kg/m"" pdf=∅ | EPD Owner: beam=""American Institute of Steel Construction"" pdf=∅ | EPD/LCA Prepared by: beam=""UL Environment"" pdf=""Sphera"" | EPD Program / Operator: beam=""UL Environment"" pdf=""IBU"" | Internal/External Validation: beam=""External"" pdf=∅ | EPD Verifying Agent: beam=""Industrial Ecology Consultants"" pdf=∅ | EPD PCR Guidelines: beam=""Designated Steel Construction Product, U"" pdf=""Designated Steel Construction Product EP"" | LCA Method: beam=""TRACI 2.25"" pdf=""& VERSION NUMBER TRACI 2.1"" | EPD LCA Software: beam=""GaBi v34"" pdf=""& VERSION NUMBER GaBi v10"" | EPD LCI Database: beam=""GaBi 2044"" pdf=∅"
STR025,4789556099.102.1,—,—,—,—,—,—,MISMATCH,—,MISMATCH,MISMATCH,MISMATCH,MISMATCH,—,MATCH,MISMATCH,—,MISMATCH,MISMATCH,—,—,—,—,—,—,—,—,—,—,—,—,—,—,MATCH,MATCH,MISMATCH,MISMATCH,—,—,—,—,—,—,—,—,—,MATCH,—,—,—,—,MATCH,MATCH,MISMATCH,MISMATCH,MISMATCH,MISMATCH,MISMATCH,MATCH,MISMATCH,MISMATCH,MISMATCH,MISMATCH,—,—,26.9%,"EPD Expiry: beam=""2026"" pdf=∅ | Material: beam=""Structural Steel / Wide Flange"" pdf=∅ | Manufacturer: beam=""American Institute of Steel Construction"" pdf=""US mills averaging in excess"" | Product Brand Name: beam=""Hot-rolled strucutural steel"" pdf=∅ | Specifications: beam=""W250x67 (W10x45)"" pdf=∅ | Markets of Applicability: beam=""US & CA"" pdf=""CAN, USA"" | Stated EPD kgCO2e / unit: beam=""1.22"" pdf=""1220"" | GWP units kgCO2e per: beam=""kg"" pdf=""1 metric ton"" | Addn'l factors: beam=""67"" pdf=∅ | Addn'l factor units: beam=""kg/m"" pdf=∅ | EPD Owner: beam=""American Institute of Steel Construction"" pdf=∅ | EPD/LCA Prepared by: beam=""UL Environment"" pdf=""Sphera"" | EPD Program / Operator: beam=""UL Environment"" pdf=""IBU"" | Internal/External Validation: beam=""External"" pdf=∅ | EPD Verifying Agent: beam=""Industrial Ecology Consultants"" pdf=∅ | EPD PCR Guidelines: beam=""Designated Steel Construction Product, U"" pdf=""Designated Steel Construction Product EP"" | LCA Method: beam=""TRACI 2.26"" pdf=""& VERSION NUMBER TRACI 2.1"" | EPD LCA Software: beam=""GaBi v35"" pdf=""& VERSION NUMBER GaBi v10"" | EPD LCI Database: beam=""GaBi 2045"" pdf=∅"
STR026,4789556099.102.1,—,—,—,—,—,—,MISMATCH,—,MISMATCH,MISMATCH,MISMATCH,MISMATCH,—,MATCH,MISMATCH,—,MISMATCH,MISMATCH,—,—,—,—,—,—,—,—,—,—,—,—,—,—,MATCH,MATCH,MISMATCH,MISMATCH,—,—,—,—,—,—,—,—,—,MATCH,—,—,—,—,MATCH,MATCH,MISMATCH,MISMATCH,MISMATCH,MISMATCH,MISMATCH,MATCH,MISMATCH,MISMATCH,MISMATCH,MISMATCH,—,—,26.9%,"EPD Expiry: beam=""2026"" pdf=∅ | Material: beam=""Structural Steel / Wide Flange"" pdf=∅ | Manufacturer: beam=""American Institute of Steel Construction"" pdf=""US mills averaging in excess"" | Product Brand Name: beam=""Hot-rolled strucutural steel"" pdf=∅ | Specifications: beam=""W250x73 (W10x49)"" pdf=∅ | Markets of Applicability: beam=""US & CA"" pdf=""CAN, USA"" | Stated EPD kgCO2e / unit: beam=""1.22"" pdf=""1220"" | GWP units kgCO2e per: beam=""kg"" pdf=""1 metric ton"" | Addn'l factors: beam=""73"" pdf=∅ | Addn'l factor units: beam=""kg/m"" pdf=∅ | EPD Owner: beam=""American Institute of Steel Construction"" pdf=∅ | EPD/LCA Prepared by: beam=""UL Environment"" pdf=""Sphera"" | EPD Program / Operator: beam=""UL Environment"" pdf=""IBU"" | Internal/External Validation: beam=""External"" pdf=∅ | EPD Verifying Agent: beam=""Industrial Ecology Consultants"" pdf=∅ | EPD PCR Guidelines: beam=""Designated Steel Construction Product, U"" pdf=""Designated Steel Construction Product EP"" | LCA Method: beam=""TRACI 2.27"" pdf=""& VERSION NUMBER TRACI 2.1"" | EPD LCA Software: beam=""GaBi v36"" pdf=""& VERSION NUMBER GaBi v10"" | EPD LCI Database: beam=""GaBi 2046"" pdf=∅"
STR027,4789556099.102.1,—,—,—,—,—,—,MISMATCH,—,MISMATCH,MISMATCH,MISMATCH,MISMATCH,—,MATCH,MISMATCH,—,MISMATCH,MISMATCH,—,—,—,—,—,—,—,—,—,—,—,—,—,—,MATCH,MATCH,MISMATCH,MISMATCH,—,—,—,—,—,—,—,—,—,MATCH,—,—,—,—,MATCH,MATCH,MISMATCH,MISMATCH,MISMATCH,MISMATCH,MISMATCH,MATCH,MISMATCH,MISMATCH,MISMATCH,MISMATCH,—,—,26.9%,"EPD Expiry: beam=""2026"" pdf=∅ | Material: beam=""Structural Steel / Wide Flange"" pdf=∅ | Manufacturer: beam=""American Institute of Steel Construction"" pdf=""US mills averaging in excess"" | Product Brand Name: beam=""Hot-rolled strucutural steel"" pdf=∅ | Specifications: beam=""W250x80 (W10x54)"" pdf=∅ | Markets of Applicability: beam=""US & CA"" pdf=""CAN, USA"" | Stated EPD kgCO2e / unit: beam=""1.22"" pdf=""1220"" | GWP units kgCO2e per: beam=""kg"" pdf=""1 metric ton"" | Addn'l factors: beam=""80"" pdf=∅ | Addn'l factor units: beam=""kg/m"" pdf=∅ | EPD Owner: beam=""American Institute of Steel Construction"" pdf=∅ | EPD/LCA Prepared by: beam=""UL Environment"" pdf=""Sphera"" | EPD Program / Operator: beam=""UL Environment"" pdf=""IBU"" | Internal/External Validation: beam=""External"" pdf=∅ | EPD Verifying Agent: beam=""Industrial Ecology Consultants"" pdf=∅ | EPD PCR Guidelines: beam=""Designated Steel Construction Product, U"" pdf=""Designated Steel Construction Product EP"" | LCA Method: beam=""TRACI 2.28"" pdf=""& VERSION NUMBER TRACI 2.1"" | EPD LCA Software: beam=""GaBi v37"" pdf=""& VERSION NUMBER GaBi v10"" | EPD LCI Database: beam=""GaBi 2047"" pdf=∅"
STR028,4789556099.102.1,—,—,—,—,—,—,MISMATCH,—,MISMATCH,MISMATCH,MISMATCH,MISMATCH,—,MATCH,MISMATCH,—,MISMATCH,MISMATCH,—,—,—,—,—,—,—,—,—,—,—,—,—,—,MATCH,MATCH,MISMATCH,MISMATCH,—,—,—,—,—,—,—,—,—,MATCH,—,—,—,—,MATCH,MATCH,MISMATCH,MISMATCH,MISMATCH,MISMATCH,MISMATCH,MATCH,MISMATCH,MISMATCH,MISMATCH,MISMATCH,—,—,26.9%,"EPD Expiry: beam=""2026"" pdf=∅ | Material: beam=""Structural Steel / Wide Flange"" pdf=∅ | Manufacturer: beam=""American Institute of Steel Construction"" pdf=""US mills averaging in excess"" | Product Brand Name: beam=""Hot-rolled strucutural steel"" pdf=∅ | Specifications: beam=""W250x131 (W10x88)"" pdf=∅ | Markets of Applicability: beam=""US & CA"" pdf=""CAN, USA"" | Stated EPD kgCO2e / unit: beam=""1.22"" pdf=""1220"" | GWP units kgCO2e per: beam=""kg"" pdf=""1 metric ton"" | Addn'l factors: beam=""131"" pdf=∅ | Addn'l factor units: beam=""kg/m"" pdf=∅ | EPD Owner: beam=""American Institute of Steel Construction"" pdf=∅ | EPD/LCA Prepared by: beam=""UL Environment"" pdf=""Sphera"" | EPD Program / Operator: beam=""UL Environment"" pdf=""IBU"" | Internal/External Validation: beam=""External"" pdf=∅ | EPD Verifying Agent: beam=""Industrial Ecology Consultants"" pdf=∅ | EPD PCR Guidelines: beam=""Designated Steel Construction Product, U"" pdf=""Designated Steel Construction Product EP"" | LCA Method: beam=""TRACI 2.29"" pdf=""& VERSION NUMBER TRACI 2.1"" | EPD LCA Software: beam=""GaBi v38"" pdf=""& VERSION NUMBER GaBi v10"" | EPD LCI Database: beam=""GaBi 2048"" pdf=∅"
STR029,4789556099.102.1,—,—,—,—,—,—,MISMATCH,—,MISMATCH,MISMATCH,MISMATCH,MISMATCH,—,MATCH,MISMATCH,—,MISMATCH,MISMATCH,—,—,—,—,—,—,—,—,—,—,—,—,—,—,MATCH,MATCH,MISMATCH,MISMATCH,—,—,—,—,—,—,—,—,—,MATCH,—,—,—,—,MATCH,MATCH,MISMATCH,MISMATCH,MISMATCH,MISMATCH,MISMATCH,MATCH,MISMATCH,MISMATCH,MISMATCH,MISMATCH,—,—,26.9%,"EPD Expiry: beam=""2026"" pdf=∅ | Material: beam=""Structural Steel / Wide Flange"" pdf=∅ | Manufacturer: beam=""American Institute of Steel Construction"" pdf=""US mills averaging in excess"" | Product Brand Name: beam=""Hot-rolled strucutural steel"" pdf=∅ | Specifications: beam=""W310x129 (W12x87)"" pdf=∅ | Markets of Applicability: beam=""US & CA"" pdf=""CAN, USA"" | Stated EPD kgCO2e / unit: beam=""1.22"" pdf=""1220"" | GWP units kgCO2e per: beam=""kg"" pdf=""1 metric ton"" | Addn'l factors: beam=""129"" pdf=∅ | Addn'l factor units: beam=""kg/m"" pdf=∅ | EPD Owner: beam=""American Institute of Steel Construction"" pdf=∅ | EPD/LCA Prepared by: beam=""UL Environment"" pdf=""Sphera"" | EPD Program / Operator: beam=""UL Environment"" pdf=""IBU"" | Internal/External Validation: beam=""External"" pdf=∅ | EPD Verifying Agent: beam=""Industrial Ecology Consultants"" pdf=∅ | EPD PCR Guidelines: beam=""Designated Steel Construction Product, U"" pdf=""Designated Steel Construction Product EP"" | LCA Method: beam=""TRACI 2.30"" pdf=""& VERSION NUMBER TRACI 2.1"" | EPD LCA Software: beam=""GaBi v39"" pdf=""& VERSION NUMBER GaBi v10"" | EPD LCI Database: beam=""GaBi 2049"" pdf=∅"
STR030,4789556099.102.1,—,—,—,—,—,—,MISMATCH,—,MISMATCH,MISMATCH,MISMATCH,MISMATCH,—,MATCH,MISMATCH,—,MISMATCH,MISMATCH,—,—,—,—,—,—,—,—,—,—,—,—,—,—,MATCH,MATCH,MISMATCH,MISMATCH,—,—,—,—,—,—,—,—,—,MATCH,—,—,—,—,MATCH,MATCH,MISMATCH,MISMATCH,MISMATCH,MISMATCH,MISMATCH,MATCH,MISMATCH,MISMATCH,MISMATCH,MISMATCH,—,—,26.9%,"EPD Expiry: beam=""2026"" pdf=∅ | Material: beam=""Structural Steel / Wide Flange"" pdf=∅ | Manufacturer: beam=""American Institute of Steel Construction"" pdf=""US mills averaging in excess"" | Product Brand Name: beam=""Hot-rolled strucutural steel"" pdf=∅ | Specifications: beam=""W310x21 (W12x14)"" pdf=∅ | Markets of Applicability: beam=""US & CA"" pdf=""CAN, USA"" | Stated EPD kgCO2e / unit: beam=""1.22"" pdf=""1220"" | GWP units kgCO2e per: beam=""kg"" pdf=""1 metric ton"" | Addn'l factors: beam=""21"" pdf=∅ | Addn'l factor units: beam=""kg/m"" pdf=∅ | EPD Owner: beam=""American Institute of Steel Construction"" pdf=∅ | EPD/LCA Prepared by: beam=""UL Environment"" pdf=""Sphera"" | EPD Program / Operator: beam=""UL Environment"" pdf=""IBU"" | Internal/External Validation: beam=""External"" pdf=∅ | EPD Verifying Agent: beam=""Industrial Ecology Consultants"" pdf=∅ | EPD PCR Guidelines: beam=""Designated Steel Construction Product, U"" pdf=""Designated Steel Construction Product EP"" | LCA Method: beam=""TRACI 2.31"" pdf=""& VERSION NUMBER TRACI 2.1"" | EPD LCA Software: beam=""GaBi v40"" pdf=""& VERSION NUMBER GaBi v10"" | EPD LCI Database: beam=""GaBi 2050"" pdf=∅"
STR031,4789556099.102.1,—,—,—,—,—,—,MISMATCH,—,MISMATCH,MISMATCH,MISMATCH,MISMATCH,—,MATCH,MISMATCH,—,MISMATCH,MISMATCH,—,—,—,—,—,—,—,—,—,—,—,—,—,—,MATCH,MATCH,MISMATCH,MISMATCH,—,—,—,—,—,—,—,—,—,MATCH,—,—,—,—,MATCH,MATCH,MISMATCH,MISMATCH,MISMATCH,MISMATCH,MISMATCH,MATCH,MISMATCH,MISMATCH,MISMATCH,MISMATCH,—,—,26.9%,"EPD Expiry: beam=""2026"" pdf=∅ | Material: beam=""Structural Steel / Wide Flange"" pdf=∅ | Manufacturer: beam=""American Institute of Steel Construction"" pdf=""US mills averaging in excess"" | Product Brand Name: beam=""Hot-rolled strucutural steel"" pdf=∅ | Specifications: beam=""W310x33 (W12x22)"" pdf=∅ | Markets of Applicability: beam=""US & CA"" pdf=""CAN, USA"" | Stated EPD kgCO2e / unit: beam=""1.22"" pdf=""1220"" | GWP units kgCO2e per: beam=""kg"" pdf=""1 metric ton"" | Addn'l factors: beam=""32.7"" pdf=∅ | Addn'l factor units: beam=""kg/m"" pdf=∅ | EPD Owner: beam=""American Institute of Steel Construction"" pdf=∅ | EPD/LCA Prepared by: beam=""UL Environment"" pdf=""Sphera"" | EPD Program / Operator: beam=""UL Environment"" pdf=""IBU"" | Internal/External Validation: beam=""External"" pdf=∅ | EPD Verifying Agent: beam=""Industrial Ecology Consultants"" pdf=∅ | EPD PCR Guidelines: beam=""Designated Steel Construction Product, U"" pdf=""Designated Steel Construction Product EP"" | LCA Method: beam=""TRACI 2.32"" pdf=""& VERSION NUMBER TRACI 2.1"" | EPD LCA Software: beam=""GaBi v41"" pdf=""& VERSION NUMBER GaBi v10"" | EPD LCI Database: beam=""GaBi 2051"" pdf=∅"
STR032,4789556099.102.1,—,—,—,—,—,—,MISMATCH,—,MISMATCH,MISMATCH,MISMATCH,MISMATCH,—,MATCH,MISMATCH,—,MISMATCH,MISMATCH,—,—,—,—,—,—,—,—,—,—,—,—,—,—,MATCH,MATCH,MISMATCH,MISMATCH,—,—,—,—,—,—,—,—,—,MATCH,—,—,—,—,MATCH,MATCH,MISMATCH,MISMATCH,MISMATCH,MISMATCH,MISMATCH,MATCH,MISMATCH,MISMATCH,MISMATCH,MISMATCH,—,—,26.9%,"EPD Expiry: beam=""2026"" pdf=∅ | Material: beam=""Structural Steel / Wide Flange"" pdf=∅ | Manufacturer: beam=""American Institute of Steel Construction"" pdf=""US mills averaging in excess"" | Product Brand Name: beam=""Hot-rolled strucutural steel"" pdf=∅ | Specifications: beam=""W310x39 (W12x26)"" pdf=∅ | Markets of Applicability: beam=""US & CA"" pdf=""CAN, USA"" | Stated EPD kgCO2e / unit: beam=""1.22"" pdf=""1220"" | GWP units kgCO2e per: beam=""kg"" pdf=""1 metric ton"" | Addn'l factors: beam=""38.5"" pdf=∅ | Addn'l factor units: beam=""kg/m"" pdf=∅ | EPD Owner: beam=""American Institute of Steel Construction"" pdf=∅ | EPD/LCA Prepared by: beam=""UL Environment"" pdf=""Sphera"" | EPD Program / Operator: beam=""UL Environment"" pdf=""IBU"" | Internal/External Validation: beam=""External"" pdf=∅ | EPD Verifying Agent: beam=""Industrial Ecology Consultants"" pdf=∅ | EPD PCR Guidelines: beam=""Designated Steel Construction Product, U"" pdf=""Designated Steel Construction Product EP"" | LCA Method: beam=""TRACI 2.33"" pdf=""& VERSION NUMBER TRACI 2.1"" | EPD LCA Software: beam=""GaBi v42"" pdf=""& VERSION NUMBER GaBi v10"" | EPD LCI Database: beam=""GaBi 2052"" pdf=∅"
STR033,4789556099.102.1,—,—,—,—,—,—,MISMATCH,—,MISMATCH,MISMATCH,MISMATCH,MISMATCH,—,MATCH,MISMATCH,—,MISMATCH,MISMATCH,—,—,—,—,—,—,—,—,—,—,—,—,—,—,MATCH,MATCH,MISMATCH,MISMATCH,—,—,—,—,—,—,—,—,—,MATCH,—,—,—,—,MATCH,MATCH,MISMATCH,MISMATCH,MISMATCH,MISMATCH,MISMATCH,MATCH,MISMATCH,MISMATCH,MISMATCH,MISMATCH,—,—,26.9%,"EPD Expiry: beam=""2026"" pdf=∅ | Material: beam=""Structural Steel / Wide Flange"" pdf=∅ | Manufacturer: beam=""American Institute of Steel Construction"" pdf=""US mills averaging in excess"" | Product Brand Name: beam=""Hot-rolled strucutural steel"" pdf=∅ | Specifications: beam=""W310x45 (W12x30)"" pdf=∅ | Markets of Applicability: beam=""US & CA"" pdf=""CAN, USA"" | Stated EPD kgCO2e / unit: beam=""1.22"" pdf=""1220"" | GWP units kgCO2e per: beam=""kg"" pdf=""1 metric ton"" | Addn'l factors: beam=""44.5"" pdf=∅ | Addn'l factor units: beam=""kg/m"" pdf=∅ | EPD Owner: beam=""American Institute of Steel Construction"" pdf=∅ | EPD/LCA Prepared by: beam=""UL Environment"" pdf=""Sphera"" | EPD Program / Operator: beam=""UL Environment"" pdf=""IBU"" | Internal/External Validation: beam=""External"" pdf=∅ | EPD Verifying Agent: beam=""Industrial Ecology Consultants"" pdf=∅ | EPD PCR Guidelines: beam=""Designated Steel Construction Product, U"" pdf=""Designated Steel Construction Product EP"" | LCA Method: beam=""TRACI 2.34"" pdf=""& VERSION NUMBER TRACI 2.1"" | EPD LCA Software: beam=""GaBi v43"" pdf=""& VERSION NUMBER GaBi v10"" | EPD LCI Database: beam=""GaBi 2053"" pdf=∅"
STR034,4789556099.102.1,—,—,—,—,—,—,MISMATCH,—,MISMATCH,MISMATCH,MISMATCH,MISMATCH,—,MATCH,MISMATCH,—,MISMATCH,MISMATCH,—,—,—,—,—,—,—,—,—,—,—,—,—,—,MATCH,MATCH,MISMATCH,MISMATCH,—,—,—,—,—,—,—,—,—,MATCH,—,—,—,—,MATCH,MATCH,MISMATCH,MISMATCH,MISMATCH,MISMATCH,MISMATCH,MATCH,MISMATCH,MISMATCH,MISMATCH,MISMATCH,—,—,26.9%,"EPD Expiry: beam=""2026"" pdf=∅ | Material: beam=""Structural Steel / Wide Flange"" pdf=∅ | Manufacturer: beam=""American Institute of Steel Construction"" pdf=""US mills averaging in excess"" | Product Brand Name: beam=""Hot-rolled strucutural steel"" pdf=∅ | Specifications: beam=""W310x52 (W12x35)"" pdf=∅ | Markets of Applicability: beam=""US & CA"" pdf=""CAN, USA"" | Stated EPD kgCO2e / unit: beam=""1.22"" pdf=""1220"" | GWP units kgCO2e per: beam=""kg"" pdf=""1 metric ton"" | Addn'l factors: beam=""52"" pdf=∅ | Addn'l factor units: beam=""kg/m"" pdf=∅ | EPD Owner: beam=""American Institute of Steel Construction"" pdf=∅ | EPD/LCA Prepared by: beam=""UL Environment"" pdf=""Sphera"" | EPD Program / Operator: beam=""UL Environment"" pdf=""IBU"" | Internal/External Validation: beam=""External"" pdf=∅ | EPD Verifying Agent: beam=""Industrial Ecology Consultants"" pdf=∅ | EPD PCR Guidelines: beam=""Designated Steel Construction Product, U"" pdf=""Designated Steel Construction Product EP"" | LCA Method: beam=""TRACI 2.35"" pdf=""& VERSION NUMBER TRACI 2.1"" | EPD LCA Software: beam=""GaBi v44"" pdf=""& VERSION NUMBER GaBi v10"" | EPD LCI Database: beam=""GaBi 2054"" pdf=∅"
STR035,4789556099.102.1,—,—,—,—,—,—,MISMATCH,—,MISMATCH,MISMATCH,MISMATCH,MISMATCH,—,MATCH,MISMATCH,—,MISMATCH,MISMATCH,—,—,—,—,—,—,—,—,—,—,—,—,—,—,MATCH,MATCH,MISMATCH,MISMATCH,—,—,—,—,—,—,—,—,—,MATCH,—,—,—,—,MATCH,MATCH,MISMATCH,MISMATCH,MISMATCH,MISMATCH,MISMATCH,MATCH,MISMATCH,MISMATCH,MISMATCH,MISMATCH,—,—,26.9%,"EPD Expiry: beam=""2026"" pdf=∅ | Material: beam=""Structural Steel / Wide Flange"" pdf=∅ | Manufacturer: beam=""American Institute of Steel Construction"" pdf=""US mills averaging in excess"" | Product Brand Name: beam=""Hot-rolled strucutural steel"" pdf=∅ | Specifications: beam=""W310x79 (W12x53)"" pdf=∅ | Markets of Applicability: beam=""US & CA"" pdf=""CAN, USA"" | Stated EPD kgCO2e / unit: beam=""1.22"" pdf=""1220"" | GWP units kgCO2e per: beam=""kg"" pdf=""1 metric ton"" | Addn'l factors: beam=""79"" pdf=∅ | Addn'l factor units: beam=""kg/m"" pdf=∅ | EPD Owner: beam=""American Institute of Steel Construction"" pdf=∅ | EPD/LCA Prepared by: beam=""UL Environment"" pdf=""Sphera"" | EPD Program / Operator: beam=""UL Environment"" pdf=""IBU"" | Internal/External Validation: beam=""External"" pdf=∅ | EPD Verifying Agent: beam=""Industrial Ecology Consultants"" pdf=∅ | EPD PCR Guidelines: beam=""Designated Steel Construction Product, U"" pdf=""Designated Steel Construction Product EP"" | LCA Method: beam=""TRACI 2.36"" pdf=""& VERSION NUMBER TRACI 2.1"" | EPD LCA Software: beam=""GaBi v45"" pdf=""& VERSION NUMBER GaBi v10"" | EPD LCI Database: beam=""GaBi 2055"" pdf=∅"
STR036,4789556099.102.1,—,—,—,—,—,—,MISMATCH,—,MISMATCH,MISMATCH,MISMATCH,MISMATCH,—,MATCH,MISMATCH,—,MISMATCH,MISMATCH,—,—,—,—,—,—,—,—,—,—,—,—,—,—,MATCH,MATCH,MISMATCH,MISMATCH,—,—,—,—,—,—,—,—,—,MATCH,—,—,—,—,MATCH,MATCH,MISMATCH,MISMATCH,MISMATCH,MISMATCH,MISMATCH,MATCH,MISMATCH,MISMATCH,MISMATCH,MISMATCH,—,—,26.9%,"EPD Expiry: beam=""2026"" pdf=∅ | Material: beam=""Structural Steel / Wide Flange"" pdf=∅ | Manufacturer: beam=""American Institute of Steel Construction"" pdf=""US mills averaging in excess"" | Product Brand Name: beam=""Hot-rolled strucutural steel"" pdf=∅ | Specifications: beam=""W360x33 (W14x22)"" pdf=∅ | Markets of Applicability: beam=""US & CA"" pdf=""CAN, USA"" | Stated EPD kgCO2e / unit: beam=""1.22"" pdf=""1220"" | GWP units kgCO2e per: beam=""kg"" pdf=""1 metric ton"" | Addn'l factors: beam=""32.736"" pdf=∅ | Addn'l factor units: beam=""kg/m"" pdf=∅ | EPD Owner: beam=""American Institute of Steel Construction"" pdf=∅ | EPD/LCA Prepared by: beam=""UL Environment"" pdf=""Sphera"" | EPD Program / Operator: beam=""UL Environment"" pdf=""IBU"" | Internal/External Validation: beam=""External"" pdf=∅ | EPD Verifying Agent: beam=""Industrial Ecology Consultants"" pdf=∅ | EPD PCR Guidelines: beam=""Designated Steel Construction Product, U"" pdf=""Designated Steel Construction Product EP"" | LCA Method: beam=""TRACI 2.37"" pdf=""& VERSION NUMBER TRACI 2.1"" | EPD LCA Software: beam=""GaBi v46"" pdf=""& VERSION NUMBER GaBi v10"" | EPD LCI Database: beam=""GaBi 2056"" pdf=∅"
STR037,4789556099.102.1,—,—,—,—,—,—,MISMATCH,—,MISMATCH,MISMATCH,MISMATCH,MISMATCH,—,MATCH,MISMATCH,—,MISMATCH,MISMATCH,—,—,—,—,—,—,—,—,—,—,—,—,—,—,MATCH,MATCH,MISMATCH,MISMATCH,—,—,—,—,—,—,—,—,—,MATCH,—,—,—,—,MATCH,MATCH,MISMATCH,MISMATCH,MISMATCH,MISMATCH,MISMATCH,MATCH,MISMATCH,MISMATCH,MISMATCH,MISMATCH,—,—,26.9%,"EPD Expiry: beam=""2026"" pdf=∅ | Material: beam=""Structural Steel / Wide Flange"" pdf=∅ | Manufacturer: beam=""American Institute of Steel Construction"" pdf=""US mills averaging in excess"" | Product Brand Name: beam=""Hot-rolled strucutural steel"" pdf=∅ | Specifications: beam=""W360x45 (W14x30)"" pdf=∅ | Markets of Applicability: beam=""US & CA"" pdf=""CAN, USA"" | Stated EPD kgCO2e / unit: beam=""1.22"" pdf=""1220"" | GWP units kgCO2e per: beam=""kg"" pdf=""1 metric ton"" | Addn'l factors: beam=""44.64"" pdf=∅ | Addn'l factor units: beam=""kg/m"" pdf=∅ | EPD Owner: beam=""American Institute of Steel Construction"" pdf=∅ | EPD/LCA Prepared by: beam=""UL Environment"" pdf=""Sphera"" | EPD Program / Operator: beam=""UL Environment"" pdf=""IBU"" | Internal/External Validation: beam=""External"" pdf=∅ | EPD Verifying Agent: beam=""Industrial Ecology Consultants"" pdf=∅ | EPD PCR Guidelines: beam=""Designated Steel Construction Product, U"" pdf=""Designated Steel Construction Product EP"" | LCA Method: beam=""TRACI 2.38"" pdf=""& VERSION NUMBER TRACI 2.1"" | EPD LCA Software: beam=""GaBi v47"" pdf=""& VERSION NUMBER GaBi v10"" | EPD LCI Database: beam=""GaBi 2057"" pdf=∅"
STR038,4789556099.102.1,—,—,—,—,—,—,MISMATCH,—,MISMATCH,MISMATCH,MISMATCH,MISMATCH,—,MATCH,MISMATCH,—,MISMATCH,MISMATCH,—,—,—,—,—,—,—,—,—,—,—,—,—,—,MATCH,MATCH,MISMATCH,MISMATCH,—,—,—,—,—,—,—,—,—,MATCH,—,—,—,—,MATCH,MATCH,MISMATCH,MISMATCH,MISMATCH,MISMATCH,MISMATCH,MATCH,MISMATCH,MISMATCH,MISMATCH,MISMATCH,—,—,26.9%,"EPD Expiry: beam=""2026"" pdf=∅ | Material: beam=""Structural Steel / Wide Flange"" pdf=∅ | Manufacturer: beam=""American Institute of Steel Construction"" pdf=""US mills averaging in excess"" | Product Brand Name: beam=""Hot-rolled strucutural steel"" pdf=∅ | Specifications: beam=""W360x51 (W14x34)"" pdf=∅ | Markets of Applicability: beam=""US & CA"" pdf=""CAN, USA"" | Stated EPD kgCO2e / unit: beam=""1.22"" pdf=""1220"" | GWP units kgCO2e per: beam=""kg"" pdf=""1 metric ton"" | Addn'l factors: beam=""50.59"" pdf=∅ | Addn'l factor units: beam=""kg/m"" pdf=∅ | EPD Owner: beam=""American Institute of Steel Construction"" pdf=∅ | EPD/LCA Prepared by: beam=""UL Environment"" pdf=""Sphera"" | EPD Program / Operator: beam=""UL Environment"" pdf=""IBU"" | Internal/External Validation: beam=""External"" pdf=∅ | EPD Verifying Agent: beam=""Industrial Ecology Consultants"" pdf=∅ | EPD PCR Guidelines: beam=""Designated Steel Construction Product, U"" pdf=""Designated Steel Construction Product EP"" | LCA Method: beam=""TRACI 2.39"" pdf=""& VERSION NUMBER TRACI 2.1"" | EPD LCA Software: beam=""GaBi v48"" pdf=""& VERSION NUMBER GaBi v10"" | EPD LCI Database: beam=""GaBi 2058"" pdf=∅"
STR039,4789556099.102.1,—,—,—,—,—,—,MISMATCH,—,MISMATCH,MISMATCH,MISMATCH,MISMATCH,—,MATCH,MISMATCH,—,MISMATCH,MISMATCH,—,—,—,—,—,—,—,—,—,—,—,—,—,—,MATCH,MATCH,MISMATCH,MISMATCH,—,—,—,—,—,—,—,—,—,MATCH,—,—,—,—,MATCH,MATCH,MISMATCH,MISMATCH,MISMATCH,MISMATCH,MISMATCH,MATCH,MISMATCH,MISMATCH,MISMATCH,MISMATCH,—,—,26.9%,"EPD Expiry: beam=""2026"" pdf=∅ | Material: beam=""Structural Steel / Wide Flange"" pdf=∅ | Manufacturer: beam=""American Institute of Steel Construction"" pdf=""US mills averaging in excess"" | Product Brand Name: beam=""Hot-rolled strucutural steel"" pdf=∅ | Specifications: beam=""W360x57 (W14x38)"" pdf=∅ | Markets of Applicability: beam=""US & CA"" pdf=""CAN, USA"" | Stated EPD kgCO2e / unit: beam=""1.22"" pdf=""1220"" | GWP units kgCO2e per: beam=""kg"" pdf=""1 metric ton"" | Addn'l factors: beam=""56.544"" pdf=∅ | Addn'l factor units: beam=""kg/m"" pdf=∅ | EPD Owner: beam=""American Institute of Steel Construction"" pdf=∅ | EPD/LCA Prepared by: beam=""UL Environment"" pdf=""Sphera"" | EPD Program / Operator: beam=""UL Environment"" pdf=""IBU"" | Internal/External Validation: beam=""External"" pdf=∅ | EPD Verifying Agent: beam=""Industrial Ecology Consultants"" pdf=∅ | EPD PCR Guidelines: beam=""Designated Steel Construction Product, U"" pdf=""Designated Steel Construction Product EP"" | LCA Method: beam=""TRACI 2.40"" pdf=""& VERSION NUMBER TRACI 2.1"" | EPD LCA Software: beam=""GaBi v49"" pdf=""& VERSION NUMBER GaBi v10"" | EPD LCI Database: beam=""GaBi 2059"" pdf=∅"
STR040,4789556099.102.1,—,—,—,—,—,—,MISMATCH,—,MISMATCH,MISMATCH,MISMATCH,MISMATCH,—,MATCH,MISMATCH,—,MISMATCH,MISMATCH,—,—,—,—,—,—,—,—,—,—,—,—,—,—,MATCH,MATCH,MISMATCH,MISMATCH,—,—,—,—,—,—,—,—,—,MATCH,—,—,—,—,MATCH,MATCH,MISMATCH,MISMATCH,MISMATCH,MISMATCH,MISMATCH,MATCH,MISMATCH,MISMATCH,MISMATCH,MISMATCH,—,—,26.9%,"EPD Expiry: beam=""2026"" pdf=∅ | Material: beam=""Structural Steel / Wide Flange"" pdf=∅ | Manufacturer: beam=""American Institute of Steel Construction"" pdf=""US mills averaging in excess"" | Product Brand Name: beam=""Hot-rolled strucutural steel"" pdf=∅ | Specifications: beam=""W410x74 (W16x50)"" pdf=∅ | Markets of Applicability: beam=""US & CA"" pdf=""CAN, USA"" | Stated EPD kgCO2e / unit: beam=""1.22"" pdf=""1220"" | GWP units kgCO2e per: beam=""kg"" pdf=""1 metric ton"" | Addn'l factors: beam=""74"" pdf=∅ | Addn'l factor units: beam=""kg/m"" pdf=∅ | EPD Owner: beam=""American Institute of Steel Construction"" pdf=∅ | EPD/LCA Prepared by: beam=""UL Environment"" pdf=""Sphera"" | EPD Program / Operator: beam=""UL Environment"" pdf=""IBU"" | Internal/External Validation: beam=""External"" pdf=∅ | EPD Verifying Agent: beam=""Industrial Ecology Consultants"" pdf=∅ | EPD PCR Guidelines: beam=""Designated Steel Construction Product, U"" pdf=""Designated Steel Construction Product EP"" | LCA Method: beam=""TRACI 2.41"" pdf=""& VERSION NUMBER TRACI 2.1"" | EPD LCA Software: beam=""GaBi v50"" pdf=""& VERSION NUMBER GaBi v10"" | EPD LCI Database: beam=""GaBi 2060"" pdf=∅"
STR041,4789556099.102.1,—,—,—,—,—,—,MISMATCH,—,MISMATCH,MISMATCH,MISMATCH,MISMATCH,—,MATCH,MISMATCH,—,MISMATCH,MISMATCH,—,—,—,—,—,—,—,—,—,—,—,—,—,—,MATCH,MATCH,MISMATCH,MISMATCH,—,—,—,—,—,—,—,—,—,MATCH,—,—,—,—,MATCH,MATCH,MISMATCH,MISMATCH,MISMATCH,MISMATCH,MISMATCH,MATCH,MISMATCH,MISMATCH,MISMATCH,MISMATCH,—,—,26.9%,"EPD Expiry: beam=""2026"" pdf=∅ | Material: beam=""Structural Steel / Wide Flange"" pdf=∅ | Manufacturer: beam=""American Institute of Steel Construction"" pdf=""US mills averaging in excess"" | Product Brand Name: beam=""Hot-rolled strucutural steel"" pdf=∅ | Specifications: beam=""W530x72 (W21x48)"" pdf=∅ | Markets of Applicability: beam=""US & CA"" pdf=""CAN, USA"" | Stated EPD kgCO2e / unit: beam=""1.22"" pdf=""1220"" | GWP units kgCO2e per: beam=""kg"" pdf=""1 metric ton"" | Addn'l factors: beam=""72"" pdf=∅ | Addn'l factor units: beam=""kg/m"" pdf=∅ | EPD Owner: beam=""American Institute of Steel Construction"" pdf=∅ | EPD/LCA Prepared by: beam=""UL Environment"" pdf=""Sphera"" | EPD Program / Operator: beam=""UL Environment"" pdf=""IBU"" | Internal/External Validation: beam=""External"" pdf=∅ | EPD Verifying Agent: beam=""Industrial Ecology Consultants"" pdf=∅ | EPD PCR Guidelines: beam=""Designated Steel Construction Product, U"" pdf=""Designated Steel Construction Product EP"" | LCA Method: beam=""TRACI 2.42"" pdf=""& VERSION NUMBER TRACI 2.1"" | EPD LCA Software: beam=""GaBi v51"" pdf=""& VERSION NUMBER GaBi v10"" | EPD LCI Database: beam=""GaBi 2061"" pdf=∅"
STR042,4789556099.102.1,—,—,—,—,—,—,MISMATCH,—,MISMATCH,MISMATCH,MISMATCH,MISMATCH,—,MATCH,MISMATCH,—,MISMATCH,MISMATCH,—,—,—,—,—,—,—,—,—,—,—,—,—,—,MATCH,MATCH,MISMATCH,MISMATCH,—,—,—,—,—,—,—,—,—,MATCH,—,—,—,—,MATCH,MATCH,MISMATCH,MISMATCH,MISMATCH,MISMATCH,MISMATCH,MATCH,MISMATCH,MISMATCH,MISMATCH,MISMATCH,—,—,26.9%,"EPD Expiry: beam=""2026"" pdf=∅ | Material: beam=""Structural Steel / Wide Flange"" pdf=∅ | Manufacturer: beam=""American Institute of Steel Construction"" pdf=""US mills averaging in excess"" | Product Brand Name: beam=""Hot-rolled strucutural steel"" pdf=∅ | Specifications: beam=""W530x85 (W21x55)"" pdf=∅ | Markets of Applicability: beam=""US & CA"" pdf=""CAN, USA"" | Stated EPD kgCO2e / unit: beam=""1.22"" pdf=""1220"" | GWP units kgCO2e per: beam=""kg"" pdf=""1 metric ton"" | Addn'l factors: beam=""85"" pdf=∅ | Addn'l factor units: beam=""kg/m"" pdf=∅ | EPD Owner: beam=""American Institute of Steel Construction"" pdf=∅ | EPD/LCA Prepared by: beam=""UL Environment"" pdf=""Sphera"" | EPD Program / Operator: beam=""UL Environment"" pdf=""IBU"" | Internal/External Validation: beam=""External"" pdf=∅ | EPD Verifying Agent: beam=""Industrial Ecology Consultants"" pdf=∅ | EPD PCR Guidelines: beam=""Designated Steel Construction Product, U"" pdf=""Designated Steel Construction Product EP"" | LCA Method: beam=""TRACI 2.43"" pdf=""& VERSION NUMBER TRACI 2.1"" | EPD LCA Software: beam=""GaBi v52"" pdf=""& VERSION NUMBER GaBi v10"" | EPD LCI Database: beam=""GaBi 2062"" pdf=∅"
19e71c,4789559274.101.1,—,—,—,—,—,—,MISMATCH,—,MISMATCH,MISMATCH,MISMATCH,MISMATCH,—,—,MISMATCH,—,MISMATCH,MISMATCH,—,—,—,—,—,—,—,—,—,—,—,—,—,—,—,—,—,—,MISMATCH,MISMATCH,—,—,—,—,—,—,—,MATCH,—,—,—,—,MATCH,MATCH,—,MISMATCH,—,—,—,—,—,—,—,—,—,—,21.4%,"EPD Expiry: beam=""2026-01-01"" pdf=∅ | Material: beam=""XPS foam board"" pdf=∅ | Manufacturer: beam=""DuPont"" pdf=""the facilities TM TM located"" | Product Brand Name: beam=""Styrofoam (Blue) (Legacy)"" pdf=∅ | Specifications: beam=""R 5.6/inch"" pdf=∅ | Markets of Applicability: beam=""US & CA"" pdf=""CAN, USA"" | Stated EPD kgCO2e / unit: beam=""60.8"" pdf=""29.4"" | GWP units kgCO2e per: beam=""m2•RSI"" pdf=""OR DECLARED UNIT"" | R-value / inch: beam=""5.6"" pdf=∅ | k, Thermal Conductivity: beam=""0.02575378571"" pdf=∅ | EPD/LCA Prepared by: beam=""UL Environment"" pdf=""WAP Sustainability Consulting"""
175f1a,4789559274.102.1,—,—,—,—,—,—,MISMATCH,—,MISMATCH,MISMATCH,MISMATCH,MISMATCH,—,—,MISMATCH,—,MISMATCH,MISMATCH,—,—,—,—,—,—,—,—,—,—,—,—,—,—,—,—,—,—,MISMATCH,MISMATCH,—,—,—,—,—,—,—,MATCH,—,—,—,—,MATCH,MATCH,—,MISMATCH,—,—,—,—,—,—,—,—,—,—,21.4%,"EPD Expiry: beam=""2026-01-01"" pdf=∅ | Material: beam=""XPS foam board"" pdf=∅ | Manufacturer: beam=""DuPont"" pdf=""the facilities TM TM located"" | Product Brand Name: beam=""Styrofoam (Grey, Reduced GWP)"" pdf=∅ | Specifications: beam=""R 5.6/inch"" pdf=∅ | Markets of Applicability: beam=""US & CA"" pdf=""CAN, USA"" | Stated EPD kgCO2e / unit: beam=""36.5"" pdf=""18.1"" | GWP units kgCO2e per: beam=""m2•RSI"" pdf=""OR DECLARED UNIT"" | R-value / inch: beam=""5.6"" pdf=∅ | k, Thermal Conductivity: beam=""0.02575378571"" pdf=∅ | EPD/LCA Prepared by: beam=""UL Environment"" pdf=""WAP Sustainability Consulting"""
c630d2,4789559274.103.1,—,—,—,—,—,—,MISMATCH,—,MISMATCH,MISMATCH,MISMATCH,MISMATCH,—,—,MISMATCH,—,MATCH,MISMATCH,—,—,—,—,—,—,—,—,—,—,—,—,—,—,MISMATCH,MISMATCH,—,—,MISMATCH,MISMATCH,—,—,—,—,—,—,—,MATCH,—,—,—,—,MATCH,MATCH,—,MISMATCH,MATCH,—,—,—,—,—,—,—,—,—,29.4%,"EPD Expiry: beam=""2026-01-01"" pdf=∅ | Material: beam=""Polyiso - wall boards"" pdf=∅ | Manufacturer: beam=""DuPont"" pdf=""the Pennsauken"" | Product Brand Name: beam=""Thermax"" pdf=∅ | Specifications: beam=""R 6.5/inch"" pdf=∅ | Markets of Applicability: beam=""US & CA"" pdf=""CAN, USA"" | GWP units kgCO2e per: beam=""m2•RSI"" pdf=""OR DECLARED UNIT"" | Density: beam=""29.53"" pdf=∅ | Density Units: beam=""kg/m3"" pdf=∅ | R-value / inch: beam=""6.5"" pdf=∅ | k, Thermal Conductivity: beam=""0.02218787692"" pdf=∅ | EPD/LCA Prepared by: beam=""UL Environment"" pdf=""WAP Sustainability Consulting"""
4k2v0s,4789710952.101.1,—,—,—,—,—,—,MISMATCH,—,MISMATCH,MATCH,—,—,—,—,MISMATCH,—,MISMATCH,MATCH,—,—,—,—,—,—,—,—,—,—,—,—,—,—,MISMATCH,MATCH,—,—,—,—,—,—,—,—,—,—,—,MISMATCH,—,—,—,—,MATCH,MATCH,—,MISMATCH,MATCH,MISMATCH,—,MATCH,—,—,—,MISMATCH,—,—,43.8%,"EPD Expiry: beam=""2026-01-04"" pdf=∅ | Material: beam=""Laminated strand lumber"" pdf=∅ | Markets of Applicability: beam=""US & CA"" pdf=""CAN, USA"" | Stated EPD kgCO2e / unit: beam=""274.9"" pdf=""5.220000000000001"" | Density: beam=""570.22"" pdf=""500"" | Material Type: beam=""Wood"" pdf=""Framing"" | EPD/LCA Prepared by: beam=""UL Environment"" pdf=""PRé Consultants"" | Internal/External Validation: beam=""External"" pdf=∅ | EPD LCI Database: beam=""USLCI (2019), Ecoinvent v3.5, Datasmart "" pdf=""https://www.worldsteel.org/steel-by-topi"""
www115,4789733794.104.1,—,—,—,—,—,—,MISMATCH,—,MISMATCH,MISMATCH,MISMATCH,MISMATCH,—,MISMATCH,MISMATCH,—,MISMATCH,MISMATCH,—,—,—,—,—,—,—,—,—,—,—,—,—,—,—,—,—,—,—,—,—,—,—,—,—,—,—,MISMATCH,—,—,—,—,MATCH,MATCH,MISMATCH,MISMATCH,MISMATCH,MISMATCH,MISMATCH,MATCH,MATCH,MATCH,MATCH,MISMATCH,—,—,27.3%,"EPD Expiry: beam=""2026"" pdf=∅ | Material: beam=""Window, aluminum frame"" pdf=∅ | Manufacturer: beam=""Kawneer"" pdf=""the Cranberry facility was used"" | Product Brand Name: beam=""OptiQ AA5450, TR-9100, 8400TL, AA6400|65"" pdf=∅ | Specifications: beam=""Double pane"" pdf=∅ | Countries of Manufacture: beam=""US"" pdf=""CAN"" | Markets of Applicability: beam=""US & CA"" pdf=""CAN, USA"" | Stated EPD kgCO2e / unit: beam=""188"" pdf=""375.8"" | GWP units kgCO2e per: beam=""m2"" pdf=""OR DECLARED UNIT"" | Material Type: beam=""Double pane window"" pdf=""Aluminum"" | EPD Owner: beam=""Kawneer North America"" pdf=∅ | EPD/LCA Prepared by: beam=""Thrive ESG"" pdf=""Sphera"" | EPD Program / Operator: beam=""UL Environment"" pdf=""IBU"" | Internal/External Validation: beam=""External"" pdf=∅ | EPD Verifying Agent: beam=""James Mellentine, Thrive ESG"" pdf=∅ | EPD LCI Database: beam=""GaBi 2021"" pdf=""are widely distributed and used with the"""
www116,4789733794.106.1,—,—,—,—,—,—,MISMATCH,—,MISMATCH,MISMATCH,MISMATCH,MISMATCH,—,MISMATCH,MISMATCH,—,MISMATCH,MISMATCH,—,—,—,—,—,—,—,—,—,—,—,—,—,—,—,—,—,—,—,—,—,—,—,—,—,—,—,MISMATCH,—,—,—,—,MATCH,MATCH,MISMATCH,MISMATCH,MISMATCH,MISMATCH,MISMATCH,MATCH,MATCH,MATCH,MATCH,MISMATCH,—,—,27.3%,"EPD Expiry: beam=""2026"" pdf=∅ | Material: beam=""Window, aluminum frame"" pdf=∅ | Manufacturer: beam=""Kawneer"" pdf=""the Cranberry facility was used"" | Product Brand Name: beam=""Optiq AA4325, 8225TL|TLF, 526, AA 6400|6"" pdf=∅ | Specifications: beam=""Double pane"" pdf=∅ | Countries of Manufacture: beam=""US"" pdf=""CAN"" | Markets of Applicability: beam=""US & CA"" pdf=""CAN, USA"" | Stated EPD kgCO2e / unit: beam=""222"" pdf=""443.8"" | GWP units kgCO2e per: beam=""m2"" pdf=""OR DECLARED UNIT"" | Material Type: beam=""Double pane window"" pdf=""Aluminum"" | EPD Owner: beam=""Kawneer North America"" pdf=∅ | EPD/LCA Prepared by: beam=""Thrive ESG"" pdf=""Sphera"" | EPD Program / Operator: beam=""UL Environment"" pdf=""IBU"" | Internal/External Validation: beam=""External"" pdf=∅ | EPD Verifying Agent: beam=""James Mellentine, Thrive ESG"" pdf=∅ | EPD LCI Database: beam=""GaBi 2021"" pdf=""are widely distributed and used with the"""
MPS001,4789771662.103.1,—,—,—,—,—,—,MISMATCH,—,MISMATCH,MISMATCH,MISMATCH,MISMATCH,—,MATCH,MISMATCH,—,MISMATCH,MISMATCH,—,—,—,—,—,—,—,—,—,—,—,—,—,—,MISMATCH,MISMATCH,—,—,—,—,—,—,—,—,MISMATCH,—,—,MATCH,—,—,—,—,MATCH,MATCH,MISMATCH,MISMATCH,MATCH,MATCH,MISMATCH,MATCH,MISMATCH,MISMATCH,MISMATCH,MATCH,MISMATCH,—,30.8%,"EPD Expiry: beam=""2026"" pdf=∅ | Material: beam=""Metal Panels - Steel"" pdf=∅ | Manufacturer: beam=""Metal Building Manufacturers Assn"" pdf=""Primary Data 2019"" | Product Brand Name: beam=""List of participating members: https://w"" pdf=∅ | Specifications: beam=""24 gauge"" pdf=∅ | Markets of Applicability: beam=""US & CA"" pdf=""USA – business-to-business focus"" | Stated EPD kgCO2e / unit: beam=""1233"" pdf=""1185.6"" | GWP units kgCO2e per: beam=""100 m2"" pdf=""Roll Formed Metal Wall and Roof Panels –"" | Density: beam=""4.73"" pdf=""7800"" | Density Units: beam=""kg/m2"" pdf=""kg/m3"" | Depth (m): beam=""0.001"" pdf=∅ | EPD Owner: beam=""Metal Building Manufacturers Association"" pdf=∅ | EPD/LCA Prepared by: beam=""Athena Sustainable Materials Institute"" pdf=∅ | EPD Verifying Agent: beam=""Industrial Ecology Consultants"" pdf=∅ | EPD PCR Guidelines: beam=""Metal panels, metal composite panels and"" pdf=""Insulated Metal Panels, Metal Composite "" | LCA Method: beam=""TRACI 2.1"" pdf=""& Version Number US EPA TRACI v2.1+ IPCC"" | EPD LCA Software: beam=""SimaPro 9.1.1.1"" pdf=""& Version Number Sima Pro v9.1.1.1, 2021"" | Product Service Life (Years): beam=""75"" pdf=∅"
rnd601,4789773836.101.1,—,—,—,—,—,—,MISMATCH,—,MISMATCH,MISMATCH,MISMATCH,—,—,—,MISMATCH,—,MISMATCH,MISMATCH,—,—,—,—,—,—,—,—,—,—,—,—,—,—,MISMATCH,MATCH,—,—,MISMATCH,MISMATCH,—,—,—,—,—,—,—,MATCH,—,—,—,—,MATCH,MATCH,MISMATCH,MISMATCH,MATCH,MISMATCH,MISMATCH,—,—,MATCH,MATCH,MISMATCH,MATCH,—,34.8%,"EPD Expiry: beam=""2026-01-01"" pdf=∅ | Material: beam=""Spray polyurethane foam - Closed Cell (H"" pdf=∅ | Manufacturer: beam=""Huntsman Building Solutions"" pdf=""HBS during the year. The"" | Product Brand Name: beam=""Heatlok HFO & Heatlok Soya HFO"" pdf=∅ | Markets of Applicability: beam=""US & CA"" pdf=""CAN, USA"" | Stated EPD kgCO2e / unit: beam=""2.5026"" pdf=""1.92"" | GWP units kgCO2e per: beam=""m2•RSI"" pdf=""OR DECLARED UNIT 2"" | Density: beam=""38.4"" pdf=""30"" | R-value / inch: beam=""6.5"" pdf=∅ | k, Thermal Conductivity: beam=""0.02218787692"" pdf=∅ | EPD Owner: beam=""Huntsman Building Solutions"" pdf=""UL Environment"" | EPD/LCA Prepared by: beam=""UL Environment"" pdf=""Sphera"" | Internal/External Validation: beam=""External"" pdf=∅ | EPD Verifying Agent: beam=""UL PRR Review Panel"" pdf=∅ | EPD LCI Database: beam=""GaBi 2020 sp 40"" pdf=∅"
1cgews,4789793365.101.1,—,—,—,—,—,—,MISMATCH,—,MISMATCH,MISMATCH,MISMATCH,MISMATCH,—,—,MISMATCH,—,MISMATCH,MISMATCH,—,—,—,—,—,—,—,—,—,—,—,—,—,—,MATCH,MATCH,MISMATCH,MISMATCH,—,—,—,—,—,—,—,—,—,—,—,—,—,—,MATCH,MATCH,MISMATCH,MISMATCH,MISMATCH,MISMATCH,MISMATCH,MISMATCH,—,—,MATCH,MISMATCH,—,—,22.7%,"EPD Expiry: beam=""2026-01-01"" pdf=∅ | Material: beam=""Rebar"" pdf=∅ | Manufacturer: beam=""Nucor Corporation"" pdf=""Nucor Steel Auburn"" | Product Brand Name: beam=""US sizes"" pdf=∅ | Specifications: beam=""#5"" pdf=∅ | Markets of Applicability: beam=""US & CA"" pdf=""CAN, USA"" | Stated EPD kgCO2e / unit: beam=""0.863"" pdf=""803"" | GWP units kgCO2e per: beam=""kg"" pdf=""OR DECLARED UNIT"" | Addn'l factors: beam=""1.556"" pdf=∅ | Addn'l factor units: beam=""kg/m"" pdf=∅ | EPD Owner: beam=""Nucor Corporation, North Carolina"" pdf=∅ | EPD/LCA Prepared by: beam=""UL Environment"" pdf=""Sphera"" | EPD Program / Operator: beam=""UL Environment"" pdf=""IBU"" | Internal/External Validation: beam=""External"" pdf=∅ | EPD Verifying Agent: beam=""UL Environment"" pdf=∅ | EPD Standards: beam=""ISO 14025: 2006"" pdf=""ISO 14025, ISO 21930:2017, EN 15804, ISO"" | EPD LCI Database: beam=""GaBi 2020.2"" pdf=∅"
3fxswa,4789793365.101.1,—,—,—,—,—,—,MISMATCH,—,MISMATCH,MISMATCH,MISMATCH,MISMATCH,—,—,MISMATCH,—,MISMATCH,MISMATCH,—,—,—,—,—,—,—,—,—,—,—,—,—,—,MATCH,MATCH,MISMATCH,MISMATCH,—,—,—,—,—,—,—,—,—,—,—,—,—,—,MATCH,MATCH,MISMATCH,MISMATCH,MISMATCH,MISMATCH,MISMATCH,MISMATCH,—,—,MATCH,MISMATCH,—,—,22.7%,"EPD Expiry: beam=""2026-01-01"" pdf=∅ | Material: beam=""Rebar"" pdf=∅ | Manufacturer: beam=""Nucor Corporation"" pdf=""Nucor Steel Auburn"" | Product Brand Name: beam=""US sizes"" pdf=∅ | Specifications: beam=""#8"" pdf=∅ | Markets of Applicability: beam=""US & CA"" pdf=""CAN, USA"" | Stated EPD kgCO2e / unit: beam=""0.863"" pdf=""803"" | GWP units kgCO2e per: beam=""kg"" pdf=""OR DECLARED UNIT"" | Addn'l factors: beam=""3.982"" pdf=∅ | Addn'l factor units: beam=""kg/m"" pdf=∅ | EPD Owner: beam=""Nucor Corporation, North Carolina"" pdf=∅ | EPD/LCA Prepared by: beam=""UL Environment"" pdf=""Sphera"" | EPD Program / Operator: beam=""UL Environment"" pdf=""IBU"" | Internal/External Validation: beam=""External"" pdf=∅ | EPD Verifying Agent: beam=""UL Environment"" pdf=∅ | EPD Standards: beam=""ISO 14025: 2006"" pdf=""ISO 14025, ISO 21930:2017, EN 15804, ISO"" | EPD LCI Database: beam=""GaBi 2020.2"" pdf=∅"
3vwqxf,4789793365.101.1,—,—,—,—,—,—,MISMATCH,—,MISMATCH,MISMATCH,MISMATCH,MISMATCH,—,—,MISMATCH,—,MISMATCH,MISMATCH,—,—,—,—,—,—,—,—,—,—,—,—,—,—,MATCH,MATCH,MISMATCH,MISMATCH,—,—,—,—,—,—,—,—,—,—,—,—,—,—,MATCH,MATCH,MISMATCH,MISMATCH,MISMATCH,MISMATCH,MISMATCH,MISMATCH,—,—,MATCH,MISMATCH,—,—,22.7%,"EPD Expiry: beam=""2026-01-01"" pdf=∅ | Material: beam=""Rebar"" pdf=∅ | Manufacturer: beam=""Nucor Corporation"" pdf=""Nucor Steel Auburn"" | Product Brand Name: beam=""US sizes"" pdf=∅ | Specifications: beam=""#6"" pdf=∅ | Markets of Applicability: beam=""US & CA"" pdf=""CAN, USA"" | Stated EPD kgCO2e / unit: beam=""0.863"" pdf=""803"" | GWP units kgCO2e per: beam=""kg"" pdf=""OR DECLARED UNIT"" | Addn'l factors: beam=""2.24"" pdf=∅ | Addn'l factor units: beam=""kg/m"" pdf=∅ | EPD Owner: beam=""Nucor Corporation, North Carolina"" pdf=∅ | EPD/LCA Prepared by: beam=""UL Environment"" pdf=""Sphera"" | EPD Program / Operator: beam=""UL Environment"" pdf=""IBU"" | Internal/External Validation: beam=""External"" pdf=∅ | EPD Verifying Agent: beam=""UL Environment"" pdf=∅ | EPD Standards: beam=""ISO 14025: 2006"" pdf=""ISO 14025, ISO 21930:2017, EN 15804, ISO"" | EPD LCI Database: beam=""GaBi 2020.2"" pdf=∅"
a03cls,4789793365.101.1,—,—,—,—,—,—,MISMATCH,—,MISMATCH,MISMATCH,MISMATCH,MISMATCH,—,—,MISMATCH,—,MISMATCH,MISMATCH,—,—,—,—,—,—,—,—,—,—,—,—,—,—,MATCH,MATCH,MISMATCH,MISMATCH,—,—,—,—,—,—,—,—,—,—,—,—,—,—,MATCH,MATCH,MISMATCH,MISMATCH,MISMATCH,MISMATCH,MISMATCH,MISMATCH,—,—,MATCH,MISMATCH,—,—,22.7%,"EPD Expiry: beam=""2026-01-01"" pdf=∅ | Material: beam=""Rebar"" pdf=∅ | Manufacturer: beam=""Nucor Corporation"" pdf=""Nucor Steel Auburn"" | Product Brand Name: beam=""Canadian sizes"" pdf=∅ | Specifications: beam=""15M"" pdf=∅ | Markets of Applicability: beam=""US & CA"" pdf=""CAN, USA"" | Stated EPD kgCO2e / unit: beam=""0.863"" pdf=""803"" | GWP units kgCO2e per: beam=""kg"" pdf=""OR DECLARED UNIT"" | Addn'l factors: beam=""1.57"" pdf=∅ | Addn'l factor units: beam=""kg/m"" pdf=∅ | EPD Owner: beam=""Nucor Corporation, North Carolina"" pdf=∅ | EPD/LCA Prepared by: beam=""UL Environment"" pdf=""Sphera"" | EPD Program / Operator: beam=""UL Environment"" pdf=""IBU"" | Internal/External Validation: beam=""External"" pdf=∅ | EPD Verifying Agent: beam=""UL Environment"" pdf=∅ | EPD Standards: beam=""ISO 14025: 2006"" pdf=""ISO 14025, ISO 21930:2017, EN 15804, ISO"" | EPD LCI Database: beam=""GaBi 2020.2"" pdf=∅"
bomxc2,4789793365.101.1,—,—,—,—,—,—,MISMATCH,—,MISMATCH,MISMATCH,MISMATCH,MISMATCH,—,—,MISMATCH,—,MISMATCH,MISMATCH,—,—,—,—,—,—,—,—,—,—,—,—,—,—,MATCH,MATCH,MISMATCH,MISMATCH,—,—,—,—,—,—,—,—,—,—,—,—,—,—,MATCH,MATCH,MISMATCH,MISMATCH,MISMATCH,MISMATCH,MISMATCH,MISMATCH,—,—,MATCH,MISMATCH,—,—,22.7%,"EPD Expiry: beam=""2026-01-01"" pdf=∅ | Material: beam=""Rebar"" pdf=∅ | Manufacturer: beam=""Nucor Corporation"" pdf=""Nucor Steel Auburn"" | Product Brand Name: beam=""US sizes"" pdf=∅ | Specifications: beam=""#4"" pdf=∅ | Markets of Applicability: beam=""US & CA"" pdf=""CAN, USA"" | Stated EPD kgCO2e / unit: beam=""0.863"" pdf=""803"" | GWP units kgCO2e per: beam=""kg"" pdf=""OR DECLARED UNIT"" | Addn'l factors: beam=""0.996"" pdf=∅ | Addn'l factor units: beam=""kg/m"" pdf=∅ | EPD Owner: beam=""Nucor Corporation, North Carolina"" pdf=∅ | EPD/LCA Prepared by: beam=""UL Environment"" pdf=""Sphera"" | EPD Program / Operator: beam=""UL Environment"" pdf=""IBU"" | Internal/External Validation: beam=""External"" pdf=∅ | EPD Verifying Agent: beam=""UL Environment"" pdf=∅ | EPD Standards: beam=""ISO 14025: 2006"" pdf=""ISO 14025, ISO 21930:2017, EN 15804, ISO"" | EPD LCI Database: beam=""GaBi 2020.2"" pdf=∅"
fdk49v,4789793365.101.1,—,—,—,—,—,—,MISMATCH,—,MISMATCH,MISMATCH,MISMATCH,MISMATCH,—,—,MISMATCH,—,MISMATCH,MISMATCH,—,—,—,—,—,—,—,—,—,—,—,—,—,—,MATCH,MATCH,MISMATCH,MISMATCH,—,—,—,—,—,—,—,—,—,—,—,—,—,—,MATCH,MATCH,MISMATCH,MISMATCH,MISMATCH,MISMATCH,MISMATCH,MISMATCH,—,—,MATCH,MISMATCH,—,—,22.7%,"EPD Expiry: beam=""2026-01-01"" pdf=∅ | Material: beam=""Rebar"" pdf=∅ | Manufacturer: beam=""Nucor Corporation"" pdf=""Nucor Steel Auburn"" | Product Brand Name: beam=""US sizes"" pdf=∅ | Specifications: beam=""#3"" pdf=∅ | Markets of Applicability: beam=""US & CA"" pdf=""CAN, USA"" | Stated EPD kgCO2e / unit: beam=""0.863"" pdf=""803"" | GWP units kgCO2e per: beam=""kg"" pdf=""OR DECLARED UNIT"" | Addn'l factors: beam=""0.561"" pdf=∅ | Addn'l factor units: beam=""kg/m"" pdf=∅ | EPD Owner: beam=""Nucor Corporation, North Carolina"" pdf=∅ | EPD/LCA Prepared by: beam=""UL Environment"" pdf=""Sphera"" | EPD Program / Operator: beam=""UL Environment"" pdf=""IBU"" | Internal/External Validation: beam=""External"" pdf=∅ | EPD Verifying Agent: beam=""UL Environment"" pdf=∅ | EPD Standards: beam=""ISO 14025: 2006"" pdf=""ISO 14025, ISO 21930:2017, EN 15804, ISO"" | EPD LCI Database: beam=""GaBi 2020.2"" pdf=∅"
g42xas,4789793365.101.1,—,—,—,—,—,—,MISMATCH,—,MISMATCH,MISMATCH,MISMATCH,MISMATCH,—,—,MISMATCH,—,MISMATCH,MISMATCH,—,—,—,—,—,—,—,—,—,—,—,—,—,—,MATCH,MATCH,MISMATCH,MISMATCH,—,—,—,—,—,—,—,—,—,—,—,—,—,—,MATCH,MATCH,MISMATCH,MISMATCH,MISMATCH,MISMATCH,MISMATCH,MISMATCH,—,—,MATCH,MISMATCH,—,—,22.7%,"EPD Expiry: beam=""2026-01-01"" pdf=∅ | Material: beam=""Rebar"" pdf=∅ | Manufacturer: beam=""Nucor Corporation"" pdf=""Nucor Steel Auburn"" | Product Brand Name: beam=""US sizes"" pdf=∅ | Specifications: beam=""#7"" pdf=∅ | Markets of Applicability: beam=""US & CA"" pdf=""CAN, USA"" | Stated EPD kgCO2e / unit: beam=""0.863"" pdf=""803"" | GWP units kgCO2e per: beam=""kg"" pdf=""OR DECLARED UNIT"" | Addn'l factors: beam=""3.049"" pdf=∅ | Addn'l factor units: beam=""kg/m"" pdf=∅ | EPD Owner: beam=""Nucor Corporation, North Carolina"" pdf=∅ | EPD/LCA Prepared by: beam=""UL Environment"" pdf=""Sphera"" | EPD Program / Operator: beam=""UL Environment"" pdf=""IBU"" | Internal/External Validation: beam=""External"" pdf=∅ | EPD Verifying Agent: beam=""UL Environment"" pdf=∅ | EPD Standards: beam=""ISO 14025: 2006"" pdf=""ISO 14025, ISO 21930:2017, EN 15804, ISO"" | EPD LCI Database: beam=""GaBi 2020.2"" pdf=∅"
l2jfis,4789793365.101.1,—,—,—,—,—,—,MISMATCH,—,MISMATCH,MISMATCH,MISMATCH,MISMATCH,—,—,MISMATCH,—,MISMATCH,MISMATCH,—,—,—,—,—,—,—,—,—,—,—,—,—,—,MATCH,MATCH,MISMATCH,MISMATCH,—,—,—,—,—,—,—,—,—,—,—,—,—,—,MATCH,MATCH,MISMATCH,MISMATCH,MISMATCH,MISMATCH,MISMATCH,MISMATCH,—,—,MATCH,MISMATCH,—,—,22.7%,"EPD Expiry: beam=""2026-01-01"" pdf=∅ | Material: beam=""Rebar"" pdf=∅ | Manufacturer: beam=""Nucor Corporation"" pdf=""Nucor Steel Auburn"" | Product Brand Name: beam=""Canadian sizes"" pdf=∅ | Specifications: beam=""10M"" pdf=∅ | Markets of Applicability: beam=""US & CA"" pdf=""CAN, USA"" | Stated EPD kgCO2e / unit: beam=""0.863"" pdf=""803"" | GWP units kgCO2e per: beam=""kg"" pdf=""OR DECLARED UNIT"" | Addn'l factors: beam=""0.785"" pdf=∅ | Addn'l factor units: beam=""kg/m"" pdf=∅ | EPD Owner: beam=""Nucor Corporation, North Carolina"" pdf=∅ | EPD/LCA Prepared by: beam=""UL Environment"" pdf=""Sphera"" | EPD Program / Operator: beam=""UL Environment"" pdf=""IBU"" | Internal/External Validation: beam=""External"" pdf=∅ | EPD Verifying Agent: beam=""UL Environment"" pdf=∅ | EPD Standards: beam=""ISO 14025: 2006"" pdf=""ISO 14025, ISO 21930:2017, EN 15804, ISO"" | EPD LCI Database: beam=""GaBi 2020.2"" pdf=∅"
sdf38s,4789793365.101.1,—,—,—,—,—,—,MISMATCH,—,MISMATCH,MISMATCH,MISMATCH,MISMATCH,—,—,MISMATCH,—,MISMATCH,MISMATCH,—,—,—,—,—,—,—,—,—,—,—,—,—,—,MATCH,MATCH,MISMATCH,MISMATCH,—,—,—,—,—,—,—,—,—,—,—,—,—,—,MATCH,MATCH,MISMATCH,MISMATCH,MISMATCH,MISMATCH,MISMATCH,MISMATCH,—,—,MATCH,MISMATCH,—,—,22.7%,"EPD Expiry: beam=""2026-01-01"" pdf=∅ | Material: beam=""Rebar"" pdf=∅ | Manufacturer: beam=""Nucor Corporation"" pdf=""Nucor Steel Auburn"" | Product Brand Name: beam=""Canadian sizes"" pdf=∅ | Specifications: beam=""20M"" pdf=∅ | Markets of Applicability: beam=""US & CA"" pdf=""CAN, USA"" | Stated EPD kgCO2e / unit: beam=""0.863"" pdf=""803"" | GWP units kgCO2e per: beam=""kg"" pdf=""OR DECLARED UNIT"" | Addn'l factors: beam=""2.355"" pdf=∅ | Addn'l factor units: beam=""kg/m"" pdf=∅ | EPD Owner: beam=""Nucor Corporation, North Carolina"" pdf=∅ | EPD/LCA Prepared by: beam=""UL Environment"" pdf=""Sphera"" | EPD Program / Operator: beam=""UL Environment"" pdf=""IBU"" | Internal/External Validation: beam=""External"" pdf=∅ | EPD Verifying Agent: beam=""UL Environment"" pdf=∅ | EPD Standards: beam=""ISO 14025: 2006"" pdf=""ISO 14025, ISO 21930:2017, EN 15804, ISO"" | EPD LCI Database: beam=""GaBi 2020.2"" pdf=∅"
CAR001,4789796942.139.1,—,—,—,—,—,—,MISMATCH,—,MISMATCH,MISMATCH,MISMATCH,—,—,MATCH,MISMATCH,—,MISMATCH,MATCH,—,—,—,—,—,—,—,—,—,—,—,—,—,—,MISMATCH,MISMATCH,—,—,—,—,—,—,—,—,—,—,—,—,—,—,—,—,MATCH,MATCH,MISMATCH,MISMATCH,MATCH,MISMATCH,MISMATCH,—,MISMATCH,MISMATCH,MISMATCH,MISMATCH,MISMATCH,—,22.7%,"EPD Expiry: beam=""2026"" pdf=∅ | Material: beam=""Carpet"" pdf=∅ | Manufacturer: beam=""Shaw Flooring"" pdf=""the United States. Primary data"" | Product Brand Name: beam=""Residential Broadloom"" pdf=∅ | Markets of Applicability: beam=""US & CA"" pdf=""CAN, USA"" | Stated EPD kgCO2e / unit: beam=""30.5"" pdf=""30.6"" | Density: beam=""3.16"" pdf=∅ | Density Units: beam=""kg/m2"" pdf=∅ | EPD Owner: beam=""Shaw Flooring"" pdf=""UL Environment"" | EPD/LCA Prepared by: beam=""UL Environment"" pdf=""Sphera"" | Internal/External Validation: beam=""External"" pdf=∅ | EPD Verifying Agent: beam=""Thomas Gloria, Industrial Ecology Consul"" pdf=∅ | EPD PCR Guidelines: beam=""UL PCR Part B: Flooring EPD Requirements"" pdf=""Flooring EPD Requirements, v2.0 (Septemb"" | LCA Method: beam=""TRAC! 2.2"" pdf=""& VERSION NUMBER TRACI 2.1"" | EPD LCA Software: beam=""GaBi 9.3"" pdf=""& VERSION NUMBER GaBi 9.2"" | EPD LCI Database: beam=""GaBi Sphera Service Pack 41"" pdf=∅ | Product Service Life (Years): beam=""5"" pdf=""10"""
CAR002,4789796942.140.1.1,—,—,—,—,—,—,MISMATCH,—,MISMATCH,MISMATCH,MISMATCH,—,—,MATCH,MISMATCH,—,MISMATCH,MATCH,—,—,—,—,—,—,—,—,—,—,—,—,—,—,MISMATCH,MISMATCH,—,—,—,—,—,—,—,—,—,—,—,—,—,—,—,—,MISMATCH,MATCH,MISMATCH,MISMATCH,MATCH,MISMATCH,MISMATCH,—,MISMATCH,MISMATCH,MISMATCH,MISMATCH,MISMATCH,—,18.2%,"EPD Expiry: beam=""2026"" pdf=∅ | Material: beam=""Carpet"" pdf=∅ | Manufacturer: beam=""Shaw Flooring"" pdf=""the United States. Primary data"" | Product Brand Name: beam=""Residential Broadloom with ClearTouch Pl"" pdf=∅ | Markets of Applicability: beam=""US & CA"" pdf=""CAN, USA"" | Stated EPD kgCO2e / unit: beam=""7.2"" pdf=""7.22"" | Density: beam=""2.38"" pdf=∅ | Density Units: beam=""kg/m2"" pdf=∅ | EPD ID: beam=""4789796942.140.1.1"" pdf=""4789796942.140.1"" | EPD Owner: beam=""Shaw Flooring"" pdf=""UL Environment"" | EPD/LCA Prepared by: beam=""UL Environment"" pdf=""Sphera"" | Internal/External Validation: beam=""External"" pdf=∅ | EPD Verifying Agent: beam=""Thomas Gloria, Industrial Ecology Consul"" pdf=∅ | EPD PCR Guidelines: beam=""UL PCR Part B: Flooring EPD Requirements"" pdf=""Flooring EPD Requirements, v2.0 (Septemb"" | LCA Method: beam=""TRAC! 2.3"" pdf=""& VERSION NUMBER TRACI 2.1"" | EPD LCA Software: beam=""GaBi 9.4"" pdf=""& VERSION NUMBER GaBi 9.2"" | EPD LCI Database: beam=""GaBi Sphera Service Pack 42"" pdf=∅ | Product Service Life (Years): beam=""5"" pdf=""10"""
CAR003,4789796942.141.1,—,—,—,—,—,—,MISMATCH,—,MISMATCH,MISMATCH,MISMATCH,MISMATCH,—,MATCH,MISMATCH,—,MISMATCH,MATCH,—,—,—,—,—,—,—,—,—,—,—,—,—,—,MISMATCH,MISMATCH,—,—,—,—,—,—,—,—,—,—,—,MISMATCH,—,—,—,—,MATCH,MATCH,MISMATCH,MISMATCH,MATCH,MISMATCH,MISMATCH,—,MISMATCH,MISMATCH,MATCH,MISMATCH,MATCH,—,29.2%,"EPD Expiry: beam=""2026"" pdf=∅ | Material: beam=""Carpet"" pdf=∅ | Manufacturer: beam=""Shaw Flooring"" pdf=""the United States. Primary data"" | Product Brand Name: beam=""Strataworx"" pdf=∅ | Specifications: beam=""Carpet tile"" pdf=∅ | Markets of Applicability: beam=""US & CA"" pdf=""CAN, USA"" | Stated EPD kgCO2e / unit: beam=""18.1"" pdf=""18.2"" | Density: beam=""2.71"" pdf=∅ | Density Units: beam=""kg/m2"" pdf=∅ | Material Type: beam=""Nylon"" pdf=""Hardwood"" | EPD Owner: beam=""Shaw Flooring"" pdf=""UL Environment"" | EPD/LCA Prepared by: beam=""UL Environment"" pdf=""Sphera"" | Internal/External Validation: beam=""External"" pdf=∅ | EPD Verifying Agent: beam=""Thomas Gloria, Industrial Ecology Consul"" pdf=∅ | EPD PCR Guidelines: beam=""UL PCR Part B: Flooring EPD Requirements"" pdf=""Flooring EPD Requirements, v2.0 (Septemb"" | LCA Method: beam=""TRAC! 2.1"" pdf=""& VERSION NUMBER TRACI 2.1"" | EPD LCI Database: beam=""GaBi Sphera Service Pack 40"" pdf=∅"
CAR004,4789796942.141.1,—,—,—,—,—,—,MISMATCH,—,MISMATCH,MISMATCH,MISMATCH,MISMATCH,—,MATCH,MISMATCH,—,MISMATCH,MATCH,—,—,—,—,—,—,—,—,—,—,—,—,—,—,MISMATCH,MISMATCH,—,—,—,—,—,—,—,—,—,—,—,MISMATCH,—,—,—,—,MATCH,MATCH,MISMATCH,MATCH,MATCH,MISMATCH,MISMATCH,—,MATCH,MATCH,MATCH,MISMATCH,MISMATCH,—,37.5%,"EPD Expiry: beam=""2026-04-01"" pdf=∅ | Material: beam=""Carpet"" pdf=∅ | Manufacturer: beam=""Shaw"" pdf=""the United States. Primary data"" | Product Brand Name: beam=""StrataWorx Carpet tile witn Nylon-6 Face"" pdf=∅ | Specifications: beam=""5.7 mm"" pdf=∅ | Markets of Applicability: beam=""US & CA"" pdf=""CAN, USA"" | Stated EPD kgCO2e / unit: beam=""18.1"" pdf=""18.2"" | Density: beam=""2.71"" pdf=∅ | Density Units: beam=""kg/m2"" pdf=∅ | Material Type: beam=""Nylon-6"" pdf=""Hardwood"" | EPD Owner: beam=""Shaw"" pdf=""UL Environment"" | Internal/External Validation: beam=""External"" pdf=∅ | EPD Verifying Agent: beam=""Thomas P. Gloria, Ph.D., Industrial Ecol"" pdf=∅ | EPD LCI Database: beam=""Gabi Sphera Database, Service Pack 41"" pdf=∅ | Product Service Life (Years): beam=""15"" pdf=""5"""
RRR110,4789862118.111.1,—,—,—,—,—,—,MISMATCH,—,MISMATCH,MISMATCH,MISMATCH,—,—,MISMATCH,MISMATCH,—,MATCH,MISMATCH,—,—,—,—,—,—,—,—,—,—,—,—,—,—,MISMATCH,MISMATCH,—,—,—,—,—,—,—,—,—,—,—,MISMATCH,—,—,—,—,MATCH,MATCH,MISMATCH,MISMATCH,MISMATCH,MISMATCH,MISMATCH,MISMATCH,MISMATCH,MATCH,MATCH,MISMATCH,—,—,21.7%,"EPD Expiry: beam=""2028"" pdf=∅ | Material: beam=""Asphalt Shingles"" pdf=∅ | Manufacturer: beam=""Includes: Atlas, CertainTeed, GAF, IKO, "" pdf=""mixing appropriate proportions of polyme"" | Product Brand Name: beam=""Fiberglass Asphalt Shingles"" pdf=∅ | Countries of Manufacture: beam=""US & CA"" pdf=∅ | Markets of Applicability: beam=""US & CA"" pdf=""CAN, USA"" | GWP units kgCO2e per: beam=""m²"" pdf=""OR DECLARED UNIT"" | Density: beam=""12.39"" pdf=""23"" | Density Units: beam=""kg/m2"" pdf=""kg/m3"" | Material Type: beam=""Asphalt Shingle"" pdf=""Fiberglass"" | EPD Owner: beam=""Asphalt Roofing Manufacturers Associatio"" pdf=∅ | EPD/LCA Prepared by: beam=""UL Environment"" pdf=""Sphera"" | EPD Program / Operator: beam=""UL Environment"" pdf=""CSA Group"" | Internal/External Validation: beam=""External"" pdf=∅ | EPD Verifying Agent: beam=""Industrial Ecology Consultants"" pdf=∅ | EPD Standards: beam=""ISO 14044"" pdf=""ISO 14025, ISO21930:2017, ISO 14040"" | EPD PCR Guidelines: beam=""Asphalt shingles, ULE 2021"" pdf=""Asphalt Shingles, Built-up Asphalt Membr"" | EPD LCI Database: beam=""Managed LCA Content, 2022.2"" pdf=""GaBi Professional"""
1a16ad,4789868895.101.1,—,—,—,—,—,—,MISMATCH,—,MISMATCH,MISMATCH,MISMATCH,MISMATCH,—,—,MISMATCH,—,MISMATCH,MISMATCH,—,—,—,—,—,—,—,—,—,—,—,—,—,—,—,—,—,—,MISMATCH,MISMATCH,—,—,—,—,—,—,—,MATCH,—,—,—,—,MATCH,MATCH,—,MISMATCH,—,—,—,—,—,—,—,—,—,—,21.4%,"EPD Expiry: beam=""2026-07-01"" pdf=∅ | Material: beam=""XPS foam board"" pdf=∅ | Manufacturer: beam=""DuPont"" pdf=""TM the facilities located in"" | Product Brand Name: beam=""Styrofoam ST-100"" pdf=∅ | Specifications: beam=""R 5.0/inch"" pdf=∅ | Markets of Applicability: beam=""US & CA"" pdf=""CAN, USA"" | Stated EPD kgCO2e / unit: beam=""4.67"" pdf=""3.51"" | GWP units kgCO2e per: beam=""m2•RSI"" pdf=""OR DECLARED UNIT"" | R-value / inch: beam=""5"" pdf=∅ | k, Thermal Conductivity: beam=""0.02884424"" pdf=∅ | EPD/LCA Prepared by: beam=""UL Environment"" pdf=""WAP Sustainability Consulting"""
9ee6d0,4789883337.101.1,—,—,—,—,—,—,MISMATCH,—,MISMATCH,MATCH,MISMATCH,MISMATCH,—,—,MISMATCH,—,MATCH,MISMATCH,—,—,—,—,—,—,—,—,—,—,—,—,—,—,—,—,—,—,—,—,—,—,—,—,—,—,—,—,—,—,—,—,MATCH,MATCH,MISMATCH,MISMATCH,—,—,—,—,—,—,—,—,MISMATCH,—,30.8%,"EPD Expiry: beam=""2028-01-01"" pdf=∅ | Material: beam=""Cement mortar, tile"" pdf=∅ | Product Brand Name: beam=""Includes Mfrs: Ardex, Bostik, Cemenquin/"" pdf=∅ | Specifications: beam=""Amount of mortar required to install 1 m"" pdf=∅ | Markets of Applicability: beam=""US & CA"" pdf=""CAN, USA"" | GWP units kgCO2e per: beam=""m² of tile"" pdf=""Part A: Life Cycle Assessment Calculatio"" | EPD Owner: beam=""Tile Council of North America"" pdf=∅ | EPD/LCA Prepared by: beam=""UL Environment"" pdf=∅ | Product Service Life (Years): beam=""75"" pdf=∅"
INS009,4789973160.110.1,—,—,—,—,—,—,MISMATCH,—,MISMATCH,MATCH,MISMATCH,MISMATCH,—,MISMATCH,MISMATCH,—,MATCH,MISMATCH,—,—,—,—,—,—,—,—,—,—,—,—,—,—,MISMATCH,MISMATCH,—,—,—,—,—,—,—,—,—,—,—,MATCH,—,—,—,—,MATCH,MATCH,MISMATCH,MATCH,MATCH,MISMATCH,MISMATCH,—,MATCH,MATCH,MATCH,MISMATCH,MATCH,—,45.8%,"EPD Expiry: beam=""2028-10-01"" pdf=∅ | Material: beam=""Fiberglass loose fill"" pdf=∅ | Product Brand Name: beam=""Climate Pro, Attic Protector, JM Spider "" pdf=∅ | Specifications: beam=""R 2.8/inch, Formaldehyde-free"" pdf=∅ | Countries of Manufacture: beam=""US & CA"" pdf=""USA"" | Markets of Applicability: beam=""US & CA"" pdf=""CAN, USA"" | GWP units kgCO2e per: beam=""m2•RSI"" pdf=""OR DECLARED UNIT"" | Density: beam=""0.46"" pdf=""23"" | Density Units: beam=""kg/m2"" pdf=""kg/m3"" | EPD Owner: beam=""Johns Manville"" pdf=∅ | Internal/External Validation: beam=""External"" pdf=∅ | EPD Verifying Agent: beam=""Cooper McCollum"" pdf=∅ | EPD LCI Database: beam=""GaBi 2021.2 (CUP 2021.2)"" pdf=∅"
SSS004,4789985166.101.1,—,—,—,—,—,—,MISMATCH,—,MISMATCH,MISMATCH,MISMATCH,MISMATCH,—,MISMATCH,MISMATCH,—,MISMATCH,MISMATCH,—,—,—,—,—,—,—,—,—,—,—,—,—,—,MATCH,MATCH,MISMATCH,MISMATCH,—,—,—,—,—,—,—,—,—,MATCH,—,—,—,—,MATCH,MATCH,MISMATCH,MATCH,MISMATCH,MISMATCH,MISMATCH,MATCH,MISMATCH,MATCH,MATCH,MISMATCH,MISMATCH,—,33.3%,"EPD Expiry: beam=""2027"" pdf=∅ | Material: beam=""Steel joist, open web"" pdf=∅ | Manufacturer: beam=""Steel Joist Institute"" pdf=""all SJI member companies who"" | Product Brand Name: beam=""Includes: Canam Steel, New Millenium Bui"" pdf=∅ | Specifications: beam=""12"" 12K3 joist"" pdf=∅ | Countries of Manufacture: beam=""US"" pdf=∅ | Markets of Applicability: beam=""US & CA"" pdf=""CAN, USA"" | Stated EPD kgCO2e / unit: beam=""1.43"" pdf=""1430"" | GWP units kgCO2e per: beam=""kg"" pdf=""1 metric ton"" | Addn'l factors: beam=""8.480979592"" pdf=∅ | Addn'l factor units: beam=""kg/m"" pdf=∅ | EPD Owner: beam=""Steel Joist Institute"" pdf=∅ | EPD Program / Operator: beam=""UL Environment"" pdf=""IBU"" | Internal/External Validation: beam=""External"" pdf=∅ | EPD Verifying Agent: beam=""Industrial Ecology Consultants"" pdf=∅ | EPD PCR Guidelines: beam=""Designated Steel Construction Product, U"" pdf=""Designated Steel Construction Product EP"" | EPD LCI Database: beam=""GaBi 2021"" pdf=∅ | Product Service Life (Years): beam=""75"" pdf=∅"
LVT012,4789992969.101.1,—,—,—,—,—,—,MISMATCH,—,MISMATCH,MISMATCH,MISMATCH,MISMATCH,—,MISMATCH,MISMATCH,—,MISMATCH,MISMATCH,—,—,—,—,—,—,—,—,—,—,—,—,—,—,MISMATCH,MISMATCH,—,—,—,—,—,—,—,—,—,—,—,MATCH,—,—,—,—,MATCH,MATCH,MATCH,MISMATCH,MATCH,MISMATCH,MISMATCH,MISMATCH,MISMATCH,MISMATCH,MATCH,MISMATCH,MISMATCH,—,24.0%,"EPD Expiry: beam=""2027"" pdf=∅ | Material: beam=""Luxury Vinyl Tile"" pdf=∅ | Manufacturer: beam=""Jiangsu Fuhua"" pdf=""Co., Ltd"" | Product Brand Name: beam=""FloraFloor"" pdf=∅ | Specifications: beam=""4.0 mm"" pdf=∅ | Countries of Manufacture: beam=""China"" pdf=∅ | Markets of Applicability: beam=""US & CA"" pdf=""Applies to all markets covered in Part A"" | Stated EPD kgCO2e / unit: beam=""5.63"" pdf=∅ | GWP units kgCO2e per: beam=""m²"" pdf=""OR DECLARED UNIT"" | Density: beam=""7094.7"" pdf=""1700"" | Density Units: beam=""g/m2"" pdf=""kg/m3"" | EPD/LCA Prepared by: beam=""UL"" pdf=∅ | Internal/External Validation: beam=""External"" pdf=∅ | EPD Verifying Agent: beam=""Tom Gloria, PhD, Industrial Ecology Cons"" pdf=∅ | EPD Standards: beam=""EN 15804 & ISO 21930:2017"" pdf=""ISO 14025, ISO 21930:2017, EN 15804, ISO"" | EPD PCR Guidelines: beam=""Part B: Flooring EPD Requirements, UL 10"" pdf=""Flooring EPD Requirements, UL 10010-7, V"" | LCA Method: beam=""TRACI 2.0"" pdf=""& VERSION NUMBER CML-IA v4.2 and TRACI v"" | EPD LCI Database: beam=""Ecoinvent 3"" pdf=""to the greatest extent possible. In the "" | Product Service Life (Years): beam=""15"" pdf=""10"""
SSS001,4789995390.101.1,—,—,—,—,—,—,MISMATCH,—,MISMATCH,MISMATCH,MISMATCH,MISMATCH,—,—,MATCH,—,MISMATCH,MISMATCH,—,—,—,—,—,—,—,—,—,—,—,—,—,—,MISMATCH,MATCH,MISMATCH,MISMATCH,—,—,—,—,—,—,—,—,—,MISMATCH,—,—,—,—,MATCH,MATCH,MISMATCH,MISMATCH,MATCH,MISMATCH,MISMATCH,—,MISMATCH,MATCH,MISMATCH,MISMATCH,—,—,25.0%,"EPD Expiry: beam=""2026-07-01"" pdf=∅ | Material: beam=""Steel studs - Load bearing"" pdf=∅ | Manufacturer: beam=""MarinoWARE"" pdf=∅ | Product Brand Name: beam=""Structural stud and track"" pdf=∅ | Specifications: beam=""600-S-137-54, 16 gauge, ""2x6"""" pdf=∅ | Stated EPD kgCO2e / unit: beam=""2.48"" pdf=""2480"" | GWP units kgCO2e per: beam=""kg"" pdf=""OR DECLARED UNIT"" | Density: beam=""7800"" pdf=""900"" | Addn'l factors: beam=""2.604"" pdf=∅ | Addn'l factor units: beam=""kg/m"" pdf=∅ | Material Type: beam=""Steel"" pdf=""Gypsum"" | EPD Owner: beam=""MarinoWare"" pdf=∅ | EPD/LCA Prepared by: beam=""UL"" pdf=""Sphera"" | Internal/External Validation: beam=""External"" pdf=∅ | EPD Verifying Agent: beam=""Thomas P. Gloria, Ph.D., Industrial Ecol"" pdf=∅ | EPD PCR Guidelines: beam=""UL Part B: Designated Steel Construction"" pdf=""Steel Construction Product EPD Requireme"" | EPD LCA Software: beam=""GaBi 10"" pdf=""& VERSION NUMBER GaBi v10"" | EPD LCI Database: beam=""GaBi 2021.1"" pdf=∅"
SSS003,4789995390.101.1,—,—,—,—,—,—,MISMATCH,—,MISMATCH,MISMATCH,MISMATCH,MISMATCH,—,—,MATCH,—,MISMATCH,MISMATCH,—,—,—,—,—,—,—,—,—,—,—,—,—,—,MISMATCH,MATCH,MISMATCH,MISMATCH,—,—,—,—,—,—,—,—,—,MISMATCH,—,—,—,—,MATCH,MATCH,MISMATCH,MISMATCH,MATCH,MISMATCH,MISMATCH,—,MISMATCH,MATCH,MISMATCH,MISMATCH,—,—,25.0%,"EPD Expiry: beam=""2026-07-01"" pdf=∅ | Material: beam=""Steel studs - Non-loadbearing"" pdf=∅ | Manufacturer: beam=""MarinoWARE"" pdf=∅ | Product Brand Name: beam=""Viper Stud Viper 20"" pdf=∅ | Specifications: beam=""362-S-125-18, 20EQ gauge, ""2x4"""" pdf=∅ | Stated EPD kgCO2e / unit: beam=""2.48"" pdf=""2480"" | GWP units kgCO2e per: beam=""kg"" pdf=""OR DECLARED UNIT"" | Density: beam=""7850"" pdf=""900"" | Addn'l factors: beam=""0.6293817"" pdf=∅ | Addn'l factor units: beam=""kg/m"" pdf=∅ | Material Type: beam=""Steel"" pdf=""Gypsum"" | EPD Owner: beam=""MarinoWare"" pdf=∅ | EPD/LCA Prepared by: beam=""UL"" pdf=""Sphera"" | Internal/External Validation: beam=""External"" pdf=∅ | EPD Verifying Agent: beam=""Thomas P. Gloria, Ph.D., Industrial Ecol"" pdf=∅ | EPD PCR Guidelines: beam=""UL Part B: Designated Steel Construction"" pdf=""Steel Construction Product EPD Requireme"" | EPD LCA Software: beam=""GaBi 10"" pdf=""& VERSION NUMBER GaBi v10"" | EPD LCI Database: beam=""GaBi 2021.1"" pdf=∅"
RRR116,4790050198.101.1,—,—,—,—,—,—,MISMATCH,—,MISMATCH,MISMATCH,MISMATCH,—,—,MISMATCH,MISMATCH,—,MISMATCH,MISMATCH,—,—,—,—,—,—,—,—,—,—,—,—,—,—,—,—,—,—,—,—,—,—,—,—,—,—,—,MISMATCH,—,—,—,—,MATCH,MATCH,MISMATCH,MATCH,MATCH,MISMATCH,MISMATCH,MISMATCH,MISMATCH,MATCH,—,MISMATCH,MATCH,—,28.6%,"EPD Expiry: beam=""2026-12-23"" pdf=∅ | Material: beam=""Asphalt Shingles"" pdf=∅ | Manufacturer: beam=""Malarkey Roofing"" pdf=∅ | Product Brand Name: beam=""Legacy"" pdf=∅ | Countries of Manufacture: beam=""US"" pdf=∅ | Markets of Applicability: beam=""US & CA"" pdf=""CAN, USA"" | Stated EPD kgCO2e / unit: beam=""343.0"" pdf=""343"" | GWP units kgCO2e per: beam=""100m2"" pdf=""OR DECLARED UNIT"" | Material Type: beam=""Asphalt Shingles"" pdf=""Fiberglass"" | EPD Owner: beam=""Malarkey Roofing Products"" pdf=∅ | Internal/External Validation: beam=""External"" pdf=∅ | EPD Verifying Agent: beam=""James Mellentine, Thrive ESG,"" pdf=∅ | EPD Standards: beam=""ISO 14025,
EN 15804 and ISO 21930:2017"" pdf=""ISO 14025, ISO 21930:2017, EN 15804, ISO"" | EPD PCR Guidelines: beam=""Part B: Asphalt Shingles, Built-up Aspha"" pdf=""REFERENCE PCR AND VERSION NUMBER Asphalt"" | EPD LCI Database: beam=""GaBi database Schema 8007 Content versio"" pdf=""ecoinvent"""
RRR117,4790050198.102.1,—,—,—,—,—,—,MISMATCH,—,MISMATCH,MISMATCH,MISMATCH,—,—,MISMATCH,MISMATCH,—,MISMATCH,MISMATCH,—,—,—,—,—,—,—,—,—,—,—,—,—,—,—,—,—,—,—,—,—,—,—,—,—,—,—,MISMATCH,—,—,—,—,MATCH,MATCH,MISMATCH,MATCH,MATCH,MISMATCH,MISMATCH,MISMATCH,MISMATCH,MATCH,—,MISMATCH,MATCH,—,28.6%,"EPD Expiry: beam=""2026-12-23"" pdf=∅ | Material: beam=""Asphalt Shingles"" pdf=∅ | Manufacturer: beam=""Malarkey Roofing"" pdf=∅ | Product Brand Name: beam=""Vista"" pdf=∅ | Countries of Manufacture: beam=""US"" pdf=∅ | Markets of Applicability: beam=""US & CA"" pdf=""CAN, USA"" | Stated EPD kgCO2e / unit: beam=""299.0"" pdf=""299"" | GWP units kgCO2e per: beam=""100m2"" pdf=""OR DECLARED UNIT"" | Material Type: beam=""Asphalt Shingles"" pdf=""Fiberglass"" | EPD Owner: beam=""Malarkey Roofing Products"" pdf=∅ | Internal/External Validation: beam=""External"" pdf=∅ | EPD Verifying Agent: beam=""James Mellentine, Thrive ESG,"" pdf=∅ | EPD Standards: beam=""ISO 14025,
EN 15804 and ISO 21930:2017"" pdf=""ISO 14025, ISO 21930:2017, EN 15804, ISO"" | EPD PCR Guidelines: beam=""Part B: Asphalt Shingles, Built-up Aspha"" pdf=""REFERENCE PCR AND VERSION NUMBER Asphalt"" | EPD LCI Database: beam=""GaBi database Schema 8007 Content versio"" pdf=""ecoinvent"""
RRR118,4790050198.103.1,—,—,—,—,—,—,MISMATCH,—,MISMATCH,MISMATCH,MISMATCH,—,—,MISMATCH,MISMATCH,—,MISMATCH,MISMATCH,—,—,—,—,—,—,—,—,—,—,—,—,—,—,—,—,—,—,—,—,—,—,—,—,—,—,—,MISMATCH,—,—,—,—,MATCH,MATCH,MISMATCH,MATCH,MATCH,MISMATCH,MISMATCH,MISMATCH,MISMATCH,MATCH,—,MISMATCH,MATCH,—,28.6%,"EPD Expiry: beam=""2026-12-23"" pdf=∅ | Material: beam=""Asphalt Shingles"" pdf=∅ | Manufacturer: beam=""Malarkey Roofing"" pdf=∅ | Product Brand Name: beam=""Windsor"" pdf=∅ | Countries of Manufacture: beam=""US"" pdf=∅ | Markets of Applicability: beam=""US & CA"" pdf=""CAN, USA"" | Stated EPD kgCO2e / unit: beam=""453.0"" pdf=""453"" | GWP units kgCO2e per: beam=""100m2"" pdf=""OR DECLARED UNIT"" | Material Type: beam=""Asphalt Shingles"" pdf=""Fiberglass"" | EPD Owner: beam=""Malarkey Roofing Products"" pdf=∅ | Internal/External Validation: beam=""External"" pdf=∅ | EPD Verifying Agent: beam=""James Mellentine, Thrive ESG,"" pdf=∅ | EPD Standards: beam=""ISO 14025,
EN 15804 and ISO 21930:2017"" pdf=""ISO 14025, ISO 21930:2017, EN 15804, ISO"" | EPD PCR Guidelines: beam=""Part B: Asphalt Shingles, Built-up Aspha"" pdf=""REFERENCE PCR AND VERSION NUMBER Asphalt"" | EPD LCI Database: beam=""GaBi database Schema 8007 Content versio"" pdf=""ecoinvent"""
RRR115,4790050198.104.1,—,—,—,—,—,—,MISMATCH,—,MISMATCH,MISMATCH,MISMATCH,—,—,MISMATCH,MISMATCH,—,MISMATCH,MISMATCH,—,—,—,—,—,—,—,—,—,—,—,—,—,—,—,—,—,—,—,—,—,—,—,—,—,—,—,MISMATCH,—,—,—,—,MATCH,MATCH,MISMATCH,MATCH,MATCH,MISMATCH,MISMATCH,MISMATCH,MISMATCH,MATCH,—,MISMATCH,MATCH,—,28.6%,"EPD Expiry: beam=""2026-12-23"" pdf=∅ | Material: beam=""Asphalt Shingles"" pdf=∅ | Manufacturer: beam=""Malarkey Roofing"" pdf=∅ | Product Brand Name: beam=""Highlander NEX"" pdf=∅ | Countries of Manufacture: beam=""US"" pdf=∅ | Markets of Applicability: beam=""US & CA"" pdf=""CAN, USA"" | Stated EPD kgCO2e / unit: beam=""277.0"" pdf=""280"" | GWP units kgCO2e per: beam=""100m2"" pdf=""OR DECLARED UNIT"" | Material Type: beam=""Asphalt Shingles"" pdf=""Fiberglass"" | EPD Owner: beam=""Malarkey Roofing Products"" pdf=∅ | Internal/External Validation: beam=""External"" pdf=∅ | EPD Verifying Agent: beam=""James Mellentine, Thrive ESG,"" pdf=∅ | EPD Standards: beam=""ISO 14025,
EN 15804 and ISO 21930:2017"" pdf=""ISO 14025, ISO 21930:2017, EN 15804, ISO"" | EPD PCR Guidelines: beam=""Part B: Asphalt Shingles, Built-up Aspha"" pdf=""REFERENCE PCR AND VERSION NUMBER Asphalt"" | EPD LCI Database: beam=""Thinkstep database schema v8007 Content "" pdf=""ecoinvent"""
RRR112,4790050198.105.1,—,—,—,—,—,—,MISMATCH,—,MISMATCH,MISMATCH,MISMATCH,—,—,MISMATCH,MISMATCH,—,MISMATCH,MISMATCH,—,—,—,—,—,—,—,—,—,—,—,—,—,—,—,—,—,—,—,—,—,—,—,—,—,—,—,MISMATCH,—,—,—,—,MATCH,MATCH,MISMATCH,MATCH,MATCH,MISMATCH,MISMATCH,MISMATCH,MISMATCH,MATCH,—,MISMATCH,MATCH,—,28.6%,"EPD Expiry: beam=""2026-12-23"" pdf=∅ | Material: beam=""Asphalt Shingles"" pdf=∅ | Manufacturer: beam=""Malarkey Roofing"" pdf=∅ | Product Brand Name: beam=""Ecoasis NEX"" pdf=∅ | Countries of Manufacture: beam=""US"" pdf=∅ | Markets of Applicability: beam=""US & CA"" pdf=""CAN, USA"" | Stated EPD kgCO2e / unit: beam=""282.0"" pdf=""282"" | GWP units kgCO2e per: beam=""100m2"" pdf=""OR DECLARED UNIT"" | Material Type: beam=""Asphalt Shingles"" pdf=""Fiberglass"" | EPD Owner: beam=""Malarkey Roofing Products"" pdf=∅ | Internal/External Validation: beam=""External"" pdf=∅ | EPD Verifying Agent: beam=""James Mellentine, Thrive ESG,"" pdf=∅ | EPD Standards: beam=""ISO 14025,
EN 15804 and ISO 21930:2017"" pdf=""ISO 14025, ISO 21930:2017, EN 15804, ISO"" | EPD PCR Guidelines: beam=""Part B: Asphalt Shingles, Built-up Aspha"" pdf=""REFERENCE PCR AND VERSION NUMBER Asphalt"" | EPD LCI Database: beam=""Thinkstep database schema v8007 Content "" pdf=""ecoinvent"""
RRR113,4790050198.105.1,—,—,—,—,—,—,MISMATCH,—,MISMATCH,MISMATCH,MISMATCH,—,—,MISMATCH,MISMATCH,—,MISMATCH,MISMATCH,—,—,—,—,—,—,—,—,—,—,—,—,—,—,—,—,—,—,—,—,—,—,—,—,—,—,—,MISMATCH,—,—,—,—,MATCH,MATCH,MISMATCH,MATCH,MATCH,MISMATCH,MISMATCH,MISMATCH,MISMATCH,MATCH,—,MISMATCH,MATCH,—,28.6%,"EPD Expiry: beam=""2026-12-23"" pdf=∅ | Material: beam=""Asphalt Shingles"" pdf=∅ | Manufacturer: beam=""Malarkey Roofing"" pdf=∅ | Product Brand Name: beam=""Ecoasis Premium"" pdf=∅ | Countries of Manufacture: beam=""US"" pdf=∅ | Markets of Applicability: beam=""US & CA"" pdf=""CAN, USA"" | Stated EPD kgCO2e / unit: beam=""373.0"" pdf=""282"" | GWP units kgCO2e per: beam=""100m2"" pdf=""OR DECLARED UNIT"" | Material Type: beam=""Asphalt Shingles"" pdf=""Fiberglass"" | EPD Owner: beam=""Malarkey Roofing Products"" pdf=∅ | Internal/External Validation: beam=""External"" pdf=∅ | EPD Verifying Agent: beam=""James Mellentine, Thrive ESG,"" pdf=∅ | EPD Standards: beam=""ISO 14025,
EN 15804 and ISO 21930:2017"" pdf=""ISO 14025, ISO 21930:2017, EN 15804, ISO"" | EPD PCR Guidelines: beam=""Part B: Asphalt Shingles, Built-up Aspha"" pdf=""REFERENCE PCR AND VERSION NUMBER Asphalt"" | EPD LCI Database: beam=""Thinkstep database schema v8007 Content "" pdf=""ecoinvent"""
RRR114,4790050198.106.1,—,—,—,—,—,—,MISMATCH,—,MISMATCH,MISMATCH,MISMATCH,—,—,MISMATCH,MISMATCH,—,MISMATCH,MISMATCH,—,—,—,—,—,—,—,—,—,—,—,—,—,—,—,—,—,—,—,—,—,—,—,—,—,—,—,MISMATCH,—,—,—,—,MATCH,MATCH,MISMATCH,MATCH,MATCH,MISMATCH,MISMATCH,MISMATCH,MISMATCH,MATCH,—,MISMATCH,MATCH,—,28.6%,"EPD Expiry: beam=""2026-12-23"" pdf=∅ | Material: beam=""Asphalt Shingles"" pdf=∅ | Manufacturer: beam=""Malarkey Roofing"" pdf=∅ | Product Brand Name: beam=""Dura-Seal"" pdf=∅ | Countries of Manufacture: beam=""US"" pdf=∅ | Markets of Applicability: beam=""US & CA"" pdf=""CAN, USA"" | Stated EPD kgCO2e / unit: beam=""225.0"" pdf=""225"" | GWP units kgCO2e per: beam=""100m2"" pdf=""OR DECLARED UNIT"" | Material Type: beam=""Asphalt Shingles"" pdf=""Fiberglass"" | EPD Owner: beam=""Malarkey Roofing Products"" pdf=∅ | Internal/External Validation: beam=""External"" pdf=∅ | EPD Verifying Agent: beam=""James Mellentine, Thrive ESG,"" pdf=∅ | EPD Standards: beam=""ISO 14025,
EN 15804 and ISO 21930:2017"" pdf=""ISO 14025, ISO 21930:2017, EN 15804, ISO"" | EPD PCR Guidelines: beam=""Part B: Asphalt Shingles, Built-up Aspha"" pdf=""REFERENCE PCR AND VERSION NUMBER Asphalt"" | EPD LCI Database: beam=""Thinkstep database schema v8007 Content "" pdf=""ecoinvent"""
LVT007,4790050503.103.1,—,—,—,—,—,—,MISMATCH,—,MISMATCH,MISMATCH,MISMATCH,MISMATCH,—,MATCH,MISMATCH,—,MATCH,MATCH,—,—,—,—,—,—,—,—,—,—,—,—,—,—,MISMATCH,MISMATCH,—,—,—,—,—,MISMATCH,—,—,—,—,—,MATCH,—,—,—,—,MATCH,MISMATCH,MISMATCH,MATCH,MATCH,MISMATCH,MISMATCH,—,MATCH,MATCH,MATCH,MISMATCH,MATCH,—,44.0%,"EPD Expiry: beam=""2026-01-10"" pdf=∅ | Material: beam=""Vinyl flooring"" pdf=∅ | Manufacturer: beam=""Shaw - Patcraft"" pdf=""several stages beginning with the"" | Product Brand Name: beam=""Luxury Vinyl Tile"" pdf=∅ | Specifications: beam=""2 - 5 mm"" pdf=∅ | Markets of Applicability: beam=""US & CA"" pdf=""CAN, USA"" | Density: beam=""0.00576"" pdf=""1700"" | Density Units: beam=""g/mm2"" pdf=""kg/m3"" | Mass (kg): beam=""5.76"" pdf=∅ | EPD Type: beam=""Product-specific"" pdf=""Generic"" | EPD Owner: beam=""Patcraft"" pdf=""UL Environment"" | Internal/External Validation: beam=""External"" pdf=∅ | EPD Verifying Agent: beam=""Thomas P. Gloria, Industrial Ecology Con"" pdf=∅ | EPD LCI Database: beam=""GaBi Sphera database, content update 202"" pdf=∅"
INS041,4790550934-101.1,—,—,—,—,—,—,MISMATCH,—,MISMATCH,MISMATCH,MISMATCH,MISMATCH,—,MATCH,MISMATCH,—,MISMATCH,MATCH,—,—,—,—,—,—,—,—,—,—,—,—,—,—,MISMATCH,MATCH,—,—,MISMATCH,—,—,—,—,—,—,—,—,MATCH,—,—,—,—,MISMATCH,MATCH,MISMATCH,MISMATCH,MATCH,MISMATCH,MISMATCH,MISMATCH,MISMATCH,MATCH,MATCH,MISMATCH,MATCH,—,34.6%,"EPD Expiry: beam=""2027"" pdf=∅ | Material: beam=""Spray polyurethane foam"" pdf=∅ | Manufacturer: beam=""Carlisle"" pdf=""the United States. Primary data"" | Product Brand Name: beam=""SealTite PRO Closed Cell (HFC)"" pdf=∅ | Specifications: beam=""R7.0-inch"" pdf=∅ | Markets of Applicability: beam=""US & CA"" pdf=""United States and Canada"" | Stated EPD kgCO2e / unit: beam=""9.01"" pdf=""1.12"" | Density: beam=""32"" pdf=""30"" | R-value / inch: beam=""7.00"" pdf=∅ | EPD ID: beam=""4790550934-101.1"" pdf=""4790550934.101.1"" | EPD Owner: beam=""Carlisle Spray Foam Insulation"" pdf=""UL Environment"" | EPD/LCA Prepared by: beam=""Thrive ESG"" pdf=""Sphera"" | Internal/External Validation: beam=""External"" pdf=∅ | EPD Verifying Agent: beam=""UL Environment"" pdf=∅ | EPD Standards: beam=""ISO 21930:2017"" pdf=""ISO 14025, ISO21930:2017, EN 15804, ISO "" | EPD PCR Guidelines: beam=""Building Envelope Thermal Insulation, UL"" pdf=""Building Envelope Thermal Insulation EPD"" | EPD LCI Database: beam=""GaBi 2022"" pdf=""provides the life cycle inventory data f"""
INS042,4790550934-101.1,—,—,—,—,—,—,MISMATCH,—,MISMATCH,MISMATCH,MISMATCH,MISMATCH,—,MATCH,MISMATCH,—,MISMATCH,MATCH,—,—,—,—,—,—,—,—,—,—,—,—,—,—,MISMATCH,MATCH,—,—,MISMATCH,—,—,—,—,—,—,—,—,MATCH,—,—,—,—,MISMATCH,MATCH,MISMATCH,MISMATCH,MATCH,MISMATCH,MISMATCH,MISMATCH,MISMATCH,MATCH,MATCH,MISMATCH,MATCH,—,34.6%,"EPD Expiry: beam=""2027"" pdf=∅ | Material: beam=""Spray polyurethane foam"" pdf=∅ | Manufacturer: beam=""Carlisle"" pdf=""the United States. Primary data"" | Product Brand Name: beam=""SealTite PRO HFO, SealTite One"" pdf=∅ | Specifications: beam=""R7.0-inch"" pdf=∅ | Markets of Applicability: beam=""US & CA"" pdf=""United States and Canada"" | Stated EPD kgCO2e / unit: beam=""2.67"" pdf=""1.12"" | Density: beam=""32"" pdf=""30"" | R-value / inch: beam=""7.00"" pdf=∅ | EPD ID: beam=""4790550934-101.1"" pdf=""4790550934.101.1"" | EPD Owner: beam=""Carlisle Spray Foam Insulation"" pdf=""UL Environment"" | EPD/LCA Prepared by: beam=""Thrive ESG"" pdf=""Sphera"" | Internal/External Validation: beam=""External"" pdf=∅ | EPD Verifying Agent: beam=""UL Environment"" pdf=∅ | EPD Standards: beam=""ISO 21930:2017"" pdf=""ISO 14025, ISO21930:2017, EN 15804, ISO "" | EPD PCR Guidelines: beam=""Building Envelope Thermal Insulation, UL"" pdf=""Building Envelope Thermal Insulation EPD"" | EPD LCI Database: beam=""GaBi 2022"" pdf=""provides the life cycle inventory data f"""
INS044,4790550934-101.1,—,—,—,—,—,—,MISMATCH,—,MISMATCH,MISMATCH,MISMATCH,MISMATCH,—,MATCH,MISMATCH,—,MATCH,MATCH,—,—,—,—,—,—,—,—,—,—,—,—,—,—,MISMATCH,MATCH,—,—,MISMATCH,—,—,—,—,—,—,—,—,MATCH,—,—,—,—,MISMATCH,MATCH,MISMATCH,MISMATCH,MATCH,MISMATCH,MISMATCH,MISMATCH,MISMATCH,MATCH,MATCH,MISMATCH,MATCH,—,38.5%,"EPD Expiry: beam=""2027"" pdf=∅ | Material: beam=""Spray polyurethane foam"" pdf=∅ | Manufacturer: beam=""Carlisle"" pdf=""the United States. Primary data"" | Product Brand Name: beam=""SealTite PRO Open Cell, SealTite PRO Hig"" pdf=∅ | Specifications: beam=""R3.7-inch"" pdf=∅ | Markets of Applicability: beam=""US & CA"" pdf=""United States and Canada"" | Density: beam=""48"" pdf=""30"" | R-value / inch: beam=""6.50"" pdf=∅ | EPD ID: beam=""4790550934-101.1"" pdf=""4790550934.101.1"" | EPD Owner: beam=""Carlisle Spray Foam Insulation"" pdf=""UL Environment"" | EPD/LCA Prepared by: beam=""Thrive ESG"" pdf=""Sphera"" | Internal/External Validation: beam=""External"" pdf=∅ | EPD Verifying Agent: beam=""UL Environment"" pdf=∅ | EPD Standards: beam=""ISO 21930:2017"" pdf=""ISO 14025, ISO21930:2017, EN 15804, ISO "" | EPD PCR Guidelines: beam=""Building Envelope Thermal Insulation, UL"" pdf=""Building Envelope Thermal Insulation EPD"" | EPD LCI Database: beam=""GaBi 2022"" pdf=""provides the life cycle inventory data f"""
INS046,4790550934-101.1,—,—,—,—,—,—,MISMATCH,—,MISMATCH,MISMATCH,MISMATCH,MISMATCH,—,MATCH,MISMATCH,—,MISMATCH,MATCH,—,—,—,—,—,—,—,—,—,—,—,—,—,—,MISMATCH,MATCH,—,—,MISMATCH,—,—,—,—,—,—,—,—,MATCH,—,—,—,—,MISMATCH,MATCH,MISMATCH,MISMATCH,MATCH,MISMATCH,MISMATCH,MISMATCH,MISMATCH,MATCH,MATCH,MISMATCH,MATCH,—,34.6%,"EPD Expiry: beam=""2027"" pdf=∅ | Material: beam=""Spray polyurethane foam"" pdf=∅ | Manufacturer: beam=""Carlisle"" pdf=""the United States. Primary data"" | Product Brand Name: beam=""PremiSEAL"" pdf=∅ | Specifications: beam=""R6.5-inch"" pdf=∅ | Markets of Applicability: beam=""US & CA"" pdf=""United States and Canada"" | Stated EPD kgCO2e / unit: beam=""12.99"" pdf=""1.12"" | Density: beam=""48"" pdf=""30"" | R-value / inch: beam=""6.50"" pdf=∅ | EPD ID: beam=""4790550934-101.1"" pdf=""4790550934.101.1"" | EPD Owner: beam=""Carlisle Spray Foam Insulation"" pdf=""UL Environment"" | EPD/LCA Prepared by: beam=""Thrive ESG"" pdf=""Sphera"" | Internal/External Validation: beam=""External"" pdf=∅ | EPD Verifying Agent: beam=""UL Environment"" pdf=∅ | EPD Standards: beam=""ISO 21930:2017"" pdf=""ISO 14025, ISO21930:2017, EN 15804, ISO "" | EPD PCR Guidelines: beam=""Building Envelope Thermal Insulation, UL"" pdf=""Building Envelope Thermal Insulation EPD"" | EPD LCI Database: beam=""GaBi 2022"" pdf=""provides the life cycle inventory data f"""
INS047,4790550934-101.1,—,—,—,—,—,—,MISMATCH,—,MISMATCH,MISMATCH,MISMATCH,MISMATCH,—,MATCH,MISMATCH,—,MISMATCH,MATCH,—,—,—,—,—,—,—,—,—,—,—,—,—,—,MISMATCH,MATCH,—,—,MISMATCH,—,—,—,—,—,—,—,—,MATCH,—,—,—,—,MISMATCH,MATCH,MISMATCH,MISMATCH,MATCH,MISMATCH,MISMATCH,MISMATCH,MISMATCH,MATCH,MATCH,MISMATCH,MATCH,—,34.6%,"EPD Expiry: beam=""2027"" pdf=∅ | Material: beam=""Spray polyurethane foam"" pdf=∅ | Manufacturer: beam=""Carlisle"" pdf=""the United States. Primary data"" | Product Brand Name: beam=""PremiR + EVO"" pdf=∅ | Specifications: beam=""R6.5-inch"" pdf=∅ | Markets of Applicability: beam=""US & CA"" pdf=""United States and Canada"" | Stated EPD kgCO2e / unit: beam=""4.44"" pdf=""1.12"" | Density: beam=""48"" pdf=""30"" | R-value / inch: beam=""6.50"" pdf=∅ | EPD ID: beam=""4790550934-101.1"" pdf=""4790550934.101.1"" | EPD Owner: beam=""Carlisle Spray Foam Insulation"" pdf=""UL Environment"" | EPD/LCA Prepared by: beam=""Thrive ESG"" pdf=""Sphera"" | Internal/External Validation: beam=""External"" pdf=∅ | EPD Verifying Agent: beam=""UL Environment"" pdf=∅ | EPD Standards: beam=""ISO 21930:2017"" pdf=""ISO 14025, ISO21930:2017, EN 15804, ISO "" | EPD PCR Guidelines: beam=""Building Envelope Thermal Insulation, UL"" pdf=""Building Envelope Thermal Insulation EPD"" | EPD LCI Database: beam=""GaBi 2022"" pdf=""provides the life cycle inventory data f"""
EPS000,4790678084.101.1,—,—,—,—,—,—,MISMATCH,—,MISMATCH,MISMATCH,MISMATCH,MISMATCH,—,MISMATCH,MISMATCH,—,MISMATCH,MISMATCH,—,—,—,—,—,—,—,—,—,—,—,—,—,—,MISMATCH,MATCH,MISMATCH,MISMATCH,MISMATCH,MISMATCH,—,—,—,—,—,—,—,MATCH,—,—,—,—,MATCH,MATCH,MISMATCH,MISMATCH,MATCH,MISMATCH,MISMATCH,MATCH,MISMATCH,MISMATCH,MISMATCH,MISMATCH,MATCH,—,24.1%,"EPD Expiry: beam=""2028"" pdf=∅ | Material: beam=""EPS foam board"" pdf=∅ | Manufacturer: beam=""EPS Industry Alliance"" pdf=""EPS-IA member companies. The EPD"" | Product Brand Name: beam=""Includes: Atlas Molded Products, Beaver "" pdf=∅ | Specifications: beam=""R 4.3/inch, Type XV, 60 psi (400 kPa)"" pdf=∅ | Countries of Manufacture: beam=""US & CA"" pdf=""USA"" | Markets of Applicability: beam=""US & CA"" pdf=""CAN, USA"" | Stated EPD kgCO2e / unit: beam=""7.04"" pdf=""2.38"" | GWP units kgCO2e per: beam=""m2•RSI"" pdf=""or Declared Unit"" | Density: beam=""48.1"" pdf=""25"" | Addn'l factors: beam=""0.76"" pdf=∅ | Addn'l factor units: beam=""KM2/w"" pdf=∅ | R-value / inch: beam=""4.3"" pdf=∅ | k, Thermal Conductivity: beam=""0.0335398"" pdf=∅ | EPD Owner: beam=""EPS Industry Alliance"" pdf=∅ | EPD/LCA Prepared by: beam=""UL Environment"" pdf=∅ | Internal/External Validation: beam=""External"" pdf=∅ | EPD Verifying Agent: beam=""Thrive ESG"" pdf=∅ | EPD PCR Guidelines: beam=""Building Envelope Thermal Insulation EPD"" pdf=""Building Envelope Thermal Insulation EPD"" | LCA Method: beam=""TRACI 2.1 & CML-IA v4.10"" pdf=""& Version Number TRACI 2.1 and CML-IA v4"" | EPD LCA Software: beam=""SimaPro 9.7"" pdf=""& Version Number SimaPro v9.4"" | EPD LCI Database: beam=""Ecoinvent 3.11"" pdf=""Ecoinvent v3.8"""
EPS001,4790678084.101.1,—,—,—,—,—,—,MISMATCH,—,MISMATCH,MISMATCH,MISMATCH,MISMATCH,—,MISMATCH,MISMATCH,—,MISMATCH,MISMATCH,—,—,—,—,—,—,—,—,—,—,—,—,—,—,MISMATCH,MATCH,MISMATCH,MISMATCH,MISMATCH,MISMATCH,—,—,—,—,—,—,—,MATCH,—,—,—,—,MATCH,MATCH,MISMATCH,MISMATCH,MATCH,MISMATCH,MISMATCH,MATCH,MISMATCH,MISMATCH,MISMATCH,MISMATCH,MATCH,—,24.1%,"EPD Expiry: beam=""2028"" pdf=∅ | Material: beam=""EPS foam board"" pdf=∅ | Manufacturer: beam=""EPS Industry Alliance"" pdf=""EPS-IA member companies. The EPD"" | Product Brand Name: beam=""Includes: Atlas Molded Products, Beaver "" pdf=∅ | Specifications: beam=""R 4.2/inch, Type IX, 25 psi (170 kPa)"" pdf=∅ | Countries of Manufacture: beam=""US & CA"" pdf=""USA"" | Markets of Applicability: beam=""US & CA"" pdf=""CAN, USA"" | Stated EPD kgCO2e / unit: beam=""4.33"" pdf=""2.38"" | GWP units kgCO2e per: beam=""m2•RSI"" pdf=""or Declared Unit"" | Density: beam=""28.8"" pdf=""25"" | Addn'l factors: beam=""0.74"" pdf=∅ | Addn'l factor units: beam=""KM2/w"" pdf=∅ | R-value / inch: beam=""4.2"" pdf=∅ | k, Thermal Conductivity: beam=""0.0343384"" pdf=∅ | EPD Owner: beam=""EPS Industry Alliance"" pdf=∅ | EPD/LCA Prepared by: beam=""UL Environment"" pdf=∅ | Internal/External Validation: beam=""External"" pdf=∅ | EPD Verifying Agent: beam=""Thrive ESG"" pdf=∅ | EPD PCR Guidelines: beam=""Building Envelope Thermal Insulation EPD"" pdf=""Building Envelope Thermal Insulation EPD"" | LCA Method: beam=""TRACI 2.1 & CML-IA v4.9"" pdf=""& Version Number TRACI 2.1 and CML-IA v4"" | EPD LCA Software: beam=""SimaPro 9.6"" pdf=""& Version Number SimaPro v9.4"" | EPD LCI Database: beam=""Ecoinvent 3.10"" pdf=""Ecoinvent v3.8"""
EPS002,4790678084.101.1,—,—,—,—,—,—,MISMATCH,—,MISMATCH,MISMATCH,MISMATCH,MISMATCH,—,MISMATCH,MISMATCH,—,MISMATCH,MISMATCH,—,—,—,—,—,—,—,—,—,—,—,—,—,—,MISMATCH,MATCH,MISMATCH,MISMATCH,MISMATCH,MISMATCH,—,—,—,—,—,—,—,MATCH,—,—,—,—,MATCH,MATCH,MISMATCH,MISMATCH,MATCH,MISMATCH,MISMATCH,MATCH,MISMATCH,MISMATCH,MISMATCH,MISMATCH,MATCH,—,24.1%,"EPD Expiry: beam=""2028"" pdf=∅ | Material: beam=""EPS foam board"" pdf=∅ | Manufacturer: beam=""EPS Industry Alliance"" pdf=""EPS-IA member companies. The EPD"" | Product Brand Name: beam=""Includes: Atlas Molded Products, Beaver "" pdf=∅ | Specifications: beam=""R 4.0/inch, Type II, 15 psi (100 kPa)"" pdf=∅ | Countries of Manufacture: beam=""US & CA"" pdf=""USA"" | Markets of Applicability: beam=""US & CA"" pdf=""CAN, USA"" | Stated EPD kgCO2e / unit: beam=""3.43"" pdf=""2.38"" | GWP units kgCO2e per: beam=""m2•RSI"" pdf=""or Declared Unit"" | Density: beam=""21.6"" pdf=""25"" | Addn'l factors: beam=""0.7"" pdf=∅ | Addn'l factor units: beam=""KM2/w"" pdf=∅ | R-value / inch: beam=""4.0"" pdf=∅ | k, Thermal Conductivity: beam=""0.0360553"" pdf=∅ | EPD Owner: beam=""EPS Industry Alliance"" pdf=∅ | EPD/LCA Prepared by: beam=""UL Environment"" pdf=∅ | Internal/External Validation: beam=""External"" pdf=∅ | EPD Verifying Agent: beam=""Thrive ESG"" pdf=∅ | EPD PCR Guidelines: beam=""Building Envelope Thermal Insulation EPD"" pdf=""Building Envelope Thermal Insulation EPD"" | LCA Method: beam=""TRACI 2.1 & CML-IA v4.8"" pdf=""& Version Number TRACI 2.1 and CML-IA v4"" | EPD LCA Software: beam=""SimaPro 9.5"" pdf=""& Version Number SimaPro v9.4"" | EPD LCI Database: beam=""Ecoinvent 3.9"" pdf=""Ecoinvent v3.8"""
EPS003,4790678084.101.1,—,—,—,—,—,—,MISMATCH,—,MISMATCH,MISMATCH,MISMATCH,MISMATCH,—,MISMATCH,MISMATCH,—,MISMATCH,MISMATCH,—,—,—,—,—,—,—,—,—,—,—,—,—,—,MISMATCH,MATCH,—,—,MISMATCH,MISMATCH,—,—,—,—,—,—,—,MATCH,—,—,—,—,MATCH,MATCH,MISMATCH,MISMATCH,MATCH,MISMATCH,MISMATCH,MATCH,MISMATCH,MISMATCH,MISMATCH,MISMATCH,MATCH,—,25.9%,"EPD Expiry: beam=""2028"" pdf=∅ | Material: beam=""EPS foam board"" pdf=∅ | Manufacturer: beam=""EPS Industry Alliance"" pdf=""EPS-IA member companies. The EPD"" | Product Brand Name: beam=""Includes: Atlas Molded Products, Beaver "" pdf=∅ | Specifications: beam=""R 3.6/inch, Type I, 10 psi (70 kPa)"" pdf=∅ | Countries of Manufacture: beam=""US & CA"" pdf=""USA"" | Markets of Applicability: beam=""US & CA"" pdf=""CAN, USA"" | Stated EPD kgCO2e / unit: beam=""2.53"" pdf=""2.38"" | GWP units kgCO2e per: beam=""m2•RSI"" pdf=""or Declared Unit"" | Density: beam=""14.4"" pdf=""25"" | R-value / inch: beam=""3.6"" pdf=∅ | k, Thermal Conductivity: beam=""0.0400614"" pdf=∅ | EPD Owner: beam=""EPS Industry Alliance"" pdf=∅ | EPD/LCA Prepared by: beam=""UL Environment"" pdf=∅ | Internal/External Validation: beam=""External"" pdf=∅ | EPD Verifying Agent: beam=""Thrive ESG"" pdf=∅ | EPD PCR Guidelines: beam=""Building Envelope Thermal Insulation EPD"" pdf=""Building Envelope Thermal Insulation EPD"" | LCA Method: beam=""TRACI 2.1 & CML-IA v4.7"" pdf=""& Version Number TRACI 2.1 and CML-IA v4"" | EPD LCA Software: beam=""SimaPro 9.4"" pdf=""& Version Number SimaPro v9.4"" | EPD LCI Database: beam=""Ecoinvent 3.8"" pdf=""Ecoinvent v3.8"""
LIN005,4790690881.101.1,—,—,—,—,—,—,MISMATCH,—,MISMATCH,MISMATCH,MISMATCH,MISMATCH,—,MISMATCH,MISMATCH,—,MISMATCH,MATCH,—,—,—,—,MISMATCH,—,—,—,—,—,—,—,—,—,MISMATCH,MISMATCH,—,—,—,—,—,—,—,—,—,—,—,MISMATCH,—,—,—,—,MATCH,MISMATCH,MISMATCH,MISMATCH,MATCH,MISMATCH,MISMATCH,MISMATCH,—,—,—,—,—,—,14.3%,"EPD Expiry: beam=""2028"" pdf=∅ | Material: beam=""Linoleum flooring"" pdf=∅ | Manufacturer: beam=""Forbo"" pdf=""P.O. Box 13"" | Product Brand Name: beam=""Marmoleum"" pdf=∅ | Specifications: beam=""2.0 mm sheet"" pdf=∅ | Countries of Manufacture: beam=""EU"" pdf=""NLD"" | Markets of Applicability: beam=""US & CAN"" pdf=∅ | Stated EPD kgCO2e / unit: beam=""2.62"" pdf=∅ | GWP-bio from EPD: beam=""2.73"" pdf=∅ | Density: beam=""2.4"" pdf=∅ | Density Units: beam=""kg/m2"" pdf=∅ | Material Type: beam=""Linoleum"" pdf=∅ | EPD Type: beam=""Product-specific"" pdf=∅ | EPD Owner: beam=""Forbo Floorng"" pdf=∅ | EPD/LCA Prepared by: beam=""UL Environment"" pdf=""Industrial Ecology Consultants"" | Internal/External Validation: beam=""External"" pdf=∅ | EPD Verifying Agent: beam=""Industrial Ecology Consultants"" pdf=""CML in 2000 to create"" | EPD Standards: beam=""EN 15804 + A2"" pdf=""ISO 14025, EN 15804, ISO 14040"""
e075b4,4790690881.101.1,—,—,—,—,—,—,MISMATCH,—,MISMATCH,MISMATCH,MISMATCH,MISMATCH,—,MISMATCH,MISMATCH,—,MISMATCH,MATCH,—,—,—,—,MISMATCH,—,—,—,—,—,—,—,—,—,MISMATCH,MISMATCH,—,—,—,—,—,—,—,—,—,—,—,MISMATCH,—,—,—,—,MATCH,MISMATCH,MISMATCH,MISMATCH,MATCH,MISMATCH,MISMATCH,—,—,—,—,—,—,—,15.0%,"EPD Expiry: beam=""2028"" pdf=∅ | Material: beam=""Linoleum flooring"" pdf=∅ | Manufacturer: beam=""Forbo"" pdf=""P.O. Box 13"" | Product Brand Name: beam=""Marmoleum"" pdf=∅ | Specifications: beam=""2.5 mm sheet"" pdf=∅ | Countries of Manufacture: beam=""EU"" pdf=""NLD"" | Markets of Applicability: beam=""US & CAN"" pdf=∅ | Stated EPD kgCO2e / unit: beam=""3.73"" pdf=∅ | GWP-bio from EPD: beam=""4.17"" pdf=∅ | Density: beam=""3"" pdf=∅ | Density Units: beam=""kg/m2"" pdf=∅ | Material Type: beam=""Linoleum"" pdf=∅ | EPD Type: beam=""Product-specific"" pdf=∅ | EPD Owner: beam=""Forbo Floorng"" pdf=∅ | EPD/LCA Prepared by: beam=""UL Environment"" pdf=""Industrial Ecology Consultants"" | Internal/External Validation: beam=""External"" pdf=∅ | EPD Verifying Agent: beam=""Industrial Ecology Consultants"" pdf=""CML in 2000 to create"""
b8ldec,4937-6316,—,—,—,—,—,—,MISMATCH,—,MISMATCH,MATCH,MISMATCH,MISMATCH,—,MATCH,MISMATCH,—,MISMATCH,MISMATCH,—,—,—,—,—,—,—,—,—,—,—,—,—,—,MISMATCH,MATCH,MISMATCH,MISMATCH,—,—,—,—,—,—,—,—,—,—,—,—,—,—,MISMATCH,MISMATCH,MISMATCH,MATCH,MATCH,MATCH,MISMATCH,MISMATCH,—,—,—,—,—,—,28.6%,"EPD Expiry: beam=""2024-03-25"" pdf=∅ | Material: beam=""Rebar"" pdf=∅ | Product Brand Name: beam=""Canadian sizes"" pdf=∅ | Specifications: beam=""10M"" pdf=∅ | Markets of Applicability: beam=""Canada"" pdf=""of the World Steel"" | Stated EPD kgCO2e / unit: beam=""1.29"" pdf=""1.2855"" | GWP units kgCO2e per: beam=""kg"" pdf=""1 metric ton"" | Density: beam=""7850"" pdf=""7800"" | Addn'l factors: beam=""0.785"" pdf=∅ | Addn'l factor units: beam=""kg/m"" pdf=∅ | EPD ID: beam=""4937-6316"" pdf=""EPD"" | EPD Type: beam=""Product-specific"" pdf=∅ | EPD Owner: beam=""ArcelorMittal Long Products Canada"" pdf=""Athena Sustainable Materials Institute"" | EPD Verifying Agent: beam=""Athena Sustainable Materials Institute"" pdf=""Lindita Bushi from the Athena Sustainabl"" | EPD Standards: beam=""ISO 14025: 2006. ISO 21930:2007"" pdf=""ISO 14025, ISO 21930:2007, ISO 14040, CA"""
kb2gox,4937-6316,—,—,—,—,—,—,MISMATCH,—,MISMATCH,MATCH,MISMATCH,MISMATCH,—,MATCH,MISMATCH,—,MISMATCH,MISMATCH,—,—,—,—,—,—,—,—,—,—,—,—,—,—,MISMATCH,MATCH,MISMATCH,MISMATCH,—,—,—,—,—,—,—,—,—,—,—,—,—,—,MISMATCH,MISMATCH,MISMATCH,MATCH,MATCH,MATCH,MISMATCH,MISMATCH,—,—,—,—,—,—,28.6%,"EPD Expiry: beam=""2024-03-25"" pdf=∅ | Material: beam=""Rebar"" pdf=∅ | Product Brand Name: beam=""Canadian sizes"" pdf=∅ | Specifications: beam=""15M"" pdf=∅ | Markets of Applicability: beam=""Canada"" pdf=""of the World Steel"" | Stated EPD kgCO2e / unit: beam=""1.29"" pdf=""1.2855"" | GWP units kgCO2e per: beam=""kg"" pdf=""1 metric ton"" | Density: beam=""7850"" pdf=""7800"" | Addn'l factors: beam=""1.57"" pdf=∅ | Addn'l factor units: beam=""kg/m"" pdf=∅ | EPD ID: beam=""4937-6316"" pdf=""EPD"" | EPD Type: beam=""Product-specific"" pdf=∅ | EPD Owner: beam=""ArcelorMittal Long Products Canada"" pdf=""Athena Sustainable Materials Institute"" | EPD Verifying Agent: beam=""Athena Sustainable Materials Institute"" pdf=""Lindita Bushi from the Athena Sustainabl"" | EPD Standards: beam=""ISO 14025: 2006. ISO 21930:2007"" pdf=""ISO 14025, ISO 21930:2007, ISO 14040, CA"""
l29vks,4937-6316,—,—,—,—,—,—,MISMATCH,—,MISMATCH,MATCH,MISMATCH,MISMATCH,—,MATCH,MISMATCH,—,MISMATCH,MISMATCH,—,—,—,—,—,—,—,—,—,—,—,—,—,—,MISMATCH,MATCH,MISMATCH,MISMATCH,—,—,—,—,—,—,—,—,—,—,—,—,—,—,MISMATCH,MISMATCH,MISMATCH,MATCH,MATCH,MATCH,MISMATCH,MISMATCH,—,—,—,—,—,—,28.6%,"EPD Expiry: beam=""2024-03-25"" pdf=∅ | Material: beam=""Rebar"" pdf=∅ | Product Brand Name: beam=""Canadian sizes"" pdf=∅ | Specifications: beam=""20M"" pdf=∅ | Markets of Applicability: beam=""Canada"" pdf=""of the World Steel"" | Stated EPD kgCO2e / unit: beam=""1.29"" pdf=""1.2855"" | GWP units kgCO2e per: beam=""kg"" pdf=""1 metric ton"" | Density: beam=""7850"" pdf=""7800"" | Addn'l factors: beam=""2.355"" pdf=∅ | Addn'l factor units: beam=""kg/m"" pdf=∅ | EPD ID: beam=""4937-6316"" pdf=""EPD"" | EPD Type: beam=""Product-specific"" pdf=∅ | EPD Owner: beam=""ArcelorMittal Long Products Canada"" pdf=""Athena Sustainable Materials Institute"" | EPD Verifying Agent: beam=""Athena Sustainable Materials Institute"" pdf=""Lindita Bushi from the Athena Sustainabl"" | EPD Standards: beam=""ISO 14025: 2006. ISO 21930:2007"" pdf=""ISO 14025, ISO 21930:2007, ISO 14040, CA"""
www119,494,—,—,—,—,—,—,MISMATCH,—,MISMATCH,MATCH,MISMATCH,MISMATCH,—,MISMATCH,MISMATCH,—,MISMATCH,MISMATCH,—,—,—,—,—,—,—,—,—,—,—,—,—,—,—,—,—,—,—,—,—,—,—,—,—,—,—,MISMATCH,—,—,—,—,MISMATCH,MATCH,MISMATCH,MATCH,MATCH,MATCH,MISMATCH,MATCH,MISMATCH,MISMATCH,MATCH,—,—,—,33.3%,"EPD Expiry: beam=""2028"" pdf=""2023-09-30"" | Material: beam=""Window, aluminum frame"" pdf=∅ | Product Brand Name: beam=""Xtherm, 5FXT, FX45, 6615, 6621, 6715, FX"" pdf=∅ | Specifications: beam=""Double pane"" pdf=∅ | Countries of Manufacture: beam=""US"" pdf=∅ | Markets of Applicability: beam=""US & CA"" pdf=∅ | Stated EPD kgCO2e / unit: beam=""94.38"" pdf=""182.61"" | GWP units kgCO2e per: beam=""m2"" pdf=""EFCO Fixed, Projected, Casement, Hung, a"" | Material Type: beam=""Double pane window"" pdf=""Aluminum"" | EPD ID: beam=""494"" pdf=""4790414446.101.1"" | EPD Owner: beam=""EFCO"" pdf=∅ | EPD Verifying Agent: beam=""Lindita Bushi, Athena Sustainable Materi"" pdf=""Lindita Bushi, Ph.D., Athena Sustainable"" | EPD PCR Guidelines: beam=""Earthsure cradle to gate window product "" pdf=∅ | LCA Method: beam=""TRACI 2.1"" pdf=""developed by the Center of Environmental"""
www120,494,—,—,—,—,—,—,MISMATCH,—,MISMATCH,MATCH,MISMATCH,MISMATCH,—,MISMATCH,MISMATCH,—,MISMATCH,MISMATCH,—,—,—,—,—,—,—,—,—,—,—,—,—,—,—,—,—,—,—,—,—,—,—,—,—,—,—,MISMATCH,—,—,—,—,MISMATCH,MATCH,MISMATCH,MATCH,MATCH,MATCH,MISMATCH,MATCH,MISMATCH,MISMATCH,MATCH,—,—,—,33.3%,"EPD Expiry: beam=""2028"" pdf=""2023-09-30"" | Material: beam=""Window, aluminum frame"" pdf=∅ | Product Brand Name: beam=""Xtherm, 875V, 2700, 2701, 450G, 590X, 67"" pdf=∅ | Specifications: beam=""Double pane"" pdf=∅ | Countries of Manufacture: beam=""US"" pdf=∅ | Markets of Applicability: beam=""US & CA"" pdf=∅ | Stated EPD kgCO2e / unit: beam=""146.28"" pdf=""182.61"" | GWP units kgCO2e per: beam=""m2"" pdf=""EFCO Fixed, Projected, Casement, Hung, a"" | Material Type: beam=""Double pane window"" pdf=""Aluminum"" | EPD ID: beam=""494"" pdf=""4790414446.101.1"" | EPD Owner: beam=""EFCO"" pdf=∅ | EPD Verifying Agent: beam=""Lindita Bushi, Athena Sustainable Materi"" pdf=""Lindita Bushi, Ph.D., Athena Sustainable"" | EPD PCR Guidelines: beam=""Earthsure cradle to gate window product "" pdf=∅ | LCA Method: beam=""TRACI 2.1"" pdf=""developed by the Center of Environmental"""
LAM010,5915-5885,—,—,—,—,—,—,MISMATCH,—,MISMATCH,MATCH,MISMATCH,MISMATCH,—,MATCH,MISMATCH,—,MISMATCH,MISMATCH,—,—,—,—,—,—,—,—,—,—,—,—,—,—,MISMATCH,MATCH,MISMATCH,MISMATCH,—,—,—,—,—,—,—,—,—,MISMATCH,—,—,—,—,MATCH,MISMATCH,MISMATCH,MISMATCH,MATCH,MATCH,MISMATCH,MATCH,MATCH,MISMATCH,MISMATCH,MISMATCH,—,—,30.8%,"EPD Expiry: beam=""2028"" pdf=""2023-11-10"" | Material: beam=""Cross Laminated Timber"" pdf=∅ | Product Brand Name: beam=""Nordic Lam"" pdf=∅ | Specifications: beam=""3-1/2"""" pdf=∅ | Markets of Applicability: beam=""US & CA"" pdf=∅ | Stated EPD kgCO2e / unit: beam=""136.34"" pdf=∅ | GWP units kgCO2e per: beam=""m3"" pdf=""In LCA, a reference unit is defined base"" | Density: beam=""486"" pdf=""569"" | Addn'l factors: beam=""0.09"" pdf=∅ | Addn'l factor units: beam=""m thickness"" pdf=∅ | Material Type: beam=""Wood"" pdf=""Glulam"" | EPD Type: beam=""Product-specific"" pdf=∅ | EPD Owner: beam=""Nordic Structures"" pdf=∅ | EPD/LCA Prepared by: beam=""FPInnovations"" pdf=""Industrial Ecology
Consultants"" | EPD Verifying Agent: beam=""Jean-Francois Menard"" pdf=""Jean-François Menard from the"" | LCA Method: beam=""TRACI 2.1"" pdf=""& VERSION NUMBER"" | EPD LCA Software: beam=""SimaPro 9.0003"" pdf=""& VERSION NUMBERDATA"" | EPD LCI Database: beam=""US-EI 2.2"" pdf=∅"
LAM011,5960-4998,—,—,—,—,—,—,MISMATCH,—,MISMATCH,MATCH,MISMATCH,MISMATCH,—,MATCH,MISMATCH,—,MISMATCH,MATCH,—,—,—,—,—,—,—,—,—,—,—,—,—,—,MISMATCH,MATCH,MISMATCH,MISMATCH,—,—,—,—,—,—,—,—,—,MATCH,—,—,—,—,MATCH,MISMATCH,MISMATCH,MISMATCH,MATCH,MATCH,MISMATCH,MATCH,MATCH,MISMATCH,MISMATCH,MISMATCH,—,—,38.5%,"EPD Expiry: beam=""2028"" pdf=""2023-11-10"" | Material: beam=""Cross Laminated Timber"" pdf=∅ | Product Brand Name: beam=""X-Lam"" pdf=∅ | Specifications: beam=""3-1/2"""" pdf=∅ | Markets of Applicability: beam=""US & CA"" pdf=∅ | Stated EPD kgCO2e / unit: beam=""69.96"" pdf=∅ | Density: beam=""456"" pdf=""523"" | Addn'l factors: beam=""0.09"" pdf=∅ | Addn'l factor units: beam=""m thickness"" pdf=∅ | EPD Type: beam=""Product-specific"" pdf=∅ | EPD Owner: beam=""Nordic Structures"" pdf=∅ | EPD/LCA Prepared by: beam=""FPInnovations"" pdf=""Industrial Ecology
Consultants"" | EPD Verifying Agent: beam=""Jean-Francois Menard"" pdf=""Jean-François Menard from the In-"" | LCA Method: beam=""TRACI 2.1"" pdf=""& VERSION NUMBER"" | EPD LCA Software: beam=""SimaPro 9.0003"" pdf=""& VERSION NUMBERDATA"" | EPD LCI Database: beam=""US-EI 2.2"" pdf=∅"
EWF001,6742-7944,—,—,—,—,—,—,MISMATCH,—,MISMATCH,MATCH,MISMATCH,MISMATCH,—,MISMATCH,MISMATCH,—,MISMATCH,MISMATCH,—,—,—,—,MISMATCH,—,—,—,—,—,—,—,—,—,MISMATCH,MISMATCH,—,—,—,—,—,—,—,—,—,—,—,MISMATCH,—,—,—,—,MATCH,MATCH,MISMATCH,MATCH,MATCH,MATCH,MATCH,MISMATCH,MISMATCH,MATCH,MISMATCH,MATCH,—,—,36.0%,"EPD Expiry: beam=""2027"" pdf=∅ | Material: beam=""Engineered Wood Flooring"" pdf=∅ | Product Brand Name: beam=""Engineered hardwood flooring"" pdf=∅ | Specifications: beam=""16 mm"" pdf=∅ | Countries of Manufacture: beam=""CAN"" pdf=∅ | Markets of Applicability: beam=""US & CA"" pdf=""coverage of primary"" | Stated EPD kgCO2e / unit: beam=""10.5"" pdf=""104.3"" | GWP units kgCO2e per: beam=""m2"" pdf=""Primary data"" | GWP-bio from EPD: beam=""13.490"" pdf=∅ | Density: beam=""9.97"" pdf=∅ | Density Units: beam=""kg/m2"" pdf=∅ | Material Type: beam=""Engineered wood"" pdf=""Hardwood"" | EPD Owner: beam=""Wickham Hardwood Flooring"" pdf=∅ | EPD Standards: beam=""ISO 14044:2006"" pdf=""ISO 14025, ISO 21930:2017, EN 15804, ISO"" | EPD PCR Guidelines: beam=""Flooring EPD requirements v2.0"" pdf=""Flooring EPD Requirements. Version 2.0."" | EPD LCA Software: beam=""OpenLCA 1.10.3"" pdf=""LCI databases LCIA Methodology"""
WWF001,6742-7944,—,—,—,—,—,—,MISMATCH,—,MISMATCH,MATCH,MISMATCH,MISMATCH,—,MISMATCH,MISMATCH,—,MISMATCH,MISMATCH,—,—,—,—,MISMATCH,—,—,—,—,—,—,—,—,—,MISMATCH,MISMATCH,—,—,—,—,—,—,—,—,—,—,—,MATCH,—,—,—,—,MATCH,MATCH,MISMATCH,MATCH,MATCH,MATCH,MATCH,MISMATCH,MISMATCH,MATCH,MISMATCH,MATCH,—,—,40.0%,"EPD Expiry: beam=""2027"" pdf=∅ | Material: beam=""Hardwood flooring"" pdf=∅ | Product Brand Name: beam=""Solid Hardwood"" pdf=∅ | Specifications: beam=""3/4"""" pdf=∅ | Countries of Manufacture: beam=""CAN"" pdf=∅ | Markets of Applicability: beam=""US & CA"" pdf=""coverage of primary"" | Stated EPD kgCO2e / unit: beam=""3.2"" pdf=""104.3"" | GWP units kgCO2e per: beam=""m2"" pdf=""Primary data"" | GWP-bio from EPD: beam=""20.95"" pdf=∅ | Density: beam=""12.35"" pdf=∅ | Density Units: beam=""kg/m2"" pdf=∅ | EPD Owner: beam=""Wickham Hardwood Flooring"" pdf=∅ | EPD Standards: beam=""ISO 14044:2006"" pdf=""ISO 14025, ISO 21930:2017, EN 15804, ISO"" | EPD PCR Guidelines: beam=""Flooring EPD requirements v2.0"" pdf=""Flooring EPD Requirements. Version 2.0."" | EPD LCA Software: beam=""OpenLCA 1.10.3"" pdf=""LCI databases LCIA Methodology"""
8b5828,#7730-2734,—,—,—,—,—,—,MISMATCH,—,MISMATCH,MISMATCH,—,MISMATCH,—,MATCH,MISMATCH,—,MISMATCH,MISMATCH,—,—,—,—,—,—,—,—,—,—,—,—,—,—,—,—,—,—,—,—,—,—,—,—,—,—,—,MATCH,—,—,—,—,MISMATCH,MISMATCH,—,MISMATCH,—,—,—,—,—,—,—,—,—,—,16.7%,"EPD Expiry: beam=""2024-12-23"" pdf=""2019-12-24"" | Material: beam=""Window - average"" pdf=∅ | Manufacturer: beam=""AluQuébec"" pdf=∅ | Specifications: beam=""Aluminum frame"" pdf=∅ | Markets of Applicability: beam=""CAN"" pdf=∅ | Stated EPD kgCO2e / unit: beam=""136"" pdf=∅ | GWP units kgCO2e per: beam=""m²"" pdf=""guidelines on how to conduct the LCA of "" | EPD ID: beam=""#7730-2734"" pdf=""7730-2734"" | EPD Type: beam=""Product-specific"" pdf=∅ | EPD/LCA Prepared by: beam=""Groupe AGECO, CSA"" pdf=∅"
www117,7730-2734,—,—,—,—,—,—,MISMATCH,—,MISMATCH,MISMATCH,MISMATCH,MISMATCH,—,MATCH,MISMATCH,—,MISMATCH,MISMATCH,—,—,—,—,—,—,—,—,—,—,—,—,—,—,—,—,—,—,—,—,—,—,—,—,—,—,—,MISMATCH,—,—,—,—,MATCH,MISMATCH,MISMATCH,MISMATCH,MATCH,MATCH,MISMATCH,MATCH,MISMATCH,MATCH,—,MATCH,—,—,33.3%,"EPD Expiry: beam=""2024"" pdf=""2019-12-24"" | Material: beam=""Window, aluminum frame"" pdf=∅ | Manufacturer: beam=""AluQuebec"" pdf=∅ | Product Brand Name: beam=""Avg of fixed, casement, slider, hung, ti"" pdf=∅ | Specifications: beam=""Double pane"" pdf=∅ | Markets of Applicability: beam=""US & CA"" pdf=∅ | Stated EPD kgCO2e / unit: beam=""136"" pdf=∅ | GWP units kgCO2e per: beam=""m2"" pdf=""guidelines on how to conduct the LCA of "" | Material Type: beam=""Double pane window"" pdf=""Aluminum"" | EPD Type: beam=""Product-specific"" pdf=∅ | EPD Owner: beam=""AluQuebec"" pdf=""CSA Group"" | EPD/LCA Prepared by: beam=""Groupe AGECO"" pdf=∅ | EPD Verifying Agent: beam=""Tom Gloria, Industrial Ecology Consultan"" pdf=""Industrial Ecology Consultants."" | EPD PCR Guidelines: beam=""Earthsure cradle to gate window product "" pdf=""Cradle to Gate Windows Product Category """
MPS003,7740-1109,—,—,—,—,—,—,MISMATCH,—,MISMATCH,MATCH,MISMATCH,MISMATCH,—,MATCH,MISMATCH,—,MISMATCH,MISMATCH,—,—,—,—,—,—,—,—,—,—,—,—,—,—,MATCH,MATCH,MISMATCH,MISMATCH,—,—,—,—,—,—,—,—,—,MATCH,—,—,—,—,MATCH,MATCH,MISMATCH,MISMATCH,MATCH,MATCH,MISMATCH,MISMATCH,MATCH,MISMATCH,MATCH,MISMATCH,—,—,42.3%,"EPD Expiry: beam=""2028"" pdf=""2023-11-29"" | Material: beam=""Metal Panels - Steel"" pdf=∅ | Product Brand Name: beam=""XCarb RRP"" pdf=""for ArcelorMittal"" | Specifications: beam=""24 gauge"" pdf=∅ | Markets of Applicability: beam=""US & CA"" pdf=""CAN"" | Stated EPD kgCO2e / unit: beam=""1.36"" pdf=""1364.28"" | GWP units kgCO2e per: beam=""kg"" pdf=""1 metric ton"" | Addn'l factors: beam=""4.88"" pdf=∅ | Addn'l factor units: beam=""kg/m2"" pdf=∅ | EPD Owner: beam=""ArcelorMittal Dofasco"" pdf=∅ | EPD/LCA Prepared by: beam=""ArcelorMittal Global R&D"" pdf=""Industrial Ecology Consultants"" | EPD Verifying Agent: beam=""Groupe AGECO"" pdf=∅ | EPD Standards: beam=""ISO 14044"" pdf=""ISO 14025, ISO 21930, EN 15804, ISO 1404"" | LCA Method: beam=""TRACI 2.1"" pdf=""report, Worldsteel Association (2017). I"" | EPD LCI Database: beam=""AISI, 2020"" pdf=""Ecoinvent 3.8"""
Cel001,AFT-20200701-001,—,—,—,—,—,—,MISMATCH,—,MISMATCH,MISMATCH,MISMATCH,MISMATCH,—,MATCH,MISMATCH,—,MISMATCH,MISMATCH,—,—,—,—,—,—,—,—,—,—,—,—,—,—,MISMATCH,MATCH,MISMATCH,MISMATCH,MISMATCH,MISMATCH,—,—,—,—,—,—,—,MATCH,—,—,—,—,MISMATCH,MATCH,MISMATCH,MATCH,MISMATCH,MISMATCH,MISMATCH,MATCH,MISMATCH,MATCH,MISMATCH,MISMATCH,—,—,25.0%,"EPD Expiry: beam=""2025"" pdf=∅ | Material: beam=""Cellulose - dense pack"" pdf=∅ | Manufacturer: beam=""Advanced Fiber Technology"" pdf=""several defined by the functional"" | Product Brand Name: beam=""AFT Carbon Smart"" pdf=∅ | Specifications: beam=""R 3.8-inch"" pdf=∅ | Markets of Applicability: beam=""US & CA"" pdf=∅ | Stated EPD kgCO2e / unit: beam=""0.389"" pdf=∅ | GWP units kgCO2e per: beam=""m2•RSI"" pdf=""/ reference service life:"" | Density: beam=""56"" pdf=""25.214"" | Addn'l factors: beam=""2.13"" pdf=∅ | Addn'l factor units: beam=""kg/m2 at RSI1"" pdf=∅ | R-value / inch: beam=""3.80"" pdf=∅ | k, Thermal Conductivity: beam=""0.0379529"" pdf=∅ | EPD ID: beam=""AFT-20200701-001"" pdf=∅ | EPD Owner: beam=""Advanced Fiber Technology"" pdf=""NSF"" | EPD Program / Operator: beam=""NSF"" pdf=""UL Environment"" | Internal/External Validation: beam=""External"" pdf=∅ | EPD Verifying Agent: beam=""NSF Certification"" pdf=∅ | EPD PCR Guidelines: beam=""UL Building Envelope Thermal Insulation "" pdf=""Benchmarking"" | EPD LCA Software: beam=""SimaPro 8.5.2"" pdf=""and background LCI data sets"" | EPD LCI Database: beam=""Ecoinvent 3.1, 2.2"" pdf=""SimaPro Analyst 8.5.2.0"""
Cel003,AFT-20200701-001,—,—,—,—,—,—,MISMATCH,—,MISMATCH,MISMATCH,MISMATCH,MISMATCH,—,MATCH,MISMATCH,—,MISMATCH,MISMATCH,—,—,—,—,—,—,—,—,—,—,—,—,—,—,MATCH,MATCH,MISMATCH,MISMATCH,MISMATCH,MISMATCH,—,—,—,—,—,—,—,MATCH,—,—,—,—,MISMATCH,MATCH,MISMATCH,MATCH,MISMATCH,MISMATCH,MISMATCH,MATCH,MISMATCH,MATCH,MISMATCH,MISMATCH,—,—,28.6%,"EPD Expiry: beam=""2025"" pdf=∅ | Material: beam=""Cellulose - loose fill"" pdf=∅ | Manufacturer: beam=""Advanced Fiber Technology"" pdf=""several defined by the functional"" | Product Brand Name: beam=""AFT Carbon Smart"" pdf=∅ | Specifications: beam=""R 3.8-inch"" pdf=∅ | Markets of Applicability: beam=""US & CA"" pdf=∅ | Stated EPD kgCO2e / unit: beam=""0.389"" pdf=∅ | GWP units kgCO2e per: beam=""m2•RSI"" pdf=""/ reference service life:"" | Addn'l factors: beam=""0.957"" pdf=∅ | Addn'l factor units: beam=""kg/m2 at RSI1"" pdf=∅ | R-value / inch: beam=""3.80"" pdf=∅ | k, Thermal Conductivity: beam=""0.0379529"" pdf=∅ | EPD ID: beam=""AFT-20200701-001"" pdf=∅ | EPD Owner: beam=""Advanced Fiber Technology"" pdf=""NSF"" | EPD Program / Operator: beam=""NSF"" pdf=""UL Environment"" | Internal/External Validation: beam=""External"" pdf=∅ | EPD Verifying Agent: beam=""NSF Certification"" pdf=∅ | EPD PCR Guidelines: beam=""UL Building Envelope Thermal Insulation "" pdf=""Benchmarking"" | EPD LCA Software: beam=""SimaPro 8.5.2"" pdf=""and background LCI data sets"" | EPD LCI Database: beam=""Ecoinvent 3.1, 2.2"" pdf=""SimaPro Analyst 8.5.2.0"""
Cel002,AGG-20221209-001,—,—,—,—,—,—,MISMATCH,—,MISMATCH,MISMATCH,MISMATCH,MISMATCH,—,MISMATCH,MISMATCH,—,MISMATCH,MISMATCH,—,—,—,—,—,—,—,—,—,—,—,—,—,—,MISMATCH,MATCH,MISMATCH,MISMATCH,MISMATCH,MISMATCH,—,—,—,—,—,—,—,MATCH,—,—,—,—,MISMATCH,MISMATCH,MISMATCH,MATCH,MISMATCH,MISMATCH,MISMATCH,MATCH,MATCH,MATCH,MISMATCH,MISMATCH,MATCH,—,24.1%,"EPD Expiry: beam=""2027"" pdf=∅ | Material: beam=""Cellulose - dense pack"" pdf=∅ | Manufacturer: beam=""Greenfiber"" pdf=∅ | Product Brand Name: beam=""Sanctuary"" pdf=∅ | Specifications: beam=""Avg of all facilties / R3.8/inch / 56.1 "" pdf=∅ | Countries of Manufacture: beam=""US"" pdf=∅ | Markets of Applicability: beam=""US & CA"" pdf=∅ | Stated EPD kgCO2e / unit: beam=""0.24"" pdf=∅ | GWP units kgCO2e per: beam=""m²•RSI"" pdf=""/ reference service life:"" | Density: beam=""56.1"" pdf=""17.1"" | Addn'l factors: beam=""2.171"" pdf=∅ | Addn'l factor units: beam=""kg/m2 at RSI1"" pdf=∅ | R-value / inch: beam=""3.80"" pdf=∅ | k, Thermal Conductivity: beam=""0.0387000"" pdf=∅ | EPD ID: beam=""AGG-20221209-001"" pdf=∅ | EPD Type: beam=""Product-specific"" pdf=∅ | EPD Owner: beam=""Greenfiber"" pdf=∅ | EPD Program / Operator: beam=""Ecoform, LLC"" pdf=""UL Environment"" | Internal/External Validation: beam=""External"" pdf=∅ | EPD Verifying Agent: beam=""Jack Gelbig, Ecoform"" pdf=∅ | EPD LCA Software: beam=""Simapro 9.4"" pdf=""and background LCI datasets may lead to "" | EPD LCI Database: beam=""Ecoinvent v3.9"" pdf=""SimaPro Developer 9.4"""
cel004,AGG-20221209-001,—,—,—,—,—,—,MISMATCH,—,MISMATCH,MISMATCH,MISMATCH,MISMATCH,—,MISMATCH,MISMATCH,—,MISMATCH,MISMATCH,—,—,—,—,—,—,—,—,—,—,—,—,—,—,MATCH,MATCH,MISMATCH,MISMATCH,MISMATCH,MISMATCH,—,—,—,—,—,—,—,MATCH,—,—,—,—,MISMATCH,MISMATCH,MISMATCH,MATCH,MISMATCH,MISMATCH,MISMATCH,MATCH,MATCH,MATCH,MISMATCH,MISMATCH,MATCH,—,27.6%,"EPD Expiry: beam=""2027"" pdf=∅ | Material: beam=""Cellulose - loose fill"" pdf=∅ | Manufacturer: beam=""Greenfiber"" pdf=∅ | Product Brand Name: beam=""Sanctuary"" pdf=∅ | Specifications: beam=""Avg of all facilties / R3.8/inch / 17.1 "" pdf=∅ | Countries of Manufacture: beam=""US"" pdf=∅ | Markets of Applicability: beam=""US & CA"" pdf=∅ | Stated EPD kgCO2e / unit: beam=""0.24"" pdf=∅ | GWP units kgCO2e per: beam=""m²•RSI"" pdf=""/ reference service life:"" | Addn'l factors: beam=""0.662"" pdf=∅ | Addn'l factor units: beam=""kg/m2 at RSI1"" pdf=∅ | R-value / inch: beam=""3.80"" pdf=∅ | k, Thermal Conductivity: beam=""0.0387000"" pdf=∅ | EPD ID: beam=""AGG-20221209-001"" pdf=∅ | EPD Type: beam=""Product-specific"" pdf=∅ | EPD Owner: beam=""Greenfiber"" pdf=∅ | EPD Program / Operator: beam=""Ecoform, LLC"" pdf=""UL Environment"" | Internal/External Validation: beam=""External"" pdf=∅ | EPD Verifying Agent: beam=""Jack Gelbig, Ecoform"" pdf=∅ | EPD LCA Software: beam=""Simapro 9.4"" pdf=""and background LCI datasets may lead to "" | EPD LCI Database: beam=""Ecoinvent v3.9"" pdf=""SimaPro Developer 9.4"""
TPO000,ASTM-EPD425,—,—,—,—,—,—,MISMATCH,—,MISMATCH,MISMATCH,MISMATCH,MISMATCH,—,MISMATCH,MISMATCH,—,MISMATCH,MISMATCH,—,—,—,—,—,—,—,—,—,—,—,—,—,—,MISMATCH,MISMATCH,—,—,—,—,—,—,—,—,—,—,—,MISMATCH,—,—,—,—,MISMATCH,MISMATCH,MISMATCH,MISMATCH,MISMATCH,MISMATCH,MISMATCH,MATCH,MISMATCH,MISMATCH,MISMATCH,MISMATCH,—,—,4.2%,"EPD Expiry: beam=""2028"" pdf=∅ | Material: beam=""TPO Roofing Membrane"" pdf=∅ | Manufacturer: beam=""Carlisle"" pdf=""CCM. See Table"" | Product Brand Name: beam=""Sure-Weld"" pdf=∅ | Specifications: beam=""60 mils"" pdf=∅ | Countries of Manufacture: beam=""US"" pdf=∅ | Markets of Applicability: beam=""US & CA"" pdf=""CAN, USA"" | Stated EPD kgCO2e / unit: beam=""3.77"" pdf=∅ | GWP units kgCO2e per: beam=""m²"" pdf=""and therefore do not provide sufficient "" | Density: beam=""1.62"" pdf=∅ | Density Units: beam=""kg/m2"" pdf=∅ | Material Type: beam=""TPO"" pdf=""Polyisocyanurate"" | EPD ID: beam=""ASTM-EPD425"" pdf=""EPD425"" | EPD Type: beam=""Product-specific"" pdf=∅ | EPD Owner: beam=""Carlisle"" pdf=""ASTM International"" | EPD/LCA Prepared by: beam=""ASTM International"" pdf=""Sphera"" | EPD Program / Operator: beam=""ASTM International"" pdf=""NSF International"" | Internal/External Validation: beam=""External"" pdf=∅ | EPD Verifying Agent: beam=""Athena Sustainable Materials Institute"" pdf=∅ | EPD PCR Guidelines: beam=""Single Ply Roofing Membranes, NSF, 2019"" pdf=""and Environmental"" | LCA Method: beam=""TRACI 2.1"" pdf=∅ | EPD LCA Software: beam=""GaBi v10"" pdf=""and background LCI datasets may lead to "" | EPD LCI Database: beam=""GaBi 2022"" pdf=""GaBi Professional"""
INS021,BAU-EPD-FASBA-2019-01-GABI,—,—,—,—,—,—,MISMATCH,—,MISMATCH,MISMATCH,MISMATCH,MISMATCH,—,MISMATCH,MISMATCH,—,MISMATCH,MISMATCH,—,—,—,—,—,—,—,—,—,—,—,—,—,—,MISMATCH,MISMATCH,MISMATCH,MISMATCH,MISMATCH,MISMATCH,MISMATCH,—,MISMATCH,MISMATCH,MISMATCH,—,—,MISMATCH,—,—,—,—,MISMATCH,MISMATCH,MISMATCH,MISMATCH,MISMATCH,MISMATCH,MISMATCH,—,MISMATCH,—,MISMATCH,MISMATCH,MISMATCH,—,0.0%,"EPD Expiry: beam=""2024-10-10"" pdf=∅ | Material: beam=""Straw Bale"" pdf=∅ | Manufacturer: beam=""FASBA (Germany)"" pdf=""HERAUSGEBER Bau EPD GmbH"" | Product Brand Name: beam=""Wheat & rye straw"" pdf=∅ | Specifications: beam=""R 2.8/inch"" pdf=∅ | Countries of Manufacture: beam=""EU"" pdf=∅ | Markets of Applicability: beam=""EU"" pdf=∅ | Stated EPD kgCO2e / unit: beam=""6.58"" pdf=∅ | GWP units kgCO2e per: beam=""m3"" pdf=∅ | Density: beam=""100"" pdf=∅ | Density Units: beam=""kg/m3"" pdf=∅ | Addn'l factors: beam=""4.300"" pdf=∅ | Addn'l factor units: beam=""kg/m2•RSI"" pdf=∅ | R-value / inch: beam=""3.35"" pdf=∅ | k, Thermal Conductivity: beam=""0.0430"" pdf=∅ | Moisture content %: beam=""11.8"" pdf=∅ | Length (m): beam=""0.5-3"" pdf=∅ | Width (m): beam=""0.3-0.9"" pdf=∅ | Depth (m): beam=""0.2-0.7"" pdf=∅ | Material Type: beam=""Straw"" pdf=∅ | EPD ID: beam=""BAU-EPD-FASBA-2019-01-GABI"" pdf=""EPD 2014"" | EPD Type: beam=""Industry average"" pdf=∅ | EPD Owner: beam=""Fachverband Straw Ball Construction Germ"" pdf=""Bau EPD"" | EPD/LCA Prepared by: beam=""Markus Worm  IBO - Austrian Institute fo"" pdf=∅ | EPD Program / Operator: beam=""Bau-EPD"" pdf=∅ | Internal/External Validation: beam=""External"" pdf=∅ | EPD Verifying Agent: beam=""DI Dr. sc ETHZ Florian Gschösser, Univer"" pdf=∅ | EPD PCR Guidelines: beam=""Requirements for an EPD for insulating m"" pdf=∅ | EPD LCA Software: beam=""Umberto LCA+ (Version 10.0)"" pdf=""GABI"" | EPD LCI Database: beam=""GaBi Database 2016"" pdf=""ecoinvent v3.5"" | Product Service Life (Years): beam=""50"" pdf=∅"
CCF001,BAU-EPD-Perlmooser-2022-1-Ecoinvent,—,—,—,—,—,—,MISMATCH,—,MISMATCH,MISMATCH,MISMATCH,MISMATCH,—,MISMATCH,MISMATCH,—,MISMATCH,MISMATCH,—,—,—,—,—,—,—,—,—,—,—,—,—,—,MISMATCH,MISMATCH,—,—,MISMATCH,MISMATCH,—,—,—,—,—,—,—,MISMATCH,—,—,—,—,MISMATCH,MISMATCH,MISMATCH,MISMATCH,MISMATCH,MISMATCH,MISMATCH,MATCH,MISMATCH,—,MATCH,MATCH,MISMATCH,—,11.5%,"EPD Expiry: beam=""1905-07-19"" pdf=∅ | Material: beam=""Cementitious foam"" pdf=∅ | Manufacturer: beam=""Perlmooser"" pdf=""HERAUSGEBER Bau EPD GmbH"" | Product Brand Name: beam=""Airium Spray"" pdf=∅ | Specifications: beam=""R3.43/inch / 70 kg/m3"" pdf=∅ | Countries of Manufacture: beam=""EU"" pdf=∅ | Markets of Applicability: beam=""EU"" pdf=∅ | Stated EPD kgCO2e / unit: beam=""31.4"" pdf=∅ | GWP units kgCO2e per: beam=""m3"" pdf=∅ | Density: beam=""70"" pdf=∅ | Density Units: beam=""kg/m3"" pdf=∅ | R-value / inch: beam=""3.43"" pdf=∅ | k, Thermal Conductivity: beam=""0.042"" pdf=∅ | Material Type: beam=""Cementitious foam"" pdf=∅ | EPD ID: beam=""BAU-EPD-Perlmooser-2022-1-Ecoinvent"" pdf=∅ | EPD Type: beam=""Product-specific"" pdf=∅ | EPD Owner: beam=""Perlmooser"" pdf=""Bau EPD"" | EPD/LCA Prepared by: beam=""Bau EPD GmbH"" pdf=∅ | EPD Program / Operator: beam=""Bau EPD GmbH"" pdf=""IBU"" | Internal/External Validation: beam=""External"" pdf=∅ | EPD Verifying Agent: beam=""Florian Gschosser & Hanna Schreiber"" pdf=∅ | EPD PCR Guidelines: beam=""Andorderungen an eine EPD fur mineralisc"" pdf=∅ | Product Service Life (Years): beam=""50"" pdf=∅"
INS000,B-EPD n° 21-0123-002-00.00-EN,—,—,—,—,—,—,MATCH,—,MISMATCH,MISMATCH,MISMATCH,MISMATCH,—,MISMATCH,MISMATCH,—,MISMATCH,MISMATCH,—,—,—,—,MISMATCH,—,—,—,—,—,—,—,—,—,MATCH,MATCH,—,—,MISMATCH,MISMATCH,—,—,—,—,—,—,—,MISMATCH,—,—,—,—,MISMATCH,MISMATCH,MISMATCH,MISMATCH,MISMATCH,MATCH,MATCH,MISMATCH,MISMATCH,MISMATCH,MATCH,MISMATCH,MISMATCH,—,21.4%,"Material: beam=""Straw board"" pdf=∅ | Manufacturer: beam=""VestaEco COMPOSITES Sp. Z o.o"" pdf=""nor LCA practitioner."" | Product Brand Name: beam=""VestaEco Straw Insulation Boards 140"" pdf=∅ | Specifications: beam=""40 - 200 mm / R4-inch"" pdf=∅ | Countries of Manufacture: beam=""EU"" pdf=""POL"" | Markets of Applicability: beam=""EU"" pdf=∅ | Stated EPD kgCO2e / unit: beam=""5.7"" pdf=∅ | GWP units kgCO2e per: beam=""m2•RSI"" pdf=""DESCRIPTION OF THE PRODUCTION PROCESS"" | GWP-bio from EPD: beam=""8.53"" pdf=∅ | R-value / inch: beam=""3.35"" pdf=∅ | k, Thermal Conductivity: beam=""0.043"" pdf=∅ | Material Type: beam=""Straw"" pdf=""Engineered wood"" | EPD ID: beam=""B-EPD n° 21-0123-002-00.00-EN"" pdf=∅ | EPD Type: beam=""Product-specific"" pdf=∅ | EPD Owner: beam=""VestaEco COMPOSITES Sp. z o.o."" pdf=∅ | EPD/LCA Prepared by: beam=""Stella LAPALUS
Dr Carolina SZABLEWSKI
Dr"" pdf=∅ | EPD Program / Operator: beam=""Federal Public Service of Health, Food C"" pdf=∅ | EPD Standards: beam=""--"" pdf=""ISO 14025, EN 15804+A2, ISO 14040"" | EPD PCR Guidelines: beam=""EN 15804+A2:2019
NBN/DTD B 08-001 and it"" pdf=∅ | LCA Method: beam=""----"" pdf=∅ | EPD LCI Database: beam=""Ecoinvent database version 3.6"" pdf=""are kept intact."" | Product Service Life (Years): beam=""60"" pdf=∅"
INT009,B-EPD n° 21-0123-002-00.00-EN,—,—,—,—,—,—,MATCH,—,MISMATCH,MISMATCH,MISMATCH,MISMATCH,—,MISMATCH,MISMATCH,—,MISMATCH,MISMATCH,—,—,—,—,MISMATCH,—,—,—,—,—,—,—,—,—,MISMATCH,MATCH,—,—,—,—,—,—,—,—,—,—,—,MISMATCH,—,—,—,—,MISMATCH,MISMATCH,MISMATCH,MISMATCH,MISMATCH,MATCH,MATCH,MISMATCH,MISMATCH,MISMATCH,MATCH,MISMATCH,MISMATCH,—,19.2%,"Material: beam=""Straw Board Sheathing"" pdf=∅ | Manufacturer: beam=""VestaEco COMPOSITES Sp. Z o.o"" pdf=""nor LCA practitioner."" | Product Brand Name: beam=""VestaEco Straw Insulation Boards 140"" pdf=∅ | Specifications: beam=""30 mm"" pdf=∅ | Countries of Manufacture: beam=""EU"" pdf=""POL"" | Markets of Applicability: beam=""EU"" pdf=∅ | Stated EPD kgCO2e / unit: beam=""262.9"" pdf=∅ | GWP units kgCO2e per: beam=""m3"" pdf=""DESCRIPTION OF THE PRODUCTION PROCESS"" | GWP-bio from EPD: beam=""397"" pdf=∅ | Density: beam=""280"" pdf=""140"" | Material Type: beam=""Straw"" pdf=""Engineered wood"" | EPD ID: beam=""B-EPD n° 21-0123-002-00.00-EN"" pdf=∅ | EPD Type: beam=""Product-specific"" pdf=∅ | EPD Owner: beam=""VestaEco COMPOSITES Sp. z o.o."" pdf=∅ | EPD/LCA Prepared by: beam=""Stella LAPALUS
Dr Carolina SZABLEWSKI
Dr"" pdf=∅ | EPD Program / Operator: beam=""Federal Public Service of Health, Food C"" pdf=∅ | EPD Standards: beam=""--"" pdf=""ISO 14025, EN 15804+A2, ISO 14040"" | EPD PCR Guidelines: beam=""EN 15804+A2:2019
NBN/DTD B 08-001 and it"" pdf=∅ | LCA Method: beam=""----"" pdf=∅ | EPD LCI Database: beam=""Ecoinvent database version 3.6"" pdf=""are kept intact."" | Product Service Life (Years): beam=""60"" pdf=∅"
INS002,CENIA 01.03.2023,—,—,—,—,—,—,MATCH,—,MISMATCH,MISMATCH,MISMATCH,MISMATCH,—,MISMATCH,MISMATCH,—,MISMATCH,MISMATCH,—,—,—,—,MISMATCH,—,—,—,—,—,—,—,—,—,MISMATCH,MISMATCH,—,—,MISMATCH,MISMATCH,—,—,—,—,MISMATCH,—,—,MISMATCH,—,—,—,—,MISMATCH,MISMATCH,MISMATCH,MISMATCH,MISMATCH,MATCH,—,MISMATCH,MISMATCH,MISMATCH,—,—,MISMATCH,—,7.7%,"Material: beam=""Compressed straw board"" pdf=∅ | Manufacturer: beam=""Ekopanely"" pdf=∅ | Product Brand Name: beam=""Ekopanel E40-800 / 40 mm"" pdf=∅ | Specifications: beam=""40 mm x 800 mm x 1200-3200 mm"" pdf=∅ | Countries of Manufacture: beam=""EU"" pdf=""CZE"" | Markets of Applicability: beam=""EU"" pdf=""Scope includes manufacture in Czech Repu"" | Stated EPD kgCO2e / unit: beam=""5.0"" pdf=∅ | GWP units kgCO2e per: beam=""m2 @ 40mm"" pdf=∅ | GWP-bio from EPD: beam=""9.44"" pdf=∅ | Density: beam=""379"" pdf=∅ | Density Units: beam=""kg/m3"" pdf=∅ | R-value / inch: beam=""1.46"" pdf=∅ | k, Thermal Conductivity: beam=""0.099"" pdf=∅ | Depth (m): beam=""0.040"" pdf=∅ | Material Type: beam=""Straw"" pdf=∅ | EPD ID: beam=""CENIA 01.03.2023"" pdf=∅ | EPD Type: beam=""Product-specific"" pdf=∅ | EPD Owner: beam=""Ekopanely"" pdf=""has the sole ownership, liability, and r"" | EPD/LCA Prepared by: beam=""Ecopanely"" pdf=""Lubos Nobilis, ECO trend s.r.o., Na Doli"" | EPD Program / Operator: beam=""None"" pdf=∅ | EPD Standards: beam=""--"" pdf=""ISO 14025:2006, EN 15804:2012, ISO 14040"" | EPD PCR Guidelines: beam=""EN 15804:2012 + A2:2019 Sustainability o"" pdf=∅ | LCA Method: beam=""CML (v4.1)"" pdf=∅ | Product Service Life (Years): beam=""75"" pdf=∅"
1ca576,CIM – 20191223 – 001,—,—,—,—,—,—,MISMATCH,—,MISMATCH,MISMATCH,MISMATCH,MISMATCH,—,—,MISMATCH,—,MISMATCH,MISMATCH,—,—,—,—,—,—,—,—,—,—,—,—,—,—,MISMATCH,MISMATCH,MISMATCH,MISMATCH,MISMATCH,MISMATCH,—,—,—,—,—,—,—,MATCH,—,—,—,—,MISMATCH,MISMATCH,MISMATCH,MATCH,MATCH,MISMATCH,MISMATCH,—,—,MATCH,MISMATCH,—,MATCH,—,20.0%,"EPD Expiry: beam=""2024-12-23"" pdf=∅ | Material: beam=""Cellulose - loose fill"" pdf=∅ | Manufacturer: beam=""CIMA"" pdf=""several manufacturing steps that involve"" | Product Brand Name: beam=""Includes: AFT, Applegate, Can-Cell, Cell"" pdf=∅ | Specifications: beam=""R 3.7/inch"" pdf=∅ | Markets of Applicability: beam=""US & CA"" pdf=∅ | Stated EPD kgCO2e / unit: beam=""0.487"" pdf=∅ | GWP units kgCO2e per: beam=""m2•RSI"" pdf=""/ reference service life:"" | Density: beam=""24.4"" pdf=∅ | Density Units: beam=""kg/m3"" pdf=∅ | Addn'l factors: beam=""0.951"" pdf=∅ | Addn'l factor units: beam=""kg/m2 at RSI1"" pdf=∅ | R-value / inch: beam=""3.7"" pdf=∅ | k, Thermal Conductivity: beam=""0.0389787"" pdf=∅ | EPD ID: beam=""CIM – 20191223 – 001"" pdf=∅ | EPD Type: beam=""Industry average"" pdf=∅ | EPD Owner: beam=""CIMA - Cellulose Insulation Manufacturer"" pdf=""NSF"" | Internal/External Validation: beam=""External"" pdf=∅ | EPD Verifying Agent: beam=""NSF Certification"" pdf=""NSF to UL Building Envelope Thermal Insu"" | EPD LCA Software: beam=""SimaPro Analyst 8.5.2.0, EcoInvent 3.1, "" pdf=""and"""
967ad6,CIM – 20191223 – 001,—,—,—,—,—,—,MISMATCH,—,MISMATCH,MISMATCH,MISMATCH,MISMATCH,—,—,MISMATCH,—,MISMATCH,MISMATCH,—,—,—,—,—,—,—,—,—,—,—,—,—,—,MISMATCH,MISMATCH,MISMATCH,MISMATCH,MISMATCH,MISMATCH,—,—,—,—,—,—,—,MATCH,—,—,—,—,MISMATCH,MISMATCH,—,MATCH,—,—,—,—,—,—,—,—,—,—,11.1%,"EPD Expiry: beam=""2024"" pdf=∅ | Material: beam=""Cellulose - batt"" pdf=∅ | Manufacturer: beam=""CMS"" pdf=""several manufacturing steps that involve"" | Product Brand Name: beam=""EcoCell"" pdf=∅ | Specifications: beam=""R 3.6/inch"" pdf=∅ | Markets of Applicability: beam=""US"" pdf=∅ | Stated EPD kgCO2e / unit: beam=""0.487"" pdf=∅ | GWP units kgCO2e per: beam=""m2•RSI"" pdf=""/ reference service life:"" | Density: beam=""40"" pdf=∅ | Density Units: beam=""kg/m3"" pdf=∅ | Addn'l factors: beam=""1.6"" pdf=∅ | Addn'l factor units: beam=""kg/m2 at RSI1"" pdf=∅ | R-value / inch: beam=""3.6"" pdf=∅ | k, Thermal Conductivity: beam=""0.0400614"" pdf=∅ | EPD ID: beam=""CIM – 20191223 – 001"" pdf=∅ | EPD Type: beam=""Product-specific"" pdf=∅"
fc7d3a,CIM – 20191223 – 001,—,—,—,—,—,—,MISMATCH,—,MISMATCH,MISMATCH,MISMATCH,MISMATCH,—,MISMATCH,MISMATCH,—,MISMATCH,MISMATCH,—,—,—,—,—,—,—,—,—,—,—,—,—,—,MISMATCH,MISMATCH,MISMATCH,MISMATCH,MISMATCH,MISMATCH,—,—,—,—,—,—,—,MATCH,—,—,—,—,MISMATCH,MISMATCH,MISMATCH,MATCH,—,—,—,—,—,—,—,—,—,—,10.0%,"EPD Expiry: beam=""2024-12-23"" pdf=∅ | Material: beam=""Cellulose - dense pack"" pdf=∅ | Manufacturer: beam=""CIMA"" pdf=""several manufacturing steps that involve"" | Product Brand Name: beam=""Includes AFT, Applegate, Can-Cell, Cell-"" pdf=∅ | Specifications: beam=""R 3.7/inch"" pdf=∅ | Countries of Manufacture: beam=""US & CA"" pdf=∅ | Markets of Applicability: beam=""US & CA"" pdf=∅ | Stated EPD kgCO2e / unit: beam=""0.487"" pdf=∅ | GWP units kgCO2e per: beam=""m2•RSI"" pdf=""/ reference service life:"" | Density: beam=""56"" pdf=∅ | Density Units: beam=""kg/m3"" pdf=∅ | Addn'l factors: beam=""2.184"" pdf=∅ | Addn'l factor units: beam=""kg/m2 at RSI1"" pdf=∅ | R-value / inch: beam=""3.7"" pdf=∅ | k, Thermal Conductivity: beam=""0.0389787"" pdf=∅ | EPD ID: beam=""CIM – 20191223 – 001"" pdf=∅ | EPD Type: beam=""Industry average"" pdf=∅ | EPD Owner: beam=""CIMA - Cellulose Insulation Manufacturer"" pdf=""NSF"""
PLY000,EP397,—,—,—,—,—,—,MISMATCH,—,MISMATCH,MISMATCH,MISMATCH,MISMATCH,—,MISMATCH,MISMATCH,—,MISMATCH,MATCH,—,—,—,—,MISMATCH,—,—,—,—,—,—,—,—,—,MISMATCH,MATCH,—,—,—,—,—,—,—,—,—,—,—,MISMATCH,—,—,—,—,MISMATCH,MATCH,MISMATCH,MISMATCH,MISMATCH,MISMATCH,MISMATCH,MISMATCH,MATCH,MISMATCH,MATCH,MISMATCH,MISMATCH,—,19.2%,"EPD Expiry: beam=""2028-02-20"" pdf=∅ | Material: beam=""Softwood Plywood Produced in British Col"" pdf=∅ | Manufacturer: beam=""West Fraser Mills, Thompson River Veneer"" pdf=""Canadian Wood Council"" | Product Brand Name: beam=""Softwood Plywood Produced in British Col"" pdf=∅ | Specifications: beam=""1/2"""" pdf=∅ | Countries of Manufacture: beam=""CA"" pdf=""USA"" | Markets of Applicability: beam=""US & CA"" pdf=""CAN, USA"" | Stated EPD kgCO2e / unit: beam=""131.68"" pdf=""5.220000000000001"" | GWP-bio from EPD: beam=""680.99"" pdf=∅ | Density: beam=""477.33"" pdf=""500"" | Material Type: beam=""Sheathing"" pdf=""Plywood"" | EPD ID: beam=""EP397"" pdf=""4788424634.103.1"" | EPD Owner: beam=""Forestry Innovation Investment Ltd."" pdf=""UL Environment"" | EPD/LCA Prepared by: beam=""Athena Sustainable Materials Institute"" pdf=""PRé Consultants"" | EPD Program / Operator: beam=""ASTM International"" pdf=""UL Environment"" | Internal/External Validation: beam=""External"" pdf=∅ | EPD Verifying Agent: beam=""Dr. Thomas Gloria
Industrial Ecology Con"" pdf=∅ | EPD Standards: beam=""--"" pdf=""ISO 14025:2006, ISO 21930:2017, EN 15804"" | LCA Method: beam=""TRACI 2.1"" pdf=""& VERSION NUMBER TRACI v2.1 [5]"" | EPD LCI Database: beam=""USLCI [9], ecoinvent 3.5 [15], Datasmart"" pdf=""https://www.worldsteel.org/steel-by-topi"" | Product Service Life (Years): beam=""--"" pdf=∅"
PLY001,EP397,—,—,—,—,—,—,MISMATCH,—,MISMATCH,MISMATCH,MISMATCH,MISMATCH,—,MISMATCH,MISMATCH,—,MISMATCH,MATCH,—,—,—,—,MISMATCH,—,—,—,—,—,—,—,—,—,MISMATCH,MATCH,—,—,—,—,—,—,—,—,—,—,—,MISMATCH,—,—,—,—,MISMATCH,MATCH,MISMATCH,MISMATCH,MISMATCH,MISMATCH,MISMATCH,MISMATCH,MATCH,MISMATCH,MATCH,MISMATCH,MISMATCH,—,19.2%,"EPD Expiry: beam=""2028-02-20"" pdf=∅ | Material: beam=""Softwood Plywood Produced in British Col"" pdf=∅ | Manufacturer: beam=""West Fraser Mills, Thompson River Veneer"" pdf=""Canadian Wood Council"" | Product Brand Name: beam=""Softwood Plywood Produced in British Col"" pdf=∅ | Specifications: beam=""3/4"""" pdf=∅ | Countries of Manufacture: beam=""CA"" pdf=""USA"" | Markets of Applicability: beam=""US & CA"" pdf=""CAN, USA"" | Stated EPD kgCO2e / unit: beam=""131.68"" pdf=""5.220000000000001"" | GWP-bio from EPD: beam=""680.99"" pdf=∅ | Density: beam=""477.33"" pdf=""500"" | Material Type: beam=""Sheathing"" pdf=""Plywood"" | EPD ID: beam=""EP397"" pdf=""4788424634.103.1"" | EPD Owner: beam=""Forestry Innovation Investment Ltd."" pdf=""UL Environment"" | EPD/LCA Prepared by: beam=""Athena Sustainable Materials Institute"" pdf=""PRé Consultants"" | EPD Program / Operator: beam=""ASTM International"" pdf=""UL Environment"" | Internal/External Validation: beam=""External"" pdf=∅ | EPD Verifying Agent: beam=""Dr. Thomas Gloria
Industrial Ecology Con"" pdf=∅ | EPD Standards: beam=""--"" pdf=""ISO 14025:2006, ISO 21930:2017, EN 15804"" | LCA Method: beam=""TRACI 2.1"" pdf=""& VERSION NUMBER TRACI v2.1 [5]"" | EPD LCI Database: beam=""USLCI [9], ecoinvent 3.5 [15], Datasmart"" pdf=""https://www.worldsteel.org/steel-by-topi"" | Product Service Life (Years): beam=""--"" pdf=∅"
PLY002,EP397,—,—,—,—,—,—,MISMATCH,—,MISMATCH,MISMATCH,MISMATCH,MISMATCH,—,MISMATCH,MISMATCH,—,MISMATCH,MATCH,—,—,—,—,MISMATCH,—,—,—,—,—,—,—,—,—,MISMATCH,MATCH,—,—,—,—,—,—,—,—,—,—,—,MISMATCH,—,—,—,—,MISMATCH,MATCH,MISMATCH,MISMATCH,MISMATCH,MISMATCH,MISMATCH,MISMATCH,MATCH,MISMATCH,MATCH,MISMATCH,MISMATCH,—,19.2%,"EPD Expiry: beam=""2028-02-20"" pdf=∅ | Material: beam=""Softwood Plywood Produced in British Col"" pdf=∅ | Manufacturer: beam=""West Fraser Mills, Thompson River Veneer"" pdf=""Canadian Wood Council"" | Product Brand Name: beam=""Softwood Plywood Produced in British Col"" pdf=∅ | Specifications: beam=""5/8"""" pdf=∅ | Countries of Manufacture: beam=""CA"" pdf=""USA"" | Markets of Applicability: beam=""US & CA"" pdf=""CAN, USA"" | Stated EPD kgCO2e / unit: beam=""131.68"" pdf=""5.220000000000001"" | GWP-bio from EPD: beam=""680.99"" pdf=∅ | Density: beam=""477.33"" pdf=""500"" | Material Type: beam=""Sheathing"" pdf=""Plywood"" | EPD ID: beam=""EP397"" pdf=""4788424634.103.1"" | EPD Owner: beam=""Forestry Innovation Investment Ltd."" pdf=""UL Environment"" | EPD/LCA Prepared by: beam=""Athena Sustainable Materials Institute"" pdf=""PRé Consultants"" | EPD Program / Operator: beam=""ASTM International"" pdf=""UL Environment"" | Internal/External Validation: beam=""External"" pdf=∅ | EPD Verifying Agent: beam=""Dr. Thomas Gloria
Industrial Ecology Con"" pdf=∅ | EPD Standards: beam=""--"" pdf=""ISO 14025:2006, ISO 21930:2017, EN 15804"" | LCA Method: beam=""TRACI 2.1"" pdf=""& VERSION NUMBER TRACI v2.1 [5]"" | EPD LCI Database: beam=""USLCI [9], ecoinvent 3.5 [15], Datasmart"" pdf=""https://www.worldsteel.org/steel-by-topi"" | Product Service Life (Years): beam=""--"" pdf=∅"
SPF000,EP398,—,—,—,—,—,—,MATCH,—,MISMATCH,MISMATCH,MISMATCH,MISMATCH,—,MISMATCH,MISMATCH,—,MATCH,MISMATCH,—,—,—,—,MISMATCH,—,—,—,—,—,—,—,—,—,MISMATCH,MATCH,—,—,—,—,—,—,MISMATCH,MISMATCH,MISMATCH,MISMATCH,—,MISMATCH,—,—,—,—,MISMATCH,MISMATCH,MISMATCH,MISMATCH,MATCH,MATCH,MATCH,MISMATCH,MISMATCH,MATCH,MATCH,MISMATCH,MISMATCH,—,26.7%,"Material: beam=""Wood - SPF"" pdf=∅ | Manufacturer: beam=""Canfor, Interfor, West Fraser Mills, Wes"" pdf=""British Columbia According to EN"" | Product Brand Name: beam=""Surfaced Dry Softwood Lumber Produced in"" pdf=∅ | Specifications: beam=""2x4"" pdf=∅ | Countries of Manufacture: beam=""CA"" pdf=∅ | Markets of Applicability: beam=""US & CA"" pdf=""Construction Sector"" | GWP units kgCO2e per: beam=""m3"" pdf=""Columbia"" | GWP-bio from EPD: beam=""785.7"" pdf=""45.86"" | Density: beam=""462.91"" pdf=""500"" | Length (m): beam=""1.000"" pdf=∅ | Width (m): beam=""0.0381"" pdf=∅ | Depth (m): beam=""0.0889"" pdf=∅ | Unit Volume (m3): beam=""0.003387"" pdf=∅ | Material Type: beam=""Framing"" pdf=""Plywood"" | EPD ID: beam=""EP398"" pdf=""EPD 398"" | EPD Type: beam=""Industry average"" pdf=""Product-specific"" | EPD Owner: beam=""Forestry Innovation Investment Ltd."" pdf=∅ | EPD/LCA Prepared by: beam=""Athena Sustainable Materials Institute"" pdf=""PRé Consultants"" | EPD Standards: beam=""--"" pdf=""ISO 14025, ISO 21930, EN 15804, ISO 1404"" | EPD PCR Guidelines: beam=""Part B: Structural and Architectural Woo"" pdf=""Structural and Architectural Wood Produc"" | EPD LCI Database: beam=""USLCI [9], ecoinvent 3.5 [15], Datasmart"" pdf=""http://www.nrel.gov/lci/"" | Product Service Life (Years): beam=""--"" pdf=∅"
SPF001,EP398,—,—,—,—,—,—,MATCH,—,MISMATCH,MISMATCH,MISMATCH,MISMATCH,—,MISMATCH,MISMATCH,—,MATCH,MISMATCH,—,—,—,—,MISMATCH,—,—,—,—,—,—,—,—,—,MISMATCH,MATCH,—,—,—,—,—,—,MISMATCH,MISMATCH,MISMATCH,MISMATCH,—,MISMATCH,—,—,—,—,MISMATCH,MISMATCH,MISMATCH,MISMATCH,MATCH,MATCH,MATCH,MISMATCH,MISMATCH,MATCH,MATCH,MISMATCH,MISMATCH,—,26.7%,"Material: beam=""Wood - SPF"" pdf=∅ | Manufacturer: beam=""Canfor, Interfor, West Fraser Mills, Wes"" pdf=""British Columbia According to EN"" | Product Brand Name: beam=""Surfaced Dry Softwood Lumber Produced in"" pdf=∅ | Specifications: beam=""2x6"" pdf=∅ | Countries of Manufacture: beam=""CA"" pdf=∅ | Markets of Applicability: beam=""US & CA"" pdf=""Construction Sector"" | GWP units kgCO2e per: beam=""m3"" pdf=""Columbia"" | GWP-bio from EPD: beam=""785.7"" pdf=""45.86"" | Density: beam=""462.91"" pdf=""500"" | Length (m): beam=""1.000"" pdf=∅ | Width (m): beam=""0.0381"" pdf=∅ | Depth (m): beam=""0.1397"" pdf=∅ | Unit Volume (m3): beam=""0.005323"" pdf=∅ | Material Type: beam=""Framing"" pdf=""Plywood"" | EPD ID: beam=""EP398"" pdf=""EPD 398"" | EPD Type: beam=""Industry average"" pdf=""Product-specific"" | EPD Owner: beam=""Forestry Innovation Investment Ltd."" pdf=∅ | EPD/LCA Prepared by: beam=""Athena Sustainable Materials Institute"" pdf=""PRé Consultants"" | EPD Standards: beam=""--"" pdf=""ISO 14025, ISO 21930, EN 15804, ISO 1404"" | EPD PCR Guidelines: beam=""Part B: Structural and Architectural Woo"" pdf=""Structural and Architectural Wood Produc"" | EPD LCI Database: beam=""USLCI [9], ecoinvent 3.5 [15], Datasmart"" pdf=""http://www.nrel.gov/lci/"" | Product Service Life (Years): beam=""--"" pdf=∅"
SPF002,EP398,—,—,—,—,—,—,MATCH,—,MISMATCH,MISMATCH,MISMATCH,MISMATCH,—,MISMATCH,MISMATCH,—,MATCH,MISMATCH,—,—,—,—,MISMATCH,—,—,—,—,—,—,—,—,—,MISMATCH,MATCH,—,—,—,—,—,—,MISMATCH,MISMATCH,MISMATCH,MISMATCH,—,MISMATCH,—,—,—,—,MISMATCH,MISMATCH,MISMATCH,MISMATCH,MATCH,MATCH,MATCH,MISMATCH,MISMATCH,MATCH,MATCH,MISMATCH,MISMATCH,—,26.7%,"Material: beam=""Wood - SPF"" pdf=∅ | Manufacturer: beam=""Canfor, Interfor, West Fraser Mills, Wes"" pdf=""British Columbia According to EN"" | Product Brand Name: beam=""Surfaced Dry Softwood Lumber Produced in"" pdf=∅ | Specifications: beam=""2x4"" pdf=∅ | Countries of Manufacture: beam=""CA"" pdf=∅ | Markets of Applicability: beam=""US & CA"" pdf=""Construction Sector"" | GWP units kgCO2e per: beam=""m3"" pdf=""Columbia"" | GWP-bio from EPD: beam=""785.7"" pdf=""45.86"" | Density: beam=""462.91"" pdf=""500"" | Length (m): beam=""1.000"" pdf=∅ | Width (m): beam=""0.0381"" pdf=∅ | Depth (m): beam=""0.1842"" pdf=∅ | Unit Volume (m3): beam=""0.007016"" pdf=∅ | Material Type: beam=""Framing"" pdf=""Plywood"" | EPD ID: beam=""EP398"" pdf=""EPD 398"" | EPD Type: beam=""Industry average"" pdf=""Product-specific"" | EPD Owner: beam=""Forestry Innovation Investment Ltd."" pdf=∅ | EPD/LCA Prepared by: beam=""Athena Sustainable Materials Institute"" pdf=""PRé Consultants"" | EPD Standards: beam=""--"" pdf=""ISO 14025, ISO 21930, EN 15804, ISO 1404"" | EPD PCR Guidelines: beam=""Part B: Structural and Architectural Woo"" pdf=""Structural and Architectural Wood Produc"" | EPD LCI Database: beam=""USLCI [9], ecoinvent 3.5 [15], Datasmart"" pdf=""http://www.nrel.gov/lci/"" | Product Service Life (Years): beam=""--"" pdf=∅"
2014f0,EPD-003,—,—,—,—,—,—,MISMATCH,—,MISMATCH,MISMATCH,MISMATCH,MISMATCH,—,—,MATCH,—,MISMATCH,MISMATCH,—,—,—,—,—,—,—,—,—,—,—,—,—,—,MISMATCH,MISMATCH,—,—,—,—,—,—,—,—,MISMATCH,—,—,—,—,—,—,—,MISMATCH,MATCH,—,MISMATCH,—,—,—,—,—,—,—,—,—,—,14.3%,"EPD Expiry: beam=""2024"" pdf=∅ | Material: beam=""BioBased Tile"" pdf=∅ | Manufacturer: beam=""Armstrong"" pdf=""the U.S. average grid."" | Product Brand Name: beam=""BioBased Tile"" pdf=∅ | Specifications: beam=""Non-PVC with BioStride polyester binder,"" pdf=∅ | Stated EPD kgCO2e / unit: beam=""4.55"" pdf=∅ | GWP units kgCO2e per: beam=""m²"" pdf=""Reference PCR Part A: PCR for building-r"" | Density: beam=""7.03"" pdf=∅ | Density Units: beam=""kg/m2"" pdf=∅ | Depth (m): beam=""0.003"" pdf=∅ | EPD ID: beam=""EPD-003"" pdf=""EPD-0003"" | EPD/LCA Prepared by: beam=""ASTM International"" pdf=∅"
a3d86b,EPD‐009,—,—,—,—,—,—,MISMATCH,—,MISMATCH,MISMATCH,MISMATCH,MISMATCH,—,MISMATCH,MISMATCH,—,MISMATCH,MATCH,—,—,—,—,—,—,—,—,—,—,—,—,—,—,MISMATCH,MISMATCH,—,—,—,—,—,—,—,—,—,—,—,—,—,—,—,—,MISMATCH,MISMATCH,MISMATCH,MISMATCH,MISMATCH,—,MISMATCH,—,MISMATCH,—,—,—,MATCH,—,10.5%,"EPD Expiry: beam=""2019-08-15"" pdf=""2014-15-08"" | Material: beam=""PVC Roofing Membrane"" pdf=∅ | Manufacturer: beam=""CIFA"" pdf=""Chemical Fabrics and Film Association"" | Product Brand Name: beam=""Includes: Canadian General-Tower, Duro-L"" pdf=∅ | Specifications: beam=""48 mils"" pdf=∅ | Countries of Manufacture: beam=""US & CA"" pdf=""USA"" | Markets of Applicability: beam=""US & CA"" pdf=∅ | Stated EPD kgCO2e / unit: beam=""5.39"" pdf=""4.26"" | Density: beam=""1.463"" pdf=∅ | Density Units: beam=""kg/m2"" pdf=∅ | EPD ID: beam=""EPD‐009"" pdf=""EPD"" | EPD Type: beam=""Industry average"" pdf=∅ | EPD Owner: beam=""Chemical Fabrics and Film Association (C"" pdf=""is liable for the underlying"" | EPD/LCA Prepared by: beam=""Athena Sustainable Materials Institute"" pdf=""Lindita Bushi and Jamie Meil"" | EPD Program / Operator: beam=""ASTM International"" pdf=""IBU"" | EPD Verifying Agent: beam=""Groupe AGÉCO (François Charron Doucet)"" pdf=""in accordance with ISO 14025 and Industr"" | EPD PCR Guidelines: beam=""ASTM PCR Rules For Preparing an Environm"" pdf=""35 Bracebridge Rd."""
1a89c6,EPD-038,—,—,—,—,—,—,MISMATCH,—,MISMATCH,—,MISMATCH,MISMATCH,—,—,MISMATCH,—,MATCH,MISMATCH,—,—,—,—,—,—,—,—,—,—,—,—,—,—,—,—,—,—,—,—,—,—,—,—,—,—,—,MATCH,—,—,—,—,MISMATCH,MATCH,—,MISMATCH,—,—,—,—,—,—,—,—,—,—,27.3%,"EPD Expiry: beam=""2021"" pdf=∅ | Material: beam=""Gypsum panels - glass mat"" pdf=∅ | Product Brand Name: beam=""Includes American Gypsum, CertainTeed, C"" pdf=∅ | Specifications: beam=""1/2"""" pdf=∅ | Markets of Applicability: beam=""US & CA"" pdf=""the geographical coverage is the U.S. an"" | GWP units kgCO2e per: beam=""92.9m2"" pdf=""1MSF"" | EPD ID: beam=""EPD-038"" pdf=""EPD- 038"" | EPD/LCA Prepared by: beam=""ASTM International"" pdf=""Lindita Bushi, Jamie Meil and Grant Finl"""
b23a5c,EPD-038,—,—,—,—,—,—,MISMATCH,—,MISMATCH,—,MISMATCH,MISMATCH,—,—,MISMATCH,—,MISMATCH,MISMATCH,—,—,—,—,—,—,—,—,—,—,—,—,—,—,—,—,—,—,—,—,—,—,—,—,—,—,—,MATCH,—,—,—,—,MISMATCH,MATCH,—,MISMATCH,—,—,—,—,—,—,—,—,—,—,18.2%,"EPD Expiry: beam=""2021"" pdf=∅ | Material: beam=""Gypsum panels - glass mat"" pdf=∅ | Product Brand Name: beam=""Includes American Gypsum, CertainTeed, C"" pdf=∅ | Specifications: beam=""5/8"""" pdf=∅ | Markets of Applicability: beam=""US & CA"" pdf=""the geographical coverage is the U.S. an"" | Stated EPD kgCO2e / unit: beam=""417"" pdf=""358"" | GWP units kgCO2e per: beam=""92.9m2"" pdf=""1MSF"" | EPD ID: beam=""EPD-038"" pdf=""EPD- 038"" | EPD/LCA Prepared by: beam=""ASTM International"" pdf=""Lindita Bushi, Jamie Meil and Grant Finl"""
21a5bb,EPD-054,—,—,—,—,—,—,MISMATCH,—,MISMATCH,MATCH,MISMATCH,MISMATCH,—,MISMATCH,MISMATCH,—,MISMATCH,MISMATCH,—,—,—,—,—,—,—,—,—,—,—,—,—,—,—,—,—,—,—,—,—,—,—,—,—,—,—,—,—,—,—,—,MATCH,MISMATCH,—,MISMATCH,—,—,—,—,—,—,—,—,—,—,16.7%,"EPD Expiry: beam=""2021"" pdf=∅ | Material: beam=""Dimensional Stone"" pdf=∅ | Product Brand Name: beam=""Natural Limestone Masonry"" pdf=∅ | Specifications: beam=""Weighted average product profile"" pdf=∅ | Countries of Manufacture: beam=""CAN"" pdf=∅ | Markets of Applicability: beam=""CAN"" pdf=""of core"" | Stated EPD kgCO2e / unit: beam=""441"" pdf=""521"" | GWP units kgCO2e per: beam=""100sf (9.29m2)"" pdf=""is 100 Square Feet of Natural Stone Clad"" | EPD Type: beam=""Product-specific"" pdf=∅ | EPD/LCA Prepared by: beam=""ASTM International"" pdf=∅"
INS040,EPD 070,—,—,—,—,—,—,MISMATCH,—,MISMATCH,MISMATCH,MISMATCH,MISMATCH,—,—,MISMATCH,—,MISMATCH,MISMATCH,—,—,—,—,—,—,—,—,—,—,—,—,—,—,MISMATCH,MATCH,—,—,MISMATCH,MISMATCH,—,—,—,—,—,—,—,MATCH,—,—,—,—,MISMATCH,MISMATCH,MISMATCH,MISMATCH,MATCH,MATCH,MISMATCH,MISMATCH,MISMATCH,—,MISMATCH,MISMATCH,MATCH,—,20.0%,"EPD Expiry: beam=""2027-09-22"" pdf=∅ | Material: beam=""Spray polyurethane foam - Closed Cell - "" pdf=∅ | Manufacturer: beam=""SPFA"" pdf=""each member"" | Product Brand Name: beam=""Includes: Accella, BASF, DAP, Demilec, D"" pdf=∅ | Specifications: beam=""R 6.6/inch"" pdf=∅ | Markets of Applicability: beam=""US & CA"" pdf=""This declaration is valid for"" | Stated EPD kgCO2e / unit: beam=""3.47"" pdf=""4.05"" | GWP units kgCO2e per: beam=""m2•RSI"" pdf=""1 m³"" | Density: beam=""31.2"" pdf=""30"" | R-value / inch: beam=""6.60"" pdf=∅ | k, Thermal Conductivity: beam=""0.02185169697"" pdf=∅ | EPD ID: beam=""EPD 070"" pdf=""EPD070"" | EPD Type: beam=""Industry average"" pdf=∅ | EPD Owner: beam=""SPFA"" pdf=""ASTM International"" | EPD/LCA Prepared by: beam=""ASTM"" pdf=""thinkstep"" | EPD Verifying Agent: beam=""Timothy S. Brooke"" pdf=""in accordance with ISO 14025."" | EPD Standards: beam=""ISO 21930:2017"" pdf=""ISO 14025, ISO 21930, EN 15804, ISO 1404"" | EPD PCR Guidelines: beam=""Building envelope thermal insulation, UL"" pdf=""– Thomas Gloria, PhD (chair)"" | EPD LCA Software: beam=""GaBi ts"" pdf=""and background LCI datasets may lead to"" | EPD LCI Database: beam=""GaBi 2018"" pdf=""provides the life cycle inventory data f"""
INS043,EPD 070,—,—,—,—,—,—,MISMATCH,—,MISMATCH,MISMATCH,MISMATCH,MISMATCH,—,—,MISMATCH,—,MISMATCH,MISMATCH,—,—,—,—,—,—,—,—,—,—,—,—,—,—,MISMATCH,MATCH,—,—,MISMATCH,MISMATCH,—,—,—,—,—,—,—,MATCH,—,—,—,—,MISMATCH,MISMATCH,MISMATCH,MISMATCH,MATCH,MATCH,MISMATCH,MISMATCH,MISMATCH,—,MISMATCH,MISMATCH,MATCH,—,20.0%,"EPD Expiry: beam=""2027-09-22"" pdf=∅ | Material: beam=""Spray polyurethane foam - Open Cell - HF"" pdf=∅ | Manufacturer: beam=""SPFA"" pdf=""each member"" | Product Brand Name: beam=""Includes: Accella, BASF, DAP, Demilec, D"" pdf=∅ | Specifications: beam=""R 4.1/inch"" pdf=∅ | Markets of Applicability: beam=""US & CA"" pdf=""This declaration is valid for"" | Stated EPD kgCO2e / unit: beam=""1.42"" pdf=""4.05"" | GWP units kgCO2e per: beam=""m2•RSI"" pdf=""1 m³"" | Density: beam=""9.6"" pdf=""30"" | R-value / inch: beam=""4.1"" pdf=∅ | k, Thermal Conductivity: beam=""0.03517590244"" pdf=∅ | EPD ID: beam=""EPD 070"" pdf=""EPD070"" | EPD Type: beam=""Industry average"" pdf=∅ | EPD Owner: beam=""SPFA"" pdf=""ASTM International"" | EPD/LCA Prepared by: beam=""ASTM"" pdf=""thinkstep"" | EPD Verifying Agent: beam=""Timothy S. Brooke"" pdf=""in accordance with ISO 14025."" | EPD Standards: beam=""ISO 21930:2019"" pdf=""ISO 14025, ISO 21930, EN 15804, ISO 1404"" | EPD PCR Guidelines: beam=""Building envelope thermal insulation, UL"" pdf=""– Thomas Gloria, PhD (chair)"" | EPD LCA Software: beam=""GaBi ts"" pdf=""and background LCI datasets may lead to"" | EPD LCI Database: beam=""GaBi 2020"" pdf=""provides the life cycle inventory data f"""
INS045,EPD 070,—,—,—,—,—,—,MISMATCH,—,MISMATCH,MISMATCH,MISMATCH,MISMATCH,—,—,MISMATCH,—,MATCH,MISMATCH,—,—,—,—,—,—,—,—,—,—,—,—,—,—,MISMATCH,MATCH,—,—,MISMATCH,MISMATCH,—,—,—,—,—,—,—,MATCH,—,—,—,—,MISMATCH,MISMATCH,MISMATCH,MISMATCH,MATCH,MATCH,MISMATCH,MISMATCH,MISMATCH,—,MISMATCH,MISMATCH,MATCH,—,24.0%,"EPD Expiry: beam=""2027-09-22"" pdf=∅ | Material: beam=""Spray polyurethane foam - High Density -"" pdf=∅ | Manufacturer: beam=""SPFA"" pdf=""each member"" | Product Brand Name: beam=""Includes: Accella, BASF, DAP, Demilec, D"" pdf=∅ | Specifications: beam=""R 6.5/inch"" pdf=∅ | Markets of Applicability: beam=""US & CA"" pdf=""This declaration is valid for"" | GWP units kgCO2e per: beam=""m2•RSI"" pdf=""1 m³"" | Density: beam=""52"" pdf=""30"" | R-value / inch: beam=""6.50"" pdf=∅ | k, Thermal Conductivity: beam=""0.02218787692"" pdf=∅ | EPD ID: beam=""EPD 070"" pdf=""EPD070"" | EPD Type: beam=""Industry average"" pdf=∅ | EPD Owner: beam=""SPFA"" pdf=""ASTM International"" | EPD/LCA Prepared by: beam=""ASTM"" pdf=""thinkstep"" | EPD Verifying Agent: beam=""Timothy S. Brooke"" pdf=""in accordance with ISO 14025."" | EPD Standards: beam=""ISO 21930:2018"" pdf=""ISO 14025, ISO 21930, EN 15804, ISO 1404"" | EPD PCR Guidelines: beam=""Building envelope thermal insulation, UL"" pdf=""– Thomas Gloria, PhD (chair)"" | EPD LCA Software: beam=""GaBi ts"" pdf=""and background LCI datasets may lead to"" | EPD LCI Database: beam=""GaBi 2019"" pdf=""provides the life cycle inventory data f"""
7f7bd8,EPD-073,—,—,—,—,—,—,MISMATCH,—,MISMATCH,MATCH,MISMATCH,—,—,—,—,—,MATCH,MATCH,—,—,—,—,—,—,—,—,—,—,—,—,—,—,—,—,—,—,—,—,—,—,—,—,—,—,—,—,—,—,—,—,MISMATCH,MATCH,—,MISMATCH,—,—,—,—,—,—,—,—,—,—,44.4%,"EPD Expiry: beam=""2022"" pdf=""2017-23-10"" | Material: beam=""Waterproofing membrane adhesive"" pdf=∅ | Product Brand Name: beam=""Bituthene"" pdf=""Product description"" | EPD ID: beam=""EPD-073"" pdf=""EPD-073 EPD Information"" | EPD/LCA Prepared by: beam=""ASTM International"" pdf=""Lindita Bushi Ph.D. and Jamie Meil"""
8ded24,EPD-087,—,—,—,—,—,—,MISMATCH,—,MISMATCH,MISMATCH,—,MISMATCH,—,—,MISMATCH,—,MISMATCH,MATCH,—,—,—,—,—,—,—,—,—,—,—,—,—,—,MISMATCH,MATCH,—,—,MISMATCH,MISMATCH,—,—,—,—,—,—,—,MATCH,—,—,—,—,MISMATCH,MISMATCH,—,MISMATCH,—,—,—,—,—,—,—,—,—,—,20.0%,"EPD Expiry: beam=""2023"" pdf=∅ | Material: beam=""Spray polyurethane foam - Closed Cell - "" pdf=∅ | Manufacturer: beam=""SPFA"" pdf=""each member"" | Specifications: beam=""R 6.6/inch"" pdf=∅ | Markets of Applicability: beam=""US & CA"" pdf=""This declaration is valid"" | Stated EPD kgCO2e / unit: beam=""13.16"" pdf=""3.83"" | Density: beam=""31.2"" pdf=""30"" | R-value / inch: beam=""6.6"" pdf=∅ | k, Thermal Conductivity: beam=""0.02185169697"" pdf=∅ | EPD ID: beam=""EPD-087"" pdf=""EPD087"" | EPD Type: beam=""Industry average"" pdf=∅ | EPD/LCA Prepared by: beam=""ASTM International"" pdf=""thinkstep"""
dc197c,EPD-087,—,—,—,—,—,—,MISMATCH,—,MISMATCH,MISMATCH,—,MISMATCH,—,—,MISMATCH,—,MISMATCH,MATCH,—,—,—,—,—,—,—,—,—,—,—,—,—,—,MISMATCH,MATCH,—,—,MISMATCH,MISMATCH,—,—,—,—,—,—,—,MATCH,—,—,—,—,MISMATCH,MISMATCH,—,MISMATCH,—,—,—,—,—,—,—,—,—,—,20.0%,"EPD Expiry: beam=""2023"" pdf=∅ | Material: beam=""Spray polyurethane foam - High Density -"" pdf=∅ | Manufacturer: beam=""SPFA"" pdf=""each member"" | Specifications: beam=""R 6.3/inch"" pdf=∅ | Markets of Applicability: beam=""US & CA"" pdf=""This declaration is valid"" | Stated EPD kgCO2e / unit: beam=""17.02"" pdf=""3.83"" | Density: beam=""52"" pdf=""30"" | R-value / inch: beam=""6.3"" pdf=∅ | k, Thermal Conductivity: beam=""0.02289225397"" pdf=∅ | EPD ID: beam=""EPD-087"" pdf=""EPD087"" | EPD Type: beam=""Industry average"" pdf=∅ | EPD/LCA Prepared by: beam=""ASTM International"" pdf=""thinkstep"""
CMU004,EPD-088,—,—,—,—,—,—,MISMATCH,—,MISMATCH,MATCH,MISMATCH,MISMATCH,—,MISMATCH,MISMATCH,—,MISMATCH,MISMATCH,—,—,—,—,—,—,—,—,—,—,—,—,—,—,MISMATCH,MISMATCH,MISMATCH,MISMATCH,—,—,—,—,MISMATCH,MISMATCH,MISMATCH,—,—,—,—,—,—,—,MISMATCH,MISMATCH,MISMATCH,MISMATCH,MATCH,MISMATCH,MISMATCH,—,MISMATCH,—,MISMATCH,—,MISMATCH,—,7.7%,"EPD Expiry: beam=""2024-01-07"" pdf=∅ | Material: beam=""CMU - Normal weight"" pdf=∅ | Product Brand Name: beam=""8"" CarboClave Block"" pdf=∅ | Specifications: beam=""8 x 8 x 16"" pdf=∅ | Countries of Manufacture: beam=""CA"" pdf=∅ | Markets of Applicability: beam=""US & CA"" pdf=∅ | Stated EPD kgCO2e / unit: beam=""256"" pdf=""158"" | GWP units kgCO2e per: beam=""m3"" pdf=""Declaration Number"" | Density: beam=""1750"" pdf=∅ | Density Units: beam=""kg/m3"" pdf=∅ | Addn'l factors: beam=""186"" pdf=∅ | Addn'l factor units: beam=""kg/m2 of wall"" pdf=∅ | Length (m): beam=""0.390"" pdf=∅ | Width (m): beam=""0.190"" pdf=∅ | Depth (m): beam=""0.190"" pdf=∅ | EPD ID: beam=""EPD-088"" pdf=""1 m3 CMU EPD-088 Declaration"" | EPD Type: beam=""Product-specific"" pdf=∅ | EPD Owner: beam=""Boehmers"" pdf=""ASTM INTERNATIONAL"" | EPD/LCA Prepared by: beam=""Athena Sustainable Materials Institute"" pdf=""Matt Bowick"" | Internal/External Validation: beam=""External"" pdf=∅ | EPD Verifying Agent: beam=""Timothy S. Brooke"" pdf=""ASTM in accordance with ISO 14025:"" | EPD PCR Guidelines: beam=""ASTM International, Product Category Rul"" pdf=""Email: info@industrial-ecology.com"" | EPD LCA Software: beam=""TRACI, version 2.1)"" pdf=∅ | Product Service Life (Years): beam=""ND"" pdf=∅"
CMU005,EPD-088,—,—,—,—,—,—,MISMATCH,—,MISMATCH,MATCH,MISMATCH,MISMATCH,—,MISMATCH,MISMATCH,—,MISMATCH,MISMATCH,—,—,—,—,—,—,—,—,—,—,—,—,—,—,MISMATCH,MISMATCH,MISMATCH,MISMATCH,—,—,—,—,MISMATCH,MISMATCH,MISMATCH,—,—,—,—,—,—,—,MISMATCH,MISMATCH,MISMATCH,MISMATCH,MATCH,MISMATCH,MISMATCH,—,MISMATCH,—,MISMATCH,—,MISMATCH,—,7.7%,"EPD Expiry: beam=""2024-01-07"" pdf=∅ | Material: beam=""CMU - Normal weight"" pdf=∅ | Product Brand Name: beam=""8"" CarboClave Block"" pdf=∅ | Specifications: beam=""8 x 8 x 16"" pdf=∅ | Countries of Manufacture: beam=""CA"" pdf=∅ | Markets of Applicability: beam=""US & CA"" pdf=∅ | Stated EPD kgCO2e / unit: beam=""196"" pdf=""158"" | GWP units kgCO2e per: beam=""m3"" pdf=""Declaration Number"" | Density: beam=""2100"" pdf=∅ | Density Units: beam=""kg/m3"" pdf=∅ | Addn'l factors: beam=""223"" pdf=∅ | Addn'l factor units: beam=""kg/m2 of wall"" pdf=∅ | Length (m): beam=""0.390"" pdf=∅ | Width (m): beam=""0.190"" pdf=∅ | Depth (m): beam=""0.190"" pdf=∅ | EPD ID: beam=""EPD-088"" pdf=""1 m3 CMU EPD-088 Declaration"" | EPD Type: beam=""Product-specific"" pdf=∅ | EPD Owner: beam=""Boehmers"" pdf=""ASTM INTERNATIONAL"" | EPD/LCA Prepared by: beam=""Athena Sustainable Materials Institute"" pdf=""Matt Bowick"" | Internal/External Validation: beam=""External"" pdf=∅ | EPD Verifying Agent: beam=""Timothy S. Brooke"" pdf=""ASTM in accordance with ISO 14025:"" | EPD PCR Guidelines: beam=""ASTM International, Product Category Rul"" pdf=""Email: info@industrial-ecology.com"" | EPD LCA Software: beam=""TRACI, version 2.1)"" pdf=∅ | Product Service Life (Years): beam=""ND"" pdf=∅"
1ea5e4,EPD10092,—,—,—,—,—,—,MISMATCH,—,MISMATCH,MATCH,MISMATCH,—,—,—,MISMATCH,—,MISMATCH,MATCH,—,—,—,—,—,—,—,—,—,—,—,—,—,—,MISMATCH,MISMATCH,—,—,—,—,—,—,—,—,—,—,—,—,—,—,—,—,MATCH,MISMATCH,—,MISMATCH,—,—,—,—,—,—,—,—,—,—,25.0%,"EPD Expiry: beam=""01-2022"" pdf=""2022-01-06"" | Material: beam=""CONCRETE – 31-35 MPa – CANADA, 35-50% Sl"" pdf=∅ | Product Brand Name: beam=""Can. Avg."" pdf=∅ | Markets of Applicability: beam=""CAN"" pdf=∅ | Stated EPD kgCO2e / unit: beam=""307.8"" pdf=""3"" | Density: beam=""2305"" pdf=∅ | Density Units: beam=""kg/m3"" pdf=∅ | EPD Type: beam=""Industry average"" pdf=∅ | EPD/LCA Prepared by: beam=""NSF"" pdf=""PE International"""
38d491,EPD10092,—,—,—,—,—,—,MISMATCH,—,MISMATCH,MATCH,MISMATCH,—,—,—,MISMATCH,—,MISMATCH,MATCH,—,—,—,—,—,—,—,—,—,—,—,—,—,—,MISMATCH,MISMATCH,—,—,—,—,—,—,—,—,—,—,—,—,—,—,—,—,MATCH,MISMATCH,—,MISMATCH,—,—,—,—,—,—,—,—,—,—,25.0%,"EPD Expiry: beam=""01-2022"" pdf=""2022-01-06"" | Material: beam=""Concrete – 26-30 MPa, 15-29% Fly Ash, GU"" pdf=∅ | Product Brand Name: beam=""Can. Avg."" pdf=∅ | Markets of Applicability: beam=""CAN"" pdf=∅ | Stated EPD kgCO2e / unit: beam=""324.5"" pdf=""3"" | Density: beam=""2305"" pdf=∅ | Density Units: beam=""kg/m3"" pdf=∅ | EPD Type: beam=""Industry average"" pdf=∅ | EPD/LCA Prepared by: beam=""NSF"" pdf=""PE International"""
43fc51,EPD10092,—,—,—,—,—,—,MISMATCH,—,MISMATCH,MATCH,MISMATCH,—,—,—,MISMATCH,—,MISMATCH,MATCH,—,—,—,—,—,—,—,—,—,—,—,—,—,—,MISMATCH,MISMATCH,—,—,—,—,—,—,—,—,—,—,—,—,—,—,—,—,MATCH,MISMATCH,—,MISMATCH,—,—,—,—,—,—,—,—,—,—,25.0%,"EPD Expiry: beam=""01-2022"" pdf=""2022-01-06"" | Material: beam=""CONCRETE – 31-35 MPa – CANADA, 25-34% Sl"" pdf=∅ | Product Brand Name: beam=""Can. Avg."" pdf=∅ | Markets of Applicability: beam=""CAN"" pdf=∅ | Stated EPD kgCO2e / unit: beam=""339.3"" pdf=""3"" | Density: beam=""2305"" pdf=∅ | Density Units: beam=""kg/m3"" pdf=∅ | EPD Type: beam=""Industry average"" pdf=∅ | EPD/LCA Prepared by: beam=""NSF"" pdf=""PE International"""
4e0f8a,EPD10092,—,—,—,—,—,—,MISMATCH,—,MISMATCH,MATCH,MISMATCH,—,—,—,MISMATCH,—,MISMATCH,MATCH,—,—,—,—,—,—,—,—,—,—,—,—,—,—,MISMATCH,MISMATCH,—,—,—,—,—,—,—,—,—,—,—,—,—,—,—,—,MATCH,MISMATCH,—,MISMATCH,—,—,—,—,—,—,—,—,—,—,25.0%,"EPD Expiry: beam=""01-2022"" pdf=""2022-01-06"" | Material: beam=""Concrete - 0-25 MPa, 0-14% FA/SL, GU"" pdf=∅ | Product Brand Name: beam=""Can. Avg."" pdf=∅ | Markets of Applicability: beam=""CAN"" pdf=∅ | Stated EPD kgCO2e / unit: beam=""320.4"" pdf=""3"" | Density: beam=""2305"" pdf=∅ | Density Units: beam=""kg/m3"" pdf=∅ | EPD Type: beam=""Industry average"" pdf=∅ | EPD/LCA Prepared by: beam=""NSF"" pdf=""PE International"""
6ed061,EPD10092,—,—,—,—,—,—,MISMATCH,—,MISMATCH,MATCH,MISMATCH,—,—,—,MISMATCH,—,MISMATCH,MATCH,—,—,—,—,—,—,—,—,—,—,—,—,—,—,MISMATCH,MISMATCH,—,—,—,—,—,—,—,—,—,—,—,—,—,—,—,—,MATCH,MISMATCH,—,MISMATCH,—,—,—,—,—,—,—,—,—,—,25.0%,"EPD Expiry: beam=""01-2022"" pdf=""2022-01-06"" | Material: beam=""Concrete - 0-25 MPa, 25-34% Slag, GU"" pdf=∅ | Product Brand Name: beam=""Can. Avg."" pdf=∅ | Markets of Applicability: beam=""CAN"" pdf=∅ | Stated EPD kgCO2e / unit: beam=""262.2"" pdf=""3"" | Density: beam=""2305"" pdf=∅ | Density Units: beam=""kg/m3"" pdf=∅ | EPD Type: beam=""Industry average"" pdf=∅ | EPD/LCA Prepared by: beam=""NSF"" pdf=""PE International"""
7de1da,EPD10092,—,—,—,—,—,—,MISMATCH,—,MISMATCH,MATCH,MISMATCH,—,—,—,MISMATCH,—,MISMATCH,MATCH,—,—,—,—,—,—,—,—,—,—,—,—,—,—,MISMATCH,MISMATCH,—,—,—,—,—,—,—,—,—,—,—,—,—,—,—,—,MATCH,MISMATCH,—,MISMATCH,—,—,—,—,—,—,—,—,—,—,25.0%,"EPD Expiry: beam=""01-2022"" pdf=""2022-01-06"" | Material: beam=""Concrete - 0-25 MPa, Canadian Benchmark "" pdf=∅ | Product Brand Name: beam=""Can. Avg."" pdf=∅ | Markets of Applicability: beam=""CAN"" pdf=∅ | Stated EPD kgCO2e / unit: beam=""304.5"" pdf=""3"" | Density: beam=""2305"" pdf=∅ | Density Units: beam=""kg/m3"" pdf=∅ | EPD Type: beam=""Industry average"" pdf=∅ | EPD/LCA Prepared by: beam=""NSF"" pdf=""PE International"""
814de3,EPD10092,—,—,—,—,—,—,MISMATCH,—,MISMATCH,MATCH,MISMATCH,—,—,—,MISMATCH,—,MISMATCH,MATCH,—,—,—,—,—,—,—,—,—,—,—,—,—,—,MISMATCH,MISMATCH,—,—,—,—,—,—,—,—,—,—,—,—,—,—,—,—,MATCH,MISMATCH,—,MISMATCH,—,—,—,—,—,—,—,—,—,—,25.0%,"EPD Expiry: beam=""01-2022"" pdf=""2022-01-06"" | Material: beam=""Concrete – 26-30 MPa, 30-40% Fly Ash, GU"" pdf=∅ | Product Brand Name: beam=""Can. Avg."" pdf=∅ | Markets of Applicability: beam=""CAN"" pdf=∅ | Stated EPD kgCO2e / unit: beam=""285.8"" pdf=""3"" | Density: beam=""2305"" pdf=∅ | Density Units: beam=""kg/m3"" pdf=∅ | EPD Type: beam=""Industry average"" pdf=∅ | EPD/LCA Prepared by: beam=""NSF"" pdf=""PE International"""
897eab,EPD10092,—,—,—,—,—,—,MISMATCH,—,MISMATCH,MATCH,MISMATCH,—,—,—,MISMATCH,—,MISMATCH,MATCH,—,—,—,—,—,—,—,—,—,—,—,—,—,—,MISMATCH,MISMATCH,—,—,—,—,—,—,—,—,—,—,—,—,—,—,—,—,MATCH,MISMATCH,—,MISMATCH,—,—,—,—,—,—,—,—,—,—,25.0%,"EPD Expiry: beam=""01-2022"" pdf=""2022-01-06"" | Material: beam=""Concrete – 26-30 MPa, Canadian Benchmark"" pdf=∅ | Product Brand Name: beam=""Can. Avg."" pdf=∅ | Markets of Applicability: beam=""CAN"" pdf=∅ | Stated EPD kgCO2e / unit: beam=""349.7"" pdf=""3"" | Density: beam=""2305"" pdf=∅ | Density Units: beam=""kg/m3"" pdf=∅ | EPD Type: beam=""Industry average"" pdf=∅ | EPD/LCA Prepared by: beam=""NSF"" pdf=""PE International"""
a6839d,EPD10092,—,—,—,—,—,—,MISMATCH,—,MISMATCH,MATCH,MISMATCH,—,—,—,MISMATCH,—,MISMATCH,MATCH,—,—,—,—,—,—,—,—,—,—,—,—,—,—,MISMATCH,MISMATCH,—,—,—,—,—,—,—,—,—,—,—,—,—,—,—,—,MATCH,MISMATCH,—,MISMATCH,—,—,—,—,—,—,—,—,—,—,25.0%,"EPD Expiry: beam=""01-2022"" pdf=""2022-01-06"" | Material: beam=""Concrete – 26-30 MPa, 25-34% Slag, GU"" pdf=∅ | Product Brand Name: beam=""Can. Avg."" pdf=∅ | Markets of Applicability: beam=""CAN"" pdf=∅ | Stated EPD kgCO2e / unit: beam=""293.7"" pdf=""3"" | Density: beam=""2305"" pdf=∅ | Density Units: beam=""kg/m3"" pdf=∅ | EPD Type: beam=""Industry average"" pdf=∅ | EPD/LCA Prepared by: beam=""NSF"" pdf=""PE International"""
ad41fc,EPD10092,—,—,—,—,—,—,MISMATCH,—,MISMATCH,MATCH,MISMATCH,—,—,—,MISMATCH,—,MISMATCH,MATCH,—,—,—,—,—,—,—,—,—,—,—,—,—,—,MISMATCH,MISMATCH,—,—,—,—,—,—,—,—,—,—,—,—,—,—,—,—,MATCH,MISMATCH,—,MISMATCH,—,—,—,—,—,—,—,—,—,—,25.0%,"EPD Expiry: beam=""01-2022"" pdf=""2022-01-06"" | Material: beam=""CONCRETE – 31-35 MPa – CANADA, 0-14% FA/"" pdf=∅ | Product Brand Name: beam=""Can. Avg."" pdf=∅ | Markets of Applicability: beam=""CAN"" pdf=∅ | Stated EPD kgCO2e / unit: beam=""418.2"" pdf=""3"" | Density: beam=""2305"" pdf=∅ | Density Units: beam=""kg/m3"" pdf=∅ | EPD Type: beam=""Industry average"" pdf=∅ | EPD/LCA Prepared by: beam=""NSF"" pdf=""PE International"""
b069b6,EPD10092,—,—,—,—,—,—,MISMATCH,—,MISMATCH,MATCH,MISMATCH,—,—,—,MISMATCH,—,MISMATCH,MATCH,—,—,—,—,—,—,—,—,—,—,—,—,—,—,MISMATCH,MISMATCH,—,—,—,—,—,—,—,—,—,—,—,—,—,—,—,—,MATCH,MISMATCH,—,MISMATCH,—,—,—,—,—,—,—,—,—,—,25.0%,"EPD Expiry: beam=""01-2022"" pdf=""2022-01-06"" | Material: beam=""Concrete - 0-25 MPa, 35-50% Slag, GU"" pdf=∅ | Product Brand Name: beam=""Can. Avg."" pdf=∅ | Markets of Applicability: beam=""CAN"" pdf=∅ | Stated EPD kgCO2e / unit: beam=""239.0"" pdf=""3"" | Density: beam=""2305"" pdf=∅ | Density Units: beam=""kg/m3"" pdf=∅ | EPD Type: beam=""Industry average"" pdf=∅ | EPD/LCA Prepared by: beam=""NSF"" pdf=""PE International"""
b1d6d5,EPD10092,—,—,—,—,—,—,MISMATCH,—,MISMATCH,MATCH,MISMATCH,—,—,—,MISMATCH,—,MISMATCH,MATCH,—,—,—,—,—,—,—,—,—,—,—,—,—,—,MISMATCH,MISMATCH,—,—,—,—,—,—,—,—,—,—,—,—,—,—,—,—,MATCH,MISMATCH,—,MISMATCH,—,—,—,—,—,—,—,—,—,—,25.0%,"EPD Expiry: beam=""01-2022"" pdf=""2022-01-06"" | Material: beam=""Concrete – 26-30 MPa, 35-50% Slag, GU"" pdf=∅ | Product Brand Name: beam=""Can. Avg."" pdf=∅ | Markets of Applicability: beam=""CAN"" pdf=∅ | Stated EPD kgCO2e / unit: beam=""267.1"" pdf=""3"" | Density: beam=""2305"" pdf=∅ | Density Units: beam=""kg/m3"" pdf=∅ | EPD Type: beam=""Industry average"" pdf=∅ | EPD/LCA Prepared by: beam=""NSF"" pdf=""PE International"""
be7b88,EPD10092,—,—,—,—,—,—,MISMATCH,—,MISMATCH,MATCH,MISMATCH,—,—,—,MISMATCH,—,MISMATCH,MATCH,—,—,—,—,—,—,—,—,—,—,—,—,—,—,MISMATCH,MISMATCH,—,—,—,—,—,—,—,—,—,—,—,—,—,—,—,—,MATCH,MISMATCH,—,MISMATCH,—,—,—,—,—,—,—,—,—,—,25.0%,"EPD Expiry: beam=""01-2022"" pdf=""2022-01-06"" | Material: beam=""Concrete – 26-30 MPa, 0-14% FA/SL, GU"" pdf=∅ | Product Brand Name: beam=""Can. Avg."" pdf=∅ | Markets of Applicability: beam=""CAN"" pdf=∅ | Stated EPD kgCO2e / unit: beam=""360.3"" pdf=""3"" | Density: beam=""2305"" pdf=∅ | Density Units: beam=""kg/m3"" pdf=∅ | EPD Type: beam=""Industry average"" pdf=∅ | EPD/LCA Prepared by: beam=""NSF"" pdf=""PE International"""
cfa664,EPD10092,—,—,—,—,—,—,MISMATCH,—,MISMATCH,MATCH,MISMATCH,—,—,—,MISMATCH,—,MISMATCH,MATCH,—,—,—,—,—,—,—,—,—,—,—,—,—,—,MISMATCH,MISMATCH,—,—,—,—,—,—,—,—,—,—,—,—,—,—,—,—,MATCH,MISMATCH,—,MISMATCH,—,—,—,—,—,—,—,—,—,—,25.0%,"EPD Expiry: beam=""01-2022"" pdf=""2022-01-06"" | Material: beam=""CONCRETE – 31-35 MPa – CANADA, 15-29% Fl"" pdf=∅ | Product Brand Name: beam=""Can. Avg."" pdf=∅ | Markets of Applicability: beam=""CAN"" pdf=∅ | Stated EPD kgCO2e / unit: beam=""375.8"" pdf=""3"" | Density: beam=""2305"" pdf=∅ | Density Units: beam=""kg/m3"" pdf=∅ | EPD Type: beam=""Industry average"" pdf=∅ | EPD/LCA Prepared by: beam=""NSF"" pdf=""PE International"""
d873ca,EPD10092,—,—,—,—,—,—,MISMATCH,—,MISMATCH,MATCH,MISMATCH,—,—,—,MISMATCH,—,MISMATCH,MATCH,—,—,—,—,—,—,—,—,—,—,—,—,—,—,MISMATCH,MISMATCH,—,—,—,—,—,—,—,—,—,—,—,—,—,—,—,—,MATCH,MISMATCH,—,MISMATCH,—,—,—,—,—,—,—,—,—,—,25.0%,"EPD Expiry: beam=""01-2022"" pdf=""2022-01-06"" | Material: beam=""Concrete - 0-25 MPa, 30-40% Fly Ash, GU"" pdf=∅ | Product Brand Name: beam=""Can. Avg."" pdf=∅ | Markets of Applicability: beam=""CAN"" pdf=∅ | Stated EPD kgCO2e / unit: beam=""255.3"" pdf=""3"" | Density: beam=""2305"" pdf=∅ | Density Units: beam=""kg/m3"" pdf=∅ | EPD Type: beam=""Industry average"" pdf=∅ | EPD/LCA Prepared by: beam=""NSF"" pdf=""PE International"""
dac0ae,EPD10092,—,—,—,—,—,—,MISMATCH,—,MISMATCH,MATCH,MISMATCH,—,—,—,MISMATCH,—,MISMATCH,MATCH,—,—,—,—,—,—,—,—,—,—,—,—,—,—,MISMATCH,MISMATCH,—,—,—,—,—,—,—,—,—,—,—,—,—,—,—,—,MATCH,MISMATCH,—,MISMATCH,—,—,—,—,—,—,—,—,—,—,25.0%,"EPD Expiry: beam=""01-2022"" pdf=""2022-01-06"" | Material: beam=""CONCRETE – 31-35 MPa – CANADA, 30-40% Fl"" pdf=∅ | Product Brand Name: beam=""Can. Avg."" pdf=∅ | Markets of Applicability: beam=""CAN"" pdf=∅ | Stated EPD kgCO2e / unit: beam=""329.9"" pdf=""3"" | Density: beam=""2305"" pdf=∅ | Density Units: beam=""kg/m3"" pdf=∅ | EPD Type: beam=""Industry average"" pdf=∅ | EPD/LCA Prepared by: beam=""NSF"" pdf=""PE International"""
dad6dc,EPD10092,—,—,—,—,—,—,MISMATCH,—,MISMATCH,MATCH,MISMATCH,—,—,—,MISMATCH,—,MISMATCH,MATCH,—,—,—,—,—,—,—,—,—,—,—,—,—,—,MISMATCH,MISMATCH,—,—,—,—,—,—,—,—,—,—,—,—,—,—,—,—,MATCH,MISMATCH,—,MISMATCH,—,—,—,—,—,—,—,—,—,—,25.0%,"EPD Expiry: beam=""01-2022"" pdf=""2022-01-06"" | Material: beam=""CONCRETE – 31-35 MPa – CANADA, Canadian "" pdf=∅ | Product Brand Name: beam=""Can. Avg."" pdf=∅ | Markets of Applicability: beam=""CAN"" pdf=∅ | Stated EPD kgCO2e / unit: beam=""417.1"" pdf=""3"" | Density: beam=""2305"" pdf=∅ | Density Units: beam=""kg/m3"" pdf=∅ | EPD Type: beam=""Industry average"" pdf=∅ | EPD/LCA Prepared by: beam=""NSF"" pdf=""PE International"""
e72bcd,EPD10092,—,—,—,—,—,—,MISMATCH,—,MISMATCH,MATCH,MISMATCH,—,—,—,MISMATCH,—,MISMATCH,MATCH,—,—,—,—,—,—,—,—,—,—,—,—,—,—,MISMATCH,MISMATCH,—,—,—,—,—,—,—,—,—,—,—,—,—,—,—,—,MATCH,MISMATCH,—,MISMATCH,—,—,—,—,—,—,—,—,—,—,25.0%,"EPD Expiry: beam=""01-2022"" pdf=""2022-01-06"" | Material: beam=""Concrete - 0-25 MPa, 15-29% Fly Ash, GU"" pdf=∅ | Product Brand Name: beam=""Can. Avg."" pdf=∅ | Markets of Applicability: beam=""CAN"" pdf=∅ | Stated EPD kgCO2e / unit: beam=""289.1"" pdf=""3"" | Density: beam=""2305"" pdf=∅ | Density Units: beam=""kg/m3"" pdf=∅ | EPD Type: beam=""Industry average"" pdf=∅ | EPD/LCA Prepared by: beam=""NSF"" pdf=""PE International"""
LVT004,EPD10156,—,—,—,—,—,—,MISMATCH,—,MISMATCH,MATCH,MISMATCH,MISMATCH,—,MATCH,MISMATCH,—,MISMATCH,MISMATCH,—,—,—,—,—,—,—,—,—,—,—,—,—,—,MISMATCH,MISMATCH,—,—,—,—,—,MISMATCH,—,—,MISMATCH,—,—,MATCH,—,—,—,—,MATCH,MATCH,MISMATCH,MISMATCH,MATCH,MISMATCH,MISMATCH,—,MISMATCH,MATCH,MATCH,MISMATCH,MISMATCH,—,30.8%,"EPD Expiry: beam=""2024-06-02"" pdf=∅ | Material: beam=""Luxury Vinyl Tile"" pdf=∅ | Product Brand Name: beam=""Dryback LVT"" pdf=∅ | Specifications: beam=""Tile or plank - 5mm"" pdf=∅ | Markets of Applicability: beam=""US & CA"" pdf=""CAN, USA"" | Stated EPD kgCO2e / unit: beam=""10.9"" pdf=""6.18"" | GWP units kgCO2e per: beam=""m²"" pdf=""is considered negligible. It"" | Density: beam=""10.3"" pdf=""1700"" | Density Units: beam=""kg/m2"" pdf=""kg/m3"" | Mass (kg): beam=""10.1"" pdf=∅ | Depth (m): beam=""0.005"" pdf=∅ | EPD Owner: beam=""Parterre Flooring"" pdf=∅ | EPD/LCA Prepared by: beam=""WAP Sustainability Consulting"" pdf=∅ | Internal/External Validation: beam=""External"" pdf=∅ | EPD Verifying Agent: beam=""Jenny Oorbeck"" pdf=∅ | EPD PCR Guidelines: beam=""Part B: Flooring EPD Requirements. UL 10"" pdf=∅ | EPD LCI Database: beam=""GaBi Database Version 8.7, Service Pack "" pdf=""and Version Number GaBi Database Version"" | Product Service Life (Years): beam=""30"" pdf=""75"""
LVT009,EPD10158,—,—,—,—,—,—,MISMATCH,—,MISMATCH,MATCH,MISMATCH,MISMATCH,—,MATCH,MISMATCH,—,MISMATCH,MISMATCH,—,—,—,—,—,—,—,—,—,—,—,—,—,—,MISMATCH,MISMATCH,—,—,—,—,—,MISMATCH,MISMATCH,MISMATCH,MISMATCH,—,—,MATCH,—,—,—,—,MATCH,MATCH,MISMATCH,MISMATCH,MATCH,MISMATCH,MISMATCH,—,MISMATCH,MATCH,MATCH,MISMATCH,MISMATCH,—,28.6%,"EPD Expiry: beam=""2024-06-02"" pdf=∅ | Material: beam=""Rigid core vinyl flooring"" pdf=∅ | Product Brand Name: beam=""Rigid Core Click"" pdf=∅ | Specifications: beam=""Tile or plank - 5mm"" pdf=∅ | Markets of Applicability: beam=""US & CA"" pdf=""CAN, USA"" | Stated EPD kgCO2e / unit: beam=""6.52"" pdf=""6.6"" | GWP units kgCO2e per: beam=""m²"" pdf=""is considered negligible."" | Density: beam=""6.71"" pdf=""1700"" | Density Units: beam=""kg/m2"" pdf=""kg/m3"" | Mass (kg): beam=""6.54"" pdf=∅ | Length (m): beam=""1.213"" pdf=∅ | Width (m): beam=""0.177"" pdf=∅ | Depth (m): beam=""0.005"" pdf=∅ | EPD Owner: beam=""Parterre Flooring"" pdf=∅ | EPD/LCA Prepared by: beam=""WAP Sustainability Consulting"" pdf=∅ | Internal/External Validation: beam=""External"" pdf=∅ | EPD Verifying Agent: beam=""Jenny Oorbeck"" pdf=∅ | EPD PCR Guidelines: beam=""Part B: Flooring EPD Requirements. UL 10"" pdf=∅ | EPD LCI Database: beam=""GaBi Database Version 8.7, Service Pack "" pdf=""and Version Number GaBi Database Version"" | Product Service Life (Years): beam=""30"" pdf=""75"""
GYP002,EPD10268,—,—,—,—,—,—,MISMATCH,—,MISMATCH,MATCH,MISMATCH,MISMATCH,—,MISMATCH,MISMATCH,—,MATCH,MISMATCH,—,—,—,—,—,—,—,—,—,—,—,—,—,—,MISMATCH,MISMATCH,—,—,—,—,—,—,—,—,—,—,—,MISMATCH,—,—,—,—,MATCH,MISMATCH,MISMATCH,MATCH,MISMATCH,MISMATCH,MISMATCH,MISMATCH,MISMATCH,MISMATCH,MATCH,MISMATCH,MATCH,—,24.0%,"EPD Expiry: beam=""2024-10-07"" pdf=""2019-10-07"" | Material: beam=""Gypsum panels - glass mat"" pdf=∅ | Product Brand Name: beam=""5/8"" DensGlass® Fireguard® Sheathing Gyp"" pdf=∅ | Specifications: beam=""5/8"""" pdf=∅ | Countries of Manufacture: beam=""US"" pdf=∅ | Markets of Applicability: beam=""US & CA"" pdf=∅ | GWP units kgCO2e per: beam=""92.9m2"" pdf=""1000 square feet, commonly referred to a"" | Density: beam=""12.68"" pdf=""23"" | Density Units: beam=""kg/m2"" pdf=""kg/m3"" | Material Type: beam=""Gypsum"" pdf=""Fiberglass"" | EPD Type: beam=""Product-specific"" pdf=∅ | EPD Owner: beam=""Georgia-Pacific Gypsum LLC"" pdf=""NSF"" | EPD Program / Operator: beam=""NSF Certification, LLC"" pdf=""NSF International"" | Internal/External Validation: beam=""External"" pdf=∅ | EPD Verifying Agent: beam=""Jenny Oorbeck & Jack Geibig – EcoForm"" pdf=""in accordance with ISO 14025 and jgeibig"" | EPD Standards: beam=""--"" pdf=""ISO 14025, ISO 21930, EN 15804, ISO 1404"" | EPD PCR Guidelines: beam=""Product Category Rules for North America"" pdf=""NSF International, Product Category Rule"" | LCA Method: beam=""TRACI 2.1"" pdf=""(version 2.1) is applied to calculate en"" | EPD LCI Database: beam=""GaBi Database, Service Pack 42"" pdf=""and the US adjusted ecoinvent v 2.2 LCI """
CER001,EPD10277,—,—,—,—,—,—,MISMATCH,—,MISMATCH,MISMATCH,MISMATCH,MISMATCH,—,MISMATCH,MISMATCH,—,MISMATCH,MATCH,—,—,—,—,—,—,—,—,—,—,—,—,—,—,MISMATCH,MISMATCH,—,—,—,—,—,—,—,—,MISMATCH,—,—,MISMATCH,—,—,—,—,MATCH,MATCH,MISMATCH,—,MISMATCH,MISMATCH,MISMATCH,—,MATCH,MISMATCH,MATCH,MISMATCH,MATCH,—,25.0%,"EPD Expiry: beam=""2024-12-06"" pdf=∅ | Material: beam=""Ceramic tile"" pdf=∅ | Manufacturer: beam=""American Wonder Porcelain"" pdf=""the facility located in Lebanon"" | Product Brand Name: beam=""Procelain - recycled content"" pdf=∅ | Specifications: beam=""Standard and Second grade"" pdf=∅ | Countries of Manufacture: beam=""US"" pdf=∅ | Markets of Applicability: beam=""US & CA"" pdf=""CAN, USA"" | Stated EPD kgCO2e / unit: beam=""11.5"" pdf=""11.6"" | Density: beam=""20.105"" pdf=∅ | Density Units: beam=""kg/m2"" pdf=∅ | Depth (m): beam=""0.0089"" pdf=∅ | Material Type: beam=""Porcelain"" pdf=∅ | EPD Owner: beam=""American Wonder Porcelain"" pdf=""NSF"" | EPD Program / Operator: beam=""NSF"" pdf=""IBU"" | Internal/External Validation: beam=""External"" pdf=∅ | EPD Verifying Agent: beam=""Jack Geibig - EcoForm"" pdf=∅ | LCA Method: beam=""TRACI 2.1"" pdf=""and Version Number"" | EPD LCI Database: beam=""GaBi Service Pack 39"" pdf=""and Version Number GaBi Database Version"""
1a5a48,EPD10294,—,—,—,—,—,—,MISMATCH,—,MISMATCH,MATCH,MISMATCH,—,—,—,MISMATCH,—,MISMATCH,MATCH,—,—,—,—,—,—,—,—,—,—,—,—,—,—,MISMATCH,MISMATCH,—,—,—,—,—,—,—,—,—,—,—,—,—,—,—,—,MATCH,MATCH,—,MISMATCH,—,—,—,—,—,—,—,—,—,—,33.3%,"EPD Expiry: beam=""2024"" pdf=∅ | Material: beam=""Concrete - 0-2500 psi, >50% SCM mix"" pdf=∅ | Product Brand Name: beam=""N.A. Avg."" pdf=∅ | Markets of Applicability: beam=""US"" pdf=∅ | Stated EPD kgCO2e / unit: beam=""178.7"" pdf=""194.24"" | Density: beam=""2305"" pdf=∅ | Density Units: beam=""kg/m3"" pdf=∅ | EPD/LCA Prepared by: beam=""NSF"" pdf=""Athena Sustainable Materials Institute"""
43fe24,EPD10294,—,—,—,—,—,—,MISMATCH,—,MISMATCH,MATCH,MISMATCH,—,—,—,MISMATCH,—,MISMATCH,MATCH,—,—,—,—,—,—,—,—,—,—,—,—,—,—,MISMATCH,MISMATCH,—,—,—,—,—,—,—,—,—,—,—,—,—,—,—,—,MATCH,MATCH,—,MISMATCH,—,—,—,—,—,—,—,—,—,—,33.3%,"EPD Expiry: beam=""2024"" pdf=∅ | Material: beam=""Concrete - 2501-3000 psi, Standard mix"" pdf=∅ | Product Brand Name: beam=""N.A. Avg."" pdf=∅ | Markets of Applicability: beam=""US"" pdf=∅ | Stated EPD kgCO2e / unit: beam=""311.39"" pdf=""194.24"" | Density: beam=""2305"" pdf=∅ | Density Units: beam=""kg/m3"" pdf=∅ | EPD/LCA Prepared by: beam=""NSF"" pdf=""Athena Sustainable Materials Institute"""
809f93,EPD10294,—,—,—,—,—,—,MISMATCH,—,MISMATCH,MATCH,MISMATCH,—,—,—,MISMATCH,—,MISMATCH,MATCH,—,—,—,—,—,—,—,—,—,—,—,—,—,—,MISMATCH,MISMATCH,—,—,—,—,—,—,—,—,—,—,—,—,—,—,—,—,MATCH,MATCH,—,MISMATCH,—,—,—,—,—,—,—,—,—,—,33.3%,"EPD Expiry: beam=""2024"" pdf=∅ | Material: beam=""Concrete - 2501-3000 psi, 30-39% FA/SL"" pdf=∅ | Product Brand Name: beam=""N.A. Avg."" pdf=∅ | Markets of Applicability: beam=""US"" pdf=∅ | Stated EPD kgCO2e / unit: beam=""244.3"" pdf=""194.24"" | Density: beam=""2305"" pdf=∅ | Density Units: beam=""kg/m3"" pdf=∅ | EPD/LCA Prepared by: beam=""NSF"" pdf=""Athena Sustainable Materials Institute"""
900b85,EPD10294,—,—,—,—,—,—,MISMATCH,—,MISMATCH,MATCH,MISMATCH,—,—,—,MISMATCH,—,MISMATCH,MATCH,—,—,—,—,—,—,—,—,—,—,—,—,—,—,MISMATCH,MISMATCH,—,—,—,—,—,—,—,—,—,—,—,—,—,—,—,—,MATCH,MATCH,—,MISMATCH,—,—,—,—,—,—,—,—,—,—,33.3%,"EPD Expiry: beam=""2024"" pdf=∅ | Material: beam=""Concrete - 2501-3000 psi, >50% SCM mix"" pdf=∅ | Product Brand Name: beam=""N.A. Avg."" pdf=∅ | Markets of Applicability: beam=""US"" pdf=∅ | Stated EPD kgCO2e / unit: beam=""197.1"" pdf=""194.24"" | Density: beam=""2305"" pdf=∅ | Density Units: beam=""kg/m3"" pdf=∅ | EPD/LCA Prepared by: beam=""NSF"" pdf=""Athena Sustainable Materials Institute"""
921b8b,EPD10294,—,—,—,—,—,—,MISMATCH,—,MISMATCH,MATCH,MISMATCH,—,—,—,MISMATCH,—,MISMATCH,MATCH,—,—,—,—,—,—,—,—,—,—,—,—,—,—,MISMATCH,MISMATCH,—,—,—,—,—,—,—,—,—,—,—,—,—,—,—,—,MATCH,MATCH,—,MISMATCH,—,—,—,—,—,—,—,—,—,—,33.3%,"EPD Expiry: beam=""2024"" pdf=∅ | Material: beam=""Concrete - 0-2500 psi, 40-49% FA/SL mix"" pdf=∅ | Product Brand Name: beam=""N.A. Avg."" pdf=∅ | Markets of Applicability: beam=""US"" pdf=∅ | Stated EPD kgCO2e / unit: beam=""199.73"" pdf=""194.24"" | Density: beam=""2305"" pdf=∅ | Density Units: beam=""kg/m3"" pdf=∅ | EPD/LCA Prepared by: beam=""NSF"" pdf=""Athena Sustainable Materials Institute"""
949348,EPD10294,—,—,—,—,—,—,MISMATCH,—,MISMATCH,MATCH,MISMATCH,—,—,—,MISMATCH,—,MISMATCH,MATCH,—,—,—,—,—,—,—,—,—,—,—,—,—,—,MISMATCH,MISMATCH,—,—,—,—,—,—,—,—,—,—,—,—,—,—,—,—,MATCH,MATCH,—,MISMATCH,—,—,—,—,—,—,—,—,—,—,33.3%,"EPD Expiry: beam=""2024"" pdf=∅ | Material: beam=""Concrete - 0-2500 psi, Standard mix"" pdf=∅ | Product Brand Name: beam=""N.A. Avg."" pdf=∅ | Markets of Applicability: beam=""US"" pdf=∅ | Stated EPD kgCO2e / unit: beam=""279.56"" pdf=""194.24"" | Density: beam=""2305"" pdf=∅ | Density Units: beam=""kg/m3"" pdf=∅ | EPD/LCA Prepared by: beam=""NSF"" pdf=""Athena Sustainable Materials Institute"""
a7c43b,EPD10294,—,—,—,—,—,—,MISMATCH,—,MISMATCH,MATCH,MISMATCH,—,—,—,MISMATCH,—,MISMATCH,MATCH,—,—,—,—,—,—,—,—,—,—,—,—,—,—,MISMATCH,MISMATCH,—,—,—,—,—,—,—,—,—,—,—,—,—,—,—,—,MATCH,MATCH,—,MISMATCH,—,—,—,—,—,—,—,—,—,—,33.3%,"EPD Expiry: beam=""2024"" pdf=∅ | Material: beam=""Concrete - 2501-3000 psi, 20-29% Fly Ash"" pdf=∅ | Product Brand Name: beam=""N.A. Avg."" pdf=∅ | Markets of Applicability: beam=""US"" pdf=∅ | Stated EPD kgCO2e / unit: beam=""268.4"" pdf=""194.24"" | Density: beam=""2305"" pdf=∅ | Density Units: beam=""kg/m3"" pdf=∅ | EPD/LCA Prepared by: beam=""NSF"" pdf=""Athena Sustainable Materials Institute"""
b7e1fe,EPD10294,—,—,—,—,—,—,MISMATCH,—,MISMATCH,MATCH,MISMATCH,—,—,—,MISMATCH,—,MISMATCH,MATCH,—,—,—,—,—,—,—,—,—,—,—,—,—,—,MISMATCH,MISMATCH,—,—,—,—,—,—,—,—,—,—,—,—,—,—,—,—,MATCH,MATCH,—,MISMATCH,—,—,—,—,—,—,—,—,—,—,33.3%,"EPD Expiry: beam=""2024"" pdf=∅ | Material: beam=""Concrete - 0-2500 psi, 20-29% Fly Ash"" pdf=∅ | Product Brand Name: beam=""N.A. Avg."" pdf=∅ | Markets of Applicability: beam=""US"" pdf=∅ | Stated EPD kgCO2e / unit: beam=""241.6"" pdf=""194.24"" | Density: beam=""2305"" pdf=∅ | Density Units: beam=""kg/m3"" pdf=∅ | EPD/LCA Prepared by: beam=""NSF"" pdf=""Athena Sustainable Materials Institute"""
c50635,EPD10294,—,—,—,—,—,—,MISMATCH,—,MISMATCH,MATCH,MISMATCH,—,—,—,MISMATCH,—,MISMATCH,MATCH,—,—,—,—,—,—,—,—,—,—,—,—,—,—,MISMATCH,MISMATCH,—,—,—,—,—,—,—,—,—,—,—,—,—,—,—,—,MATCH,MATCH,—,MISMATCH,—,—,—,—,—,—,—,—,—,—,33.3%,"EPD Expiry: beam=""2024"" pdf=∅ | Material: beam=""Concrete - 2501-3000 psi, 40-49% FA/SL m"" pdf=∅ | Product Brand Name: beam=""N.A. Avg."" pdf=∅ | Markets of Applicability: beam=""US"" pdf=∅ | Stated EPD kgCO2e / unit: beam=""220.82"" pdf=""194.24"" | Density: beam=""2305"" pdf=∅ | Density Units: beam=""kg/m3"" pdf=∅ | EPD/LCA Prepared by: beam=""NSF"" pdf=""Athena Sustainable Materials Institute"""
d6132a,EPD10294,—,—,—,—,—,—,MISMATCH,—,MISMATCH,MATCH,MISMATCH,—,—,—,MISMATCH,—,MISMATCH,MATCH,—,—,—,—,—,—,—,—,—,—,—,—,—,—,MISMATCH,MISMATCH,—,—,—,—,—,—,—,—,—,—,—,—,—,—,—,—,MATCH,MATCH,—,MISMATCH,—,—,—,—,—,—,—,—,—,—,33.3%,"EPD Expiry: beam=""2024"" pdf=∅ | Material: beam=""Concrete - 0-2500 psi, 30-39% FA/SL"" pdf=∅ | Product Brand Name: beam=""N.A. Avg."" pdf=∅ | Markets of Applicability: beam=""US"" pdf=∅ | Stated EPD kgCO2e / unit: beam=""220.4"" pdf=""194.24"" | Density: beam=""2305"" pdf=∅ | Density Units: beam=""kg/m3"" pdf=∅ | EPD/LCA Prepared by: beam=""NSF"" pdf=""Athena Sustainable Materials Institute"""
s33333,EPD10294,—,—,—,—,—,—,MISMATCH,—,MISMATCH,MATCH,MISMATCH,—,—,—,MISMATCH,—,MISMATCH,MATCH,—,—,—,—,—,—,—,—,—,—,—,—,—,—,MISMATCH,MISMATCH,—,—,—,—,—,—,—,—,—,—,—,—,—,—,—,—,MATCH,MATCH,—,MISMATCH,—,—,—,—,—,—,—,—,—,—,33.3%,"EPD Expiry: beam=""2024"" pdf=∅ | Material: beam=""Concrete - 3001-4000 psi, Standard mix"" pdf=∅ | Product Brand Name: beam=""N.A. Avg."" pdf=∅ | Markets of Applicability: beam=""US"" pdf=∅ | Stated EPD kgCO2e / unit: beam=""383.6"" pdf=""194.24"" | Density: beam=""2305"" pdf=∅ | Density Units: beam=""kg/m3"" pdf=∅ | EPD/LCA Prepared by: beam=""NSF"" pdf=""Athena Sustainable Materials Institute"""
s33334,EPD10294,—,—,—,—,—,—,MISMATCH,—,MISMATCH,MATCH,MISMATCH,—,—,—,MISMATCH,—,MISMATCH,MATCH,—,—,—,—,—,—,—,—,—,—,—,—,—,—,MISMATCH,MISMATCH,—,—,—,—,—,—,—,—,—,—,—,—,—,—,—,—,MATCH,MATCH,—,MISMATCH,—,—,—,—,—,—,—,—,—,—,33.3%,"EPD Expiry: beam=""2024"" pdf=∅ | Material: beam=""Concrete - 3001-4000 psi, 20-29% Fly Ash"" pdf=∅ | Product Brand Name: beam=""N.A. Avg."" pdf=∅ | Markets of Applicability: beam=""US"" pdf=∅ | Stated EPD kgCO2e / unit: beam=""329.2"" pdf=""194.24"" | Density: beam=""2305"" pdf=∅ | Density Units: beam=""kg/m3"" pdf=∅ | EPD/LCA Prepared by: beam=""NSF"" pdf=""Athena Sustainable Materials Institute"""
s33335,EPD10294,—,—,—,—,—,—,MISMATCH,—,MISMATCH,MATCH,MISMATCH,—,—,—,MISMATCH,—,MISMATCH,MATCH,—,—,—,—,—,—,—,—,—,—,—,—,—,—,MISMATCH,MISMATCH,—,—,—,—,—,—,—,—,—,—,—,—,—,—,—,—,MATCH,MATCH,—,MISMATCH,—,—,—,—,—,—,—,—,—,—,33.3%,"EPD Expiry: beam=""2024"" pdf=∅ | Material: beam=""Concrete - 3001-4000 psi, 30-39% FA/SL"" pdf=∅ | Product Brand Name: beam=""N.A. Avg."" pdf=∅ | Markets of Applicability: beam=""US"" pdf=∅ | Stated EPD kgCO2e / unit: beam=""298.6"" pdf=""194.24"" | Density: beam=""2305"" pdf=∅ | Density Units: beam=""kg/m3"" pdf=∅ | EPD/LCA Prepared by: beam=""NSF"" pdf=""Athena Sustainable Materials Institute"""
s33336,EPD10294,—,—,—,—,—,—,MISMATCH,—,MISMATCH,MATCH,MISMATCH,—,—,—,MISMATCH,—,MISMATCH,MATCH,—,—,—,—,—,—,—,—,—,—,—,—,—,—,MISMATCH,MISMATCH,—,—,—,—,—,—,—,—,—,—,—,—,—,—,—,—,MATCH,MATCH,—,MISMATCH,—,—,—,—,—,—,—,—,—,—,33.3%,"EPD Expiry: beam=""2024"" pdf=∅ | Material: beam=""Concrete - 3001-4000 psi, 40-49% FA/SL m"" pdf=∅ | Product Brand Name: beam=""N.A. Avg."" pdf=∅ | Markets of Applicability: beam=""US"" pdf=∅ | Stated EPD kgCO2e / unit: beam=""268.9"" pdf=""194.24"" | Density: beam=""2305"" pdf=∅ | Density Units: beam=""kg/m3"" pdf=∅ | EPD/LCA Prepared by: beam=""NSF"" pdf=""Athena Sustainable Materials Institute"""
s33337,EPD10294,—,—,—,—,—,—,MISMATCH,—,MISMATCH,MATCH,MISMATCH,—,—,—,MISMATCH,—,MISMATCH,MATCH,—,—,—,—,—,—,—,—,—,—,—,—,—,—,MISMATCH,MISMATCH,—,—,—,—,—,—,—,—,—,—,—,—,—,—,—,—,MATCH,MATCH,—,MISMATCH,—,—,—,—,—,—,—,—,—,—,33.3%,"EPD Expiry: beam=""2024"" pdf=∅ | Material: beam=""Concrete - 3001-4000 psi, >50% SCM mix"" pdf=∅ | Product Brand Name: beam=""N.A. Avg."" pdf=∅ | Markets of Applicability: beam=""US"" pdf=∅ | Stated EPD kgCO2e / unit: beam=""238.7"" pdf=""194.24"" | Density: beam=""2305"" pdf=∅ | Density Units: beam=""kg/m3"" pdf=∅ | EPD/LCA Prepared by: beam=""NSF"" pdf=""Athena Sustainable Materials Institute"""
s33338,EPD10294,—,—,—,—,—,—,MISMATCH,—,MISMATCH,MATCH,MISMATCH,—,—,—,MISMATCH,—,MISMATCH,MATCH,—,—,—,—,—,—,—,—,—,—,—,—,—,—,MISMATCH,MISMATCH,—,—,—,—,—,—,—,—,—,—,—,—,—,—,—,—,MATCH,MATCH,—,MISMATCH,—,—,—,—,—,—,—,—,—,—,33.3%,"EPD Expiry: beam=""2024"" pdf=∅ | Material: beam=""Concrete - 4001-5000 psi, Standard mix"" pdf=∅ | Product Brand Name: beam=""N.A. Avg."" pdf=∅ | Markets of Applicability: beam=""US"" pdf=∅ | Stated EPD kgCO2e / unit: beam=""468.9"" pdf=""194.24"" | Density: beam=""2305"" pdf=∅ | Density Units: beam=""kg/m3"" pdf=∅ | EPD/LCA Prepared by: beam=""NSF"" pdf=""Athena Sustainable Materials Institute"""
s33339,EPD10294,—,—,—,—,—,—,MISMATCH,—,MISMATCH,MATCH,MISMATCH,—,—,—,MISMATCH,—,MISMATCH,MATCH,—,—,—,—,—,—,—,—,—,—,—,—,—,—,MISMATCH,MISMATCH,—,—,—,—,—,—,—,—,—,—,—,—,—,—,—,—,MATCH,MATCH,—,MISMATCH,—,—,—,—,—,—,—,—,—,—,33.3%,"EPD Expiry: beam=""2024"" pdf=∅ | Material: beam=""Concrete - 4001-5000 psi, 20-29% Fly Ash"" pdf=∅ | Product Brand Name: beam=""N.A. Avg."" pdf=∅ | Markets of Applicability: beam=""US"" pdf=∅ | Stated EPD kgCO2e / unit: beam=""401.0"" pdf=""194.24"" | Density: beam=""2305"" pdf=∅ | Density Units: beam=""kg/m3"" pdf=∅ | EPD/LCA Prepared by: beam=""NSF"" pdf=""Athena Sustainable Materials Institute"""
s33340,EPD10294,—,—,—,—,—,—,MISMATCH,—,MISMATCH,MATCH,MISMATCH,—,—,—,MISMATCH,—,MISMATCH,MATCH,—,—,—,—,—,—,—,—,—,—,—,—,—,—,MISMATCH,MISMATCH,—,—,—,—,—,—,—,—,—,—,—,—,—,—,—,—,MATCH,MATCH,—,MISMATCH,—,—,—,—,—,—,—,—,—,—,33.3%,"EPD Expiry: beam=""2024"" pdf=∅ | Material: beam=""Concrete - 4001-5000 psi, 30-39% FA/SL"" pdf=∅ | Product Brand Name: beam=""N.A. Avg."" pdf=∅ | Markets of Applicability: beam=""US"" pdf=∅ | Stated EPD kgCO2e / unit: beam=""363.0"" pdf=""194.24"" | Density: beam=""2305"" pdf=∅ | Density Units: beam=""kg/m3"" pdf=∅ | EPD/LCA Prepared by: beam=""NSF"" pdf=""Athena Sustainable Materials Institute"""
s33341,EPD10294,—,—,—,—,—,—,MISMATCH,—,MISMATCH,MATCH,MISMATCH,—,—,—,MISMATCH,—,MISMATCH,MATCH,—,—,—,—,—,—,—,—,—,—,—,—,—,—,MISMATCH,MISMATCH,—,—,—,—,—,—,—,—,—,—,—,—,—,—,—,—,MATCH,MATCH,—,MISMATCH,—,—,—,—,—,—,—,—,—,—,33.3%,"EPD Expiry: beam=""2024"" pdf=∅ | Material: beam=""Concrete - 4001-5000 psi, 40-49% FA/SL m"" pdf=∅ | Product Brand Name: beam=""N.A. Avg."" pdf=∅ | Markets of Applicability: beam=""US"" pdf=∅ | Stated EPD kgCO2e / unit: beam=""325.8"" pdf=""194.24"" | Density: beam=""2305"" pdf=∅ | Density Units: beam=""kg/m3"" pdf=∅ | EPD/LCA Prepared by: beam=""NSF"" pdf=""Athena Sustainable Materials Institute"""
s33342,EPD10294,—,—,—,—,—,—,MISMATCH,—,MISMATCH,MATCH,MISMATCH,—,—,—,MISMATCH,—,MISMATCH,MATCH,—,—,—,—,—,—,—,—,—,—,—,—,—,—,MISMATCH,MISMATCH,—,—,—,—,—,—,—,—,—,—,—,—,—,—,—,—,MATCH,MATCH,—,MISMATCH,—,—,—,—,—,—,—,—,—,—,33.3%,"EPD Expiry: beam=""2024"" pdf=∅ | Material: beam=""Concrete - 4001-5000 psi, >50% SCM mix"" pdf=∅ | Product Brand Name: beam=""N.A. Avg."" pdf=∅ | Markets of Applicability: beam=""US"" pdf=∅ | Stated EPD kgCO2e / unit: beam=""288.1"" pdf=""194.24"" | Density: beam=""2305"" pdf=∅ | Density Units: beam=""kg/m3"" pdf=∅ | EPD/LCA Prepared by: beam=""NSF"" pdf=""Athena Sustainable Materials Institute"""
1742d8,EPD10310,—,—,—,—,—,—,MISMATCH,—,MISMATCH,MATCH,MISMATCH,MISMATCH,—,—,MISMATCH,—,MATCH,MISMATCH,—,—,—,—,—,—,—,—,—,—,—,—,—,—,MISMATCH,MISMATCH,—,—,—,—,—,—,—,—,—,—,—,—,—,—,—,—,MATCH,MISMATCH,—,MISMATCH,—,—,—,—,—,—,—,—,—,—,23.1%,"EPD Expiry: beam=""2024"" pdf=""2019-12-19"" | Material: beam=""Drywall 1/2"" Type C"" pdf=∅ | Product Brand Name: beam=""ToughRock Fireguard C"" pdf=∅ | Specifications: beam=""Type C"" pdf=∅ | Markets of Applicability: beam=""US"" pdf=∅ | GWP units kgCO2e per: beam=""1000 ft2"" pdf=""1000 square feet, commonly referred to a"" | Density: beam=""8.128"" pdf=""900"" | Density Units: beam=""kg/m2"" pdf=""kg/m3"" | EPD Type: beam=""Product-specific"" pdf=∅ | EPD/LCA Prepared by: beam=""NSF"" pdf=""Georgia-Pacific LLC"""
INT004,EPD10312,—,—,—,—,—,—,MISMATCH,—,MISMATCH,MATCH,MISMATCH,MISMATCH,—,MISMATCH,MISMATCH,—,MATCH,MISMATCH,—,—,—,—,—,—,—,—,—,—,—,—,—,—,—,—,—,—,—,—,—,—,—,—,—,—,—,MATCH,—,—,—,—,MATCH,MISMATCH,MISMATCH,MATCH,MISMATCH,MISMATCH,MISMATCH,MISMATCH,MISMATCH,MISMATCH,MATCH,MISMATCH,MATCH,—,30.4%,"EPD Expiry: beam=""2024-12-19"" pdf=""2019-12-19"" | Material: beam=""Drywall 5/8"""" pdf=∅ | Product Brand Name: beam=""5/8"" ToughRock® Fireguard C® Gypsum Pane"" pdf=∅ | Specifications: beam=""5/8'' type X"" pdf=∅ | Countries of Manufacture: beam=""US"" pdf=∅ | Markets of Applicability: beam=""US & CA"" pdf=∅ | GWP units kgCO2e per: beam=""1000 ft2"" pdf=""1000 square feet, commonly referred to a"" | EPD Type: beam=""Product-specific"" pdf=∅ | EPD Owner: beam=""Georgia-Pacific Gypsum LLC"" pdf=""NSF"" | EPD Program / Operator: beam=""NSF Certification, LLC"" pdf=""NSF International"" | Internal/External Validation: beam=""External"" pdf=∅ | EPD Verifying Agent: beam=""Jenny Oorbeck & Jack Geibig – EcoForm"" pdf=""in accordance with ISO 14025 and jgeibig"" | EPD Standards: beam=""--"" pdf=""ISO 14025, ISO 21930, EN 15804, ISO 1404"" | EPD PCR Guidelines: beam=""Product Category Rules
for North America"" pdf=""NSF International, Product Category Rule"" | LCA Method: beam=""TRACI 2.1"" pdf=""(version 2.1) is applied to calculate en"" | EPD LCI Database: beam=""GaBi Database, Service Pack 40"" pdf=""and the US adjusted ecoinvent v 2.2 LCI """
CER002,EPD10355,—,—,—,—,—,—,MISMATCH,—,MISMATCH,MISMATCH,MISMATCH,MISMATCH,—,MISMATCH,MISMATCH,—,MISMATCH,MATCH,—,—,—,—,—,—,—,—,—,—,—,—,—,—,MISMATCH,MISMATCH,—,—,—,—,—,—,—,—,MISMATCH,—,—,MISMATCH,—,—,—,—,MATCH,MATCH,MISMATCH,—,MISMATCH,MISMATCH,MISMATCH,—,MATCH,MISMATCH,MATCH,MISMATCH,MATCH,—,25.0%,"EPD Expiry: beam=""2025-05-22"" pdf=∅ | Material: beam=""Ceramic tile"" pdf=∅ | Manufacturer: beam=""Fireclay Tile"" pdf=""the facility located in Aromas"" | Product Brand Name: beam=""Ceramic - recycled content"" pdf=∅ | Specifications: beam=""Standard and Second grade"" pdf=∅ | Countries of Manufacture: beam=""US"" pdf=∅ | Markets of Applicability: beam=""US & CA"" pdf=""CAN, USA"" | Stated EPD kgCO2e / unit: beam=""45.9"" pdf=""46.4"" | Density: beam=""17.58"" pdf=∅ | Density Units: beam=""kg/m2"" pdf=∅ | Depth (m): beam=""0.0079"" pdf=∅ | Material Type: beam=""Ceramic"" pdf=∅ | EPD Owner: beam=""Fireclay Tile"" pdf=""NSF"" | EPD Program / Operator: beam=""NSF"" pdf=""UL Environment"" | Internal/External Validation: beam=""External"" pdf=∅ | EPD Verifying Agent: beam=""Terrie Boguski, Harmony Environmental, L"" pdf=∅ | LCA Method: beam=""TRACI 2.1"" pdf=""and Version Number"" | EPD LCI Database: beam=""GaBi Service Pack 39"" pdf=""and Version Number GaBi Database Version"""
GYP001,EPD10358,—,—,—,—,—,—,MISMATCH,—,MISMATCH,MATCH,MISMATCH,MISMATCH,—,MISMATCH,MISMATCH,—,MATCH,MISMATCH,—,—,—,—,—,—,—,—,—,—,—,—,—,—,MISMATCH,MISMATCH,—,—,—,—,—,—,—,—,—,—,—,MATCH,—,—,—,—,MATCH,MISMATCH,MISMATCH,MATCH,MISMATCH,MISMATCH,MISMATCH,MISMATCH,MISMATCH,MISMATCH,MATCH,MISMATCH,MATCH,—,28.0%,"EPD Expiry: beam=""2025-05-21"" pdf=""2020-05-21"" | Material: beam=""Gypsum panels - glass mat"" pdf=∅ | Product Brand Name: beam=""1/2"" DensGlass® Sheathing Gypsum Pane"" pdf=∅ | Specifications: beam=""1/2"""" pdf=∅ | Countries of Manufacture: beam=""US"" pdf=∅ | Markets of Applicability: beam=""US & CA"" pdf=∅ | GWP units kgCO2e per: beam=""92.9m2"" pdf=""1000 square feet, commonly referred to a"" | Density: beam=""9.96"" pdf=""900"" | Density Units: beam=""kg/m2"" pdf=""kg/m3"" | EPD Type: beam=""Product-specific"" pdf=∅ | EPD Owner: beam=""Georgia-Pacific Gypsum LLC"" pdf=""NSF"" | EPD Program / Operator: beam=""NSF Certification, LLC"" pdf=""NSF International"" | Internal/External Validation: beam=""External"" pdf=∅ | EPD Verifying Agent: beam=""Jenny Oorbeck & Jack Geibig – EcoForm"" pdf=""in accordance with ISO 14025 and jgeibig"" | EPD Standards: beam=""--"" pdf=""ISO 14025, ISO 21930, EN 15804, ISO 1404"" | EPD PCR Guidelines: beam=""Product Category Rules for North America"" pdf=""NSF International, Product Category Rule"" | LCA Method: beam=""TRACI 2.1"" pdf=""(version 2.1) is applied to calculate en"" | EPD LCI Database: beam=""GaBi Database, Service Pack 41"" pdf=""and the US adjusted ecoinvent v 2.2 LCI """
INT003,EPD10360,—,—,—,—,—,—,MISMATCH,—,MISMATCH,MATCH,MISMATCH,MISMATCH,—,MISMATCH,MISMATCH,—,MATCH,MISMATCH,—,—,—,—,—,—,—,—,—,—,—,—,—,—,MISMATCH,MISMATCH,MISMATCH,MISMATCH,—,—,—,—,—,—,MISMATCH,—,—,—,—,—,—,—,MATCH,MISMATCH,MISMATCH,—,MATCH,MISMATCH,MISMATCH,—,MATCH,MISMATCH,MATCH,MISMATCH,—,—,25.0%,"EPD Expiry: beam=""2025-05-21"" pdf=""2020-05-21"" | Material: beam=""Drywall 1/2"""" pdf=∅ | Product Brand Name: beam=""ToughRock Mold-Guard"" pdf=∅ | Specifications: beam=""1/2"" (12.7 mm)"" pdf=∅ | Countries of Manufacture: beam=""US"" pdf=∅ | Markets of Applicability: beam=""US & CA"" pdf=∅ | GWP units kgCO2e per: beam=""92.9m2"" pdf=""1000 square feet, commonly referred to a"" | Density: beam=""774"" pdf=""900"" | Density Units: beam=""kg/92.9m2"" pdf=""kg/m3"" | Addn'l factors: beam=""8.33"" pdf=∅ | Addn'l factor units: beam=""kg/m2"" pdf=∅ | Depth (m): beam=""0.0127"" pdf=∅ | EPD Type: beam=""Product-specific"" pdf=∅ | EPD Owner: beam=""Georgia-Pacific"" pdf=""NSF"" | Internal/External Validation: beam=""External"" pdf=∅ | EPD Verifying Agent: beam=""Jack Geibig - EcoForm"" pdf=""in accordance with ISO 14025 and jgeibig"" | LCA Method: beam=""TRACI 2.1"" pdf=""(version 2.1) is applied to calculate en"" | EPD LCI Database: beam=""GaBi Service Pack 40"" pdf=""and the US adjusted ecoinvent v 2.2 LCI """
LIN006,EPD10362,—,—,—,—,—,—,MISMATCH,—,MISMATCH,MISMATCH,MISMATCH,MISMATCH,—,MISMATCH,MISMATCH,—,MISMATCH,MISMATCH,—,—,—,—,—,—,—,—,—,—,—,—,—,—,MISMATCH,MISMATCH,MISMATCH,MISMATCH,—,—,—,—,—,—,MISMATCH,—,—,MISMATCH,—,—,—,—,MATCH,MATCH,MISMATCH,—,MATCH,MISMATCH,MISMATCH,—,MISMATCH,MISMATCH,MATCH,MISMATCH,MISMATCH,—,15.4%,"EPD Expiry: beam=""2025-11-05"" pdf=""2023-12-17"" | Material: beam=""Linoleum flooring"" pdf=∅ | Manufacturer: beam=""Mannington"" pdf=""Name and Address"" | Product Brand Name: beam=""Legato Flooring"" pdf=∅ | Specifications: beam=""liquid applied"" pdf=∅ | Countries of Manufacture: beam=""US"" pdf=""NLD"" | Markets of Applicability: beam=""US & CA"" pdf=""CAN, USA"" | Stated EPD kgCO2e / unit: beam=""2.65"" pdf=""2.63"" | GWP units kgCO2e per: beam=""m²"" pdf=""is considered"" | Density: beam=""0.9"" pdf=""1700"" | Density Units: beam=""kg/dm3"" pdf=""kg/m3"" | Addn'l factors: beam=""1.98"" pdf=∅ | Addn'l factor units: beam=""kg/m2"" pdf=∅ | Depth (m): beam=""0.0022"" pdf=∅ | Material Type: beam=""Linoleum"" pdf=""Luxury vinyl tile"" | EPD Owner: beam=""Mannington"" pdf=""NSF"" | Internal/External Validation: beam=""External"" pdf=∅ | EPD Verifying Agent: beam=""Terrie Boguski, Harmony Environmental, L"" pdf=∅ | EPD PCR Guidelines: beam=""PCR for Resinous Flooring Coatings, Vers"" pdf=∅ | LCA Method: beam=""TRACI 2.1"" pdf=""and Version Number"" | EPD LCI Database: beam=""GaBi Service Pack 39"" pdf=""and Version Number GaBi Database Version"" | Product Service Life (Years): beam=""30"" pdf=""6"""
RRR111,EPD10396,—,—,—,—,—,—,MISMATCH,—,MISMATCH,MISMATCH,MISMATCH,—,—,MISMATCH,MISMATCH,—,MATCH,MATCH,—,—,—,—,—,—,—,—,—,—,—,—,—,—,MISMATCH,MISMATCH,MISMATCH,—,—,—,—,—,—,—,—,—,—,MISMATCH,—,—,—,—,MATCH,MATCH,MISMATCH,—,MATCH,MISMATCH,MISMATCH,—,MISMATCH,MISMATCH,MATCH,MISMATCH,—,—,27.3%,"EPD Expiry: beam=""2025-07-29"" pdf=∅ | Material: beam=""Asphalt Shingles"" pdf=∅ | Manufacturer: beam=""GAF"" pdf=""Name and Headquarter Address 1 Campus Dr"" | Product Brand Name: beam=""Timberline Cool Series"" pdf=∅ | Countries of Manufacture: beam=""US"" pdf=∅ | Markets of Applicability: beam=""US & CA"" pdf=""CAN, USA"" | Density: beam=""10.12"" pdf=""23"" | Density Units: beam=""kg/m2"" pdf=""kg/m3"" | Addn'l factors: beam=""Excl. Fasteners"" pdf=∅ | Material Type: beam=""Asphalt Shingles"" pdf=""Fiberglass"" | EPD Owner: beam=""GAF"" pdf=""NSF"" | Internal/External Validation: beam=""External"" pdf=∅ | EPD Verifying Agent: beam=""Jack Geibig - EcoForm"" pdf=∅ | EPD PCR Guidelines: beam=""UL PCR Part B: Asphalt Shingles, Built-u"" pdf=∅ | LCA Method: beam=""TRACI 2.1"" pdf=""and Version Number"" | EPD LCI Database: beam=""GaBi Service Pack 40"" pdf=""and Version Number GaBi Database, Servic"""
2b19ae,EPD10397,—,—,—,—,—,—,MISMATCH,—,MISMATCH,MISMATCH,MISMATCH,MISMATCH,—,—,MATCH,—,MATCH,MATCH,—,—,—,—,—,—,—,—,—,—,—,—,—,—,MISMATCH,MISMATCH,—,—,—,—,—,—,—,—,—,—,—,—,—,—,—,—,MATCH,MATCH,—,MISMATCH,—,—,—,—,—,—,—,—,—,—,38.5%,"EPD Expiry: beam=""2025"" pdf=∅ | Material: beam=""Asphalt Shingles"" pdf=∅ | Manufacturer: beam=""GAF"" pdf=""Name and Headquarter Address 1 Campus Dr"" | Product Brand Name: beam=""Timberline"" pdf=∅ | Specifications: beam=""Timberline"" pdf=∅ | Density: beam=""9.83"" pdf=""23"" | Density Units: beam=""kg/m2"" pdf=""kg/m3"" | EPD/LCA Prepared by: beam=""NSF"" pdf=""Home Innovation Research Labs, an indepe"""
84c2b6,EPD10447,—,—,—,—,—,—,MISMATCH,—,MISMATCH,MATCH,MISMATCH,MISMATCH,—,—,MISMATCH,—,MISMATCH,MATCH,—,—,—,—,—,—,—,—,—,—,—,—,—,—,MISMATCH,MATCH,—,—,—,—,—,—,—,—,—,—,—,—,—,—,—,—,MATCH,MATCH,MISMATCH,MISMATCH,MISMATCH,—,MATCH,—,—,—,—,—,—,—,37.5%,"EPD Expiry: beam=""2025-10-06"" pdf=∅ | Material: beam=""Brick, Clay, Generic Modular"" pdf=∅ | Product Brand Name: beam=""US-Canada Industry Average"" pdf=∅ | Specifications: beam=""GWP by volume"" pdf=∅ | Markets of Applicability: beam=""US & CA"" pdf=∅ | Stated EPD kgCO2e / unit: beam=""503"" pdf=""1.52"" | Density: beam=""2120"" pdf=""960"" | EPD Owner: beam=""Brick Industry Association"" pdf=""NSF"" | EPD/LCA Prepared by: beam=""PRé Consultants"" pdf=∅ | EPD Program / Operator: beam=""NSF"" pdf=∅"
e73378,EPD10447,—,—,—,—,—,—,MISMATCH,—,MISMATCH,MATCH,MISMATCH,MISMATCH,—,—,MISMATCH,—,MISMATCH,MATCH,—,—,—,—,—,—,—,—,—,—,—,—,—,—,MISMATCH,MISMATCH,—,MISMATCH,—,—,—,—,MISMATCH,MISMATCH,MISMATCH,MISMATCH,—,—,—,—,—,—,MATCH,MATCH,MISMATCH,MISMATCH,MISMATCH,—,MATCH,—,—,—,—,—,—,—,23.8%,"EPD Expiry: beam=""2025-10-06"" pdf=∅ | Material: beam=""Brick, Clay, Generic Modular"" pdf=∅ | Product Brand Name: beam=""US-Canada Industry Average"" pdf=∅ | Specifications: beam=""3-5/8"" x 2-3/4"" x 7-5/8"" incl. 3/8"" mort"" pdf=∅ | Markets of Applicability: beam=""US & CA"" pdf=∅ | Stated EPD kgCO2e / unit: beam=""503"" pdf=""1.52"" | Density: beam=""269"" pdf=""960"" | Density Units: beam=""kgCO2/m3 mortar"" pdf=""kg/m3"" | Addn'l factor units: beam=""83% brick, 17% mortar"" pdf=∅ | Length (m): beam=""0.203"" pdf=∅ | Width (m): beam=""0.102"" pdf=∅ | Depth (m): beam=""0.070"" pdf=∅ | Unit Volume (m3): beam=""0.00144942"" pdf=∅ | EPD Owner: beam=""Brick Industry Association"" pdf=""NSF"" | EPD/LCA Prepared by: beam=""PRé Consultants"" pdf=∅ | EPD Program / Operator: beam=""NSF"" pdf=∅"
d0rm3c,EPD10465,—,—,—,—,—,—,MISMATCH,—,MISMATCH,MISMATCH,MISMATCH,MISMATCH,—,MISMATCH,MISMATCH,—,MISMATCH,MISMATCH,—,—,—,—,—,—,—,—,—,—,—,—,—,—,MISMATCH,MISMATCH,—,—,MISMATCH,MISMATCH,—,—,—,—,—,—,—,MATCH,—,—,—,—,MATCH,MATCH,—,MISMATCH,—,—,—,—,—,—,—,—,—,—,17.6%,"EPD Expiry: beam=""2025-11-04"" pdf=""2026-02-28"" | Material: beam=""Polyiso - roof boards / GRF facer"" pdf=∅ | Manufacturer: beam=""PIMA"" pdf=""Atlas Roofing Corporation"" | Product Brand Name: beam=""Atlas, Firestone, GAF, Johns Manville, R"" pdf=∅ | Specifications: beam=""R 5.8/inch"" pdf=∅ | Countries of Manufacture: beam=""US & CA"" pdf=""USA"" | Markets of Applicability: beam=""US & CA"" pdf=""United States and Canada"" | Stated EPD kgCO2e / unit: beam=""2.1086"" pdf=""13.354"" | GWP units kgCO2e per: beam=""m2•RSI"" pdf=""The functional unit for building envelop"" | Density: beam=""37.64"" pdf=∅ | Density Units: beam=""kg/m3"" pdf=∅ | R-value / inch: beam=""5.6"" pdf=∅ | k, Thermal Conductivity: beam=""0.02575378571"" pdf=∅ | EPD/LCA Prepared by: beam=""NSF"" pdf=""Long Trail Sustainability"""
f2l0sm,EPD10465,—,—,—,—,—,—,MISMATCH,—,MISMATCH,MISMATCH,MISMATCH,MISMATCH,—,MISMATCH,MISMATCH,—,MISMATCH,MISMATCH,—,—,—,—,—,—,—,—,—,—,—,—,—,—,MISMATCH,MISMATCH,—,—,MISMATCH,MISMATCH,—,—,—,—,—,—,—,MATCH,—,—,—,—,MATCH,MATCH,—,MISMATCH,—,—,—,—,—,—,—,—,—,—,17.6%,"EPD Expiry: beam=""2025-11-04"" pdf=""2026-02-28"" | Material: beam=""Polyiso - roof boards / CGF facer"" pdf=∅ | Manufacturer: beam=""PIMA"" pdf=""Atlas Roofing Corporation"" | Product Brand Name: beam=""Atlas, Firestone, GAF, Johns Manville, R"" pdf=∅ | Specifications: beam=""R 5.8/inch"" pdf=∅ | Countries of Manufacture: beam=""US & CA"" pdf=""USA"" | Markets of Applicability: beam=""US & CA"" pdf=""United States and Canada"" | Stated EPD kgCO2e / unit: beam=""2.9486"" pdf=""13.354"" | GWP units kgCO2e per: beam=""m2•RSI"" pdf=""The functional unit for building envelop"" | Density: beam=""37.64"" pdf=∅ | Density Units: beam=""kg/m3"" pdf=∅ | R-value / inch: beam=""5.6"" pdf=∅ | k, Thermal Conductivity: beam=""0.02575378571"" pdf=∅ | EPD/LCA Prepared by: beam=""NSF"" pdf=""Long Trail Sustainability"""
n9cx2a,EPD10466,—,—,—,—,—,—,MISMATCH,—,MISMATCH,MISMATCH,MISMATCH,MISMATCH,—,—,MISMATCH,—,MISMATCH,MISMATCH,—,—,—,—,—,—,—,—,—,—,—,—,—,—,MISMATCH,MISMATCH,—,—,MISMATCH,MISMATCH,—,—,—,—,—,—,—,MATCH,—,—,—,—,MATCH,MATCH,—,MATCH,MISMATCH,MISMATCH,MISMATCH,MISMATCH,—,—,—,MATCH,—,—,23.8%,"EPD Expiry: beam=""2025-11-04"" pdf=∅ | Material: beam=""Polyiso - wall boards"" pdf=∅ | Manufacturer: beam=""PIMA"" pdf=""Primary Data 2017"" | Product Brand Name: beam=""Includes: Atlas, Firestone, GAF, Johns M"" pdf=∅ | Specifications: beam=""R 6.5/inch"" pdf=∅ | Markets of Applicability: beam=""US"" pdf=""United States and Canada"" | Stated EPD kgCO2e / unit: beam=""4.0959"" pdf=""3.86"" | GWP units kgCO2e per: beam=""m2•RSI"" pdf=∅ | Density: beam=""49.09"" pdf=∅ | Density Units: beam=""kg/m3"" pdf=∅ | R-value / inch: beam=""6.5"" pdf=∅ | k, Thermal Conductivity: beam=""0.02218787692"" pdf=∅ | EPD Program / Operator: beam=""NSF"" pdf=∅ | Internal/External Validation: beam=""External"" pdf=∅ | EPD Verifying Agent: beam=""Harmony Environmental"" pdf=""NSF in Jenny Oorbeck – NSF"" | EPD Standards: beam=""ISO 21930:2017"" pdf=""ISO 14025, ISO 21930, EN15804, ISO 14040"""
l2j0sa,EPD10467,—,—,—,—,—,—,MISMATCH,—,MISMATCH,MISMATCH,MISMATCH,MISMATCH,—,MISMATCH,MISMATCH,—,MISMATCH,MISMATCH,—,—,—,—,—,—,—,—,—,—,—,—,—,—,MISMATCH,MISMATCH,—,—,MISMATCH,MISMATCH,—,—,—,—,—,—,—,MATCH,—,—,—,—,MATCH,MATCH,—,MISMATCH,—,—,—,—,—,—,—,—,—,—,17.6%,"EPD Expiry: beam=""2025-11-04"" pdf=""2026-02-28"" | Material: beam=""Polyiso - roof boards / CGF facer"" pdf=∅ | Manufacturer: beam=""PIMA"" pdf=""Atlas Roofing Corporation"" | Product Brand Name: beam=""Atlas, Firestone, GAF, Johns Manville, C"" pdf=∅ | Specifications: beam=""R 5.8/inch"" pdf=∅ | Countries of Manufacture: beam=""US & CA"" pdf=""USA"" | Markets of Applicability: beam=""US & CA"" pdf=""United States and Canada"" | Stated EPD kgCO2e / unit: beam=""10.678"" pdf=""32.339"" | GWP units kgCO2e per: beam=""m2•RSI"" pdf=""The functional unit for building envelop"" | Density: beam=""37.64"" pdf=∅ | Density Units: beam=""kg/m3"" pdf=∅ | R-value / inch: beam=""5.0"" pdf=∅ | k, Thermal Conductivity: beam=""0.02884424"" pdf=∅ | EPD/LCA Prepared by: beam=""NSF"" pdf=""Long Trail Sustainability"""
bbb008,EPD10568,—,—,—,—,—,—,MISMATCH,—,MISMATCH,MISMATCH,MISMATCH,MISMATCH,—,MATCH,MISMATCH,—,MISMATCH,MISMATCH,—,—,—,—,—,—,—,—,—,—,—,—,—,—,MISMATCH,MISMATCH,—,—,—,—,—,—,—,—,—,—,—,MISMATCH,—,—,—,—,MATCH,MATCH,MISMATCH,MISMATCH,MATCH,MISMATCH,MISMATCH,MISMATCH,MISMATCH,MATCH,MISMATCH,MATCH,—,—,25.0%,"EPD Expiry: beam=""2026"" pdf=∅ | Material: beam=""Liquid applied barrier"" pdf=∅ | Manufacturer: beam=""Carlisle"" pdf=""Name and Address 900 Hensley Lane"" | Product Brand Name: beam=""Barrithane VP"" pdf=∅ | Specifications: beam=""40 mils"" pdf=∅ | Markets of Applicability: beam=""US & CA"" pdf=""CAN, USA"" | Stated EPD kgCO2e / unit: beam=""5.2"" pdf=∅ | GWP units kgCO2e per: beam=""m²"" pdf=""is defined as (1) m of product following"" | Density: beam=""1.498"" pdf=∅ | Density Units: beam=""m2/kg"" pdf=∅ | Material Type: beam=""Barrier"" pdf=""Membrane"" | EPD Owner: beam=""Carlisle Coatings & Waterproofing"" pdf=""NSF"" | EPD/LCA Prepared by: beam=""intertek sustainability"" pdf=∅ | Internal/External Validation: beam=""External"" pdf=∅ | EPD Verifying Agent: beam=""Jack Geibig, Ecoform"" pdf=∅ | EPD Standards: beam=""ISO 14044"" pdf=""ISO 14025:2006, ISO 21930:2007, ISO 1404"" | EPD PCR Guidelines: beam=""Water-resistive and air barriers"" pdf=∅ | EPD LCA Software: beam=""Simapro 9.01"" pdf=""and Version Number Simapro v9.01"""
bbb024,EPD10568,—,—,—,—,—,—,MISMATCH,—,MISMATCH,MISMATCH,MISMATCH,—,—,MATCH,MISMATCH,—,MISMATCH,MISMATCH,—,—,—,—,—,—,—,—,—,—,—,—,—,—,MISMATCH,MISMATCH,—,—,—,—,—,—,—,—,—,—,—,MISMATCH,—,—,—,—,MATCH,MATCH,MISMATCH,MISMATCH,MATCH,MISMATCH,MISMATCH,MISMATCH,MISMATCH,MATCH,MISMATCH,MATCH,—,—,26.1%,"EPD Expiry: beam=""2026"" pdf=∅ | Material: beam=""Liquid applied waterproofing"" pdf=∅ | Manufacturer: beam=""Carlisle"" pdf=""Name and Address 900 Hensley Lane"" | Product Brand Name: beam=""MiraSEAL & MiraTITE"" pdf=∅ | Markets of Applicability: beam=""US & CA"" pdf=""CAN, USA"" | Stated EPD kgCO2e / unit: beam=""8.4"" pdf=∅ | GWP units kgCO2e per: beam=""m²"" pdf=""is defined as (1) m of product following"" | Density: beam=""0.484"" pdf=∅ | Density Units: beam=""m2/kg"" pdf=∅ | Material Type: beam=""Barrier"" pdf=""Membrane"" | EPD Owner: beam=""Carlisle Coatings & Waterproofing"" pdf=""NSF"" | EPD/LCA Prepared by: beam=""intertek sustainability"" pdf=∅ | Internal/External Validation: beam=""External"" pdf=∅ | EPD Verifying Agent: beam=""Jack Geibig, Ecoform"" pdf=∅ | EPD Standards: beam=""ISO 14044"" pdf=""ISO 14025:2006, ISO 21930:2007, ISO 1404"" | EPD PCR Guidelines: beam=""Water-resistive and air barriers"" pdf=∅ | EPD LCA Software: beam=""Simapro 9.01"" pdf=""and Version Number Simapro v9.01"""
bbb023,EPD10572,—,—,—,—,—,—,MISMATCH,—,MISMATCH,MISMATCH,MISMATCH,—,—,MATCH,MISMATCH,—,MISMATCH,MISMATCH,—,—,—,—,—,—,—,—,—,—,—,—,—,—,MISMATCH,MISMATCH,—,—,—,—,—,—,—,—,—,—,—,MISMATCH,—,—,—,—,MATCH,MATCH,MISMATCH,MISMATCH,MATCH,MISMATCH,MISMATCH,MISMATCH,MISMATCH,MATCH,MISMATCH,MATCH,—,—,26.1%,"EPD Expiry: beam=""2026"" pdf=∅ | Material: beam=""Adhesive"" pdf=∅ | Manufacturer: beam=""Carlisle"" pdf=""Name and Address 900 Hensley Lane"" | Product Brand Name: beam=""MirPLY V"" pdf=∅ | Markets of Applicability: beam=""US & CA"" pdf=""CAN, USA"" | Stated EPD kgCO2e / unit: beam=""8.6"" pdf=∅ | GWP units kgCO2e per: beam=""m²"" pdf=""is defined as (1) m of product following"" | Density: beam=""0.471"" pdf=∅ | Density Units: beam=""m2/kg"" pdf=∅ | Material Type: beam=""Barrier"" pdf=""Membrane"" | EPD Owner: beam=""Carlisle Coatings & Waterproofing"" pdf=""NSF"" | EPD/LCA Prepared by: beam=""intertek sustainability"" pdf=∅ | Internal/External Validation: beam=""External"" pdf=∅ | EPD Verifying Agent: beam=""Jack Geibig, Ecoform"" pdf=∅ | EPD Standards: beam=""ISO 14044"" pdf=""ISO 14025:2006, ISO 21930:2007, ISO 1404"" | EPD PCR Guidelines: beam=""Water-resistive and air barriers"" pdf=∅ | EPD LCA Software: beam=""Simapro 9.01"" pdf=""and Version Number Simapro v9.01"""
LVT006,EPD10668,—,—,—,—,—,—,MISMATCH,—,MISMATCH,MISMATCH,MISMATCH,MISMATCH,—,MISMATCH,MISMATCH,—,MISMATCH,MISMATCH,—,—,—,—,—,—,—,—,—,—,—,—,—,—,MISMATCH,MISMATCH,—,—,—,—,—,—,—,—,—,—,—,MATCH,—,—,—,—,MATCH,MATCH,MISMATCH,—,—,—,—,—,—,MISMATCH,—,—,—,—,18.8%,"EPD Expiry: beam=""2026"" pdf=∅ | Material: beam=""Luxury vinyl tile (LVT)"" pdf=∅ | Manufacturer: beam=""Mannington"" pdf=""Name and Address 1421 Amtico Road"" | Product Brand Name: beam=""All tile & plank models"" pdf=∅ | Specifications: beam=""4.0 mm"" pdf=∅ | Countries of Manufacture: beam=""US"" pdf=∅ | Markets of Applicability: beam=""US & CA"" pdf=""CAN, USA"" | Stated EPD kgCO2e / unit: beam=""10.1"" pdf=""6.2"" | GWP units kgCO2e per: beam=""m2"" pdf=""is considered negligible. The recommende"" | Density: beam=""5.45"" pdf=""1700"" | Density Units: beam=""kg/m2"" pdf=""kg/m3"" | EPD Owner: beam=""Mannington Mills"" pdf=∅ | LCA Method: beam=""TRACI 2.1"" pdf=""and Version Number"""
LVT011,EPD10668,—,—,—,—,—,—,MISMATCH,—,MISMATCH,MISMATCH,MISMATCH,MISMATCH,—,MISMATCH,MISMATCH,—,MISMATCH,MISMATCH,—,—,—,—,—,—,—,—,—,—,—,—,—,—,MISMATCH,MISMATCH,—,—,—,—,—,—,—,—,MISMATCH,—,—,MATCH,—,—,—,—,MATCH,MATCH,MISMATCH,—,MATCH,MISMATCH,MISMATCH,—,MISMATCH,MISMATCH,MATCH,MISMATCH,MISMATCH,—,20.8%,"EPD Expiry: beam=""2026-10-29"" pdf=∅ | Material: beam=""Vinyl flooring"" pdf=∅ | Manufacturer: beam=""Mannington"" pdf=""Name and Address 1421 Amtico Road"" | Product Brand Name: beam=""Luxury Vinyl Tile"" pdf=∅ | Specifications: beam=""2.5 mm Tile and Plank"" pdf=∅ | Countries of Manufacture: beam=""US"" pdf=∅ | Markets of Applicability: beam=""US & CA"" pdf=""CAN, USA"" | Stated EPD kgCO2e / unit: beam=""6.51"" pdf=""6.2"" | GWP units kgCO2e per: beam=""m²"" pdf=""is considered negligible. The recommende"" | Density: beam=""2.79"" pdf=""1700"" | Density Units: beam=""kg/m2"" pdf=""kg/m3"" | Depth (m): beam=""0.003"" pdf=""0.002"" | EPD Owner: beam=""Mannington"" pdf=∅ | Internal/External Validation: beam=""External"" pdf=∅ | EPD Verifying Agent: beam=""Jack Geibig - EcoForm"" pdf=∅ | EPD PCR Guidelines: beam=""Part B: Flooring EPD Requirements. UL 10"" pdf=∅ | LCA Method: beam=""TRACI 2.1"" pdf=""and Version Number"" | EPD LCI Database: beam=""GaBi 2021.2"" pdf=""and Version Number GaBi Database Version"" | Product Service Life (Years): beam=""30"" pdf=""75"""
bbb016,EPD10786,—,—,—,—,—,—,MISMATCH,—,MISMATCH,MISMATCH,MISMATCH,MISMATCH,—,MATCH,MISMATCH,—,MISMATCH,MISMATCH,—,—,—,—,—,—,—,—,—,—,—,—,—,—,MISMATCH,MISMATCH,—,—,—,—,—,—,—,—,MISMATCH,—,—,—,—,—,—,—,MATCH,MATCH,MISMATCH,—,MISMATCH,MISMATCH,MISMATCH,—,MISMATCH,MATCH,MATCH,MISMATCH,MISMATCH,—,21.7%,"EPD Expiry: beam=""2027-09-26"" pdf=∅ | Material: beam=""Liquid applied barrier"" pdf=∅ | Manufacturer: beam=""GCP"" pdf=""NSF Certification LLC"" | Product Brand Name: beam=""Perm-a-Barrier NPL 10"" pdf=∅ | Specifications: beam=""1 mm"" pdf=∅ | Markets of Applicability: beam=""US & CA"" pdf=""CAN, USA"" | Stated EPD kgCO2e / unit: beam=""4.8"" pdf=""4.05"" | GWP units kgCO2e per: beam=""m²"" pdf=""PERM-A-BARRIER® VPL 50RS UV Stable, PERM"" | Density: beam=""1.4"" pdf=∅ | Density Units: beam=""g/cm3"" pdf=∅ | Depth (m): beam=""0.001"" pdf=∅ | EPD Owner: beam=""GCP"" pdf=""NSF"" | EPD Program / Operator: beam=""NSF"" pdf=""ASTM International"" | Internal/External Validation: beam=""External"" pdf=∅ | EPD Verifying Agent: beam=""Jack Geibig - EcoForm"" pdf=∅ | EPD PCR Guidelines: beam=""ASTM International Water-Resistive and A"" pdf=""Insulated Metal Panels Metal Composite"" | EPD LCI Database: beam=""GaBi 2021.2"" pdf=""and Version Number GaBi Database 2022.1"" | Product Service Life (Years): beam=""NA"" pdf=∅"
bbb017,EPD10786,—,—,—,—,—,—,MISMATCH,—,MISMATCH,MISMATCH,MISMATCH,MISMATCH,—,MATCH,MISMATCH,—,MISMATCH,MISMATCH,—,—,—,—,—,—,—,—,—,—,—,—,—,—,MISMATCH,MISMATCH,—,—,—,—,—,—,—,—,MISMATCH,—,—,—,—,—,—,—,MATCH,MATCH,MISMATCH,—,MISMATCH,MISMATCH,MISMATCH,—,MISMATCH,MATCH,MATCH,MISMATCH,MISMATCH,—,21.7%,"EPD Expiry: beam=""2027-09-26"" pdf=∅ | Material: beam=""Liquid applied barrier"" pdf=∅ | Manufacturer: beam=""GCP"" pdf=""NSF Certification LLC"" | Product Brand Name: beam=""Perm-a-Barrier VPL"" pdf=∅ | Specifications: beam=""0.64 mm"" pdf=∅ | Markets of Applicability: beam=""US & CA"" pdf=""CAN, USA"" | Stated EPD kgCO2e / unit: beam=""4.01"" pdf=""4.05"" | GWP units kgCO2e per: beam=""m²"" pdf=""PERM-A-BARRIER® VPL 50RS UV Stable, PERM"" | Density: beam=""1.4"" pdf=∅ | Density Units: beam=""g/cm3"" pdf=∅ | Depth (m): beam=""0.001"" pdf=∅ | EPD Owner: beam=""GCP"" pdf=""NSF"" | EPD Program / Operator: beam=""NSF"" pdf=""ASTM International"" | Internal/External Validation: beam=""External"" pdf=∅ | EPD Verifying Agent: beam=""Jack Geibig - EcoForm"" pdf=∅ | EPD PCR Guidelines: beam=""ASTM International Water-Resistive and A"" pdf=""Insulated Metal Panels Metal Composite"" | EPD LCI Database: beam=""GaBi 2021.2"" pdf=""and Version Number GaBi Database 2022.1"" | Product Service Life (Years): beam=""NA"" pdf=∅"
bbb018,EPD10786,—,—,—,—,—,—,MISMATCH,—,MISMATCH,MISMATCH,MISMATCH,MISMATCH,—,MATCH,MISMATCH,—,MISMATCH,MISMATCH,—,—,—,—,—,—,—,—,—,—,—,—,—,—,MISMATCH,MISMATCH,—,—,—,—,—,—,—,—,MISMATCH,—,—,—,—,—,—,—,MATCH,MATCH,MISMATCH,—,MISMATCH,MISMATCH,MISMATCH,—,MISMATCH,MATCH,MATCH,MISMATCH,MISMATCH,—,21.7%,"EPD Expiry: beam=""2027-09-26"" pdf=∅ | Material: beam=""Liquid applied barrier"" pdf=∅ | Manufacturer: beam=""GCP"" pdf=""NSF Certification LLC"" | Product Brand Name: beam=""Perm-a-Barrier VPL 50 RS"" pdf=∅ | Specifications: beam=""0.51 mm"" pdf=∅ | Markets of Applicability: beam=""US & CA"" pdf=""CAN, USA"" | Stated EPD kgCO2e / unit: beam=""1.53"" pdf=""4.05"" | GWP units kgCO2e per: beam=""m²"" pdf=""PERM-A-BARRIER® VPL 50RS UV Stable, PERM"" | Density: beam=""1.4"" pdf=∅ | Density Units: beam=""g/cm3"" pdf=∅ | Depth (m): beam=""0.001"" pdf=∅ | EPD Owner: beam=""GCP"" pdf=""NSF"" | EPD Program / Operator: beam=""NSF"" pdf=""ASTM International"" | Internal/External Validation: beam=""External"" pdf=∅ | EPD Verifying Agent: beam=""Jack Geibig - EcoForm"" pdf=∅ | EPD PCR Guidelines: beam=""ASTM International Water-Resistive and A"" pdf=""Insulated Metal Panels Metal Composite"" | EPD LCI Database: beam=""GaBi 2021.2"" pdf=""and Version Number GaBi Database 2022.1"" | Product Service Life (Years): beam=""NA"" pdf=∅"
bbb019,EPD10786,—,—,—,—,—,—,MISMATCH,—,MISMATCH,MISMATCH,MISMATCH,MISMATCH,—,MATCH,MISMATCH,—,MISMATCH,MISMATCH,—,—,—,—,—,—,—,—,—,—,—,—,—,—,MISMATCH,MISMATCH,—,—,—,—,—,—,—,—,MISMATCH,—,—,—,—,—,—,—,MATCH,MATCH,MISMATCH,—,MISMATCH,MISMATCH,MISMATCH,—,MISMATCH,MISMATCH,MISMATCH,MISMATCH,MISMATCH,—,13.0%,"EPD Expiry: beam=""2027-09-26"" pdf=∅ | Material: beam=""Sheet barrier"" pdf=∅ | Manufacturer: beam=""GCP"" pdf=""NSF Certification LLC"" | Product Brand Name: beam=""Perm-a-Barrier NPS"" pdf=∅ | Specifications: beam=""1 mm"" pdf=∅ | Markets of Applicability: beam=""US & CA"" pdf=""CAN, USA"" | Stated EPD kgCO2e / unit: beam=""1.12"" pdf=""4.05"" | GWP units kgCO2e per: beam=""m²"" pdf=""PERM-A-BARRIER® VPL 50RS UV Stable, PERM"" | Density: beam=""1.4"" pdf=∅ | Density Units: beam=""g/cm3"" pdf=∅ | Depth (m): beam=""0.001"" pdf=∅ | EPD Owner: beam=""GCP"" pdf=""NSF"" | EPD Program / Operator: beam=""NSF"" pdf=""ASTM International"" | Internal/External Validation: beam=""External"" pdf=∅ | EPD Verifying Agent: beam=""Jack Geibig - EcoForm"" pdf=∅ | EPD PCR Guidelines: beam=""ASTM International Water-Resistive and A"" pdf=""Insulated Metal Panels Metal Composite"" | LCA Method: beam=""ASTM International Water-Resistive and A"" pdf=""and Version Number TRACI 2.1"" | EPD LCA Software: beam=""ASTM International Water-Resistive and A"" pdf=""and Version Number GaBi 10.6.1.35"" | EPD LCI Database: beam=""ASTM International Water-Resistive and A"" pdf=""and Version Number GaBi Database 2022.1"" | Product Service Life (Years): beam=""NA"" pdf=∅"
bbb011,EPD10787,—,—,—,—,—,—,MISMATCH,—,MISMATCH,MISMATCH,MISMATCH,MISMATCH,—,MISMATCH,MISMATCH,—,MISMATCH,MISMATCH,—,—,—,—,—,—,—,—,—,—,—,—,—,—,—,—,—,—,—,—,—,—,—,—,—,—,—,—,—,—,—,—,MATCH,MATCH,MISMATCH,MISMATCH,MISMATCH,MISMATCH,MISMATCH,—,MISMATCH,MISMATCH,MISMATCH,MISMATCH,—,—,10.0%,"EPD Expiry: beam=""2027"" pdf=∅ | Material: beam=""Adhesive barrier"" pdf=∅ | Manufacturer: beam=""GCP"" pdf=""NSF Certification LLC"" | Product Brand Name: beam=""Perm-a-Barrier"" pdf=∅ | Specifications: beam=""1 mm"" pdf=∅ | Countries of Manufacture: beam=""US"" pdf=∅ | Markets of Applicability: beam=""US & CA"" pdf=""CAN, USA"" | Stated EPD kgCO2e / unit: beam=""1.94"" pdf=""1.81"" | GWP units kgCO2e per: beam=""m²"" pdf=""LT, PERM-A-BARRIER ® AL Wall Membrane"" | EPD Owner: beam=""GCP"" pdf=""NSF"" | EPD/LCA Prepared by: beam=""WAP Sustainability"" pdf=∅ | EPD Program / Operator: beam=""NSF"" pdf=""ASTM International"" | Internal/External Validation: beam=""External"" pdf=∅ | EPD Verifying Agent: beam=""Tony Favilla, NSF"" pdf=∅ | EPD PCR Guidelines: beam=""ASTM International Water-Resistive and A"" pdf=""Insulated Metal Panels Metal Composite"" | LCA Method: beam=""ASTM International Water-Resistive and A"" pdf=""and Version Number TRACI 2.1"" | EPD LCA Software: beam=""ASTM International Water-Resistive and A"" pdf=""and Version Number GaBi 10.6.1.35"" | EPD LCI Database: beam=""ASTM International Water-Resistive and A"" pdf=""and Version Number GaBi Database 2022.1"""
INT000,EPD10792,—,—,—,—,—,—,MISMATCH,—,MISMATCH,MISMATCH,MISMATCH,MISMATCH,—,MISMATCH,MISMATCH,—,MISMATCH,MISMATCH,—,—,—,—,MISMATCH,—,—,—,—,—,—,—,—,—,MISMATCH,MISMATCH,MISMATCH,MISMATCH,—,—,—,MISMATCH,—,—,—,—,—,MATCH,—,—,—,—,MATCH,MATCH,MISMATCH,—,MISMATCH,MISMATCH,MISMATCH,—,MATCH,MATCH,MATCH,MISMATCH,MATCH,—,25.9%,"EPD Expiry: beam=""2027-10-21"" pdf=∅ | Material: beam=""Drywall 1/2"""" pdf=∅ | Manufacturer: beam=""National Gypsum"" pdf=""the facilities shown in the"" | Product Brand Name: beam=""Gold Bond XP Gypsum Board"" pdf=∅ | Specifications: beam=""1/2"" (12.7 mm)"" pdf=∅ | Countries of Manufacture: beam=""US"" pdf=∅ | Markets of Applicability: beam=""US & CA"" pdf=""CAN, USA"" | Stated EPD kgCO2e / unit: beam=""428.0"" pdf=∅ | GWP units kgCO2e per: beam=""92.9m2"" pdf=""1/2 inch and Gold Bond® XP® Fire-Shield®"" | GWP-bio from EPD: beam=""0.549"" pdf=∅ | Density: beam=""859"" pdf=""900"" | Density Units: beam=""kg/92.9m2"" pdf=""kg/m3"" | Addn'l factors: beam=""9.25"" pdf=∅ | Addn'l factor units: beam=""kg/m2"" pdf=∅ | Mass (kg): beam=""859"" pdf=∅ | EPD Owner: beam=""National Gypsum"" pdf=""NSF"" | EPD Program / Operator: beam=""NSF"" pdf=∅ | Internal/External Validation: beam=""External"" pdf=∅ | EPD Verifying Agent: beam=""Jack Geibig - EcoForm"" pdf=∅ | EPD LCI Database: beam=""GaBi 2021.2"" pdf=""and Version Number GaBi Database 2021.2"""
INT005,EPD10792,—,—,—,—,—,—,MISMATCH,—,MISMATCH,MISMATCH,MISMATCH,MISMATCH,—,MISMATCH,MISMATCH,—,MISMATCH,MISMATCH,—,—,—,—,MISMATCH,—,—,—,—,—,—,—,—,—,MISMATCH,MISMATCH,MISMATCH,MISMATCH,—,—,—,MISMATCH,—,—,—,—,—,MATCH,—,—,—,—,MATCH,MATCH,MISMATCH,—,MISMATCH,MISMATCH,MISMATCH,—,MATCH,MATCH,MATCH,MISMATCH,MATCH,—,25.9%,"EPD Expiry: beam=""2027-10-21"" pdf=∅ | Material: beam=""Drywall 5/8"""" pdf=∅ | Manufacturer: beam=""National Gypsum"" pdf=""the facilities shown in the"" | Product Brand Name: beam=""Gold Bond XP Fire-Shield Gypsum Board"" pdf=∅ | Specifications: beam=""5/8'' type X"" pdf=∅ | Countries of Manufacture: beam=""US"" pdf=∅ | Markets of Applicability: beam=""US & CA"" pdf=""CAN, USA"" | Stated EPD kgCO2e / unit: beam=""481.0"" pdf=∅ | GWP units kgCO2e per: beam=""92.9m2"" pdf=""1/2 inch and Gold Bond® XP® Fire-Shield®"" | GWP-bio from EPD: beam=""0.527"" pdf=∅ | Density: beam=""1195"" pdf=""900"" | Density Units: beam=""kg/92.9m2"" pdf=""kg/m3"" | Addn'l factors: beam=""12.86"" pdf=∅ | Addn'l factor units: beam=""kg/m2"" pdf=∅ | Mass (kg): beam=""1195"" pdf=∅ | EPD Owner: beam=""National Gypsum"" pdf=""NSF"" | EPD Program / Operator: beam=""NSF"" pdf=∅ | Internal/External Validation: beam=""External"" pdf=∅ | EPD Verifying Agent: beam=""Jack Geibig - EcoForm"" pdf=∅ | EPD LCI Database: beam=""GaBi 2021.2"" pdf=""and Version Number GaBi Database 2021.2"""
EPS004,EPD10841,—,—,—,—,—,—,MATCH,—,MISMATCH,MATCH,MISMATCH,MISMATCH,—,MISMATCH,MISMATCH,—,MISMATCH,MISMATCH,—,—,—,—,—,—,—,—,—,—,—,—,—,—,MISMATCH,MATCH,—,—,MISMATCH,MISMATCH,—,—,—,—,—,—,—,MATCH,—,—,—,—,MATCH,MATCH,MATCH,MISMATCH,MISMATCH,MISMATCH,MISMATCH,MATCH,MISMATCH,MISMATCH,MATCH,MISMATCH,—,—,34.6%,"Material: beam=""EPS foam board with graphite"" pdf=∅ | Product Brand Name: beam=""Neopor F 5200 Plus"" pdf=∅ | Specifications: beam=""R 4.7-inch, Type IX, 25 psi"" pdf=∅ | Countries of Manufacture: beam=""US & CA"" pdf=""DEU"" | Markets of Applicability: beam=""US & CA"" pdf=""CAN, USA"" | Stated EPD kgCO2e / unit: beam=""2.944"" pdf=""1.05"" | GWP units kgCO2e per: beam=""m2•RSI"" pdf=∅ | Density: beam=""21.62"" pdf=""25"" | R-value / inch: beam=""4.7"" pdf=∅ | k, Thermal Conductivity: beam=""0.0306854"" pdf=∅ | EPD/LCA Prepared by: beam=""Intertek Deutschland"" pdf=""Industrial Ecology Consultants"" | EPD Program / Operator: beam=""NSF"" pdf=""IBU"" | Internal/External Validation: beam=""External"" pdf=∅ | EPD Verifying Agent: beam=""Ecoform"" pdf=∅ | EPD PCR Guidelines: beam=""Sub-category Part B: Building Envelope T"" pdf=∅ | LCA Method: beam=""TRACI 2.1"" pdf=""& VERSION IPCC 2013 (AR5)"" | EPD LCI Database: beam=""Ecoinvent 3.11"" pdf=""Ecoinvent 3.8"""
EPS005,EPD10841,—,—,—,—,—,—,MATCH,—,MISMATCH,MATCH,MISMATCH,MISMATCH,—,MISMATCH,MISMATCH,—,MISMATCH,MISMATCH,—,—,—,—,—,—,—,—,—,—,—,—,—,—,MISMATCH,MATCH,—,—,MISMATCH,MISMATCH,—,—,—,—,—,—,—,MATCH,—,—,—,—,MATCH,MATCH,MATCH,MISMATCH,MISMATCH,MISMATCH,MISMATCH,MATCH,MISMATCH,MISMATCH,MISMATCH,MISMATCH,—,—,30.8%,"Material: beam=""EPS foam board with graphite"" pdf=∅ | Product Brand Name: beam=""Neopor F 5200 Plus"" pdf=∅ | Specifications: beam=""R 4.7/inch, Type II, 15 psi (Type 2, 110"" pdf=∅ | Countries of Manufacture: beam=""US & CA"" pdf=""DEU"" | Markets of Applicability: beam=""US & CA"" pdf=""CAN, USA"" | Stated EPD kgCO2e / unit: beam=""2.275"" pdf=""1.05"" | GWP units kgCO2e per: beam=""m2•RSI"" pdf=∅ | Density: beam=""14.42"" pdf=""25"" | R-value / inch: beam=""4.7"" pdf=∅ | k, Thermal Conductivity: beam=""0.0306854"" pdf=∅ | EPD/LCA Prepared by: beam=""Intertek Deutschland"" pdf=""Industrial Ecology Consultants"" | EPD Program / Operator: beam=""NSF"" pdf=""IBU"" | Internal/External Validation: beam=""External"" pdf=∅ | EPD Verifying Agent: beam=""Ecoform"" pdf=∅ | EPD PCR Guidelines: beam=""Building envelope thermal insulation, v2"" pdf=∅ | LCA Method: beam=""TRACI 2.1"" pdf=""& VERSION IPCC 2013 (AR5)"" | EPD LCA Software: beam=""SimaPro 9.4.0.3"" pdf=""& VERSION NUMBER SimaPro 9.4.0.2 Multius"" | EPD LCI Database: beam=""Ecoinvent 3.10"" pdf=""Ecoinvent 3.8"""
EPS006,EPD10842,—,—,—,—,—,—,MATCH,—,MISMATCH,MATCH,MISMATCH,MISMATCH,—,MISMATCH,MISMATCH,—,MISMATCH,MISMATCH,—,—,—,—,—,—,—,—,—,—,—,—,—,—,MISMATCH,MATCH,—,—,MISMATCH,—,—,—,—,—,—,—,—,MATCH,—,—,—,—,MATCH,MATCH,MATCH,MISMATCH,MISMATCH,MISMATCH,MISMATCH,MISMATCH,MISMATCH,MISMATCH,MATCH,MISMATCH,MATCH,—,34.6%,"Material: beam=""EPS foam board with graphite"" pdf=∅ | Product Brand Name: beam=""Neopor® Plus BMB  Atlas Molded Products,"" pdf=∅ | Specifications: beam=""R 4.7/inch, Type IX, 25 psi (Type 9, 175"" pdf=∅ | Countries of Manufacture: beam=""US & CA"" pdf=∅ | Markets of Applicability: beam=""US & CA"" pdf=""CAN, USA"" | Stated EPD kgCO2e / unit: beam=""3.084"" pdf=""1.12"" | GWP units kgCO2e per: beam=""m2•RSI"" pdf=∅ | Density: beam=""28.8"" pdf=""25"" | R-value / inch: beam=""4.70"" pdf=∅ | EPD/LCA Prepared by: beam=""Intertek Sustainability"" pdf=""Industrial Ecology Consultants"" | EPD Program / Operator: beam=""NSF Certification LLC"" pdf=""IBU"" | Internal/External Validation: beam=""External"" pdf=∅ | EPD Verifying Agent: beam=""Jack Geibig, Ecoform"" pdf=∅ | EPD Standards: beam=""--"" pdf=""ISO 14025, ISO 21930:2017, ISO 14040"" | EPD PCR Guidelines: beam=""Sub-category Part B: Building Envelope T"" pdf=∅ | LCA Method: beam=""TRACI v2.1 (July 2012)"" pdf=""& VERSION IPCC 2013 (AR5)"" | EPD LCI Database: beam=""Ecoinvent 3.9"" pdf=""Ecoinvent 3.8"""
EPS007,EPD10842,—,—,—,—,—,—,MATCH,—,MISMATCH,MATCH,MISMATCH,MISMATCH,—,MISMATCH,MISMATCH,—,MISMATCH,MISMATCH,—,—,—,—,—,—,—,—,—,—,—,—,—,—,MISMATCH,MATCH,—,—,MISMATCH,—,—,—,—,—,—,—,—,MATCH,—,—,—,—,MATCH,MATCH,MATCH,MISMATCH,MISMATCH,MISMATCH,MISMATCH,MISMATCH,MISMATCH,MISMATCH,MATCH,MATCH,MATCH,—,38.5%,"Material: beam=""EPS foam board with graphite"" pdf=∅ | Product Brand Name: beam=""Neopor® Plus BMB  Atlas Molded Products,"" pdf=∅ | Specifications: beam=""R 4.7/inch, Type II, 15 psi (Type 2, 110"" pdf=∅ | Countries of Manufacture: beam=""US & CA"" pdf=∅ | Markets of Applicability: beam=""US & CA"" pdf=""CAN, USA"" | Stated EPD kgCO2e / unit: beam=""2.313"" pdf=""1.12"" | GWP units kgCO2e per: beam=""m2•RSI"" pdf=∅ | Density: beam=""21.6"" pdf=""25"" | R-value / inch: beam=""4.70"" pdf=∅ | EPD/LCA Prepared by: beam=""Intertek Sustainability"" pdf=""Industrial Ecology Consultants"" | EPD Program / Operator: beam=""NSF Certification LLC"" pdf=""IBU"" | Internal/External Validation: beam=""External"" pdf=∅ | EPD Verifying Agent: beam=""Jack Geibig, Ecoform"" pdf=∅ | EPD Standards: beam=""--"" pdf=""ISO 14025, ISO 21930:2017, ISO 14040"" | EPD PCR Guidelines: beam=""Sub-category Part B: Building Envelope T"" pdf=∅ | LCA Method: beam=""TRACI v2.1 (July 2012)"" pdf=""& VERSION IPCC 2013 (AR5)"""
4s1lp2,EPD-117,—,—,—,—,—,—,MISMATCH,—,MISMATCH,MISMATCH,MISMATCH,MISMATCH,—,—,MISMATCH,—,MISMATCH,MISMATCH,—,—,—,—,—,—,—,—,—,—,—,—,—,—,MISMATCH,MISMATCH,—,—,—,—,—,—,—,—,—,—,—,—,—,—,—,—,MISMATCH,MATCH,—,MISMATCH,MATCH,—,—,—,—,—,—,—,—,—,14.3%,"EPD Expiry: beam=""09-2024"" pdf=∅ | Material: beam=""Structural Precast Concrete"" pdf=∅ | Manufacturer: beam=""CPCI - PCI"" pdf=""Canadian Precast"" | Product Brand Name: beam=""North American Average"" pdf=∅ | Specifications: beam=""10'' Hollow core slab"" pdf=∅ | Markets of Applicability: beam=""US & CA"" pdf=""the geographical coverage is Canada (var"" | Stated EPD kgCO2e / unit: beam=""256.3"" pdf=""280.12"" | GWP units kgCO2e per: beam=""1000 kg"" pdf=""1 metric ton"" | Density: beam=""71"" pdf=∅ | Density Units: beam=""lb/ft2"" pdf=∅ | EPD ID: beam=""EPD-117"" pdf=""EPD #433"" | EPD/LCA Prepared by: beam=""ASTM International"" pdf=""Athena Sustainable Materials Institute"""
134c8d,EPD124,—,—,—,—,—,—,MATCH,—,MISMATCH,MATCH,MISMATCH,MISMATCH,—,—,MISMATCH,—,MISMATCH,MATCH,—,—,—,—,—,—,—,—,—,—,—,—,—,—,MISMATCH,MATCH,MISMATCH,MISMATCH,—,—,—,—,—,—,—,—,—,MATCH,—,—,—,—,MATCH,MATCH,—,MISMATCH,—,—,—,—,—,—,—,—,—,—,43.8%,"Material: beam=""Cross Laminated Timber"" pdf=∅ | Product Brand Name: beam=""CrossLam"" pdf=∅ | Specifications: beam=""3-1/2"""" pdf=∅ | Markets of Applicability: beam=""CAN"" pdf=""Construction Sector, Mass timber design"" | Stated EPD kgCO2e / unit: beam=""124.02"" pdf=""187.73"" | Density: beam=""481"" pdf=""500"" | Addn'l factors: beam=""0.09"" pdf=∅ | Addn'l factor units: beam=""m thickness"" pdf=∅ | EPD/LCA Prepared by: beam=""ASTM International"" pdf=""PRé Consultants"""
da1134,EPD125,—,—,—,—,—,—,MATCH,—,MISMATCH,MATCH,MISMATCH,—,—,MISMATCH,MISMATCH,—,MISMATCH,MATCH,—,—,—,—,—,—,—,—,—,—,—,—,—,—,MISMATCH,MATCH,—,—,—,—,—,—,—,—,MISMATCH,—,—,—,—,—,—,—,MATCH,MATCH,—,MISMATCH,—,—,—,—,—,—,—,—,—,—,42.9%,"Material: beam=""Glued Laminated Timber (Glulam)"" pdf=∅ | Product Brand Name: beam=""Glulam Plus"" pdf=∅ | Countries of Manufacture: beam=""CAN"" pdf=∅ | Markets of Applicability: beam=""US & CA"" pdf=""Construction Sector, Mass timber design"" | Stated EPD kgCO2e / unit: beam=""115.32"" pdf=""170.94"" | Density: beam=""544"" pdf=""500"" | Depth (m): beam=""0.089"" pdf=∅ | EPD/LCA Prepared by: beam=""ASTM International"" pdf=""PRé Consultants"""
2d7548,EPD-131,—,—,—,—,—,—,MISMATCH,—,MISMATCH,MISMATCH,MISMATCH,MISMATCH,—,—,MISMATCH,—,MISMATCH,MATCH,—,—,—,—,—,—,—,—,—,—,—,—,—,—,MISMATCH,MISMATCH,—,MISMATCH,—,—,—,—,MISMATCH,MISMATCH,MISMATCH,MISMATCH,—,—,—,—,—,—,MISMATCH,MATCH,—,MISMATCH,—,—,—,—,—,—,—,—,—,—,11.1%,"EPD Expiry: beam=""2025"" pdf=∅ | Material: beam=""Brick, Clay"" pdf=∅ | Manufacturer: beam=""Interstate"" pdf=""Climate Earth, Inc"" | Product Brand Name: beam=""Avg Face Brick"" pdf=∅ | Specifications: beam=""3-5/8"" x 2-3/4"" x 7-5/8"" (92 x 70 x 194 "" pdf=∅ | Markets of Applicability: beam=""US"" pdf=∅ | Stated EPD kgCO2e / unit: beam=""566.85"" pdf=∅ | Density: beam=""269"" pdf=""960"" | Density Units: beam=""kgCO2/m3 mortar"" pdf=""kg/m3"" | Addn'l factor units: beam=""83% brick, 17% mortar"" pdf=∅ | Length (m): beam=""0.194"" pdf=∅ | Width (m): beam=""0.092"" pdf=∅ | Depth (m): beam=""0.070"" pdf=∅ | Unit Volume (m3): beam=""0.001247"" pdf=∅ | EPD ID: beam=""EPD-131"" pdf=""EPD-131 Page"" | EPD/LCA Prepared by: beam=""ASTM International"" pdf=∅"
c9a7f3,EPD-131,—,—,—,—,—,—,MISMATCH,—,MISMATCH,MISMATCH,MISMATCH,MISMATCH,—,—,MISMATCH,—,MISMATCH,MATCH,—,—,—,—,—,—,—,—,—,—,—,—,—,—,MISMATCH,MISMATCH,—,MISMATCH,—,—,—,—,MISMATCH,MISMATCH,MISMATCH,MISMATCH,—,MATCH,—,—,—,—,MISMATCH,MATCH,—,MISMATCH,—,—,—,—,—,—,—,—,—,—,15.8%,"EPD Expiry: beam=""2025"" pdf=∅ | Material: beam=""Brick, Clay"" pdf=∅ | Manufacturer: beam=""Interstate"" pdf=""Climate Earth, Inc"" | Product Brand Name: beam=""Avg Thin Face Brick"" pdf=∅ | Specifications: beam=""3-9/16"" x 5/8"" x 11-5/8"" (90 x 16 mm x 2"" pdf=∅ | Markets of Applicability: beam=""US"" pdf=∅ | Stated EPD kgCO2e / unit: beam=""755.85"" pdf=∅ | Density: beam=""269"" pdf=""960"" | Density Units: beam=""kgCO2/m3 mortar"" pdf=""kg/m3"" | Addn'l factor units: beam=""87% brick, 13% mortar, plus 100% surface"" pdf=∅ | Length (m): beam=""0.295"" pdf=∅ | Width (m): beam=""0.016"" pdf=∅ | Depth (m): beam=""0.090"" pdf=∅ | Unit Volume (m3): beam=""0.000425196"" pdf=∅ | EPD ID: beam=""EPD-131"" pdf=""EPD-131 Page"" | EPD/LCA Prepared by: beam=""ASTM International"" pdf=∅"
cfd454,EPD-132,—,—,—,—,—,—,MISMATCH,—,MISMATCH,MISMATCH,MISMATCH,MISMATCH,—,—,MATCH,—,MISMATCH,MISMATCH,—,—,—,—,—,—,—,—,—,—,—,—,—,—,MISMATCH,MATCH,—,—,—,—,—,—,—,—,—,—,—,—,—,—,—,—,MISMATCH,MISMATCH,—,MISMATCH,—,—,—,—,—,—,—,—,—,—,15.4%,"EPD Expiry: beam=""2025"" pdf=∅ | Material: beam=""Cement board"" pdf=∅ | Manufacturer: beam=""USG (Baltimore, MD plant)"" pdf=""USG Corporation - 550 W. Adams St., Chic"" | Product Brand Name: beam=""Durock with EdgeGuard"" pdf=∅ | Specifications: beam=""1/2"" (13 mm)"" pdf=∅ | Stated EPD kgCO2e / unit: beam=""912.19"" pdf=""599"" | GWP units kgCO2e per: beam=""92.9m2"" pdf=""– 1,000 square feet"" | Density: beam=""921"" pdf=""1139"" | EPD ID: beam=""EPD-132"" pdf=""EPD 132"" | EPD Type: beam=""Product-specific"" pdf=∅ | EPD/LCA Prepared by: beam=""ASTM International"" pdf=∅"
f034jf,EPD-132,—,—,—,—,—,—,MISMATCH,—,MISMATCH,MISMATCH,MISMATCH,MISMATCH,—,—,MATCH,—,MISMATCH,MISMATCH,—,—,—,—,—,—,—,—,—,—,—,—,—,—,MISMATCH,MATCH,—,—,—,—,—,—,—,—,—,—,—,—,—,—,—,—,MISMATCH,MISMATCH,—,MISMATCH,—,—,—,—,—,—,—,—,—,—,15.4%,"EPD Expiry: beam=""2025"" pdf=∅ | Material: beam=""Cement board"" pdf=∅ | Manufacturer: beam=""USG (Baltimore, MD plant)"" pdf=""USG Corporation - 550 W. Adams St., Chic"" | Product Brand Name: beam=""Durock with EdgeGuard"" pdf=∅ | Specifications: beam=""1/4"" (6 mm)"" pdf=∅ | Stated EPD kgCO2e / unit: beam=""636.49"" pdf=""599"" | GWP units kgCO2e per: beam=""92.9m2"" pdf=""– 1,000 square feet"" | Density: beam=""1,139"" pdf=""1139"" | EPD ID: beam=""EPD-132"" pdf=""EPD 132"" | EPD Type: beam=""Product-specific"" pdf=∅ | EPD/LCA Prepared by: beam=""ASTM International"" pdf=∅"
m210vf,EPD-132,—,—,—,—,—,—,MISMATCH,—,MISMATCH,MISMATCH,MISMATCH,MISMATCH,—,—,MATCH,—,MISMATCH,MISMATCH,—,—,—,—,—,—,—,—,—,—,—,—,—,—,MISMATCH,MATCH,—,—,—,—,—,—,—,—,—,—,—,—,—,—,—,—,MISMATCH,MISMATCH,—,MISMATCH,—,—,—,—,—,—,—,—,—,—,15.4%,"EPD Expiry: beam=""2025"" pdf=∅ | Material: beam=""Cement board"" pdf=∅ | Manufacturer: beam=""USG (Baltimore, MD plant)"" pdf=""USG Corporation - 550 W. Adams St., Chic"" | Product Brand Name: beam=""Durock with EdgeGuard"" pdf=∅ | Specifications: beam=""5/8"" (16 mm)"" pdf=∅ | Stated EPD kgCO2e / unit: beam=""1112.3"" pdf=""599"" | GWP units kgCO2e per: beam=""92.9m2"" pdf=""– 1,000 square feet"" | Density: beam=""927"" pdf=""1139"" | EPD ID: beam=""EPD-132"" pdf=""EPD 132"" | EPD Type: beam=""Product-specific"" pdf=∅ | EPD/LCA Prepared by: beam=""ASTM International"" pdf=∅"
d00294,EPD 142,—,—,—,—,—,—,MISMATCH,—,MISMATCH,MATCH,MISMATCH,MISMATCH,—,—,MISMATCH,—,MISMATCH,MISMATCH,—,—,—,—,—,—,—,—,—,—,—,—,—,—,MISMATCH,MATCH,—,—,—,—,—,—,—,—,MISMATCH,—,—,—,—,—,—,—,MISMATCH,MATCH,—,MISMATCH,—,—,—,—,—,—,—,—,—,—,21.4%,"EPD Expiry: beam=""2025-04-17"" pdf=∅ | Material: beam=""Gypsum concrete floor underlayment"" pdf=∅ | Product Brand Name: beam=""Levelrock 2500 Green"" pdf=∅ | Specifications: beam=""30 mm"" pdf=∅ | Markets of Applicability: beam=""US"" pdf=∅ | Stated EPD kgCO2e / unit: beam=""165"" pdf=""185"" | GWP units kgCO2e per: beam=""1000 kg"" pdf=""1 tonne"" | Density: beam=""1906"" pdf=""500"" | Depth (m): beam=""0.030"" pdf=∅ | EPD ID: beam=""EPD 142"" pdf=""EPD 863"" | EPD/LCA Prepared by: beam=""ASTM International"" pdf=""Sphera"""
bc703d,EPD-156,—,—,—,—,—,—,MISMATCH,—,MISMATCH,MATCH,MISMATCH,MISMATCH,—,—,MISMATCH,—,MISMATCH,MISMATCH,—,—,—,—,—,—,—,—,—,—,—,—,—,—,MISMATCH,MISMATCH,—,—,—,—,—,—,—,—,—,—,—,—,—,—,—,—,MISMATCH,MISMATCH,—,MISMATCH,—,—,—,—,—,—,—,—,—,—,7.7%,"EPD Expiry: beam=""2025"" pdf=""2026-03-04"" | Material: beam=""Drywall 1/2"""" pdf=∅ | Product Brand Name: beam=""QuietRock"" pdf=∅ | Specifications: beam=""QuietRock 1/2"""" pdf=∅ | Markets of Applicability: beam=""US"" pdf=""of all LCI databases and"" | Stated EPD kgCO2e / unit: beam=""451"" pdf=""1309.6"" | GWP units kgCO2e per: beam=""92.9m2"" pdf=""92.9 m (1,000 square feet (MSF))"" | Density: beam=""10.3"" pdf=""900"" | Density Units: beam=""kg/m2"" pdf=""kg/m3"" | EPD ID: beam=""EPD-156"" pdf=""EPD #156"" | EPD Type: beam=""Product-specific"" pdf=∅ | EPD/LCA Prepared by: beam=""ASTM International"" pdf=""Lindita Bushi, PhD, Mr. Jamie Meil, and """
c930d2,EPD157,—,—,—,—,—,—,MATCH,—,MISMATCH,MATCH,MATCH,MISMATCH,—,—,MISMATCH,—,MISMATCH,MATCH,—,—,—,—,MISMATCH,—,—,—,—,—,—,—,—,—,MISMATCH,MATCH,MISMATCH,MISMATCH,—,—,—,—,—,—,MISMATCH,—,—,MISMATCH,—,—,—,—,MATCH,MATCH,MISMATCH,MISMATCH,MATCH,MATCH,MATCH,MISMATCH,MATCH,MATCH,MATCH,MISMATCH,MISMATCH,—,46.4%,"Material: beam=""Dowel Laminated Timber"" pdf=∅ | Specifications: beam=""3-1/2"""" pdf=∅ | Markets of Applicability: beam=""CAN"" pdf=""Construction Sector, Mass timber design"" | Stated EPD kgCO2e / unit: beam=""121.4"" pdf=""177.84"" | GWP-bio from EPD: beam=""924.01"" pdf=∅ | Density: beam=""449"" pdf=""500"" | Addn'l factors: beam=""0.09"" pdf=∅ | Addn'l factor units: beam=""m thickness"" pdf=∅ | Depth (m): beam=""0.089"" pdf=∅ | Material Type: beam=""Structure"" pdf=""Engineered wood"" | EPD Owner: beam=""StructureCraft Builder Inc"" pdf=""Abbotsford, BC V2T 6B1, Canada"" | EPD/LCA Prepared by: beam=""Athena Sustainable Materials Institute"" pdf=""PRé Consultants"" | EPD Standards: beam=""--"" pdf=""ISO 14025:2006, ISO 21930:2017, EN 15804"" | EPD LCI Database: beam=""USLCI [11], Ecoinvent 3.5 [17], Datasmar"" pdf=""http://www.nrel.gov/lci/"" | Product Service Life (Years): beam=""---"" pdf=∅"
LAM012,EPD160,—,—,—,—,—,—,MATCH,—,MISMATCH,MISMATCH,MISMATCH,—,—,MISMATCH,MISMATCH,—,MISMATCH,MATCH,—,—,—,—,MISMATCH,—,—,—,—,—,—,—,—,—,MISMATCH,MATCH,—,—,—,—,—,—,—,—,—,—,—,MATCH,—,—,—,—,MATCH,MATCH,MISMATCH,MISMATCH,MATCH,MATCH,MATCH,MISMATCH,MATCH,MATCH,MATCH,MISMATCH,MISMATCH,—,48.0%,"Material: beam=""Mass Ply Panels"" pdf=∅ | Manufacturer: beam=""Freres Lumber Company Inc."" pdf=""Freres Lumber in Lyons"" | Product Brand Name: beam=""Mass Ply Panels"" pdf=∅ | Countries of Manufacture: beam=""US"" pdf=∅ | Markets of Applicability: beam=""US & CA"" pdf=""Construction Sector, Mass timber design"" | Stated EPD kgCO2e / unit: beam=""259.16"" pdf=""365.17"" | GWP-bio from EPD: beam=""2105.83"" pdf=∅ | Density: beam=""546"" pdf=""500"" | EPD Owner: beam=""Freres Lumber Company Inc"" pdf=""Lyons, Oregon 97358, USA"" | EPD/LCA Prepared by: beam=""CORRIM, Consortium for Research on Renew"" pdf=""PRé Consultants"" | EPD Standards: beam=""--"" pdf=""ISO 14025:2006, ISO 21930:2017, ISO 1404"" | EPD LCI Database: beam=""USLCI [9], Ecoinvent 3.5 [14], Datasmart"" pdf=""http://www.nrel.gov/lci/"" | Product Service Life (Years): beam=""--"" pdf=∅"
LAM002,EPD 168,—,—,—,—,—,—,MATCH,—,MISMATCH,MATCH,MISMATCH,—,—,MISMATCH,MISMATCH,—,MISMATCH,MATCH,—,—,—,—,MISMATCH,—,—,—,—,—,—,—,—,—,MISMATCH,MATCH,—,—,—,—,—,—,—,—,—,—,—,MISMATCH,—,—,—,—,MATCH,MATCH,MISMATCH,MISMATCH,MATCH,MATCH,MISMATCH,MATCH,MISMATCH,MATCH,MISMATCH,MISMATCH,—,—,41.7%,"Material: beam=""Glued Laminated Timber (Glulam)"" pdf=∅ | Product Brand Name: beam=""Glulam"" pdf=∅ | Countries of Manufacture: beam=""US"" pdf=∅ | Markets of Applicability: beam=""US & CA"" pdf=""Construction Sector, Mass timber design"" | Stated EPD kgCO2e / unit: beam=""147.99"" pdf=""226.96"" | GWP-bio from EPD: beam=""1014.99"" pdf=""136.11"" | Density: beam=""442.1"" pdf=""500"" | Material Type: beam=""Structure"" pdf=""Engineered wood"" | EPD Owner: beam=""Vaagen Timbers"" pdf=""Colville, WA 99114 USA"" | EPD/LCA Prepared by: beam=""Athena Sustainable Materials Institute"" pdf=""PRé Consultants"" | EPD Verifying Agent: beam=""Tom Gloria, Industrial Ecology Consultan"" pdf=""This life cycle assessment"" | EPD PCR Guidelines: beam=""Structural and Architectural Wood Produc"" pdf=""Structural and Architectural Wood Produc"" | EPD LCA Software: beam=""SimaPro 8.5"" pdf=""SimaPro v8.5"" | EPD LCI Database: beam=""US LCI, DATASMART, EcoInvent"" pdf=""http://www.nrel.gov/lci/"""
LAM009,EPD 168,—,—,—,—,—,—,MATCH,—,MISMATCH,MATCH,MISMATCH,MISMATCH,—,MISMATCH,MISMATCH,—,MISMATCH,MATCH,—,—,—,—,MISMATCH,—,—,—,—,—,—,—,—,—,MISMATCH,MATCH,—,—,—,—,—,—,—,—,MISMATCH,—,—,MATCH,—,—,—,—,MATCH,MATCH,MISMATCH,MISMATCH,MATCH,MATCH,MISMATCH,MATCH,MISMATCH,MATCH,MISMATCH,MISMATCH,—,—,42.3%,"Material: beam=""Cross Laminated Timber"" pdf=∅ | Product Brand Name: beam=""Crosslam CLT"" pdf=∅ | Specifications: beam=""3-1/2"""" pdf=∅ | Countries of Manufacture: beam=""US"" pdf=∅ | Markets of Applicability: beam=""US & CA"" pdf=""Construction Sector, Mass timber design"" | Stated EPD kgCO2e / unit: beam=""136.11"" pdf=""226.96"" | GWP-bio from EPD: beam=""850.23"" pdf=""136.11"" | Density: beam=""442.5"" pdf=""500"" | Depth (m): beam=""0.089"" pdf=∅ | EPD Owner: beam=""Vaagen Timbers"" pdf=""Colville, WA 99114 USA"" | EPD/LCA Prepared by: beam=""Athena Sustainable Materials Institute"" pdf=""PRé Consultants"" | EPD Verifying Agent: beam=""Tom Gloria, Industrial Ecology Consultan"" pdf=""This life cycle assessment"" | EPD PCR Guidelines: beam=""Structural and Architectural Wood Produc"" pdf=""Structural and Architectural Wood Produc"" | EPD LCA Software: beam=""SimaPro 8.5"" pdf=""SimaPro v8.5"" | EPD LCI Database: beam=""US LCI, DATASMART, EcoInvent"" pdf=""http://www.nrel.gov/lci/"""
LAM000,EPD 169,—,—,—,—,—,—,MISMATCH,—,MISMATCH,MISMATCH,MISMATCH,—,—,MISMATCH,MISMATCH,—,MISMATCH,MISMATCH,—,—,—,—,MISMATCH,—,—,—,—,—,—,—,—,—,MATCH,MATCH,—,—,—,—,—,—,—,—,—,—,—,MATCH,—,—,—,—,MATCH,MATCH,MISMATCH,MISMATCH,MATCH,MATCH,MATCH,MISMATCH,MATCH,MATCH,MATCH,MISMATCH,MATCH,—,48.0%,"EPD Expiry: beam=""2026-04-01"" pdf=""2026-03-31"" | Material: beam=""LVL - Versa-Lam"" pdf=∅ | Manufacturer: beam=""Boise Cascade Wood Products, LLC"" pdf=""Boise Cascade in White City"" | Product Brand Name: beam=""Laminated Veneer Lumber (LVL); Brand nam"" pdf=""VersaWorks™"" | Countries of Manufacture: beam=""US"" pdf=∅ | Markets of Applicability: beam=""US & CA"" pdf=""Construction Sector, Mass timber design"" | Stated EPD kgCO2e / unit: beam=""239.47"" pdf=""382.96"" | GWP units kgCO2e per: beam=""m³"" pdf=""installed in a building for 75 years."" | GWP-bio from EPD: beam=""-777.59"" pdf=""233.35000000000002"" | EPD Owner: beam=""Boise Cascade Wood Products, LLC"" pdf=""Boise, ID 83728"" | EPD/LCA Prepared by: beam=""Athena Sustainable Materials Institute"" pdf=""PRé Consultants"" | EPD Standards: beam=""--"" pdf=""ISO 14025:2006, ISO 21930:2017, ISO 1404"" | EPD LCI Database: beam=""USLCI [9], Ecoinvent 3.5 [15], Datasmart"" pdf=""http://www.nrel.gov/lci/"""
LAM013,EPD 169,—,—,—,—,—,—,MATCH,—,MISMATCH,MISMATCH,MISMATCH,—,—,MISMATCH,MISMATCH,—,MISMATCH,MISMATCH,—,—,—,—,MISMATCH,—,—,—,—,—,—,—,—,—,MATCH,MATCH,—,—,—,—,—,—,—,—,—,—,—,MISMATCH,—,—,—,—,MATCH,MATCH,MISMATCH,MISMATCH,MATCH,MATCH,MATCH,MISMATCH,MATCH,MATCH,MATCH,MISMATCH,MATCH,—,48.0%,"Material: beam=""VLT - VersaWorks"" pdf=∅ | Manufacturer: beam=""Boise Cascade Wood Products, LLC"" pdf=""Boise Cascade in White City"" | Product Brand Name: beam=""Veneer Laminated Timber (VLT); Brand nam"" pdf=""VersaWorks™"" | Countries of Manufacture: beam=""US"" pdf=∅ | Markets of Applicability: beam=""US & CA"" pdf=""Construction Sector, Mass timber design"" | Stated EPD kgCO2e / unit: beam=""239.47"" pdf=""382.96"" | GWP units kgCO2e per: beam=""m³"" pdf=""installed in a building for 75 years."" | GWP-bio from EPD: beam=""-777.59"" pdf=""233.35000000000002"" | Material Type: beam=""VLT"" pdf=""LVL"" | EPD Owner: beam=""Boise Cascade Wood Products, LLC"" pdf=""Boise, ID 83728"" | EPD/LCA Prepared by: beam=""Athena Sustainable Materials Institute"" pdf=""PRé Consultants"" | EPD Standards: beam=""--"" pdf=""ISO 14025:2006, ISO 21930:2017, ISO 1404"" | EPD LCI Database: beam=""USLCI [9], Ecoinvent 3.5 [15], Datasmart"" pdf=""http://www.nrel.gov/lci/"""
2480d6,EPD 1725-6769,—,—,—,—,—,—,MISMATCH,—,MISMATCH,MISMATCH,MISMATCH,MISMATCH,—,MATCH,MISMATCH,—,MISMATCH,MISMATCH,—,—,—,—,—,—,—,—,—,—,—,—,—,—,MISMATCH,MATCH,MISMATCH,MISMATCH,—,—,—,—,—,—,—,—,—,—,—,—,—,—,MISMATCH,MISMATCH,—,MISMATCH,—,—,—,—,—,—,—,—,—,—,12.5%,"EPD Expiry: beam=""2022"" pdf=""2017-05-18"" | Material: beam=""Wood floor truss - prefabricated"" pdf=∅ | Manufacturer: beam=""Quebec Wood Export Bureau"" pdf=∅ | Product Brand Name: beam=""Common (Warren, 45 deg) web pattern"" pdf=∅ | Specifications: beam=""Top chord bearing, variable depth"" pdf=∅ | Markets of Applicability: beam=""US & CA"" pdf=∅ | Stated EPD kgCO2e / unit: beam=""181.6"" pdf=""214.8"" | GWP units kgCO2e per: beam=""m3"" pdf=""3 treatment. The method is defined by th"" | Density: beam=""417"" pdf=""500"" | Addn'l factors: beam=""0.01135"" pdf=∅ | Addn'l factor units: beam=""m3/linear m"" pdf=∅ | EPD ID: beam=""EPD 1725-6769"" pdf=""1725-6769"" | EPD Type: beam=""Industry average"" pdf=∅ | EPD/LCA Prepared by: beam=""CSA Group"" pdf=∅"
2fe063,EPD-197,—,—,—,—,—,—,MISMATCH,—,MISMATCH,MISMATCH,MISMATCH,MISMATCH,—,—,MATCH,—,MISMATCH,MISMATCH,—,—,—,—,MISMATCH,—,—,—,—,—,—,—,—,—,MATCH,MATCH,MISMATCH,MISMATCH,MISMATCH,MISMATCH,MISMATCH,—,MISMATCH,—,MISMATCH,—,—,MISMATCH,—,—,—,—,MATCH,MATCH,—,MISMATCH,—,—,—,—,—,—,—,—,—,—,22.7%,"EPD Expiry: beam=""2026-03-01"" pdf=∅ | Material: beam=""Hemp fiber batt"" pdf=∅ | Manufacturer: beam=""NaturFibre"" pdf=""Canada"" | Product Brand Name: beam=""Hemp Wool"" pdf=∅ | Specifications: beam=""R 3.7/inch"" pdf=∅ | Stated EPD kgCO2e / unit: beam=""-0.8019"" pdf=""1"" | GWP units kgCO2e per: beam=""m2 RSI"" pdf=""The LCA results are the life cycle envir"" | GWP-bio from EPD: beam=""1.9"" pdf=∅ | Addn'l factors: beam=""1.36"" pdf=∅ | Addn'l factor units: beam=""kg/m2 at 0.039 m"" pdf=∅ | R-value / inch: beam=""3.7065"" pdf=∅ | k, Thermal Conductivity: beam=""0.038911"" pdf=∅ | Moisture content %: beam=""BioCarbon value from EPD"" pdf=∅ | Length (m): beam=""3.870"" pdf=∅ | Depth (m): beam=""1.220"" pdf=∅ | Material Type: beam=""Hemp fiber"" pdf=""Cellulose"" | EPD/LCA Prepared by: beam=""ASTM/CT Consultant / Vertima"" pdf=∅"
g93fwm,EPD-2022-7601,—,—,—,—,—,—,MISMATCH,—,MISMATCH,MISMATCH,MISMATCH,MISMATCH,—,MISMATCH,MISMATCH,—,MISMATCH,MISMATCH,—,—,—,—,MISMATCH,—,—,—,—,—,—,—,—,—,MISMATCH,MISMATCH,MISMATCH,MISMATCH,MISMATCH,MISMATCH,—,—,—,—,MISMATCH,—,—,MISMATCH,—,—,—,—,MISMATCH,MISMATCH,MATCH,MISMATCH,MISMATCH,MATCH,MATCH,—,MISMATCH,—,—,—,MATCH,—,14.8%,"EPD Expiry: beam=""2027-11-07"" pdf=∅ | Material: beam=""Straw Wall Panels"" pdf=∅ | Manufacturer: beam=""EcoCocon"" pdf=""Kybartai"" | Product Brand Name: beam=""Standard and Brace Panels"" pdf=∅ | Specifications: beam=""40 cm thickness / R35, panel only"" pdf=∅ | Countries of Manufacture: beam=""Lithuania"" pdf=""NLD"" | Markets of Applicability: beam=""EU"" pdf=∅ | Stated EPD kgCO2e / unit: beam=""14.30"" pdf=∅ | GWP units kgCO2e per: beam=""m²"" pdf=""The LCA results are presented in accorda"" | GWP-bio from EPD: beam=""94.41666667"" pdf=∅ | Density: beam=""110"" pdf=∅ | Density Units: beam=""kg/m2"" pdf=∅ | Addn'l factors: beam=""44"" pdf=∅ | Addn'l factor units: beam=""kg/m2 at 40cm"" pdf=∅ | R-value / inch: beam=""2.92"" pdf=∅ | k, Thermal Conductivity: beam=""0.04939082192"" pdf=∅ | Depth (m): beam=""0.400"" pdf=∅ | Material Type: beam=""Straw"" pdf=∅ | EPD ID: beam=""EPD-2022-7601"" pdf=∅ | EPD Type: beam=""Product-specific"" pdf=∅ | EPD/LCA Prepared by: beam=""Hedgehog Company B.V."" pdf=∅ | EPD Program / Operator: beam=""N.A."" pdf=∅ | EPD PCR Guidelines: beam=""EN15804+A2 / NMD Assessment Method"" pdf=∅"
LVT008,EPD 207,—,—,—,—,—,—,MISMATCH,—,MISMATCH,MISMATCH,MISMATCH,MISMATCH,—,MISMATCH,MISMATCH,—,MISMATCH,MISMATCH,—,—,—,—,—,—,—,—,—,—,—,—,—,—,MISMATCH,MISMATCH,—,—,—,—,—,—,—,—,—,—,—,MATCH,—,—,—,—,MATCH,MATCH,MISMATCH,MISMATCH,MATCH,MISMATCH,MISMATCH,MISMATCH,MATCH,MATCH,MATCH,MISMATCH,MATCH,—,32.0%,"EPD Expiry: beam=""2026-05-18"" pdf=∅ | Material: beam=""2.5 mm Luxury Vinyl Tile ( LVT)"" pdf=∅ | Manufacturer: beam=""Armstrong Flooring, Inc"" pdf=""the U.S. average grid."" | Product Brand Name: beam=""2.5 mm Luxury Vinyl Tile ( LVT) Biome™, "" pdf=∅ | Specifications: beam=""2.5mm"" pdf=∅ | Countries of Manufacture: beam=""US"" pdf=∅ | Markets of Applicability: beam=""US & CA"" pdf=""CAN, USA"" | Stated EPD kgCO2e / unit: beam=""6.88"" pdf=∅ | GWP units kgCO2e per: beam=""m2"" pdf=""Reference PCR Part A: PCR for building-r"" | Density: beam=""4363"" pdf=""1700"" | Density Units: beam=""g/m2"" pdf=""kg/m3"" | EPD Owner: beam=""Armstrong Flooring, Inc"" pdf=""ASTM"" | EPD/LCA Prepared by: beam=""---"" pdf=∅ | Internal/External Validation: beam=""External"" pdf=∅ | EPD Verifying Agent: beam=""Tom Gloria"" pdf=""in accordance with ISO 14025 and ISO 219"" | EPD Standards: beam=""--"" pdf=""ISO 14025, ISO 21930, EN 15804, ISO 1404"" | EPD LCI Database: beam=""GaBi 2017"" pdf=∅"
INT002,EPD211,—,—,—,—,—,—,MISMATCH,—,MISMATCH,MISMATCH,MISMATCH,MISMATCH,—,MISMATCH,MISMATCH,—,MISMATCH,MISMATCH,—,—,—,—,—,—,—,—,—,—,—,—,—,—,MISMATCH,MISMATCH,—,—,—,—,—,—,—,—,—,—,—,MATCH,—,—,—,—,MISMATCH,MISMATCH,MISMATCH,MISMATCH,MISMATCH,MISMATCH,MISMATCH,MISMATCH,MISMATCH,MATCH,MATCH,MISMATCH,MISMATCH,—,12.0%,"EPD Expiry: beam=""2026-06-04"" pdf=∅ | Material: beam=""Drywall 1/2"""" pdf=∅ | Manufacturer: beam=""USG - CGC"" pdf=""USG Corporation - 550 W. Adams St., Chic"" | Product Brand Name: beam=""Drywall 1/2 Sheetrock Ultralight panels"" pdf=∅ | Specifications: beam=""1/2"""" pdf=∅ | Countries of Manufacture: beam=""US & CA"" pdf=""USA"" | Markets of Applicability: beam=""US & CA"" pdf=∅ | Stated EPD kgCO2e / unit: beam=""161"" pdf=""266"" | GWP units kgCO2e per: beam=""1000 ft2"" pdf=∅ | Density: beam=""6.5"" pdf=""900"" | Density Units: beam=""kg/m2"" pdf=""kg/m3"" | EPD ID: beam=""EPD211"" pdf=""EPD 211"" | EPD Type: beam=""Product-specific"" pdf=∅ | EPD Owner: beam=""USG Corporation"" pdf=""ASTM"" | EPD/LCA Prepared by: beam=""---"" pdf=∅ | EPD Program / Operator: beam=""ASTM International"" pdf=""NSF International"" | Internal/External Validation: beam=""External"" pdf=∅ | EPD Verifying Agent: beam=""Tim Brooke, ASTM International"" pdf=∅ | EPD Standards: beam=""--"" pdf=""ISO 14025, ISO 21930, EN 15804:2012, ISO"" | EPD PCR Guidelines: beam=""NSF International - Product Category Rul"" pdf=""Guidance for Building-Related Products a"" | EPD LCI Database: beam=""GaBi Database"" pdf=∅ | Product Service Life (Years): beam=""75"" pdf=∅"
INT001,EPD215,—,—,—,—,—,—,MISMATCH,—,MISMATCH,MISMATCH,MISMATCH,MISMATCH,—,MISMATCH,MISMATCH,—,MISMATCH,MISMATCH,—,—,—,—,—,—,—,—,—,—,—,—,—,—,MISMATCH,MISMATCH,—,—,—,—,—,—,—,—,—,—,—,MATCH,—,—,—,—,MISMATCH,MISMATCH,MISMATCH,MISMATCH,MISMATCH,MISMATCH,MISMATCH,MISMATCH,MISMATCH,MATCH,MATCH,MISMATCH,MISMATCH,—,12.0%,"EPD Expiry: beam=""2026-06-04"" pdf=∅ | Material: beam=""Drywall 1/2"""" pdf=∅ | Manufacturer: beam=""USG - CGC"" pdf=""USG Corporation - 550 W. Adams St., Chic"" | Product Brand Name: beam=""1/2 in. (12.7 mm) Sheetrock® Brand Ultra"" pdf=∅ | Specifications: beam=""1/2"""" pdf=∅ | Countries of Manufacture: beam=""US & CA"" pdf=""USA"" | Markets of Applicability: beam=""US & CA"" pdf=∅ | Stated EPD kgCO2e / unit: beam=""157"" pdf=""260"" | GWP units kgCO2e per: beam=""1000 ft2"" pdf=∅ | Density: beam=""6.7"" pdf=""900"" | Density Units: beam=""kg/m2"" pdf=""kg/m3"" | EPD ID: beam=""EPD215"" pdf=""EPD 215"" | EPD Type: beam=""Product-specific"" pdf=∅ | EPD Owner: beam=""USG Corporation"" pdf=""ASTM"" | EPD/LCA Prepared by: beam=""---"" pdf=∅ | EPD Program / Operator: beam=""ASTM International"" pdf=""NSF International"" | Internal/External Validation: beam=""External"" pdf=∅ | EPD Verifying Agent: beam=""Tim Brooke, ASTM International"" pdf=∅ | EPD Standards: beam=""--"" pdf=""ISO 14025, ISO 21930, EN 15804:2012, ISO"" | EPD PCR Guidelines: beam=""NSF, Product Category Rules for Gypsum P"" pdf=""Guidance for Building-Related Products a"" | EPD LCI Database: beam=""GaBi Database"" pdf=∅ | Product Service Life (Years): beam=""75"" pdf=∅"
INT006,EPD 216,—,—,—,—,—,—,MISMATCH,—,MISMATCH,MATCH,MISMATCH,MISMATCH,—,MATCH,MISMATCH,—,MISMATCH,MISMATCH,—,—,—,—,—,—,—,—,—,—,—,—,—,—,MISMATCH,MISMATCH,—,—,—,—,—,—,—,—,—,—,—,MATCH,—,—,—,—,MATCH,MISMATCH,MISMATCH,MISMATCH,MISMATCH,MISMATCH,MISMATCH,MISMATCH,MATCH,MATCH,MATCH,MISMATCH,MISMATCH,—,28.0%,"EPD Expiry: beam=""2026-04-06"" pdf=∅ | Material: beam=""Drywall 5/8"" Type X"" pdf=∅ | Product Brand Name: beam=""5/8 in. (15.9 mm) Sheetrock ® Brand EcoS"" pdf=∅ | Specifications: beam=""5/8'' type X"" pdf=∅ | Markets of Applicability: beam=""US & CA"" pdf=∅ | Stated EPD kgCO2e / unit: beam=""219"" pdf=""356"" | GWP units kgCO2e per: beam=""1000 ft2"" pdf=∅ | Density: beam=""8.8"" pdf=""900"" | Density Units: beam=""kg/m2"" pdf=""kg/m3"" | EPD Type: beam=""Product-specific"" pdf=∅ | EPD Owner: beam=""USG Corporation"" pdf=""ASTM"" | EPD/LCA Prepared by: beam=""Thomas P. Gloria, Industrial Ecology
Con"" pdf=∅ | EPD Program / Operator: beam=""ASTM International"" pdf=""NSF International"" | Internal/External Validation: beam=""External"" pdf=∅ | EPD Verifying Agent: beam=""Tim Brooke, ASTM International"" pdf=∅ | EPD Standards: beam=""--"" pdf=""ISO 14025, ISO 21930, EN 15804:2012, ISO"" | EPD LCI Database: beam=""---"" pdf=∅ | Product Service Life (Years): beam=""75"" pdf=∅"
EWF003,EPD-234,—,—,—,—,—,—,MISMATCH,—,MISMATCH,MISMATCH,MISMATCH,MISMATCH,—,—,MISMATCH,—,MISMATCH,MISMATCH,—,—,—,—,—,—,—,—,—,—,—,—,—,—,MISMATCH,MISMATCH,—,—,—,—,—,—,—,—,MISMATCH,—,—,—,—,—,—,—,MISMATCH,MATCH,—,MISMATCH,MISMATCH,—,—,—,—,—,—,—,—,—,6.7%,"EPD Expiry: beam=""07-2026"" pdf=""2021-07-34"" | Material: beam=""Engineered Wood Flooring"" pdf=∅ | Manufacturer: beam=""CRAFT Artisan Wood Floors"" pdf=""China. Its impact represents"" | Product Brand Name: beam=""Engineered Wood Flooring"" pdf=∅ | Specifications: beam=""5/8"",  SFI Certified"" pdf=∅ | Markets of Applicability: beam=""CAN"" pdf=""coverage of"" | Stated EPD kgCO2e / unit: beam=""15.4"" pdf=""-184.5"" | GWP units kgCO2e per: beam=""m²"" pdf=""Year of Reported Manufacturer Primary Da"" | Density: beam=""8.44"" pdf=∅ | Density Units: beam=""kg/m2 at 5/8"""" pdf=∅ | Depth (m): beam=""0.019"" pdf=∅ | EPD ID: beam=""EPD-234"" pdf=""234 July 2021 July 2021 - July 2026 Crea"" | EPD/LCA Prepared by: beam=""ASTM International"" pdf=""Vertima Inc."" | EPD Program / Operator: beam=""ASTM International"" pdf=""IBU"""
LAM004,EPD246,—,—,—,—,—,—,MATCH,—,MISMATCH,MATCH,MISMATCH,MISMATCH,—,MISMATCH,MISMATCH,—,MATCH,MATCH,—,—,—,—,MISMATCH,—,—,—,—,—,—,—,—,—,—,—,—,—,—,—,—,—,—,—,—,—,—,MISMATCH,—,—,—,—,MISMATCH,MISMATCH,MISMATCH,MISMATCH,MATCH,MATCH,MATCH,MISMATCH,MATCH,MATCH,MATCH,MISMATCH,MISMATCH,—,41.7%,"Material: beam=""Glued Laminated Timber (Glulam)"" pdf=∅ | Product Brand Name: beam=""Glued Laminated Timber"" pdf=∅ | Specifications: beam=""Manitoba"" pdf=∅ | Countries of Manufacture: beam=""CA"" pdf=∅ | Markets of Applicability: beam=""US & CA"" pdf=""Construction Sector, Mass timber design"" | GWP-bio from EPD: beam=""784.53"" pdf=""-863.13"" | Material Type: beam=""Glulam"" pdf=""Engineered wood"" | EPD ID: beam=""EPD246"" pdf=""EPD 246"" | EPD Type: beam=""Plant-specific"" pdf=""Product-specific"" | EPD Owner: beam=""WA Enterprises Ltd"" pdf=""Boissevain, Manitoba T6B 3M7"" | EPD/LCA Prepared by: beam=""Athena Sustainable Materials Institute"" pdf=""PRé Consultants"" | EPD Standards: beam=""--"" pdf=""ISO 14025:2006, ISO 21930:2017, ISO 1404"" | EPD LCI Database: beam=""USLCI [13], Ecoinvent 3.5 [17], Datasmar"" pdf=""http://www.nrel.gov/lci/"" | Product Service Life (Years): beam=""--"" pdf=∅"
LAM005,EPD247,—,—,—,—,—,—,MATCH,—,MISMATCH,MATCH,MISMATCH,MISMATCH,—,MISMATCH,MISMATCH,—,MISMATCH,MATCH,—,—,—,—,MISMATCH,—,—,—,—,—,—,—,—,—,—,—,—,—,—,—,—,—,—,—,—,—,—,MISMATCH,—,—,—,—,MISMATCH,MISMATCH,MISMATCH,MISMATCH,MATCH,MATCH,MATCH,MISMATCH,MATCH,MATCH,MATCH,MISMATCH,MISMATCH,—,37.5%,"Material: beam=""Glued Laminated Timber (Glulam)"" pdf=∅ | Product Brand Name: beam=""Glued Laminated Timber"" pdf=∅ | Specifications: beam=""Alberta"" pdf=∅ | Countries of Manufacture: beam=""CA"" pdf=∅ | Markets of Applicability: beam=""US & CA"" pdf=""Construction Sector, Mass timber design"" | Stated EPD kgCO2e / unit: beam=""369.8"" pdf=""396.8"" | GWP-bio from EPD: beam=""784.53"" pdf=""-863.13"" | Material Type: beam=""Glulam"" pdf=""Engineered wood"" | EPD ID: beam=""EPD247"" pdf=""EPD 247"" | EPD Type: beam=""Plant-specific"" pdf=""Product-specific"" | EPD Owner: beam=""WA Enterprises Ltd"" pdf=""Edmonton, Alberta T6B 3M7"" | EPD/LCA Prepared by: beam=""Athena Sustainable Materials Institute"" pdf=""PRé Consultants"" | EPD Standards: beam=""--"" pdf=""ISO 14025:2006, ISO 21930:2017, ISO 1404"" | EPD LCI Database: beam=""USLCI [13], Ecoinvent 3.5 [17], Datasmar"" pdf=""http://www.nrel.gov/lci/"" | Product Service Life (Years): beam=""--"" pdf=∅"
POLY10,EPD 253,—,—,—,—,—,—,MISMATCH,—,MISMATCH,MISMATCH,MISMATCH,MISMATCH,—,MATCH,MISMATCH,—,MISMATCH,MISMATCH,—,—,—,—,—,—,—,—,—,—,—,—,—,—,MISMATCH,MATCH,—,—,MISMATCH,MISMATCH,—,—,—,—,—,—,—,MISMATCH,—,—,—,—,MATCH,MISMATCH,MISMATCH,MISMATCH,MATCH,MISMATCH,MATCH,—,MATCH,MISMATCH,MATCH,MATCH,MATCH,—,34.6%,"EPD Expiry: beam=""2026-09-17"" pdf=""2021-09-17"" | Material: beam=""Polyiso - wall boards"" pdf=∅ | Manufacturer: beam=""Hunter"" pdf=""For more information, please contact"" | Product Brand Name: beam=""Polysio Wall insulation boards"" pdf=∅ | Specifications: beam=""R 6.5/inch, 20 psi"" pdf=∅ | Markets of Applicability: beam=""US & CA"" pdf=""United States and Canada"" | Stated EPD kgCO2e / unit: beam=""4.25"" pdf=""3.95"" | GWP units kgCO2e per: beam=""m2•RSI"" pdf=""The functional unit for building envelop"" | Density: beam=""33.73"" pdf=""2800"" | R-value / inch: beam=""6.30"" pdf=∅ | k, Thermal Conductivity: beam=""0.02289225397"" pdf=∅ | Material Type: beam=""Polyisocyanurate"" pdf=""Aluminum"" | EPD Type: beam=""Product-specific"" pdf=∅ | EPD Owner: beam=""Hunter"" pdf=∅ | EPD/LCA Prepared by: beam=""Shelly Severinghaus, LCACP"" pdf=""Long Trail Sustainability"" | Internal/External Validation: beam=""External"" pdf=∅ | LCA Method: beam=""TRACI 2.1 version 1.06"" pdf=""& Version Number TRACI 2.1 version 1.05"""
POLY00,EPD254,—,—,—,—,—,—,MISMATCH,—,MISMATCH,MISMATCH,MISMATCH,MISMATCH,—,MATCH,MISMATCH,—,MISMATCH,MISMATCH,—,—,—,—,—,—,—,—,—,—,—,—,—,—,—,—,—,—,MISMATCH,—,—,—,—,—,—,—,—,MATCH,—,—,—,—,MISMATCH,MISMATCH,MISMATCH,MATCH,MATCH,MISMATCH,MATCH,MISMATCH,MATCH,MATCH,MATCH,MATCH,MISMATCH,—,37.5%,"EPD Expiry: beam=""2026-09-17"" pdf=""2021-09-17"" | Material: beam=""Polyiso - roof boards"" pdf=∅ | Manufacturer: beam=""Carlisle SynTec Systems"" pdf=""For more information, please contact"" | Product Brand Name: beam=""High density cover boards"" pdf=∅ | Specifications: beam=""Type II, R 5.0-inch, 80 psi"" pdf=∅ | Markets of Applicability: beam=""US & CA"" pdf=""United States and Canada"" | Stated EPD kgCO2e / unit: beam=""10.95"" pdf=""10.5"" | GWP units kgCO2e per: beam=""m2•RSI"" pdf=""The functional unit for building envelop"" | R-value / inch: beam=""5.00"" pdf=∅ | EPD ID: beam=""EPD254"" pdf=""EPD 254"" | EPD Type: beam=""Product-specific"" pdf=∅ | EPD Owner: beam=""Carlisle SynTec Systems"" pdf=∅ | Internal/External Validation: beam=""External"" pdf=∅ | EPD Standards: beam=""--"" pdf=""ISO 14025, ISO 21930, EN15804, ISO 14040"" | Product Service Life (Years): beam=""40"" pdf=""75"""
POLY03,EPD255,—,—,—,—,—,—,MISMATCH,—,MISMATCH,MISMATCH,MISMATCH,MISMATCH,—,MATCH,MISMATCH,—,MISMATCH,MISMATCH,—,—,—,—,—,—,—,—,—,—,—,—,—,—,—,—,—,—,MISMATCH,—,—,—,—,—,—,—,—,MATCH,—,—,—,—,MISMATCH,MISMATCH,MISMATCH,MATCH,MATCH,MISMATCH,MATCH,MISMATCH,MATCH,MATCH,MATCH,MATCH,MISMATCH,—,37.5%,"EPD Expiry: beam=""2026-09-17"" pdf=""2021-09-17"" | Material: beam=""Polyiso - roof boards"" pdf=∅ | Manufacturer: beam=""Carlisle SynTec Systems"" pdf=""For more information, please contact"" | Product Brand Name: beam=""CGF facer"" pdf=∅ | Specifications: beam=""Type II R 5.6-inch, 16 psi"" pdf=∅ | Markets of Applicability: beam=""US & CA"" pdf=""United States and Canada"" | Stated EPD kgCO2e / unit: beam=""3.02"" pdf=""1.85"" | GWP units kgCO2e per: beam=""m2•RSI"" pdf=""The functional unit for building envelop"" | R-value / inch: beam=""5.60"" pdf=∅ | EPD ID: beam=""EPD255"" pdf=""EPD 255"" | EPD Type: beam=""Product-specific"" pdf=∅ | EPD Owner: beam=""Carlisle SynTec Systems"" pdf=∅ | Internal/External Validation: beam=""External"" pdf=∅ | EPD Standards: beam=""--"" pdf=""ISO 14025, ISO 21930, EN15804, ISO 14040"" | Product Service Life (Years): beam=""40"" pdf=""75"""
POLY06,EPD 255,—,—,—,—,—,—,MISMATCH,—,MISMATCH,MISMATCH,MISMATCH,MISMATCH,—,MATCH,MISMATCH,—,MISMATCH,MISMATCH,—,—,—,—,—,—,—,—,—,—,—,—,—,—,MISMATCH,MISMATCH,—,—,MISMATCH,MISMATCH,—,—,—,—,—,—,—,MATCH,—,—,—,—,MATCH,MISMATCH,MISMATCH,MISMATCH,MATCH,MISMATCH,MATCH,—,MATCH,MATCH,MATCH,MATCH,MISMATCH,—,34.6%,"EPD Expiry: beam=""2026-09-17"" pdf=""2021-09-17"" | Material: beam=""Polyiso - roof boards"" pdf=∅ | Manufacturer: beam=""Carlisle"" pdf=""For more information, please contact"" | Product Brand Name: beam=""GRF cellulosic facer"" pdf=∅ | Specifications: beam=""Type II R 5.6-inch, 16 psi"" pdf=∅ | Markets of Applicability: beam=""US & CA"" pdf=""United States and Canada"" | Stated EPD kgCO2e / unit: beam=""2.18"" pdf=""1.85"" | GWP units kgCO2e per: beam=""m2•RSI"" pdf=""The functional unit for building envelop"" | Density: beam=""28.92"" pdf=∅ | Density Units: beam=""kg/m3"" pdf=∅ | R-value / inch: beam=""5.60"" pdf=∅ | k, Thermal Conductivity: beam=""0.02575378571"" pdf=∅ | EPD Type: beam=""Product-specific"" pdf=∅ | EPD Owner: beam=""Carlisle"" pdf=∅ | EPD/LCA Prepared by: beam=""Shelly Severinghaus, LCACP"" pdf=""Long Trail Sustainability"" | Internal/External Validation: beam=""External"" pdf=∅ | Product Service Life (Years): beam=""40"" pdf=""75"""
s76tf2,EPD 266,—,—,—,—,—,—,MISMATCH,—,MISMATCH,MATCH,MISMATCH,MISMATCH,—,MISMATCH,MISMATCH,—,MISMATCH,MISMATCH,—,—,—,—,—,—,—,—,—,—,—,—,—,—,—,—,MISMATCH,MISMATCH,—,—,—,MISMATCH,MISMATCH,MISMATCH,—,—,—,—,—,—,—,—,MATCH,MISMATCH,MATCH,MISMATCH,MATCH,MATCH,MATCH,MATCH,MATCH,—,—,—,—,—,34.8%,"EPD Expiry: beam=""2026-10-29"" pdf=∅ | Material: beam=""Window - double-glazed"" pdf=∅ | Product Brand Name: beam=""300 Series Tilt and Turn, 300 Series Fix"" pdf=∅ | Specifications: beam=""Fiberglass frame"" pdf=∅ | Countries of Manufacture: beam=""Canada"" pdf=∅ | Markets of Applicability: beam=""CAN"" pdf=∅ | Stated EPD kgCO2e / unit: beam=""75.7"" pdf=""139.75"" | GWP units kgCO2e per: beam=""m²"" pdf=""1 kg"" | Addn'l factors: beam=""31.02564103"" pdf=∅ | Addn'l factor units: beam=""kg/m2 window"" pdf=∅ | Mass (kg): beam=""60.5"" pdf=∅ | Length (m): beam=""1.300"" pdf=∅ | Width (m): beam=""1.500"" pdf=∅ | EPD Type: beam=""Product-specific"" pdf=∅ | EPD/LCA Prepared by: beam=""ASTM International"" pdf=∅"
POLY02,EPD 267,—,—,—,—,—,—,MISMATCH,—,MISMATCH,MISMATCH,MISMATCH,MISMATCH,—,MATCH,MISMATCH,—,MISMATCH,MISMATCH,—,—,—,—,—,—,—,—,—,—,—,—,—,—,MISMATCH,MISMATCH,—,—,MISMATCH,MISMATCH,—,—,—,—,—,—,—,MATCH,—,—,—,—,MATCH,MISMATCH,MISMATCH,MISMATCH,MATCH,MISMATCH,MATCH,—,MATCH,MATCH,MATCH,MATCH,MISMATCH,—,34.6%,"EPD Expiry: beam=""2026-11-12"" pdf=""2021-11-23"" | Material: beam=""Polyiso - roof boards"" pdf=∅ | Manufacturer: beam=""Hunter"" pdf=""For more information, please contact"" | Product Brand Name: beam=""High density cover boards"" pdf=∅ | Specifications: beam=""Type II, R 5.0-inch, 80 psi"" pdf=∅ | Markets of Applicability: beam=""US & CA"" pdf=""United States and Canada"" | Stated EPD kgCO2e / unit: beam=""10.95"" pdf=""10.5"" | GWP units kgCO2e per: beam=""m2•RSI"" pdf=""The functional unit for building envelop"" | Density: beam=""28.92"" pdf=∅ | Density Units: beam=""kg/m3"" pdf=∅ | R-value / inch: beam=""5.00"" pdf=∅ | k, Thermal Conductivity: beam=""0.02884424"" pdf=∅ | EPD Type: beam=""Product-specific"" pdf=∅ | EPD Owner: beam=""Hunter"" pdf=∅ | EPD/LCA Prepared by: beam=""Shelly Severinghaus, LCACP"" pdf=""Long Trail Sustainability"" | Internal/External Validation: beam=""External"" pdf=∅ | Product Service Life (Years): beam=""40"" pdf=""75"""
POLY01,EPD 268,—,—,—,—,—,—,MISMATCH,—,MISMATCH,MISMATCH,MISMATCH,MISMATCH,—,MATCH,MISMATCH,—,MISMATCH,MISMATCH,—,—,—,—,—,—,—,—,—,—,—,—,—,—,MISMATCH,MISMATCH,—,—,MISMATCH,MISMATCH,—,—,—,—,—,—,—,MATCH,—,—,—,—,MATCH,MISMATCH,MISMATCH,MISMATCH,MATCH,MISMATCH,MATCH,—,MATCH,MATCH,MATCH,MATCH,MISMATCH,—,34.6%,"EPD Expiry: beam=""2026-11-12"" pdf=∅ | Material: beam=""Polyiso - roof boards"" pdf=∅ | Manufacturer: beam=""Versico"" pdf=""For more information, please contact"" | Product Brand Name: beam=""High density cover boards"" pdf=∅ | Specifications: beam=""Type II, R 5.0-inch, 80 psi"" pdf=∅ | Markets of Applicability: beam=""US & CA"" pdf=""United States and Canada"" | Stated EPD kgCO2e / unit: beam=""10.95"" pdf=""10.5"" | GWP units kgCO2e per: beam=""m2•RSI"" pdf=""The functional unit for building envelop"" | Density: beam=""28.92"" pdf=∅ | Density Units: beam=""kg/m3"" pdf=∅ | R-value / inch: beam=""5.00"" pdf=∅ | k, Thermal Conductivity: beam=""0.02884424"" pdf=∅ | EPD Type: beam=""Product-specific"" pdf=∅ | EPD Owner: beam=""Versico"" pdf=∅ | EPD/LCA Prepared by: beam=""Shelly Severinghaus, LCACP"" pdf=""Long Trail Sustainability"" | Internal/External Validation: beam=""External"" pdf=∅ | Product Service Life (Years): beam=""40"" pdf=""75"""
POLY04,EPD 270,—,—,—,—,—,—,MISMATCH,—,MISMATCH,MISMATCH,MISMATCH,MISMATCH,—,MATCH,MISMATCH,—,MISMATCH,MISMATCH,—,—,—,—,—,—,—,—,—,—,—,—,—,—,MISMATCH,MISMATCH,—,—,MISMATCH,MISMATCH,—,—,—,—,—,—,—,MATCH,—,—,—,—,MATCH,MISMATCH,MISMATCH,MISMATCH,MATCH,MISMATCH,MATCH,—,MATCH,MATCH,MATCH,MATCH,MISMATCH,—,34.6%,"EPD Expiry: beam=""2026-11-12"" pdf=∅ | Material: beam=""Polyiso - roof boards"" pdf=∅ | Manufacturer: beam=""Versico"" pdf=""For more information, please contact"" | Product Brand Name: beam=""VersiCore, SecurShield, DuraFaceR"" pdf=∅ | Specifications: beam=""Type II R 5.6-inch, 16 psi"" pdf=∅ | Markets of Applicability: beam=""US & CA"" pdf=""United States and Canada"" | Stated EPD kgCO2e / unit: beam=""3.02"" pdf=""1.85"" | GWP units kgCO2e per: beam=""m2•RSI"" pdf=""The functional unit for building envelop"" | Density: beam=""28.92"" pdf=∅ | Density Units: beam=""kg/m3"" pdf=∅ | R-value / inch: beam=""5.60"" pdf=∅ | k, Thermal Conductivity: beam=""0.02575378571"" pdf=∅ | EPD Type: beam=""Product-specific"" pdf=∅ | EPD Owner: beam=""Versico"" pdf=∅ | EPD/LCA Prepared by: beam=""Shelly Severinghaus, LCACP"" pdf=""Long Trail Sustainability"" | Internal/External Validation: beam=""External"" pdf=∅ | Product Service Life (Years): beam=""40"" pdf=""75"""
POLY08,EPD 270,—,—,—,—,—,—,MISMATCH,—,MISMATCH,MISMATCH,MISMATCH,MISMATCH,—,MATCH,MISMATCH,—,MISMATCH,MISMATCH,—,—,—,—,—,—,—,—,—,—,—,—,—,—,MISMATCH,MISMATCH,—,—,MISMATCH,MISMATCH,—,—,—,—,—,—,—,MATCH,—,—,—,—,MATCH,MISMATCH,MISMATCH,MISMATCH,MATCH,MISMATCH,MATCH,—,MATCH,MATCH,MATCH,MATCH,MISMATCH,—,34.6%,"EPD Expiry: beam=""2026-11-12"" pdf=∅ | Material: beam=""Polyiso - roof boards"" pdf=∅ | Manufacturer: beam=""Versico"" pdf=""For more information, please contact"" | Product Brand Name: beam=""VersiCore, SecurShield, DuraFaceR"" pdf=∅ | Specifications: beam=""Type II R 5.6-inch, 16 psi"" pdf=∅ | Markets of Applicability: beam=""US & CA"" pdf=""United States and Canada"" | Stated EPD kgCO2e / unit: beam=""2.176"" pdf=""1.85"" | GWP units kgCO2e per: beam=""m2•RSI"" pdf=""The functional unit for building envelop"" | Density: beam=""28.92"" pdf=∅ | Density Units: beam=""kg/m3"" pdf=∅ | R-value / inch: beam=""5.60"" pdf=∅ | k, Thermal Conductivity: beam=""0.02575378571"" pdf=∅ | EPD Type: beam=""Product-specific"" pdf=∅ | EPD Owner: beam=""Versico"" pdf=∅ | EPD/LCA Prepared by: beam=""Shelly Severinghaus, LCACP"" pdf=""Long Trail Sustainability"" | Internal/External Validation: beam=""External"" pdf=∅ | Product Service Life (Years): beam=""40"" pdf=""75"""
POLY05,EPD 271,—,—,—,—,—,—,MISMATCH,—,MISMATCH,MISMATCH,MISMATCH,MISMATCH,—,MATCH,MISMATCH,—,MISMATCH,MISMATCH,—,—,—,—,—,—,—,—,—,—,—,—,—,—,MISMATCH,MISMATCH,—,—,MISMATCH,MISMATCH,—,—,—,—,—,—,—,MATCH,—,—,—,—,MATCH,MISMATCH,MISMATCH,MISMATCH,MATCH,MISMATCH,MATCH,—,MATCH,MATCH,MATCH,MATCH,MISMATCH,—,34.6%,"EPD Expiry: beam=""2026-11-12"" pdf=∅ | Material: beam=""Polyiso - roof boards"" pdf=∅ | Manufacturer: beam=""Hunter"" pdf=""For more information, please contact"" | Product Brand Name: beam=""H-Shield CG"" pdf=∅ | Specifications: beam=""Type II R 5.6-inch, 16 psi"" pdf=∅ | Markets of Applicability: beam=""US & CA"" pdf=""United States and Canada"" | Stated EPD kgCO2e / unit: beam=""3.02"" pdf=""1.85"" | GWP units kgCO2e per: beam=""m2•RSI"" pdf=""The functional unit for building envelop"" | Density: beam=""28.92"" pdf=∅ | Density Units: beam=""kg/m3"" pdf=∅ | R-value / inch: beam=""5.60"" pdf=∅ | k, Thermal Conductivity: beam=""0.02575378571"" pdf=∅ | EPD Type: beam=""Product-specific"" pdf=∅ | EPD Owner: beam=""Hunter"" pdf=∅ | EPD/LCA Prepared by: beam=""Shelly Severinghaus, LCACP"" pdf=""Long Trail Sustainability"" | Internal/External Validation: beam=""External"" pdf=∅ | Product Service Life (Years): beam=""40"" pdf=""75"""
POLY07,EPD 271,—,—,—,—,—,—,MISMATCH,—,MISMATCH,MISMATCH,MISMATCH,MISMATCH,—,MATCH,MISMATCH,—,MISMATCH,MISMATCH,—,—,—,—,—,—,—,—,—,—,—,—,—,—,MISMATCH,MISMATCH,—,—,MISMATCH,MISMATCH,—,—,—,—,—,—,—,MATCH,—,—,—,—,MATCH,MISMATCH,MISMATCH,MISMATCH,MATCH,MISMATCH,MATCH,—,MATCH,MATCH,MATCH,MATCH,MISMATCH,—,34.6%,"EPD Expiry: beam=""2026-11-12"" pdf=∅ | Material: beam=""Polyiso - roof boards"" pdf=∅ | Manufacturer: beam=""Hunter"" pdf=""For more information, please contact"" | Product Brand Name: beam=""H-Shield"" pdf=∅ | Specifications: beam=""Type II R 5.6-inch, 16 psi"" pdf=∅ | Markets of Applicability: beam=""US & CA"" pdf=""United States and Canada"" | Stated EPD kgCO2e / unit: beam=""2.18"" pdf=""1.85"" | GWP units kgCO2e per: beam=""m2•RSI"" pdf=""The functional unit for building envelop"" | Density: beam=""28.92"" pdf=∅ | Density Units: beam=""kg/m3"" pdf=∅ | R-value / inch: beam=""5.60"" pdf=∅ | k, Thermal Conductivity: beam=""0.02575378571"" pdf=∅ | EPD Type: beam=""Product-specific"" pdf=∅ | EPD Owner: beam=""Hunter"" pdf=∅ | EPD/LCA Prepared by: beam=""Shelly Severinghaus, LCACP"" pdf=""Long Trail Sustainability"" | Internal/External Validation: beam=""External"" pdf=∅ | Product Service Life (Years): beam=""40"" pdf=""75"""
POLY09,EPD273,—,—,—,—,—,—,MISMATCH,—,MISMATCH,MISMATCH,MISMATCH,MISMATCH,—,MATCH,MISMATCH,—,MISMATCH,MISMATCH,—,—,—,—,—,—,—,—,—,—,—,—,—,—,—,—,—,—,MISMATCH,—,—,—,—,—,—,—,—,MISMATCH,—,—,—,—,MISMATCH,MISMATCH,MISMATCH,MATCH,MATCH,MISMATCH,MATCH,MISMATCH,MATCH,MATCH,MATCH,MATCH,MATCH,—,37.5%,"EPD Expiry: beam=""2026-11-12"" pdf=∅ | Material: beam=""Polyiso - wall boards"" pdf=∅ | Manufacturer: beam=""Carlisle Coatings and Waterproofing (CCW"" pdf=""For more information, please contact"" | Product Brand Name: beam=""R2®+ Wall Polyiso"" pdf=∅ | Specifications: beam=""R 6.3/inch, 20 psi"" pdf=∅ | Markets of Applicability: beam=""US & CA"" pdf=""United States and Canada"" | Stated EPD kgCO2e / unit: beam=""4.25"" pdf=""3.95"" | GWP units kgCO2e per: beam=""m2•RSI"" pdf=""The functional unit for building envelop"" | R-value / inch: beam=""6.30"" pdf=∅ | Material Type: beam=""Polyisocyanurate"" pdf=""Aluminum"" | EPD ID: beam=""EPD273"" pdf=""EPD 273"" | EPD Type: beam=""Product-specific"" pdf=∅ | EPD Owner: beam=""Carlisle Coatings and Waterproofing (CCW"" pdf=∅ | Internal/External Validation: beam=""External"" pdf=∅ | EPD Standards: beam=""--"" pdf=""ISO 14025, ISO 21930, EN15804, ISO 14040"""
3kglse,EPD-283,—,—,—,—,—,—,MISMATCH,—,MISMATCH,MISMATCH,MISMATCH,MISMATCH,—,MISMATCH,MISMATCH,—,MISMATCH,MISMATCH,—,—,—,—,—,—,—,—,—,—,—,—,—,—,MATCH,MATCH,MISMATCH,MISMATCH,MISMATCH,MISMATCH,—,—,MISMATCH,MISMATCH,—,—,—,MATCH,—,—,—,—,MATCH,MATCH,MISMATCH,MISMATCH,MATCH,MISMATCH,MISMATCH,—,—,MISMATCH,MATCH,MATCH,—,—,28.6%,"EPD Expiry: beam=""2026-12-15"" pdf=∅ | Material: beam=""XPS foam board"" pdf=∅ | Manufacturer: beam=""Soprema"" pdf=""Canada J2C 8E9"" | Product Brand Name: beam=""SOPRA-XPS (entire product line)"" pdf=∅ | Specifications: beam=""R 5.0/inch"" pdf=∅ | Countries of Manufacture: beam=""Canada"" pdf=∅ | Markets of Applicability: beam=""US & CA"" pdf=""CAN, USA"" | Stated EPD kgCO2e / unit: beam=""1.92588"" pdf=""2"" | GWP units kgCO2e per: beam=""m2•RSI"" pdf=""The LCA results are the life cycle envir"" | Addn'l factors: beam=""1.102"" pdf=∅ | Addn'l factor units: beam=""kg/m2 at RSI1"" pdf=∅ | R-value / inch: beam=""5"" pdf=∅ | k, Thermal Conductivity: beam=""0.02884424"" pdf=∅ | Length (m): beam=""2.438"" pdf=∅ | Width (m): beam=""0.610"" pdf=∅ | EPD Owner: beam=""SOPREMA"" pdf=""UL Environment"" | EPD/LCA Prepared by: beam=""CT Consultant"" pdf=∅ | Internal/External Validation: beam=""External"" pdf=∅ | EPD Verifying Agent: beam=""MB Service Conseil (Marie Bellemare)"" pdf=""Marie Bellemare (Marie"" | LCA Method: beam=""TRACI version 2.1"" pdf=""[3], and are reported for each declared """
LAM008,EPD295,—,—,—,—,—,—,MATCH,—,MISMATCH,MISMATCH,MISMATCH,MISMATCH,—,MATCH,MISMATCH,—,MATCH,MATCH,—,—,—,—,MISMATCH,—,—,—,—,—,—,—,—,—,MISMATCH,MATCH,—,—,—,—,—,—,—,—,MISMATCH,—,—,MATCH,—,—,—,—,MISMATCH,MATCH,MISMATCH,MISMATCH,MATCH,MATCH,MATCH,MISMATCH,MISMATCH,MATCH,MATCH,MISMATCH,MATCH,—,48.1%,"Material: beam=""Cross Laminated Timber"" pdf=∅ | Manufacturer: beam=""Kalesnikoff Lumber Co."" pdf=""Kalesnikoff in South Slocan"" | Product Brand Name: beam=""Cross Laminated Timber CLT"" pdf=∅ | Specifications: beam=""3-1/2"""" pdf=∅ | Markets of Applicability: beam=""US & CA"" pdf=""Construction Sector, Mass timber design"" | GWP-bio from EPD: beam=""1045.63"" pdf=""0"" | Density: beam=""446"" pdf=""481.68"" | Depth (m): beam=""0.089"" pdf=∅ | EPD ID: beam=""EPD295"" pdf=""EPD 295"" | EPD Owner: beam=""Kalesnikoff Lumber Co."" pdf=""South Slocan, BC V0G 2G0"" | EPD/LCA Prepared by: beam=""Athena Sustainable Materials Institute"" pdf=""PRé Consultants"" | EPD Standards: beam=""--"" pdf=""ISO 14025:2006, ISO 21930:2017, ISO 1404"" | EPD PCR Guidelines: beam=""Part B: Structural and Architectural Woo"" pdf=""Structural and Architectural Wood Produc"" | EPD LCI Database: beam=""USLCI [9], Ecoinvent 3.5 [15], Datasmart"" pdf=""http://www.nrel.gov/lci/"""
LAM003,EPD296,—,—,—,—,—,—,MATCH,—,MISMATCH,MISMATCH,MISMATCH,MISMATCH,—,MATCH,MISMATCH,—,MATCH,MATCH,—,—,—,—,MISMATCH,—,—,—,—,—,—,—,—,—,MATCH,MATCH,—,—,—,—,—,—,—,—,—,—,—,MATCH,—,—,—,—,MISMATCH,MATCH,MISMATCH,MISMATCH,MATCH,MATCH,MATCH,MISMATCH,MISMATCH,MATCH,MATCH,MISMATCH,MATCH,—,53.8%,"Material: beam=""Glued Laminated Timber (Glulam)"" pdf=∅ | Manufacturer: beam=""Kalesnikoff Lumber Co."" pdf=""Kalesnikoff in South Slocan"" | Product Brand Name: beam=""Glulam"" pdf=∅ | Specifications: beam=""BC"" pdf=∅ | Markets of Applicability: beam=""US & CA"" pdf=""Construction Sector, Mass timber design"" | GWP-bio from EPD: beam=""817.67"" pdf=""0"" | EPD ID: beam=""EPD296"" pdf=""EPD 296"" | EPD Owner: beam=""Kalesnikoff Lumber Co."" pdf=""South Slocan, BC V0G 2G0"" | EPD/LCA Prepared by: beam=""Athena Sustainable Materials Institute"" pdf=""PRé Consultants"" | EPD Standards: beam=""--"" pdf=""ISO 14025:2006, ISO 21930:2017, ISO 1404"" | EPD PCR Guidelines: beam=""Part B: Structural and Architectural Woo"" pdf=""Structural and Architectural Wood Produc"" | EPD LCI Database: beam=""USLCI [9], Ecoinvent 3.5 [15], Datasmart"" pdf=""http://www.nrel.gov/lci/"""
VIN001,EPD 325,—,—,—,—,—,—,MISMATCH,—,MISMATCH,MATCH,MISMATCH,MISMATCH,—,—,MISMATCH,—,MATCH,MISMATCH,—,—,—,—,—,—,—,—,—,—,—,—,—,—,MATCH,MATCH,—,—,—,—,—,—,—,—,—,—,—,—,—,—,—,—,MATCH,MISMATCH,MISMATCH,MISMATCH,MISMATCH,MATCH,MATCH,—,—,—,—,—,—,—,41.2%,"EPD Expiry: beam=""2027-07-15"" pdf=∅ | Material: beam=""Vinyl Siding"" pdf=∅ | Product Brand Name: beam=""Double 4.5"" products from: American Orig"" pdf=∅ | Specifications: beam=""0.040"" Double 4.5"""" pdf=∅ | Markets of Applicability: beam=""US & CA"" pdf=""Residential"" | GWP units kgCO2e per: beam=""m2"" pdf=""for this study is 1 meter squared"" | EPD Type: beam=""Industry average"" pdf=∅ | EPD Owner: beam=""Vinyl Siding Institute"" pdf=∅ | EPD/LCA Prepared by: beam=""ASTM"" pdf=""Franklin Associates (a divison of ERM)."" | EPD Program / Operator: beam=""ASTM"" pdf=∅"
VIN002,EPD 326,—,—,—,—,—,—,MISMATCH,—,MISMATCH,MATCH,MISMATCH,MISMATCH,—,MISMATCH,MISMATCH,—,MISMATCH,MISMATCH,—,—,—,—,—,—,—,—,—,—,—,—,—,—,MISMATCH,MISMATCH,—,—,MISMATCH,MISMATCH,—,—,—,—,—,—,—,MISMATCH,—,—,—,—,MATCH,MISMATCH,MISMATCH,MISMATCH,MISMATCH,MATCH,MISMATCH,MISMATCH,MISMATCH,MISMATCH,MISMATCH,—,MATCH,—,15.4%,"EPD Expiry: beam=""2027"" pdf=∅ | Material: beam=""Insulated Vinyl Siding"" pdf=∅ | Product Brand Name: beam=""CertainTeed, Cornerstone, Associated Mat"" pdf=∅ | Specifications: beam=""38.1 mm"" pdf=∅ | Countries of Manufacture: beam=""US & CA"" pdf=""USA"" | Markets of Applicability: beam=""US & CA"" pdf=""Residential"" | Stated EPD kgCO2e / unit: beam=""6.1"" pdf=""6.05"" | GWP units kgCO2e per: beam=""m2"" pdf=""for this study is 1 meter squared"" | Density: beam=""2.53"" pdf=""25"" | Density Units: beam=""kg/m2"" pdf=""kg/m3"" | R-value / inch: beam=""0.47"" pdf=∅ | k, Thermal Conductivity: beam=""0.3100000"" pdf=∅ | Material Type: beam=""Vinyl"" pdf=""EPS Foam"" | EPD Type: beam=""Industry average"" pdf=∅ | EPD Owner: beam=""Vinyl Siding Institute"" pdf=∅ | EPD/LCA Prepared by: beam=""ASTM"" pdf=""Franklin Associates (a divison of ERM)."" | EPD Program / Operator: beam=""ASTM"" pdf=∅ | EPD Verifying Agent: beam=""Lindita Bushi, Athena Sustainable Materi"" pdf=""Lindita Bushi, Ph.D, LEED Green Associat"" | EPD Standards: beam=""ISO 21930:2017"" pdf=""ISO 14025:2006, ISO 21930, ISO 14040"" | EPD PCR Guidelines: beam=""Part B: Cladding Product Systems EPD Req"" pdf=""y DOE’s Building America program. As par"" | LCA Method: beam=""TRACI 2.1"" pdf=∅ | EPD LCA Software: beam=""SimaPro 9.2.0.2"" pdf=""and background"""
VIN000,EPD 327,—,—,—,—,—,—,MISMATCH,—,MISMATCH,MATCH,—,MISMATCH,—,MISMATCH,MISMATCH,—,MATCH,MISMATCH,—,—,—,—,—,—,—,—,—,—,—,—,—,—,MATCH,MATCH,MISMATCH,MISMATCH,—,—,—,—,—,—,MISMATCH,—,—,MISMATCH,—,—,—,—,MATCH,MISMATCH,MISMATCH,MISMATCH,—,MATCH,MATCH,—,—,—,—,—,MATCH,—,38.1%,"EPD Expiry: beam=""2027-07-15"" pdf=∅ | Material: beam=""Polypropylene siding"" pdf=∅ | Specifications: beam=""0.085"" Single 7"" ""Cedar"" Shake"" pdf=∅ | Countries of Manufacture: beam=""US & CA"" pdf=∅ | Markets of Applicability: beam=""US & CA"" pdf=""Residential"" | GWP units kgCO2e per: beam=""m2"" pdf=""for this study is 1 meter"" | Addn'l factors: beam=""9.29"" pdf=∅ | Addn'l factor units: beam=""m2/100ft2"" pdf=∅ | Depth (m): beam=""0.002"" pdf=""0.00216"" | Material Type: beam=""Polypropylene"" pdf=∅ | EPD Type: beam=""Industry average"" pdf=∅ | EPD Owner: beam=""Vinyl Siding Institute"" pdf=∅ | EPD/LCA Prepared by: beam=""ASTM"" pdf=""Sustainable Solutions Corporation"""
CMU000,EPD-338,—,—,—,—,—,—,MISMATCH,—,MISMATCH,MATCH,MISMATCH,MISMATCH,—,MATCH,MISMATCH,—,MISMATCH,MISMATCH,—,—,—,—,—,—,—,—,—,—,—,—,—,—,MISMATCH,MISMATCH,MISMATCH,MISMATCH,—,—,—,—,MISMATCH,MISMATCH,MISMATCH,—,—,MISMATCH,—,—,—,—,MISMATCH,MATCH,MISMATCH,MISMATCH,MATCH,MISMATCH,MISMATCH,MISMATCH,MISMATCH,—,MISMATCH,MISMATCH,—,—,14.3%,"EPD Expiry: beam=""2027-09-06"" pdf=""2022-09-06"" | Material: beam=""CMU - Light weight"" pdf=∅ | Product Brand Name: beam=""8"" Light weight blocks"" pdf=∅ | Specifications: beam=""390 x 190 x 190 mm"" pdf=∅ | Markets of Applicability: beam=""US & CA"" pdf=""the geographical coverage is Canada."" | Stated EPD kgCO2e / unit: beam=""177"" pdf=""138.67"" | GWP units kgCO2e per: beam=""m3"" pdf=""Declaration Number"" | Density: beam=""1722.56"" pdf=∅ | Density Units: beam=""kg/m3"" pdf=∅ | Addn'l factors: beam=""186"" pdf=∅ | Addn'l factor units: beam=""kg/m2 of wall"" pdf=∅ | Length (m): beam=""0.390"" pdf=∅ | Width (m): beam=""0.190"" pdf=∅ | Depth (m): beam=""0.190"" pdf=∅ | Material Type: beam=""Concrete"" pdf=""Portland Cement"" | EPD ID: beam=""EPD-338"" pdf=""1 m3 of concrete formed into manufacture"" | EPD Owner: beam=""Canadian Concrete Masonry Producers Assn"" pdf=""ASTM International"" | EPD/LCA Prepared by: beam=""Athena"" pdf=""James Salazar"" | Internal/External Validation: beam=""External"" pdf=∅ | EPD Verifying Agent: beam=""Timothy S. Brooke"" pdf=""ASTM in accordance with ISO 14025: Timot"" | EPD Standards: beam=""ISO 21930:2017"" pdf=""ISO 14025, ISO 21930, ISO 14040"" | EPD PCR Guidelines: beam=""Concrete masonry and segmental concrete "" pdf=""Concrete Masonry and Segmental Concrete "" | EPD LCA Software: beam=""Athena Concrete LCA Calculator v2"" pdf=""and"" | EPD LCI Database: beam=""SimaPro 8.5"" pdf=""ecoinvent 3.4"""
CMU001,EPD-338,—,—,—,—,—,—,MISMATCH,—,MISMATCH,MATCH,MISMATCH,MISMATCH,—,MATCH,MISMATCH,—,MISMATCH,MISMATCH,—,—,—,—,—,—,—,—,—,—,—,—,—,—,MISMATCH,MISMATCH,MISMATCH,MISMATCH,—,—,—,—,MISMATCH,MISMATCH,MISMATCH,—,—,MISMATCH,—,—,—,—,MISMATCH,MATCH,MISMATCH,MISMATCH,MATCH,MISMATCH,MISMATCH,MISMATCH,MISMATCH,—,MISMATCH,MISMATCH,—,—,14.3%,"EPD Expiry: beam=""2027-09-06"" pdf=""2022-09-06"" | Material: beam=""CMU - Light weight"" pdf=∅ | Product Brand Name: beam=""8"" Light weight blocks"" pdf=∅ | Specifications: beam=""390 x 190 x 190 mm"" pdf=∅ | Markets of Applicability: beam=""US & CA"" pdf=""the geographical coverage is Canada."" | Stated EPD kgCO2e / unit: beam=""214"" pdf=""138.67"" | GWP units kgCO2e per: beam=""m3"" pdf=""Declaration Number"" | Density: beam=""1722.56"" pdf=∅ | Density Units: beam=""kg/m3"" pdf=∅ | Addn'l factors: beam=""186"" pdf=∅ | Addn'l factor units: beam=""kg/m2 of wall"" pdf=∅ | Length (m): beam=""0.390"" pdf=∅ | Width (m): beam=""0.190"" pdf=∅ | Depth (m): beam=""0.190"" pdf=∅ | Material Type: beam=""Concrete"" pdf=""Portland Cement"" | EPD ID: beam=""EPD-338"" pdf=""1 m3 of concrete formed into manufacture"" | EPD Owner: beam=""Canadian Concrete Masonry Producers Assn"" pdf=""ASTM International"" | EPD/LCA Prepared by: beam=""Athena"" pdf=""James Salazar"" | Internal/External Validation: beam=""External"" pdf=∅ | EPD Verifying Agent: beam=""Timothy S. Brooke"" pdf=""ASTM in accordance with ISO 14025: Timot"" | EPD Standards: beam=""ISO 21930:2017"" pdf=""ISO 14025, ISO 21930, ISO 14040"" | EPD PCR Guidelines: beam=""Concrete masonry and segmental concrete "" pdf=""Concrete Masonry and Segmental Concrete "" | EPD LCA Software: beam=""Athena Concrete LCA Calculator v2"" pdf=""and"" | EPD LCI Database: beam=""SimaPro 8.5"" pdf=""ecoinvent 3.4"""
CMU002,EPD-338,—,—,—,—,—,—,MISMATCH,—,MISMATCH,MATCH,MISMATCH,MISMATCH,—,MATCH,MISMATCH,—,MISMATCH,MISMATCH,—,—,—,—,—,—,—,—,—,—,—,—,—,—,MISMATCH,MISMATCH,MISMATCH,MISMATCH,—,—,—,—,MISMATCH,MISMATCH,MISMATCH,—,—,MISMATCH,—,—,—,—,MISMATCH,MATCH,MISMATCH,MISMATCH,MATCH,MISMATCH,MATCH,MISMATCH,MISMATCH,—,MISMATCH,MISMATCH,—,—,17.9%,"EPD Expiry: beam=""2027"" pdf=""2022-09-06"" | Material: beam=""CMU - Normal weight"" pdf=∅ | Product Brand Name: beam=""8"" Normal weight blocks"" pdf=∅ | Specifications: beam=""390 x 190 x 190 mm"" pdf=∅ | Markets of Applicability: beam=""US & CA"" pdf=""the geographical coverage is Canada."" | Stated EPD kgCO2e / unit: beam=""205"" pdf=""138.67"" | GWP units kgCO2e per: beam=""m3"" pdf=""Declaration Number"" | Density: beam=""2186.12"" pdf=∅ | Density Units: beam=""kg/m3"" pdf=∅ | Addn'l factors: beam=""223"" pdf=∅ | Addn'l factor units: beam=""kg/m2 of wall"" pdf=∅ | Length (m): beam=""0.390"" pdf=∅ | Width (m): beam=""0.190"" pdf=∅ | Depth (m): beam=""0.190"" pdf=∅ | Material Type: beam=""Concrete"" pdf=""Portland Cement"" | EPD ID: beam=""EPD-338"" pdf=""1 m3 of concrete formed into manufacture"" | EPD Owner: beam=""Canadian Concrete Masonry Producers Assn"" pdf=""ASTM International"" | EPD/LCA Prepared by: beam=""Athena"" pdf=""James Salazar"" | Internal/External Validation: beam=""External"" pdf=∅ | EPD Standards: beam=""ISO 21930:2017"" pdf=""ISO 14025, ISO 21930, ISO 14040"" | EPD PCR Guidelines: beam=""Concrete masonry and segmental concrete "" pdf=""Concrete Masonry and Segmental Concrete "" | EPD LCA Software: beam=""Athena Concrete LCA Calculator v3"" pdf=""and"" | EPD LCI Database: beam=""SimaPro 8.6"" pdf=""ecoinvent 3.4"""
CMU003,EPD-338,—,—,—,—,—,—,MISMATCH,—,MISMATCH,MATCH,MISMATCH,MISMATCH,—,MATCH,MISMATCH,—,MISMATCH,MISMATCH,—,—,—,—,—,—,—,—,—,—,—,—,—,—,MISMATCH,MISMATCH,MISMATCH,MISMATCH,—,—,—,—,MISMATCH,MISMATCH,MISMATCH,—,—,MISMATCH,—,—,—,—,MISMATCH,MATCH,MISMATCH,MISMATCH,MATCH,MISMATCH,MATCH,MISMATCH,MISMATCH,—,MISMATCH,MISMATCH,—,—,17.9%,"EPD Expiry: beam=""2027"" pdf=""2022-09-06"" | Material: beam=""CMU - Normal weight"" pdf=∅ | Product Brand Name: beam=""8"" Normal weight blocks"" pdf=∅ | Specifications: beam=""390 x 190 x 190 mm"" pdf=∅ | Markets of Applicability: beam=""US & CA"" pdf=""the geographical coverage is Canada."" | Stated EPD kgCO2e / unit: beam=""252"" pdf=""138.67"" | GWP units kgCO2e per: beam=""m3"" pdf=""Declaration Number"" | Density: beam=""2186.12"" pdf=∅ | Density Units: beam=""kg/m3"" pdf=∅ | Addn'l factors: beam=""223"" pdf=∅ | Addn'l factor units: beam=""kg/m2 of wall"" pdf=∅ | Length (m): beam=""0.390"" pdf=∅ | Width (m): beam=""0.190"" pdf=∅ | Depth (m): beam=""0.190"" pdf=∅ | Material Type: beam=""Concrete"" pdf=""Portland Cement"" | EPD ID: beam=""EPD-338"" pdf=""1 m3 of concrete formed into manufacture"" | EPD Owner: beam=""Canadian Concrete Masonry Producers Assn"" pdf=""ASTM International"" | EPD/LCA Prepared by: beam=""Athena"" pdf=""James Salazar"" | Internal/External Validation: beam=""External"" pdf=∅ | EPD Standards: beam=""ISO 21930:2017"" pdf=""ISO 14025, ISO 21930, ISO 14040"" | EPD PCR Guidelines: beam=""Concrete masonry and segmental concrete "" pdf=""Concrete Masonry and Segmental Concrete "" | EPD LCA Software: beam=""Athena Concrete LCA Calculator v3"" pdf=""and"" | EPD LCI Database: beam=""SimaPro 8.6"" pdf=""ecoinvent 3.4"""
91617a,EPD 3409-8229,—,—,—,—,—,—,MISMATCH,—,MISMATCH,MISMATCH,MISMATCH,MISMATCH,—,—,MISMATCH,—,MISMATCH,MISMATCH,—,—,—,—,—,—,—,—,—,—,—,—,—,—,MISMATCH,MATCH,MISMATCH,MISMATCH,—,—,—,—,—,—,—,—,—,—,—,—,—,—,MISMATCH,MISMATCH,—,MISMATCH,—,—,—,—,—,—,—,—,—,—,6.7%,"EPD Expiry: beam=""2022"" pdf=""2017-05-18"" | Material: beam=""Wood roof truss"" pdf=∅ | Manufacturer: beam=""Quebec Wood Export Bureau"" pdf=∅ | Product Brand Name: beam=""Common (Double Howe) Gable Roof"" pdf=∅ | Specifications: beam=""2x6 Chords, 2x4 Webs, 4:12 Pitch, 40 ft "" pdf=∅ | Markets of Applicability: beam=""CAN"" pdf=∅ | Stated EPD kgCO2e / unit: beam=""178"" pdf=""207.9"" | GWP units kgCO2e per: beam=""m3"" pdf=""3 treatment. The method is defined by th"" | Density: beam=""417"" pdf=""500"" | Addn'l factors: beam=""0.0142"" pdf=∅ | Addn'l factor units: beam=""m3/linear m"" pdf=∅ | EPD ID: beam=""EPD 3409-8229"" pdf=""3409-8229"" | EPD Type: beam=""Composite of EPDs"" pdf=∅ | EPD/LCA Prepared by: beam=""CSA Group"" pdf=∅"
A12363,EPD 346,—,—,—,—,—,—,MATCH,—,MISMATCH,MISMATCH,MISMATCH,—,—,MISMATCH,MISMATCH,—,MISMATCH,MATCH,—,—,—,—,—,—,—,—,—,—,—,—,—,—,MISMATCH,MISMATCH,—,—,—,—,—,—,—,—,—,—,—,—,—,—,—,—,MATCH,MISMATCH,MISMATCH,MATCH,MISMATCH,MATCH,MATCH,—,MATCH,MISMATCH,—,—,—,—,36.8%,"Material: beam=""Concrete - 25 MPa, 20% FA, GUL"" pdf=∅ | Manufacturer: beam=""Concrete Alberta"" pdf=""Concrete Declared Product Alberta member"" | Product Brand Name: beam=""Can. Alberta Avg."" pdf=∅ | Countries of Manufacture: beam=""CA"" pdf=∅ | Markets of Applicability: beam=""CA"" pdf=∅ | Stated EPD kgCO2e / unit: beam=""255.8"" pdf=""273.04"" | Density: beam=""2305"" pdf=∅ | Density Units: beam=""kg/m3"" pdf=∅ | EPD Type: beam=""Industry average"" pdf=∅ | EPD Owner: beam=""Concrete Alberta"" pdf=""Edmonton, AB T6B 3T7"" | EPD Program / Operator: beam=""ASTM"" pdf=""NSF International"" | LCA Method: beam=""TRACI 2.1 V1.02"" pdf=""and other calculation methodologies are """
A12364,EPD 346,—,—,—,—,—,—,MATCH,—,MISMATCH,MISMATCH,MISMATCH,—,—,MISMATCH,MISMATCH,—,MISMATCH,MATCH,—,—,—,—,—,—,—,—,—,—,—,—,—,—,MISMATCH,MISMATCH,—,—,—,—,—,—,—,—,—,—,—,—,—,—,—,—,MATCH,MISMATCH,MISMATCH,MATCH,MISMATCH,MATCH,MATCH,—,MATCH,MISMATCH,—,—,—,—,36.8%,"Material: beam=""Concrete - 30 MPa, 20% FA, GUL"" pdf=∅ | Manufacturer: beam=""Concrete Alberta"" pdf=""Concrete Declared Product Alberta member"" | Product Brand Name: beam=""Can. Alberta Avg."" pdf=∅ | Countries of Manufacture: beam=""CA"" pdf=∅ | Markets of Applicability: beam=""CA"" pdf=∅ | Stated EPD kgCO2e / unit: beam=""292.0"" pdf=""273.04"" | Density: beam=""2305"" pdf=∅ | Density Units: beam=""kg/m3"" pdf=∅ | EPD Type: beam=""Industry average"" pdf=∅ | EPD Owner: beam=""Concrete Alberta"" pdf=""Edmonton, AB T6B 3T7"" | EPD Program / Operator: beam=""ASTM"" pdf=""NSF International"" | LCA Method: beam=""TRACI 2.1 V1.02"" pdf=""and other calculation methodologies are """
A12365,EPD 346,—,—,—,—,—,—,MATCH,—,MISMATCH,MISMATCH,MISMATCH,—,—,MISMATCH,MISMATCH,—,MISMATCH,MATCH,—,—,—,—,—,—,—,—,—,—,—,—,—,—,MISMATCH,MISMATCH,—,—,—,—,—,—,—,—,—,—,—,—,—,—,—,—,MATCH,MISMATCH,MISMATCH,MATCH,MISMATCH,MATCH,MATCH,—,MATCH,MISMATCH,—,—,—,—,36.8%,"Material: beam=""Concrete - 35 MPa, 20% FA, GUL"" pdf=∅ | Manufacturer: beam=""Concrete Alberta"" pdf=""Concrete Declared Product Alberta member"" | Product Brand Name: beam=""Can. Alberta Avg."" pdf=∅ | Countries of Manufacture: beam=""CA"" pdf=∅ | Markets of Applicability: beam=""CA"" pdf=∅ | Stated EPD kgCO2e / unit: beam=""323.72"" pdf=""273.04"" | Density: beam=""2305"" pdf=∅ | Density Units: beam=""kg/m3"" pdf=∅ | EPD Type: beam=""Industry average"" pdf=∅ | EPD Owner: beam=""Concrete Alberta"" pdf=""Edmonton, AB T6B 3T7"" | EPD Program / Operator: beam=""ASTM"" pdf=""NSF International"" | LCA Method: beam=""TRACI 2.1 V1.02"" pdf=""and other calculation methodologies are """
aaacc100,EPD 346,—,—,—,—,—,—,MATCH,—,MISMATCH,MISMATCH,MISMATCH,—,—,MISMATCH,MISMATCH,—,MISMATCH,MATCH,—,—,—,—,—,—,—,—,—,—,—,—,—,—,MISMATCH,MISMATCH,—,—,—,—,—,—,—,—,—,—,—,—,—,—,—,—,MATCH,MISMATCH,MISMATCH,MATCH,MISMATCH,MATCH,MATCH,—,MATCH,MISMATCH,—,—,—,—,36.8%,"Material: beam=""Concrete - 35 MPa, 10% FA, GU"" pdf=∅ | Manufacturer: beam=""Concrete Alberta"" pdf=""Concrete Declared Product Alberta member"" | Product Brand Name: beam=""Can. Alberta Avg."" pdf=∅ | Countries of Manufacture: beam=""CA"" pdf=∅ | Markets of Applicability: beam=""CA"" pdf=∅ | Stated EPD kgCO2e / unit: beam=""397.06"" pdf=""273.04"" | Density: beam=""2305"" pdf=∅ | Density Units: beam=""kg/m3"" pdf=∅ | EPD Type: beam=""Industry average"" pdf=∅ | EPD Owner: beam=""Concrete Alberta"" pdf=""Edmonton, AB T6B 3T7"" | EPD Program / Operator: beam=""ASTM"" pdf=""NSF International"" | LCA Method: beam=""TRACI 2.1 V1.02"" pdf=""and other calculation methodologies are """
aaacc101,EPD 346,—,—,—,—,—,—,MATCH,—,MISMATCH,MISMATCH,MISMATCH,—,—,MISMATCH,MISMATCH,—,MISMATCH,MATCH,—,—,—,—,—,—,—,—,—,—,—,—,—,—,MISMATCH,MISMATCH,—,—,—,—,—,—,—,—,—,—,—,—,—,—,—,—,MATCH,MISMATCH,MISMATCH,MATCH,MISMATCH,MATCH,MATCH,—,MATCH,MISMATCH,—,—,—,—,36.8%,"Material: beam=""Concrete - 35 MPa, 20% FA, GU"" pdf=∅ | Manufacturer: beam=""Concrete Alberta"" pdf=""Concrete Declared Product Alberta member"" | Product Brand Name: beam=""Can. Alberta Avg."" pdf=∅ | Countries of Manufacture: beam=""CA"" pdf=∅ | Markets of Applicability: beam=""CA"" pdf=∅ | Stated EPD kgCO2e / unit: beam=""358.54"" pdf=""273.04"" | Density: beam=""2305"" pdf=∅ | Density Units: beam=""kg/m3"" pdf=∅ | EPD Type: beam=""Industry average"" pdf=∅ | EPD Owner: beam=""Concrete Alberta"" pdf=""Edmonton, AB T6B 3T7"" | EPD Program / Operator: beam=""ASTM"" pdf=""NSF International"" | LCA Method: beam=""TRACI 2.1 V1.02"" pdf=""and other calculation methodologies are """
aaacc93,EPD 346,—,—,—,—,—,—,MATCH,—,MISMATCH,MISMATCH,MISMATCH,—,—,MISMATCH,MISMATCH,—,MISMATCH,MATCH,—,—,—,—,—,—,—,—,—,—,—,—,—,—,MISMATCH,MISMATCH,—,—,—,—,—,—,—,—,—,—,—,—,—,—,—,—,MATCH,MISMATCH,MISMATCH,MATCH,MISMATCH,MATCH,MATCH,—,MATCH,MISMATCH,—,—,—,—,36.8%,"Material: beam=""Concrete - 25 MPa, GU"" pdf=∅ | Manufacturer: beam=""Concrete Alberta"" pdf=""Concrete Declared Product Alberta member"" | Product Brand Name: beam=""Can. Alberta Avg."" pdf=∅ | Countries of Manufacture: beam=""CA"" pdf=∅ | Markets of Applicability: beam=""CA"" pdf=∅ | Stated EPD kgCO2e / unit: beam=""341.8"" pdf=""273.04"" | Density: beam=""2305"" pdf=∅ | Density Units: beam=""kg/m3"" pdf=∅ | EPD Type: beam=""Industry average"" pdf=∅ | EPD Owner: beam=""Concrete Alberta"" pdf=""Edmonton, AB T6B 3T7"" | EPD Program / Operator: beam=""ASTM"" pdf=""NSF International"" | LCA Method: beam=""TRACI 2.1 V1.02"" pdf=""and other calculation methodologies are """
aaacc94,EPD 346,—,—,—,—,—,—,MATCH,—,MISMATCH,MISMATCH,MISMATCH,—,—,MISMATCH,MISMATCH,—,MISMATCH,MATCH,—,—,—,—,—,—,—,—,—,—,—,—,—,—,MISMATCH,MISMATCH,—,—,—,—,—,—,—,—,—,—,—,—,—,—,—,—,MATCH,MISMATCH,MISMATCH,MATCH,MISMATCH,MATCH,MATCH,—,MATCH,MISMATCH,—,—,—,—,36.8%,"Material: beam=""Concrete - 25 MPa, 10% FA, GU"" pdf=∅ | Manufacturer: beam=""Concrete Alberta"" pdf=""Concrete Declared Product Alberta member"" | Product Brand Name: beam=""Can. Alberta Avg."" pdf=∅ | Countries of Manufacture: beam=""CA"" pdf=∅ | Markets of Applicability: beam=""CA"" pdf=∅ | Stated EPD kgCO2e / unit: beam=""312.37"" pdf=""273.04"" | Density: beam=""2305"" pdf=∅ | Density Units: beam=""kg/m3"" pdf=∅ | EPD Type: beam=""Industry average"" pdf=∅ | EPD Owner: beam=""Concrete Alberta"" pdf=""Edmonton, AB T6B 3T7"" | EPD Program / Operator: beam=""ASTM"" pdf=""NSF International"" | LCA Method: beam=""TRACI 2.1 V1.02"" pdf=""and other calculation methodologies are """
aaacc95,EPD 346,—,—,—,—,—,—,MATCH,—,MISMATCH,MISMATCH,MISMATCH,—,—,MISMATCH,MISMATCH,—,MISMATCH,MATCH,—,—,—,—,—,—,—,—,—,—,—,—,—,—,MISMATCH,MISMATCH,—,—,—,—,—,—,—,—,—,—,—,—,—,—,—,—,MATCH,MISMATCH,MISMATCH,MATCH,MISMATCH,MATCH,MATCH,—,MATCH,MISMATCH,—,—,—,—,36.8%,"Material: beam=""Concrete - 25 MPa, 20% FA, GU"" pdf=∅ | Manufacturer: beam=""Concrete Alberta"" pdf=""Concrete Declared Product Alberta member"" | Product Brand Name: beam=""Can. Alberta Avg."" pdf=∅ | Countries of Manufacture: beam=""CA"" pdf=∅ | Markets of Applicability: beam=""CA"" pdf=∅ | Stated EPD kgCO2e / unit: beam=""282.5"" pdf=""273.04"" | Density: beam=""2305"" pdf=∅ | Density Units: beam=""kg/m3"" pdf=∅ | EPD Type: beam=""Industry average"" pdf=∅ | EPD Owner: beam=""Concrete Alberta"" pdf=""Edmonton, AB T6B 3T7"" | EPD Program / Operator: beam=""ASTM"" pdf=""NSF International"" | LCA Method: beam=""TRACI 2.1 V1.02"" pdf=""and other calculation methodologies are """
aaacc96,EPD 346,—,—,—,—,—,—,MATCH,—,MISMATCH,MISMATCH,MISMATCH,—,—,MISMATCH,MISMATCH,—,MISMATCH,MATCH,—,—,—,—,—,—,—,—,—,—,—,—,—,—,MISMATCH,MISMATCH,—,—,—,—,—,—,—,—,—,—,—,—,—,—,—,—,MATCH,MISMATCH,MISMATCH,MATCH,MISMATCH,MATCH,MATCH,—,MATCH,MISMATCH,—,—,—,—,36.8%,"Material: beam=""Concrete - 30 MPa, GU"" pdf=∅ | Manufacturer: beam=""Concrete Alberta"" pdf=""Concrete Declared Product Alberta member"" | Product Brand Name: beam=""Can. Alberta Avg."" pdf=∅ | Countries of Manufacture: beam=""CA"" pdf=∅ | Markets of Applicability: beam=""CA"" pdf=∅ | Stated EPD kgCO2e / unit: beam=""384.98"" pdf=""273.04"" | Density: beam=""2305"" pdf=∅ | Density Units: beam=""kg/m3"" pdf=∅ | EPD Type: beam=""Industry average"" pdf=∅ | EPD Owner: beam=""Concrete Alberta"" pdf=""Edmonton, AB T6B 3T7"" | EPD Program / Operator: beam=""ASTM"" pdf=""NSF International"" | LCA Method: beam=""TRACI 2.1 V1.02"" pdf=""and other calculation methodologies are """
aaacc97,EPD 346,—,—,—,—,—,—,MATCH,—,MISMATCH,MISMATCH,MISMATCH,—,—,MISMATCH,MISMATCH,—,MISMATCH,MATCH,—,—,—,—,—,—,—,—,—,—,—,—,—,—,MISMATCH,MISMATCH,—,—,—,—,—,—,—,—,—,—,—,—,—,—,—,—,MATCH,MISMATCH,MISMATCH,MATCH,MISMATCH,MATCH,MATCH,—,MATCH,MISMATCH,—,—,—,—,36.8%,"Material: beam=""Concrete - 30 MPa, 10% FA, GU"" pdf=∅ | Manufacturer: beam=""Concrete Alberta"" pdf=""Concrete Declared Product Alberta member"" | Product Brand Name: beam=""Can. Alberta Avg."" pdf=∅ | Countries of Manufacture: beam=""CA"" pdf=∅ | Markets of Applicability: beam=""CA"" pdf=∅ | Stated EPD kgCO2e / unit: beam=""351.67"" pdf=""273.04"" | Density: beam=""2305"" pdf=∅ | Density Units: beam=""kg/m3"" pdf=∅ | EPD Type: beam=""Industry average"" pdf=∅ | EPD Owner: beam=""Concrete Alberta"" pdf=""Edmonton, AB T6B 3T7"" | EPD Program / Operator: beam=""ASTM"" pdf=""NSF International"" | LCA Method: beam=""TRACI 2.1 V1.02"" pdf=""and other calculation methodologies are """
aaacc98,EPD 346,—,—,—,—,—,—,MATCH,—,MISMATCH,MISMATCH,MISMATCH,—,—,MISMATCH,MISMATCH,—,MISMATCH,MATCH,—,—,—,—,—,—,—,—,—,—,—,—,—,—,MISMATCH,MISMATCH,—,—,—,—,—,—,—,—,—,—,—,—,—,—,—,—,MATCH,MISMATCH,MISMATCH,MATCH,MISMATCH,MATCH,MATCH,—,MATCH,MISMATCH,—,—,—,—,36.8%,"Material: beam=""Concrete - 30 MPa, 20% FA, GU"" pdf=∅ | Manufacturer: beam=""Concrete Alberta"" pdf=""Concrete Declared Product Alberta member"" | Product Brand Name: beam=""Can. Alberta Avg."" pdf=∅ | Countries of Manufacture: beam=""CA"" pdf=∅ | Markets of Applicability: beam=""CA"" pdf=∅ | Stated EPD kgCO2e / unit: beam=""317.9"" pdf=""273.04"" | Density: beam=""2305"" pdf=∅ | Density Units: beam=""kg/m3"" pdf=∅ | EPD Type: beam=""Industry average"" pdf=∅ | EPD Owner: beam=""Concrete Alberta"" pdf=""Edmonton, AB T6B 3T7"" | EPD Program / Operator: beam=""ASTM"" pdf=""NSF International"" | LCA Method: beam=""TRACI 2.1 V1.02"" pdf=""and other calculation methodologies are """
aaacc99,EPD 346,—,—,—,—,—,—,MATCH,—,MISMATCH,MISMATCH,MISMATCH,—,—,MISMATCH,MISMATCH,—,MISMATCH,MATCH,—,—,—,—,—,—,—,—,—,—,—,—,—,—,MISMATCH,MISMATCH,—,—,—,—,—,—,—,—,—,—,—,—,—,—,—,—,MATCH,MISMATCH,MISMATCH,MATCH,MISMATCH,MATCH,MATCH,—,MATCH,MISMATCH,—,—,—,—,36.8%,"Material: beam=""Concrete - 35 MPa, GU"" pdf=∅ | Manufacturer: beam=""Concrete Alberta"" pdf=""Concrete Declared Product Alberta member"" | Product Brand Name: beam=""Can. Alberta Avg."" pdf=∅ | Countries of Manufacture: beam=""CA"" pdf=∅ | Markets of Applicability: beam=""CA"" pdf=∅ | Stated EPD kgCO2e / unit: beam=""435.13"" pdf=""273.04"" | Density: beam=""2305"" pdf=∅ | Density Units: beam=""kg/m3"" pdf=∅ | EPD Type: beam=""Industry average"" pdf=∅ | EPD Owner: beam=""Concrete Alberta"" pdf=""Edmonton, AB T6B 3T7"" | EPD Program / Operator: beam=""ASTM"" pdf=""NSF International"" | LCA Method: beam=""TRACI 2.1 V1.02"" pdf=""and other calculation methodologies are """
A12361,EPD 347,—,—,—,—,—,—,MATCH,—,MISMATCH,MISMATCH,MISMATCH,—,—,MISMATCH,MISMATCH,—,MISMATCH,MATCH,—,—,—,—,—,—,—,—,—,—,—,—,—,—,MISMATCH,MISMATCH,—,—,—,—,—,—,—,—,—,—,—,—,—,—,—,—,MATCH,MISMATCH,MISMATCH,MATCH,MISMATCH,MATCH,MATCH,—,MATCH,MISMATCH,—,—,—,—,36.8%,"Material: beam=""Concrete - 25 MPa, 40% FA, GUL"" pdf=∅ | Manufacturer: beam=""Atlantic Concrete Association"" pdf=""Atlantic Declared Product Concrete membe"" | Product Brand Name: beam=""Can. Atlantic Avg."" pdf=∅ | Countries of Manufacture: beam=""CA"" pdf=∅ | Markets of Applicability: beam=""CA"" pdf=∅ | Stated EPD kgCO2e / unit: beam=""252.18"" pdf=""336.63"" | Density: beam=""2305"" pdf=∅ | Density Units: beam=""kg/m3"" pdf=∅ | EPD Type: beam=""Industry average"" pdf=""Product-specific"" | EPD Owner: beam=""Atlantic Concrete Association"" pdf=""B3L 4H9, Canada"" | EPD Program / Operator: beam=""ASTM"" pdf=""NSF International"" | LCA Method: beam=""TRACI 2.1 V1.02"" pdf=""and other calculation methodologies are """
A12362,EPD 347,—,—,—,—,—,—,MATCH,—,MISMATCH,MISMATCH,MISMATCH,—,—,MISMATCH,MISMATCH,—,MISMATCH,MATCH,—,—,—,—,—,—,—,—,—,—,—,—,—,—,MISMATCH,MISMATCH,—,—,—,—,—,—,—,—,—,—,—,—,—,—,—,—,MATCH,MISMATCH,MISMATCH,MATCH,MISMATCH,MATCH,MATCH,—,MATCH,MISMATCH,—,—,—,—,36.8%,"Material: beam=""Concrete - 30 MPa, 40% FA, GUL"" pdf=∅ | Manufacturer: beam=""Atlantic Concrete Association"" pdf=""Atlantic Declared Product Concrete membe"" | Product Brand Name: beam=""Can. Atlantic Avg."" pdf=∅ | Countries of Manufacture: beam=""CA"" pdf=∅ | Markets of Applicability: beam=""CA"" pdf=∅ | Stated EPD kgCO2e / unit: beam=""270.08"" pdf=""336.63"" | Density: beam=""2305"" pdf=∅ | Density Units: beam=""kg/m3"" pdf=∅ | EPD Type: beam=""Industry average"" pdf=""Product-specific"" | EPD Owner: beam=""Atlantic Concrete Association"" pdf=""B3L 4H9, Canada"" | EPD Program / Operator: beam=""ASTM"" pdf=""NSF International"" | LCA Method: beam=""TRACI 2.1 V1.02"" pdf=""and other calculation methodologies are """
A12368,EPD 347,—,—,—,—,—,—,MATCH,—,MISMATCH,MISMATCH,MISMATCH,—,—,MISMATCH,MISMATCH,—,MISMATCH,MATCH,—,—,—,—,—,—,—,—,—,—,—,—,—,—,MISMATCH,MISMATCH,—,—,—,—,—,—,—,—,—,—,—,—,—,—,—,—,MATCH,MISMATCH,MISMATCH,MATCH,MISMATCH,MATCH,MATCH,—,MATCH,MISMATCH,—,—,—,—,36.8%,"Material: beam=""Concrete - 35 MPa, 40% FA, GUL"" pdf=∅ | Manufacturer: beam=""Atlantic Concrete Association"" pdf=""Atlantic Declared Product Concrete membe"" | Product Brand Name: beam=""Can. Atlantic Avg."" pdf=∅ | Countries of Manufacture: beam=""CA"" pdf=∅ | Markets of Applicability: beam=""CA"" pdf=∅ | Stated EPD kgCO2e / unit: beam=""300.26"" pdf=""336.63"" | Density: beam=""2305"" pdf=∅ | Density Units: beam=""kg/m3"" pdf=∅ | EPD Type: beam=""Industry average"" pdf=""Product-specific"" | EPD Owner: beam=""Atlantic Concrete Association"" pdf=""B3L 4H9, Canada"" | EPD Program / Operator: beam=""ASTM"" pdf=""NSF International"" | LCA Method: beam=""TRACI 2.1 V1.02"" pdf=""and other calculation methodologies are """
aaacc78,EPD 347,—,—,—,—,—,—,MATCH,—,MISMATCH,MISMATCH,MISMATCH,—,—,MISMATCH,MISMATCH,—,MISMATCH,MATCH,—,—,—,—,—,—,—,—,—,—,—,—,—,—,MISMATCH,MISMATCH,—,—,—,—,—,—,—,—,—,—,—,—,—,—,—,—,MATCH,MISMATCH,MISMATCH,MATCH,MISMATCH,MATCH,MATCH,—,MATCH,MISMATCH,—,—,—,—,36.8%,"Material: beam=""Concrete - 25 MPa, GU"" pdf=∅ | Manufacturer: beam=""Atlantic Concrete Association"" pdf=""Atlantic Declared Product Concrete membe"" | Product Brand Name: beam=""Can. Atlantic Avg."" pdf=∅ | Countries of Manufacture: beam=""CA"" pdf=∅ | Markets of Applicability: beam=""CA"" pdf=∅ | Stated EPD kgCO2e / unit: beam=""387.2"" pdf=""336.63"" | Density: beam=""2305"" pdf=∅ | Density Units: beam=""kg/m3"" pdf=∅ | EPD Type: beam=""Industry average"" pdf=""Product-specific"" | EPD Owner: beam=""Atlantic Concrete Association"" pdf=""B3L 4H9, Canada"" | EPD Program / Operator: beam=""ASTM"" pdf=""NSF International"" | LCA Method: beam=""TRACI 2.1 V1.02"" pdf=""and other calculation methodologies are """
aaacc79,EPD 347,—,—,—,—,—,—,MATCH,—,MISMATCH,MISMATCH,MISMATCH,—,—,MISMATCH,MISMATCH,—,MISMATCH,MATCH,—,—,—,—,—,—,—,—,—,—,—,—,—,—,MISMATCH,MISMATCH,—,—,—,—,—,—,—,—,—,—,—,—,—,—,—,—,MATCH,MISMATCH,MISMATCH,MATCH,MISMATCH,MATCH,MATCH,—,MATCH,MISMATCH,—,—,—,—,36.8%,"Material: beam=""Concrete - 25 MPa, 10% FA, GU"" pdf=∅ | Manufacturer: beam=""Atlantic Concrete Association"" pdf=""Atlantic Declared Product Concrete membe"" | Product Brand Name: beam=""Can. Atlantic Avg."" pdf=∅ | Countries of Manufacture: beam=""CA"" pdf=∅ | Markets of Applicability: beam=""CA"" pdf=∅ | Stated EPD kgCO2e / unit: beam=""357.51"" pdf=""336.63"" | Density: beam=""2305"" pdf=∅ | Density Units: beam=""kg/m3"" pdf=∅ | EPD Type: beam=""Industry average"" pdf=""Product-specific"" | EPD Owner: beam=""Atlantic Concrete Association"" pdf=""B3L 4H9, Canada"" | EPD Program / Operator: beam=""ASTM"" pdf=""NSF International"" | LCA Method: beam=""TRACI 2.1 V1.02"" pdf=""and other calculation methodologies are """
aaacc80,EPD 347,—,—,—,—,—,—,MATCH,—,MISMATCH,MISMATCH,MISMATCH,—,—,MISMATCH,MISMATCH,—,MISMATCH,MATCH,—,—,—,—,—,—,—,—,—,—,—,—,—,—,MISMATCH,MISMATCH,—,—,—,—,—,—,—,—,—,—,—,—,—,—,—,—,MATCH,MISMATCH,MISMATCH,MATCH,MISMATCH,MATCH,MATCH,—,MATCH,MISMATCH,—,—,—,—,36.8%,"Material: beam=""Concrete - 25 MPa, 20% FA, GU"" pdf=∅ | Manufacturer: beam=""Atlantic Concrete Association"" pdf=""Atlantic Declared Product Concrete membe"" | Product Brand Name: beam=""Can. Atlantic Avg."" pdf=∅ | Countries of Manufacture: beam=""CA"" pdf=∅ | Markets of Applicability: beam=""CA"" pdf=∅ | Stated EPD kgCO2e / unit: beam=""327.82"" pdf=""336.63"" | Density: beam=""2305"" pdf=∅ | Density Units: beam=""kg/m3"" pdf=∅ | EPD Type: beam=""Industry average"" pdf=""Product-specific"" | EPD Owner: beam=""Atlantic Concrete Association"" pdf=""B3L 4H9, Canada"" | EPD Program / Operator: beam=""ASTM"" pdf=""NSF International"" | LCA Method: beam=""TRACI 2.1 V1.02"" pdf=""and other calculation methodologies are """
aaacc81,EPD 347,—,—,—,—,—,—,MATCH,—,MISMATCH,MISMATCH,MISMATCH,—,—,MISMATCH,MISMATCH,—,MISMATCH,MATCH,—,—,—,—,—,—,—,—,—,—,—,—,—,—,MISMATCH,MISMATCH,—,—,—,—,—,—,—,—,—,—,—,—,—,—,—,—,MATCH,MISMATCH,MISMATCH,MATCH,MISMATCH,MATCH,MATCH,—,MATCH,MISMATCH,—,—,—,—,36.8%,"Material: beam=""Concrete - 25 MPa, 30% FA, GU"" pdf=∅ | Manufacturer: beam=""Atlantic Concrete Association"" pdf=""Atlantic Declared Product Concrete membe"" | Product Brand Name: beam=""Can. Atlantic Avg."" pdf=∅ | Countries of Manufacture: beam=""CA"" pdf=∅ | Markets of Applicability: beam=""CA"" pdf=∅ | Stated EPD kgCO2e / unit: beam=""298.12"" pdf=""336.63"" | Density: beam=""2305"" pdf=∅ | Density Units: beam=""kg/m3"" pdf=∅ | EPD Type: beam=""Industry average"" pdf=""Product-specific"" | EPD Owner: beam=""Atlantic Concrete Association"" pdf=""B3L 4H9, Canada"" | EPD Program / Operator: beam=""ASTM"" pdf=""NSF International"" | LCA Method: beam=""TRACI 2.1 V1.02"" pdf=""and other calculation methodologies are """
aaacc82,EPD 347,—,—,—,—,—,—,MATCH,—,MISMATCH,MISMATCH,MISMATCH,—,—,MISMATCH,MISMATCH,—,MISMATCH,MATCH,—,—,—,—,—,—,—,—,—,—,—,—,—,—,MISMATCH,MISMATCH,—,—,—,—,—,—,—,—,—,—,—,—,—,—,—,—,MATCH,MISMATCH,MISMATCH,MATCH,MISMATCH,MATCH,MATCH,—,MATCH,MISMATCH,—,—,—,—,36.8%,"Material: beam=""Concrete - 25 MPa, 40% FA, GU"" pdf=∅ | Manufacturer: beam=""Atlantic Concrete Association"" pdf=""Atlantic Declared Product Concrete membe"" | Product Brand Name: beam=""Can. Atlantic Avg."" pdf=∅ | Countries of Manufacture: beam=""CA"" pdf=∅ | Markets of Applicability: beam=""CA"" pdf=∅ | Stated EPD kgCO2e / unit: beam=""268.43"" pdf=""336.63"" | Density: beam=""2305"" pdf=∅ | Density Units: beam=""kg/m3"" pdf=∅ | EPD Type: beam=""Industry average"" pdf=""Product-specific"" | EPD Owner: beam=""Atlantic Concrete Association"" pdf=""B3L 4H9, Canada"" | EPD Program / Operator: beam=""ASTM"" pdf=""NSF International"" | LCA Method: beam=""TRACI 2.1 V1.02"" pdf=""and other calculation methodologies are """
aaacc83,EPD 347,—,—,—,—,—,—,MATCH,—,MISMATCH,MISMATCH,MISMATCH,—,—,MISMATCH,MISMATCH,—,MISMATCH,MATCH,—,—,—,—,—,—,—,—,—,—,—,—,—,—,MISMATCH,MISMATCH,—,—,—,—,—,—,—,—,—,—,—,—,—,—,—,—,MATCH,MISMATCH,MISMATCH,MATCH,MISMATCH,MATCH,MATCH,—,MATCH,MISMATCH,—,—,—,—,36.8%,"Material: beam=""Concrete - 30 MPa, GU"" pdf=∅ | Manufacturer: beam=""Atlantic Concrete Association"" pdf=""Atlantic Declared Product Concrete membe"" | Product Brand Name: beam=""Can. Atlantic Avg."" pdf=∅ | Countries of Manufacture: beam=""CA"" pdf=∅ | Markets of Applicability: beam=""CA"" pdf=∅ | Stated EPD kgCO2e / unit: beam=""419.64"" pdf=""336.63"" | Density: beam=""2305"" pdf=∅ | Density Units: beam=""kg/m3"" pdf=∅ | EPD Type: beam=""Industry average"" pdf=""Product-specific"" | EPD Owner: beam=""Atlantic Concrete Association"" pdf=""B3L 4H9, Canada"" | EPD Program / Operator: beam=""ASTM"" pdf=""NSF International"" | LCA Method: beam=""TRACI 2.1 V1.02"" pdf=""and other calculation methodologies are """
aaacc84,EPD 347,—,—,—,—,—,—,MATCH,—,MISMATCH,MISMATCH,MISMATCH,—,—,MISMATCH,MISMATCH,—,MISMATCH,MATCH,—,—,—,—,—,—,—,—,—,—,—,—,—,—,MISMATCH,MISMATCH,—,—,—,—,—,—,—,—,—,—,—,—,—,—,—,—,MATCH,MISMATCH,MISMATCH,MATCH,MISMATCH,MATCH,MATCH,—,MATCH,MISMATCH,—,—,—,—,36.8%,"Material: beam=""Concrete - 30 MPa, 10% FA, GU"" pdf=∅ | Manufacturer: beam=""Atlantic Concrete Association"" pdf=""Atlantic Declared Product Concrete membe"" | Product Brand Name: beam=""Can. Atlantic Avg."" pdf=∅ | Countries of Manufacture: beam=""CA"" pdf=∅ | Markets of Applicability: beam=""CA"" pdf=∅ | Stated EPD kgCO2e / unit: beam=""386.75"" pdf=""336.63"" | Density: beam=""2305"" pdf=∅ | Density Units: beam=""kg/m3"" pdf=∅ | EPD Type: beam=""Industry average"" pdf=""Product-specific"" | EPD Owner: beam=""Atlantic Concrete Association"" pdf=""B3L 4H9, Canada"" | EPD Program / Operator: beam=""ASTM"" pdf=""NSF International"" | LCA Method: beam=""TRACI 2.1 V1.02"" pdf=""and other calculation methodologies are """
aaacc85,EPD 347,—,—,—,—,—,—,MATCH,—,MISMATCH,MISMATCH,MISMATCH,—,—,MISMATCH,MISMATCH,—,MISMATCH,MATCH,—,—,—,—,—,—,—,—,—,—,—,—,—,—,MISMATCH,MISMATCH,—,—,—,—,—,—,—,—,—,—,—,—,—,—,—,—,MATCH,MISMATCH,MISMATCH,MATCH,MISMATCH,MATCH,MATCH,—,MATCH,MISMATCH,—,—,—,—,36.8%,"Material: beam=""Concrete - 30 MPa, 20% FA, GU"" pdf=∅ | Manufacturer: beam=""Atlantic Concrete Association"" pdf=""Atlantic Declared Product Concrete membe"" | Product Brand Name: beam=""Can. Atlantic Avg."" pdf=∅ | Countries of Manufacture: beam=""CA"" pdf=∅ | Markets of Applicability: beam=""CA"" pdf=∅ | Stated EPD kgCO2e / unit: beam=""353.86"" pdf=""336.63"" | Density: beam=""2305"" pdf=∅ | Density Units: beam=""kg/m3"" pdf=∅ | EPD Type: beam=""Industry average"" pdf=""Product-specific"" | EPD Owner: beam=""Atlantic Concrete Association"" pdf=""B3L 4H9, Canada"" | EPD Program / Operator: beam=""ASTM"" pdf=""NSF International"" | LCA Method: beam=""TRACI 2.1 V1.02"" pdf=""and other calculation methodologies are """
aaacc86,EPD 347,—,—,—,—,—,—,MATCH,—,MISMATCH,MISMATCH,MISMATCH,—,—,MISMATCH,MISMATCH,—,MISMATCH,MATCH,—,—,—,—,—,—,—,—,—,—,—,—,—,—,MISMATCH,MISMATCH,—,—,—,—,—,—,—,—,—,—,—,—,—,—,—,—,MATCH,MISMATCH,MISMATCH,MATCH,MISMATCH,MATCH,MATCH,—,MATCH,MISMATCH,—,—,—,—,36.8%,"Material: beam=""Concrete - 30 MPa, 30% FA, GU"" pdf=∅ | Manufacturer: beam=""Atlantic Concrete Association"" pdf=""Atlantic Declared Product Concrete membe"" | Product Brand Name: beam=""Can. Atlantic Avg."" pdf=∅ | Countries of Manufacture: beam=""CA"" pdf=∅ | Markets of Applicability: beam=""CA"" pdf=∅ | Stated EPD kgCO2e / unit: beam=""320.97"" pdf=""336.63"" | Density: beam=""2305"" pdf=∅ | Density Units: beam=""kg/m3"" pdf=∅ | EPD Type: beam=""Industry average"" pdf=""Product-specific"" | EPD Owner: beam=""Atlantic Concrete Association"" pdf=""B3L 4H9, Canada"" | EPD Program / Operator: beam=""ASTM"" pdf=""NSF International"" | LCA Method: beam=""TRACI 2.1 V1.02"" pdf=""and other calculation methodologies are """
aaacc87,EPD 347,—,—,—,—,—,—,MATCH,—,MISMATCH,MISMATCH,MISMATCH,—,—,MISMATCH,MISMATCH,—,MISMATCH,MATCH,—,—,—,—,—,—,—,—,—,—,—,—,—,—,MISMATCH,MISMATCH,—,—,—,—,—,—,—,—,—,—,—,—,—,—,—,—,MATCH,MISMATCH,MISMATCH,MATCH,MISMATCH,MATCH,MATCH,—,MATCH,MISMATCH,—,—,—,—,36.8%,"Material: beam=""Concrete - 30 MPa, 40% FA, GU"" pdf=∅ | Manufacturer: beam=""Atlantic Concrete Association"" pdf=""Atlantic Declared Product Concrete membe"" | Product Brand Name: beam=""Can. Atlantic Avg."" pdf=∅ | Countries of Manufacture: beam=""CA"" pdf=∅ | Markets of Applicability: beam=""CA"" pdf=∅ | Stated EPD kgCO2e / unit: beam=""288.08"" pdf=""336.63"" | Density: beam=""2305"" pdf=∅ | Density Units: beam=""kg/m3"" pdf=∅ | EPD Type: beam=""Industry average"" pdf=""Product-specific"" | EPD Owner: beam=""Atlantic Concrete Association"" pdf=""B3L 4H9, Canada"" | EPD Program / Operator: beam=""ASTM"" pdf=""NSF International"" | LCA Method: beam=""TRACI 2.1 V1.02"" pdf=""and other calculation methodologies are """
aaacc88,EPD 347,—,—,—,—,—,—,MATCH,—,MISMATCH,MISMATCH,MISMATCH,—,—,MISMATCH,MISMATCH,—,MISMATCH,MATCH,—,—,—,—,—,—,—,—,—,—,—,—,—,—,MISMATCH,MISMATCH,—,—,—,—,—,—,—,—,—,—,—,—,—,—,—,—,MATCH,MISMATCH,MISMATCH,MATCH,MISMATCH,MATCH,MATCH,—,MATCH,MISMATCH,—,—,—,—,36.8%,"Material: beam=""Concrete - 35 MPa, GU"" pdf=∅ | Manufacturer: beam=""Atlantic Concrete Association"" pdf=""Atlantic Declared Product Concrete membe"" | Product Brand Name: beam=""Can. Atlantic Avg."" pdf=∅ | Countries of Manufacture: beam=""CA"" pdf=∅ | Markets of Applicability: beam=""CA"" pdf=∅ | Stated EPD kgCO2e / unit: beam=""487.53"" pdf=""336.63"" | Density: beam=""2305"" pdf=∅ | Density Units: beam=""kg/m3"" pdf=∅ | EPD Type: beam=""Industry average"" pdf=""Product-specific"" | EPD Owner: beam=""Atlantic Concrete Association"" pdf=""B3L 4H9, Canada"" | EPD Program / Operator: beam=""ASTM"" pdf=""NSF International"" | LCA Method: beam=""TRACI 2.1 V1.02"" pdf=""and other calculation methodologies are """
aaacc89,EPD 347,—,—,—,—,—,—,MATCH,—,MISMATCH,MISMATCH,MISMATCH,—,—,MISMATCH,MISMATCH,—,MISMATCH,MATCH,—,—,—,—,—,—,—,—,—,—,—,—,—,—,MISMATCH,MISMATCH,—,—,—,—,—,—,—,—,—,—,—,—,—,—,—,—,MATCH,MISMATCH,MISMATCH,MATCH,MISMATCH,MATCH,MATCH,—,MATCH,MISMATCH,—,—,—,—,36.8%,"Material: beam=""Concrete - 35 MPa, 10% FA, GU"" pdf=∅ | Manufacturer: beam=""Atlantic Concrete Association"" pdf=""Atlantic Declared Product Concrete membe"" | Product Brand Name: beam=""Can. Atlantic Avg."" pdf=∅ | Countries of Manufacture: beam=""CA"" pdf=∅ | Markets of Applicability: beam=""CA"" pdf=∅ | Stated EPD kgCO2e / unit: beam=""448.25"" pdf=""336.63"" | Density: beam=""2305"" pdf=∅ | Density Units: beam=""kg/m3"" pdf=∅ | EPD Type: beam=""Industry average"" pdf=""Product-specific"" | EPD Owner: beam=""Atlantic Concrete Association"" pdf=""B3L 4H9, Canada"" | EPD Program / Operator: beam=""ASTM"" pdf=""NSF International"" | LCA Method: beam=""TRACI 2.1 V1.02"" pdf=""and other calculation methodologies are """
aaacc90,EPD 347,—,—,—,—,—,—,MATCH,—,MISMATCH,MISMATCH,MISMATCH,—,—,MISMATCH,MISMATCH,—,MISMATCH,MATCH,—,—,—,—,—,—,—,—,—,—,—,—,—,—,MISMATCH,MISMATCH,—,—,—,—,—,—,—,—,—,—,—,—,—,—,—,—,MATCH,MISMATCH,MISMATCH,MATCH,MISMATCH,MATCH,MATCH,—,MATCH,MISMATCH,—,—,—,—,36.8%,"Material: beam=""Concrete - 35 MPa, 20% FA, GU"" pdf=∅ | Manufacturer: beam=""Atlantic Concrete Association"" pdf=""Atlantic Declared Product Concrete membe"" | Product Brand Name: beam=""Can. Atlantic Avg."" pdf=∅ | Countries of Manufacture: beam=""CA"" pdf=∅ | Markets of Applicability: beam=""CA"" pdf=∅ | Stated EPD kgCO2e / unit: beam=""408.96"" pdf=""336.63"" | Density: beam=""2305"" pdf=∅ | Density Units: beam=""kg/m3"" pdf=∅ | EPD Type: beam=""Industry average"" pdf=""Product-specific"" | EPD Owner: beam=""Atlantic Concrete Association"" pdf=""B3L 4H9, Canada"" | EPD Program / Operator: beam=""ASTM"" pdf=""NSF International"" | LCA Method: beam=""TRACI 2.1 V1.02"" pdf=""and other calculation methodologies are """
aaacc91,EPD 347,—,—,—,—,—,—,MATCH,—,MISMATCH,MISMATCH,MISMATCH,—,—,MISMATCH,MISMATCH,—,MISMATCH,MATCH,—,—,—,—,—,—,—,—,—,—,—,—,—,—,MISMATCH,MISMATCH,—,—,—,—,—,—,—,—,—,—,—,—,—,—,—,—,MATCH,MISMATCH,MISMATCH,MATCH,MISMATCH,MATCH,MATCH,—,MATCH,MISMATCH,—,—,—,—,36.8%,"Material: beam=""Concrete - 35 MPa, 30% FA, GU"" pdf=∅ | Manufacturer: beam=""Atlantic Concrete Association"" pdf=""Atlantic Declared Product Concrete membe"" | Product Brand Name: beam=""Can. Atlantic Avg."" pdf=∅ | Countries of Manufacture: beam=""CA"" pdf=∅ | Markets of Applicability: beam=""CA"" pdf=∅ | Stated EPD kgCO2e / unit: beam=""369.67"" pdf=""336.63"" | Density: beam=""2305"" pdf=∅ | Density Units: beam=""kg/m3"" pdf=∅ | EPD Type: beam=""Industry average"" pdf=""Product-specific"" | EPD Owner: beam=""Atlantic Concrete Association"" pdf=""B3L 4H9, Canada"" | EPD Program / Operator: beam=""ASTM"" pdf=""NSF International"" | LCA Method: beam=""TRACI 2.1 V1.02"" pdf=""and other calculation methodologies are """
aaacc92,EPD 347,—,—,—,—,—,—,MATCH,—,MISMATCH,MISMATCH,MISMATCH,—,—,MISMATCH,MISMATCH,—,MISMATCH,MATCH,—,—,—,—,—,—,—,—,—,—,—,—,—,—,MISMATCH,MISMATCH,—,—,—,—,—,—,—,—,—,—,—,—,—,—,—,—,MATCH,MISMATCH,MISMATCH,MATCH,MISMATCH,MATCH,MATCH,—,MATCH,MISMATCH,—,—,—,—,36.8%,"Material: beam=""Concrete - 35 MPa, 40% FA, GU"" pdf=∅ | Manufacturer: beam=""Atlantic Concrete Association"" pdf=""Atlantic Declared Product Concrete membe"" | Product Brand Name: beam=""Can. Atlantic Avg."" pdf=∅ | Countries of Manufacture: beam=""CA"" pdf=∅ | Markets of Applicability: beam=""CA"" pdf=∅ | Stated EPD kgCO2e / unit: beam=""330.39"" pdf=""336.63"" | Density: beam=""2305"" pdf=∅ | Density Units: beam=""kg/m3"" pdf=∅ | EPD Type: beam=""Industry average"" pdf=""Product-specific"" | EPD Owner: beam=""Atlantic Concrete Association"" pdf=""B3L 4H9, Canada"" | EPD Program / Operator: beam=""ASTM"" pdf=""NSF International"" | LCA Method: beam=""TRACI 2.1 V1.02"" pdf=""and other calculation methodologies are """
A12359,EPD 348,—,—,—,—,—,—,MATCH,—,MISMATCH,MATCH,MISMATCH,—,—,MISMATCH,MISMATCH,—,MISMATCH,MATCH,—,—,—,—,—,—,—,—,—,—,—,—,—,—,MISMATCH,MISMATCH,—,—,—,—,—,—,—,—,—,—,—,—,—,—,—,—,MATCH,MISMATCH,MISMATCH,MATCH,MISMATCH,MATCH,MATCH,—,MATCH,MISMATCH,—,—,—,—,42.1%,"Material: beam=""Concrete - 25 MPa, 40% SCM, GUL"" pdf=∅ | Product Brand Name: beam=""Can. BC Avg."" pdf=∅ | Countries of Manufacture: beam=""CA"" pdf=∅ | Markets of Applicability: beam=""CA"" pdf=∅ | Stated EPD kgCO2e / unit: beam=""174.8"" pdf=""179.42"" | Density: beam=""2305"" pdf=∅ | Density Units: beam=""kg/m3"" pdf=∅ | EPD Type: beam=""Industry average"" pdf=""Product-specific"" | EPD Owner: beam=""Concrete BC"" pdf=""Vancouver, BC V6G 2Z6"" | EPD Program / Operator: beam=""ASTM"" pdf=""NSF International"" | LCA Method: beam=""TRACI 2.1 V1.02"" pdf=""and other calculation methodologies are """
A12360,EPD 348,—,—,—,—,—,—,MATCH,—,MISMATCH,MATCH,MISMATCH,—,—,MISMATCH,MISMATCH,—,MISMATCH,MATCH,—,—,—,—,—,—,—,—,—,—,—,—,—,—,MISMATCH,MISMATCH,—,—,—,—,—,—,—,—,—,—,—,—,—,—,—,—,MATCH,MISMATCH,MISMATCH,MATCH,MISMATCH,MATCH,MATCH,—,MATCH,MISMATCH,—,—,—,—,42.1%,"Material: beam=""Concrete - 30 MPa, 40% SCM, GUL"" pdf=∅ | Product Brand Name: beam=""Can. BC Avg."" pdf=∅ | Countries of Manufacture: beam=""CA"" pdf=∅ | Markets of Applicability: beam=""CA"" pdf=∅ | Stated EPD kgCO2e / unit: beam=""204.4"" pdf=""179.42"" | Density: beam=""2305"" pdf=∅ | Density Units: beam=""kg/m3"" pdf=∅ | EPD Type: beam=""Industry average"" pdf=""Product-specific"" | EPD Owner: beam=""Concrete BC"" pdf=""Vancouver, BC V6G 2Z6"" | EPD Program / Operator: beam=""ASTM"" pdf=""NSF International"" | LCA Method: beam=""TRACI 2.1 V1.02"" pdf=""and other calculation methodologies are """
A12366,EPD 348,—,—,—,—,—,—,MATCH,—,MISMATCH,MATCH,MISMATCH,—,—,MISMATCH,MISMATCH,—,MISMATCH,MATCH,—,—,—,—,—,—,—,—,—,—,—,—,—,—,MISMATCH,MISMATCH,—,—,—,—,—,—,—,—,—,—,—,—,—,—,—,—,MATCH,MISMATCH,MISMATCH,MATCH,MISMATCH,MATCH,MATCH,—,MATCH,MISMATCH,—,—,—,—,42.1%,"Material: beam=""Concrete - 35 MPa, 40% SCM, GUL"" pdf=∅ | Product Brand Name: beam=""Can. BC Avg."" pdf=∅ | Countries of Manufacture: beam=""CA"" pdf=∅ | Markets of Applicability: beam=""CA"" pdf=∅ | Stated EPD kgCO2e / unit: beam=""232.935"" pdf=""179.42"" | Density: beam=""2305"" pdf=∅ | Density Units: beam=""kg/m3"" pdf=∅ | EPD Type: beam=""Industry average"" pdf=""Product-specific"" | EPD Owner: beam=""Concrete BC"" pdf=""Vancouver, BC V6G 2Z6"" | EPD Program / Operator: beam=""ASTM"" pdf=""NSF International"" | LCA Method: beam=""TRACI 2.1 V1.02"" pdf=""and other calculation methodologies are """
aaacc66,EPD 348,—,—,—,—,—,—,MATCH,—,MISMATCH,MATCH,MISMATCH,—,—,MISMATCH,MISMATCH,—,MISMATCH,MATCH,—,—,—,—,—,—,—,—,—,—,—,—,—,—,MISMATCH,MISMATCH,—,—,—,—,—,—,—,—,—,—,—,—,—,—,—,—,MATCH,MISMATCH,MISMATCH,MATCH,MISMATCH,MATCH,MATCH,—,MATCH,MISMATCH,—,—,—,—,42.1%,"Material: beam=""Concrete - 25 MPa, GU"" pdf=∅ | Product Brand Name: beam=""Can. BC Avg."" pdf=∅ | Countries of Manufacture: beam=""CA"" pdf=∅ | Markets of Applicability: beam=""CA"" pdf=∅ | Stated EPD kgCO2e / unit: beam=""263.94"" pdf=""179.42"" | Density: beam=""2305"" pdf=∅ | Density Units: beam=""kg/m3"" pdf=∅ | EPD Type: beam=""Industry average"" pdf=""Product-specific"" | EPD Owner: beam=""Concrete BC"" pdf=""Vancouver, BC V6G 2Z6"" | EPD Program / Operator: beam=""ASTM"" pdf=""NSF International"" | LCA Method: beam=""TRACI 2.1 V1.02"" pdf=""and other calculation methodologies are """
aaacc67,EPD 348,—,—,—,—,—,—,MATCH,—,MISMATCH,MATCH,MISMATCH,—,—,MISMATCH,MISMATCH,—,MISMATCH,MATCH,—,—,—,—,—,—,—,—,—,—,—,—,—,—,MISMATCH,MISMATCH,—,—,—,—,—,—,—,—,—,—,—,—,—,—,—,—,MATCH,MISMATCH,MISMATCH,MATCH,MISMATCH,MATCH,MATCH,—,MATCH,MISMATCH,—,—,—,—,42.1%,"Material: beam=""Concrete - 25 MPa, 15% SCM, GU"" pdf=∅ | Product Brand Name: beam=""Can. BC Avg."" pdf=∅ | Countries of Manufacture: beam=""CA"" pdf=∅ | Markets of Applicability: beam=""CA"" pdf=∅ | Stated EPD kgCO2e / unit: beam=""234.65"" pdf=""179.42"" | Density: beam=""2305"" pdf=∅ | Density Units: beam=""kg/m3"" pdf=∅ | EPD Type: beam=""Industry average"" pdf=""Product-specific"" | EPD Owner: beam=""Concrete BC"" pdf=""Vancouver, BC V6G 2Z6"" | EPD Program / Operator: beam=""ASTM"" pdf=""NSF International"" | LCA Method: beam=""TRACI 2.1 V1.02"" pdf=""and other calculation methodologies are """
aaacc68,EPD 348,—,—,—,—,—,—,MATCH,—,MISMATCH,MATCH,MISMATCH,—,—,MISMATCH,MISMATCH,—,MISMATCH,MATCH,—,—,—,—,—,—,—,—,—,—,—,—,—,—,MISMATCH,MISMATCH,—,—,—,—,—,—,—,—,—,—,—,—,—,—,—,—,MATCH,MISMATCH,MISMATCH,MATCH,MISMATCH,MATCH,MATCH,—,MATCH,MISMATCH,—,—,—,—,42.1%,"Material: beam=""Concrete - 25 MPa, 25% SCM, GU"" pdf=∅ | Product Brand Name: beam=""Can. BC Avg."" pdf=∅ | Countries of Manufacture: beam=""CA"" pdf=∅ | Markets of Applicability: beam=""CA"" pdf=∅ | Stated EPD kgCO2e / unit: beam=""215.66"" pdf=""179.42"" | Density: beam=""2305"" pdf=∅ | Density Units: beam=""kg/m3"" pdf=∅ | EPD Type: beam=""Industry average"" pdf=""Product-specific"" | EPD Owner: beam=""Concrete BC"" pdf=""Vancouver, BC V6G 2Z6"" | EPD Program / Operator: beam=""ASTM"" pdf=""NSF International"" | LCA Method: beam=""TRACI 2.1 V1.02"" pdf=""and other calculation methodologies are """
aaacc69,EPD 348,—,—,—,—,—,—,MATCH,—,MISMATCH,MATCH,MISMATCH,—,—,MISMATCH,MISMATCH,—,MISMATCH,MATCH,—,—,—,—,—,—,—,—,—,—,—,—,—,—,MISMATCH,MISMATCH,—,—,—,—,—,—,—,—,—,—,—,—,—,—,—,—,MATCH,MISMATCH,MISMATCH,MATCH,MISMATCH,MATCH,MATCH,—,MATCH,MISMATCH,—,—,—,—,42.1%,"Material: beam=""Concrete - 25 MPa, 40% SCM, GU"" pdf=∅ | Product Brand Name: beam=""Can. BC Avg."" pdf=∅ | Countries of Manufacture: beam=""CA"" pdf=∅ | Markets of Applicability: beam=""CA"" pdf=∅ | Stated EPD kgCO2e / unit: beam=""186.29"" pdf=""179.42"" | Density: beam=""2305"" pdf=∅ | Density Units: beam=""kg/m3"" pdf=∅ | EPD Type: beam=""Industry average"" pdf=""Product-specific"" | EPD Owner: beam=""Concrete BC"" pdf=""Vancouver, BC V6G 2Z6"" | EPD Program / Operator: beam=""ASTM"" pdf=""NSF International"" | LCA Method: beam=""TRACI 2.1 V1.02"" pdf=""and other calculation methodologies are """
aaacc70,EPD 348,—,—,—,—,—,—,MATCH,—,MISMATCH,MATCH,MISMATCH,—,—,MISMATCH,MISMATCH,—,MISMATCH,MATCH,—,—,—,—,—,—,—,—,—,—,—,—,—,—,MISMATCH,MISMATCH,—,—,—,—,—,—,—,—,—,—,—,—,—,—,—,—,MATCH,MISMATCH,MISMATCH,MATCH,MISMATCH,MATCH,MATCH,—,MATCH,MISMATCH,—,—,—,—,42.1%,"Material: beam=""Concrete - 30 MPa, GU"" pdf=∅ | Product Brand Name: beam=""Can. BC Avg."" pdf=∅ | Countries of Manufacture: beam=""CA"" pdf=∅ | Markets of Applicability: beam=""CA"" pdf=∅ | Stated EPD kgCO2e / unit: beam=""310.69"" pdf=""179.42"" | Density: beam=""2305"" pdf=∅ | Density Units: beam=""kg/m3"" pdf=∅ | EPD Type: beam=""Industry average"" pdf=""Product-specific"" | EPD Owner: beam=""Concrete BC"" pdf=""Vancouver, BC V6G 2Z6"" | EPD Program / Operator: beam=""ASTM"" pdf=""NSF International"" | LCA Method: beam=""TRACI 2.1 V1.02"" pdf=""and other calculation methodologies are """
aaacc71,EPD 348,—,—,—,—,—,—,MATCH,—,MISMATCH,MATCH,MISMATCH,—,—,MISMATCH,MISMATCH,—,MISMATCH,MATCH,—,—,—,—,—,—,—,—,—,—,—,—,—,—,MISMATCH,MISMATCH,—,—,—,—,—,—,—,—,—,—,—,—,—,—,—,—,MATCH,MISMATCH,MISMATCH,MATCH,MISMATCH,MATCH,MATCH,—,MATCH,MISMATCH,—,—,—,—,42.1%,"Material: beam=""Concrete - 30 MPa, 15% SCM, GU"" pdf=∅ | Product Brand Name: beam=""Can. BC Avg."" pdf=∅ | Countries of Manufacture: beam=""CA"" pdf=∅ | Markets of Applicability: beam=""CA"" pdf=∅ | Stated EPD kgCO2e / unit: beam=""275.96"" pdf=""179.42"" | Density: beam=""2305"" pdf=∅ | Density Units: beam=""kg/m3"" pdf=∅ | EPD Type: beam=""Industry average"" pdf=""Product-specific"" | EPD Owner: beam=""Concrete BC"" pdf=""Vancouver, BC V6G 2Z6"" | EPD Program / Operator: beam=""ASTM"" pdf=""NSF International"" | LCA Method: beam=""TRACI 2.1 V1.02"" pdf=""and other calculation methodologies are """
aaacc72,EPD 348,—,—,—,—,—,—,MATCH,—,MISMATCH,MATCH,MISMATCH,—,—,MISMATCH,MISMATCH,—,MISMATCH,MATCH,—,—,—,—,—,—,—,—,—,—,—,—,—,—,MISMATCH,MISMATCH,—,—,—,—,—,—,—,—,—,—,—,—,—,—,—,—,MATCH,MISMATCH,MISMATCH,MATCH,MISMATCH,MATCH,MATCH,—,MATCH,MISMATCH,—,—,—,—,42.1%,"Material: beam=""Concrete - 30 MPa, 25% SCM, GU"" pdf=∅ | Product Brand Name: beam=""Can. BC Avg."" pdf=∅ | Countries of Manufacture: beam=""CA"" pdf=∅ | Markets of Applicability: beam=""CA"" pdf=∅ | Stated EPD kgCO2e / unit: beam=""252.8"" pdf=""179.42"" | Density: beam=""2305"" pdf=∅ | Density Units: beam=""kg/m3"" pdf=∅ | EPD Type: beam=""Industry average"" pdf=""Product-specific"" | EPD Owner: beam=""Concrete BC"" pdf=""Vancouver, BC V6G 2Z6"" | EPD Program / Operator: beam=""ASTM"" pdf=""NSF International"" | LCA Method: beam=""TRACI 2.1 V1.02"" pdf=""and other calculation methodologies are """
aaacc73,EPD 348,—,—,—,—,—,—,MATCH,—,MISMATCH,MATCH,MISMATCH,—,—,MISMATCH,MISMATCH,—,MISMATCH,MATCH,—,—,—,—,—,—,—,—,—,—,—,—,—,—,MISMATCH,MISMATCH,—,—,—,—,—,—,—,—,—,—,—,—,—,—,—,—,MATCH,MISMATCH,MISMATCH,MATCH,MISMATCH,MATCH,MATCH,—,MATCH,MISMATCH,—,—,—,—,42.1%,"Material: beam=""Concrete - 30 MPa, 40% SCM, GU"" pdf=∅ | Product Brand Name: beam=""Can. BC Avg."" pdf=∅ | Countries of Manufacture: beam=""CA"" pdf=∅ | Markets of Applicability: beam=""CA"" pdf=∅ | Stated EPD kgCO2e / unit: beam=""218.06"" pdf=""179.42"" | Density: beam=""2305"" pdf=∅ | Density Units: beam=""kg/m3"" pdf=∅ | EPD Type: beam=""Industry average"" pdf=""Product-specific"" | EPD Owner: beam=""Concrete BC"" pdf=""Vancouver, BC V6G 2Z6"" | EPD Program / Operator: beam=""ASTM"" pdf=""NSF International"" | LCA Method: beam=""TRACI 2.1 V1.02"" pdf=""and other calculation methodologies are """
aaacc74,EPD 348,—,—,—,—,—,—,MATCH,—,MISMATCH,MATCH,MISMATCH,—,—,MISMATCH,MISMATCH,—,MISMATCH,MATCH,—,—,—,—,—,—,—,—,—,—,—,—,—,—,MISMATCH,MISMATCH,—,—,—,—,—,—,—,—,—,—,—,—,—,—,—,—,MATCH,MISMATCH,MISMATCH,MATCH,MISMATCH,MATCH,MATCH,—,MATCH,MISMATCH,—,—,—,—,42.1%,"Material: beam=""Concrete - 35 MPa, GU"" pdf=∅ | Product Brand Name: beam=""Can. BC Avg."" pdf=∅ | Countries of Manufacture: beam=""CA"" pdf=∅ | Markets of Applicability: beam=""CA"" pdf=∅ | Stated EPD kgCO2e / unit: beam=""355.26"" pdf=""179.42"" | Density: beam=""2305"" pdf=∅ | Density Units: beam=""kg/m3"" pdf=∅ | EPD Type: beam=""Industry average"" pdf=""Product-specific"" | EPD Owner: beam=""Concrete BC"" pdf=""Vancouver, BC V6G 2Z6"" | EPD Program / Operator: beam=""ASTM"" pdf=""NSF International"" | LCA Method: beam=""TRACI 2.1 V1.02"" pdf=""and other calculation methodologies are """
aaacc75,EPD 348,—,—,—,—,—,—,MATCH,—,MISMATCH,MATCH,MISMATCH,—,—,MISMATCH,MISMATCH,—,MISMATCH,MATCH,—,—,—,—,—,—,—,—,—,—,—,—,—,—,MISMATCH,MISMATCH,—,—,—,—,—,—,—,—,—,—,—,—,—,—,—,—,MATCH,MISMATCH,MISMATCH,MATCH,MISMATCH,MATCH,MATCH,—,MATCH,MISMATCH,—,—,—,—,42.1%,"Material: beam=""Concrete - 35 MPa, 15% SCM, GU"" pdf=∅ | Product Brand Name: beam=""Can. BC Avg."" pdf=∅ | Countries of Manufacture: beam=""CA"" pdf=∅ | Markets of Applicability: beam=""CA"" pdf=∅ | Stated EPD kgCO2e / unit: beam=""315.41"" pdf=""179.42"" | Density: beam=""2305"" pdf=∅ | Density Units: beam=""kg/m3"" pdf=∅ | EPD Type: beam=""Industry average"" pdf=""Product-specific"" | EPD Owner: beam=""Concrete BC"" pdf=""Vancouver, BC V6G 2Z6"" | EPD Program / Operator: beam=""ASTM"" pdf=""NSF International"" | LCA Method: beam=""TRACI 2.1 V1.02"" pdf=""and other calculation methodologies are """
aaacc76,EPD 348,—,—,—,—,—,—,MATCH,—,MISMATCH,MATCH,MISMATCH,—,—,MISMATCH,MISMATCH,—,MISMATCH,MATCH,—,—,—,—,—,—,—,—,—,—,—,—,—,—,MISMATCH,MISMATCH,—,—,—,—,—,—,—,—,—,—,—,—,—,—,—,—,MATCH,MISMATCH,MISMATCH,MATCH,MISMATCH,MATCH,MATCH,—,MATCH,MISMATCH,—,—,—,—,42.1%,"Material: beam=""Concrete - 35 MPa, 25% SCM, GU"" pdf=∅ | Product Brand Name: beam=""Can. BC Avg."" pdf=∅ | Countries of Manufacture: beam=""CA"" pdf=∅ | Markets of Applicability: beam=""CA"" pdf=∅ | Stated EPD kgCO2e / unit: beam=""288.94"" pdf=""179.42"" | Density: beam=""2305"" pdf=∅ | Density Units: beam=""kg/m3"" pdf=∅ | EPD Type: beam=""Industry average"" pdf=""Product-specific"" | EPD Owner: beam=""Concrete BC"" pdf=""Vancouver, BC V6G 2Z6"" | EPD Program / Operator: beam=""ASTM"" pdf=""NSF International"" | LCA Method: beam=""TRACI 2.1 V1.02"" pdf=""and other calculation methodologies are """
aaacc77,EPD 348,—,—,—,—,—,—,MATCH,—,MISMATCH,MATCH,MISMATCH,—,—,MISMATCH,MISMATCH,—,MISMATCH,MATCH,—,—,—,—,—,—,—,—,—,—,—,—,—,—,MISMATCH,MISMATCH,—,—,—,—,—,—,—,—,—,—,—,—,—,—,—,—,MATCH,MISMATCH,MISMATCH,MATCH,MISMATCH,MATCH,MATCH,—,MATCH,MISMATCH,—,—,—,—,42.1%,"Material: beam=""Concrete - 35 MPa, 40% SCM, GU"" pdf=∅ | Product Brand Name: beam=""Can. BC Avg."" pdf=∅ | Countries of Manufacture: beam=""CA"" pdf=∅ | Markets of Applicability: beam=""CA"" pdf=∅ | Stated EPD kgCO2e / unit: beam=""248.67"" pdf=""179.42"" | Density: beam=""2305"" pdf=∅ | Density Units: beam=""kg/m3"" pdf=∅ | EPD Type: beam=""Industry average"" pdf=""Product-specific"" | EPD Owner: beam=""Concrete BC"" pdf=""Vancouver, BC V6G 2Z6"" | EPD Program / Operator: beam=""ASTM"" pdf=""NSF International"" | LCA Method: beam=""TRACI 2.1 V1.02"" pdf=""and other calculation methodologies are """
A12355,EPD 349,—,—,—,—,—,—,MATCH,—,MISMATCH,MISMATCH,MISMATCH,—,—,MISMATCH,MISMATCH,—,MISMATCH,MATCH,—,—,—,—,—,—,—,—,—,—,—,—,—,—,MISMATCH,MISMATCH,—,—,—,—,—,—,—,—,—,—,—,—,—,—,—,—,MATCH,MISMATCH,MISMATCH,MATCH,MISMATCH,MATCH,MATCH,—,MATCH,MISMATCH,—,—,—,—,36.8%,"Material: beam=""Concrete - 25 MPa, 40% FA, GUL"" pdf=∅ | Manufacturer: beam=""Concrete Manitoba"" pdf=""Concrete Declared Product Manitoba membe"" | Product Brand Name: beam=""Can. Manitoba Avg."" pdf=∅ | Countries of Manufacture: beam=""CA"" pdf=∅ | Markets of Applicability: beam=""CA"" pdf=∅ | Stated EPD kgCO2e / unit: beam=""161.6"" pdf=""202.25"" | Density: beam=""2305"" pdf=∅ | Density Units: beam=""kg/m3"" pdf=∅ | EPD Type: beam=""Industry average"" pdf=∅ | EPD Owner: beam=""Concrete Manitoba"" pdf=""Winnipeg, MB R3C 2Z9 Canada"" | EPD Program / Operator: beam=""ASTM"" pdf=""NSF International"" | LCA Method: beam=""TRACI 2.1 V1.02"" pdf=""and other calculation methodologies are """
A12356,EPD 349,—,—,—,—,—,—,MATCH,—,MISMATCH,MISMATCH,MISMATCH,—,—,MISMATCH,MISMATCH,—,MISMATCH,MATCH,—,—,—,—,—,—,—,—,—,—,—,—,—,—,MISMATCH,MISMATCH,—,—,—,—,—,—,—,—,—,—,—,—,—,—,—,—,MATCH,MISMATCH,MISMATCH,MATCH,MISMATCH,MATCH,MATCH,—,MATCH,MISMATCH,—,—,—,—,36.8%,"Material: beam=""Concrete - 30 MPa, 40% FA, GUL"" pdf=∅ | Manufacturer: beam=""Concrete Manitoba"" pdf=""Concrete Declared Product Manitoba membe"" | Product Brand Name: beam=""Can. Manitoba Avg."" pdf=∅ | Countries of Manufacture: beam=""CA"" pdf=∅ | Markets of Applicability: beam=""CA"" pdf=∅ | Stated EPD kgCO2e / unit: beam=""176.915"" pdf=""202.25"" | Density: beam=""2305"" pdf=∅ | Density Units: beam=""kg/m3"" pdf=∅ | EPD Type: beam=""Industry average"" pdf=∅ | EPD Owner: beam=""Concrete Manitoba"" pdf=""Winnipeg, MB R3C 2Z9 Canada"" | EPD Program / Operator: beam=""ASTM"" pdf=""NSF International"" | LCA Method: beam=""TRACI 2.1 V1.02"" pdf=""and other calculation methodologies are """
A12358,EPD 349,—,—,—,—,—,—,MATCH,—,MISMATCH,MISMATCH,MISMATCH,—,—,MISMATCH,MISMATCH,—,MISMATCH,MATCH,—,—,—,—,—,—,—,—,—,—,—,—,—,—,MISMATCH,MISMATCH,—,—,—,—,—,—,—,—,—,—,—,—,—,—,—,—,MATCH,MISMATCH,MISMATCH,MATCH,MISMATCH,MATCH,MATCH,—,MATCH,MISMATCH,—,—,—,—,36.8%,"Material: beam=""Concrete - 35 MPa, 40% FA, GUL"" pdf=∅ | Manufacturer: beam=""Concrete Manitoba"" pdf=""Concrete Declared Product Manitoba membe"" | Product Brand Name: beam=""Can. Manitoba Avg."" pdf=∅ | Countries of Manufacture: beam=""CA"" pdf=∅ | Markets of Applicability: beam=""CA"" pdf=∅ | Stated EPD kgCO2e / unit: beam=""199.9"" pdf=""202.25"" | Density: beam=""2305"" pdf=∅ | Density Units: beam=""kg/m3"" pdf=∅ | EPD Type: beam=""Industry average"" pdf=∅ | EPD Owner: beam=""Concrete Manitoba"" pdf=""Winnipeg, MB R3C 2Z9 Canada"" | EPD Program / Operator: beam=""ASTM"" pdf=""NSF International"" | LCA Method: beam=""TRACI 2.1 V1.02"" pdf=""and other calculation methodologies are """
aaacc51,EPD 349,—,—,—,—,—,—,MATCH,—,MISMATCH,MISMATCH,MISMATCH,—,—,MISMATCH,MISMATCH,—,MISMATCH,MATCH,—,—,—,—,—,—,—,—,—,—,—,—,—,—,MISMATCH,MISMATCH,—,—,—,—,—,—,—,—,—,—,—,—,—,—,—,—,MATCH,MISMATCH,MISMATCH,MATCH,MISMATCH,MATCH,MATCH,—,MATCH,MISMATCH,—,—,—,—,36.8%,"Material: beam=""Concrete - 25 MPa, GU"" pdf=∅ | Manufacturer: beam=""Concrete Manitoba"" pdf=""Concrete Declared Product Manitoba membe"" | Product Brand Name: beam=""Can. Manitoba Avg."" pdf=∅ | Countries of Manufacture: beam=""CA"" pdf=∅ | Markets of Applicability: beam=""CA"" pdf=∅ | Stated EPD kgCO2e / unit: beam=""270.73"" pdf=""202.25"" | Density: beam=""2305"" pdf=∅ | Density Units: beam=""kg/m3"" pdf=∅ | EPD Type: beam=""Industry average"" pdf=∅ | EPD Owner: beam=""Concrete Manitoba"" pdf=""Winnipeg, MB R3C 2Z9 Canada"" | EPD Program / Operator: beam=""ASTM"" pdf=""NSF International"" | LCA Method: beam=""TRACI 2.1 V1.02"" pdf=""and other calculation methodologies are """
aaacc52,EPD 349,—,—,—,—,—,—,MATCH,—,MISMATCH,MISMATCH,MISMATCH,—,—,MISMATCH,MISMATCH,—,MISMATCH,MATCH,—,—,—,—,—,—,—,—,—,—,—,—,—,—,MISMATCH,MISMATCH,—,—,—,—,—,—,—,—,—,—,—,—,—,—,—,—,MATCH,MISMATCH,MISMATCH,MATCH,MISMATCH,MATCH,MATCH,—,MATCH,MISMATCH,—,—,—,—,36.8%,"Material: beam=""Concrete - 25 MPa, 10% FA, GU"" pdf=∅ | Manufacturer: beam=""Concrete Manitoba"" pdf=""Concrete Declared Product Manitoba membe"" | Product Brand Name: beam=""Can. Manitoba Avg."" pdf=∅ | Countries of Manufacture: beam=""CA"" pdf=∅ | Markets of Applicability: beam=""CA"" pdf=∅ | Stated EPD kgCO2e / unit: beam=""249.17"" pdf=""202.25"" | Density: beam=""2305"" pdf=∅ | Density Units: beam=""kg/m3"" pdf=∅ | EPD Type: beam=""Industry average"" pdf=∅ | EPD Owner: beam=""Concrete Manitoba"" pdf=""Winnipeg, MB R3C 2Z9 Canada"" | EPD Program / Operator: beam=""ASTM"" pdf=""NSF International"" | LCA Method: beam=""TRACI 2.1 V1.02"" pdf=""and other calculation methodologies are """
aaacc53,EPD 349,—,—,—,—,—,—,MATCH,—,MISMATCH,MISMATCH,MISMATCH,—,—,MISMATCH,MISMATCH,—,MISMATCH,MATCH,—,—,—,—,—,—,—,—,—,—,—,—,—,—,MISMATCH,MISMATCH,—,—,—,—,—,—,—,—,—,—,—,—,—,—,—,—,MATCH,MISMATCH,MISMATCH,MATCH,MISMATCH,MATCH,MATCH,—,MATCH,MISMATCH,—,—,—,—,36.8%,"Material: beam=""Concrete - 25 MPa, 20% FA, GU"" pdf=∅ | Manufacturer: beam=""Concrete Manitoba"" pdf=""Concrete Declared Product Manitoba membe"" | Product Brand Name: beam=""Can. Manitoba Avg."" pdf=∅ | Countries of Manufacture: beam=""CA"" pdf=∅ | Markets of Applicability: beam=""CA"" pdf=∅ | Stated EPD kgCO2e / unit: beam=""226.64"" pdf=""202.25"" | Density: beam=""2305"" pdf=∅ | Density Units: beam=""kg/m3"" pdf=∅ | EPD Type: beam=""Industry average"" pdf=∅ | EPD Owner: beam=""Concrete Manitoba"" pdf=""Winnipeg, MB R3C 2Z9 Canada"" | EPD Program / Operator: beam=""ASTM"" pdf=""NSF International"" | LCA Method: beam=""TRACI 2.1 V1.02"" pdf=""and other calculation methodologies are """
aaacc54,EPD 349,—,—,—,—,—,—,MATCH,—,MISMATCH,MISMATCH,MISMATCH,—,—,MISMATCH,MISMATCH,—,MISMATCH,MATCH,—,—,—,—,—,—,—,—,—,—,—,—,—,—,MISMATCH,MISMATCH,—,—,—,—,—,—,—,—,—,—,—,—,—,—,—,—,MATCH,MISMATCH,MISMATCH,MATCH,MISMATCH,MATCH,MATCH,—,MATCH,MISMATCH,—,—,—,—,36.8%,"Material: beam=""Concrete - 25 MPa, 30% FA, GU"" pdf=∅ | Manufacturer: beam=""Concrete Manitoba"" pdf=""Concrete Declared Product Manitoba membe"" | Product Brand Name: beam=""Can. Manitoba Avg."" pdf=∅ | Countries of Manufacture: beam=""CA"" pdf=∅ | Markets of Applicability: beam=""CA"" pdf=∅ | Stated EPD kgCO2e / unit: beam=""205.07"" pdf=""202.25"" | Density: beam=""2305"" pdf=∅ | Density Units: beam=""kg/m3"" pdf=∅ | EPD Type: beam=""Industry average"" pdf=∅ | EPD Owner: beam=""Concrete Manitoba"" pdf=""Winnipeg, MB R3C 2Z9 Canada"" | EPD Program / Operator: beam=""ASTM"" pdf=""NSF International"" | LCA Method: beam=""TRACI 2.1 V1.02"" pdf=""and other calculation methodologies are """
aaacc55,EPD 349,—,—,—,—,—,—,MATCH,—,MISMATCH,MISMATCH,MISMATCH,—,—,MISMATCH,MISMATCH,—,MISMATCH,MATCH,—,—,—,—,—,—,—,—,—,—,—,—,—,—,MISMATCH,MISMATCH,—,—,—,—,—,—,—,—,—,—,—,—,—,—,—,—,MATCH,MISMATCH,MISMATCH,MATCH,MISMATCH,MATCH,MATCH,—,MATCH,MISMATCH,—,—,—,—,36.8%,"Material: beam=""Concrete - 25 MPa, 40% FA, GU"" pdf=∅ | Manufacturer: beam=""Concrete Manitoba"" pdf=""Concrete Declared Product Manitoba membe"" | Product Brand Name: beam=""Can. Manitoba Avg."" pdf=∅ | Countries of Manufacture: beam=""CA"" pdf=∅ | Markets of Applicability: beam=""CA"" pdf=∅ | Stated EPD kgCO2e / unit: beam=""182.54"" pdf=""202.25"" | Density: beam=""2305"" pdf=∅ | Density Units: beam=""kg/m3"" pdf=∅ | EPD Type: beam=""Industry average"" pdf=∅ | EPD Owner: beam=""Concrete Manitoba"" pdf=""Winnipeg, MB R3C 2Z9 Canada"" | EPD Program / Operator: beam=""ASTM"" pdf=""NSF International"" | LCA Method: beam=""TRACI 2.1 V1.02"" pdf=""and other calculation methodologies are """
aaacc56,EPD 349,—,—,—,—,—,—,MATCH,—,MISMATCH,MISMATCH,MISMATCH,—,—,MISMATCH,MISMATCH,—,MISMATCH,MATCH,—,—,—,—,—,—,—,—,—,—,—,—,—,—,MISMATCH,MISMATCH,—,—,—,—,—,—,—,—,—,—,—,—,—,—,—,—,MATCH,MISMATCH,MISMATCH,MATCH,MISMATCH,MATCH,MATCH,—,MATCH,MISMATCH,—,—,—,—,36.8%,"Material: beam=""Concrete - 30 MPa, GU"" pdf=∅ | Manufacturer: beam=""Concrete Manitoba"" pdf=""Concrete Declared Product Manitoba membe"" | Product Brand Name: beam=""Can. Manitoba Avg."" pdf=∅ | Countries of Manufacture: beam=""CA"" pdf=∅ | Markets of Applicability: beam=""CA"" pdf=∅ | Stated EPD kgCO2e / unit: beam=""298.23"" pdf=""202.25"" | Density: beam=""2305"" pdf=∅ | Density Units: beam=""kg/m3"" pdf=∅ | EPD Type: beam=""Industry average"" pdf=∅ | EPD Owner: beam=""Concrete Manitoba"" pdf=""Winnipeg, MB R3C 2Z9 Canada"" | EPD Program / Operator: beam=""ASTM"" pdf=""NSF International"" | LCA Method: beam=""TRACI 2.1 V1.02"" pdf=""and other calculation methodologies are """
aaacc57,EPD 349,—,—,—,—,—,—,MATCH,—,MISMATCH,MISMATCH,MISMATCH,—,—,MISMATCH,MISMATCH,—,MISMATCH,MATCH,—,—,—,—,—,—,—,—,—,—,—,—,—,—,MISMATCH,MISMATCH,—,—,—,—,—,—,—,—,—,—,—,—,—,—,—,—,MATCH,MISMATCH,MISMATCH,MATCH,MISMATCH,MATCH,MATCH,—,MATCH,MISMATCH,—,—,—,—,36.8%,"Material: beam=""Concrete - 30 MPa, 10% FA, GU"" pdf=∅ | Manufacturer: beam=""Concrete Manitoba"" pdf=""Concrete Declared Product Manitoba membe"" | Product Brand Name: beam=""Can. Manitoba Avg."" pdf=∅ | Countries of Manufacture: beam=""CA"" pdf=∅ | Markets of Applicability: beam=""CA"" pdf=∅ | Stated EPD kgCO2e / unit: beam=""273.77"" pdf=""202.25"" | Density: beam=""2305"" pdf=∅ | Density Units: beam=""kg/m3"" pdf=∅ | EPD Type: beam=""Industry average"" pdf=∅ | EPD Owner: beam=""Concrete Manitoba"" pdf=""Winnipeg, MB R3C 2Z9 Canada"" | EPD Program / Operator: beam=""ASTM"" pdf=""NSF International"" | LCA Method: beam=""TRACI 2.1 V1.02"" pdf=""and other calculation methodologies are """
aaacc58,EPD 349,—,—,—,—,—,—,MATCH,—,MISMATCH,MISMATCH,MISMATCH,—,—,MISMATCH,MISMATCH,—,MISMATCH,MATCH,—,—,—,—,—,—,—,—,—,—,—,—,—,—,MISMATCH,MISMATCH,—,—,—,—,—,—,—,—,—,—,—,—,—,—,—,—,MATCH,MISMATCH,MISMATCH,MATCH,MISMATCH,MATCH,MATCH,—,MATCH,MISMATCH,—,—,—,—,36.8%,"Material: beam=""Concrete - 30 MPa, 20% FA, GU"" pdf=∅ | Manufacturer: beam=""Concrete Manitoba"" pdf=""Concrete Declared Product Manitoba membe"" | Product Brand Name: beam=""Can. Manitoba Avg."" pdf=∅ | Countries of Manufacture: beam=""CA"" pdf=∅ | Markets of Applicability: beam=""CA"" pdf=∅ | Stated EPD kgCO2e / unit: beam=""249.23"" pdf=""202.25"" | Density: beam=""2305"" pdf=∅ | Density Units: beam=""kg/m3"" pdf=∅ | EPD Type: beam=""Industry average"" pdf=∅ | EPD Owner: beam=""Concrete Manitoba"" pdf=""Winnipeg, MB R3C 2Z9 Canada"" | EPD Program / Operator: beam=""ASTM"" pdf=""NSF International"" | LCA Method: beam=""TRACI 2.1 V1.02"" pdf=""and other calculation methodologies are """
aaacc59,EPD 349,—,—,—,—,—,—,MATCH,—,MISMATCH,MISMATCH,MISMATCH,—,—,MISMATCH,MISMATCH,—,MISMATCH,MATCH,—,—,—,—,—,—,—,—,—,—,—,—,—,—,MISMATCH,MISMATCH,—,—,—,—,—,—,—,—,—,—,—,—,—,—,—,—,MATCH,MISMATCH,MISMATCH,MATCH,MISMATCH,MATCH,MATCH,—,MATCH,MISMATCH,—,—,—,—,36.8%,"Material: beam=""Concrete - 30 MPa, 30% FA, GU"" pdf=∅ | Manufacturer: beam=""Concrete Manitoba"" pdf=""Concrete Declared Product Manitoba membe"" | Product Brand Name: beam=""Can. Manitoba Avg."" pdf=∅ | Countries of Manufacture: beam=""CA"" pdf=∅ | Markets of Applicability: beam=""CA"" pdf=∅ | Stated EPD kgCO2e / unit: beam=""224.77"" pdf=""202.25"" | Density: beam=""2305"" pdf=∅ | Density Units: beam=""kg/m3"" pdf=∅ | EPD Type: beam=""Industry average"" pdf=∅ | EPD Owner: beam=""Concrete Manitoba"" pdf=""Winnipeg, MB R3C 2Z9 Canada"" | EPD Program / Operator: beam=""ASTM"" pdf=""NSF International"" | LCA Method: beam=""TRACI 2.1 V1.02"" pdf=""and other calculation methodologies are """
aaacc60,EPD 349,—,—,—,—,—,—,MATCH,—,MISMATCH,MISMATCH,MISMATCH,—,—,MISMATCH,MISMATCH,—,MISMATCH,MATCH,—,—,—,—,—,—,—,—,—,—,—,—,—,—,MISMATCH,MISMATCH,—,—,—,—,—,—,—,—,—,—,—,—,—,—,—,—,MATCH,MISMATCH,MISMATCH,MATCH,MISMATCH,MATCH,MATCH,—,MATCH,MISMATCH,—,—,—,—,36.8%,"Material: beam=""Concrete - 30 MPa, 40% FA, GU"" pdf=∅ | Manufacturer: beam=""Concrete Manitoba"" pdf=""Concrete Declared Product Manitoba membe"" | Product Brand Name: beam=""Can. Manitoba Avg."" pdf=∅ | Countries of Manufacture: beam=""CA"" pdf=∅ | Markets of Applicability: beam=""CA"" pdf=∅ | Stated EPD kgCO2e / unit: beam=""200.24"" pdf=""202.25"" | Density: beam=""2305"" pdf=∅ | Density Units: beam=""kg/m3"" pdf=∅ | EPD Type: beam=""Industry average"" pdf=∅ | EPD Owner: beam=""Concrete Manitoba"" pdf=""Winnipeg, MB R3C 2Z9 Canada"" | EPD Program / Operator: beam=""ASTM"" pdf=""NSF International"" | LCA Method: beam=""TRACI 2.1 V1.02"" pdf=""and other calculation methodologies are """
aaacc61,EPD 349,—,—,—,—,—,—,MATCH,—,MISMATCH,MISMATCH,MISMATCH,—,—,MISMATCH,MISMATCH,—,MISMATCH,MATCH,—,—,—,—,—,—,—,—,—,—,—,—,—,—,MISMATCH,MISMATCH,—,—,—,—,—,—,—,—,—,—,—,—,—,—,—,—,MATCH,MISMATCH,MISMATCH,MATCH,MISMATCH,MATCH,MATCH,—,MATCH,MISMATCH,—,—,—,—,36.8%,"Material: beam=""Concrete - 35 MPa, GU"" pdf=∅ | Manufacturer: beam=""Concrete Manitoba"" pdf=""Concrete Declared Product Manitoba membe"" | Product Brand Name: beam=""Can. Manitoba Avg."" pdf=∅ | Countries of Manufacture: beam=""CA"" pdf=∅ | Markets of Applicability: beam=""CA"" pdf=∅ | Stated EPD kgCO2e / unit: beam=""339.35"" pdf=""202.25"" | Density: beam=""2305"" pdf=∅ | Density Units: beam=""kg/m3"" pdf=∅ | EPD Type: beam=""Industry average"" pdf=∅ | EPD Owner: beam=""Concrete Manitoba"" pdf=""Winnipeg, MB R3C 2Z9 Canada"" | EPD Program / Operator: beam=""ASTM"" pdf=""NSF International"" | LCA Method: beam=""TRACI 2.1 V1.02"" pdf=""and other calculation methodologies are """
aaacc62,EPD 349,—,—,—,—,—,—,MATCH,—,MISMATCH,MISMATCH,MISMATCH,—,—,MISMATCH,MISMATCH,—,MISMATCH,MATCH,—,—,—,—,—,—,—,—,—,—,—,—,—,—,MISMATCH,MISMATCH,—,—,—,—,—,—,—,—,—,—,—,—,—,—,—,—,MATCH,MISMATCH,MISMATCH,MATCH,MISMATCH,MATCH,MATCH,—,MATCH,MISMATCH,—,—,—,—,36.8%,"Material: beam=""Concrete - 35 MPa, 10% FA, GU"" pdf=∅ | Manufacturer: beam=""Concrete Manitoba"" pdf=""Concrete Declared Product Manitoba membe"" | Product Brand Name: beam=""Can. Manitoba Avg."" pdf=∅ | Countries of Manufacture: beam=""CA"" pdf=∅ | Markets of Applicability: beam=""CA"" pdf=∅ | Stated EPD kgCO2e / unit: beam=""311.66"" pdf=""202.25"" | Density: beam=""2305"" pdf=∅ | Density Units: beam=""kg/m3"" pdf=∅ | EPD Type: beam=""Industry average"" pdf=∅ | EPD Owner: beam=""Concrete Manitoba"" pdf=""Winnipeg, MB R3C 2Z9 Canada"" | EPD Program / Operator: beam=""ASTM"" pdf=""NSF International"" | LCA Method: beam=""TRACI 2.1 V1.02"" pdf=""and other calculation methodologies are """
aaacc63,EPD 349,—,—,—,—,—,—,MATCH,—,MISMATCH,MISMATCH,MISMATCH,—,—,MISMATCH,MISMATCH,—,MISMATCH,MATCH,—,—,—,—,—,—,—,—,—,—,—,—,—,—,MISMATCH,MISMATCH,—,—,—,—,—,—,—,—,—,—,—,—,—,—,—,—,MATCH,MISMATCH,MISMATCH,MATCH,MISMATCH,MATCH,MATCH,—,MATCH,MISMATCH,—,—,—,—,36.8%,"Material: beam=""Concrete - 35 MPa, 20% FA, GU"" pdf=∅ | Manufacturer: beam=""Concrete Manitoba"" pdf=""Concrete Declared Product Manitoba membe"" | Product Brand Name: beam=""Can. Manitoba Avg."" pdf=∅ | Countries of Manufacture: beam=""CA"" pdf=∅ | Markets of Applicability: beam=""CA"" pdf=∅ | Stated EPD kgCO2e / unit: beam=""283"" pdf=""202.25"" | Density: beam=""2305"" pdf=∅ | Density Units: beam=""kg/m3"" pdf=∅ | EPD Type: beam=""Industry average"" pdf=∅ | EPD Owner: beam=""Concrete Manitoba"" pdf=""Winnipeg, MB R3C 2Z9 Canada"" | EPD Program / Operator: beam=""ASTM"" pdf=""NSF International"" | LCA Method: beam=""TRACI 2.1 V1.02"" pdf=""and other calculation methodologies are """
aaacc64,EPD 349,—,—,—,—,—,—,MATCH,—,MISMATCH,MISMATCH,MISMATCH,—,—,MISMATCH,MISMATCH,—,MISMATCH,MATCH,—,—,—,—,—,—,—,—,—,—,—,—,—,—,MISMATCH,MISMATCH,—,—,—,—,—,—,—,—,—,—,—,—,—,—,—,—,MATCH,MISMATCH,MISMATCH,MATCH,MISMATCH,MATCH,MATCH,—,MATCH,MISMATCH,—,—,—,—,36.8%,"Material: beam=""Concrete - 35 MPa, 30% FA, GU"" pdf=∅ | Manufacturer: beam=""Concrete Manitoba"" pdf=""Concrete Declared Product Manitoba membe"" | Product Brand Name: beam=""Can. Manitoba Avg."" pdf=∅ | Countries of Manufacture: beam=""CA"" pdf=∅ | Markets of Applicability: beam=""CA"" pdf=∅ | Stated EPD kgCO2e / unit: beam=""255.31"" pdf=""202.25"" | Density: beam=""2305"" pdf=∅ | Density Units: beam=""kg/m3"" pdf=∅ | EPD Type: beam=""Industry average"" pdf=∅ | EPD Owner: beam=""Concrete Manitoba"" pdf=""Winnipeg, MB R3C 2Z9 Canada"" | EPD Program / Operator: beam=""ASTM"" pdf=""NSF International"" | LCA Method: beam=""TRACI 2.1 V1.02"" pdf=""and other calculation methodologies are """
aaacc65,EPD 349,—,—,—,—,—,—,MATCH,—,MISMATCH,MISMATCH,MISMATCH,—,—,MISMATCH,MISMATCH,—,MISMATCH,MATCH,—,—,—,—,—,—,—,—,—,—,—,—,—,—,MISMATCH,MISMATCH,—,—,—,—,—,—,—,—,—,—,—,—,—,—,—,—,MATCH,MISMATCH,MISMATCH,MATCH,MISMATCH,MATCH,MATCH,—,MATCH,MISMATCH,—,—,—,—,36.8%,"Material: beam=""Concrete - 35 MPa, 40% FA, GU"" pdf=∅ | Manufacturer: beam=""Concrete Manitoba"" pdf=""Concrete Declared Product Manitoba membe"" | Product Brand Name: beam=""Can. Manitoba Avg."" pdf=∅ | Countries of Manufacture: beam=""CA"" pdf=∅ | Markets of Applicability: beam=""CA"" pdf=∅ | Stated EPD kgCO2e / unit: beam=""226.66"" pdf=""202.25"" | Density: beam=""2305"" pdf=∅ | Density Units: beam=""kg/m3"" pdf=∅ | EPD Type: beam=""Industry average"" pdf=∅ | EPD Owner: beam=""Concrete Manitoba"" pdf=""Winnipeg, MB R3C 2Z9 Canada"" | EPD Program / Operator: beam=""ASTM"" pdf=""NSF International"" | LCA Method: beam=""TRACI 2.1 V1.02"" pdf=""and other calculation methodologies are """
A12352,EPD 350,—,—,—,—,—,—,MATCH,—,MISMATCH,MISMATCH,MISMATCH,—,—,MISMATCH,MISMATCH,—,MISMATCH,MATCH,—,—,—,—,—,—,—,—,—,—,—,—,—,—,MISMATCH,MISMATCH,—,—,—,—,—,—,—,—,—,—,—,—,—,—,—,—,MATCH,MISMATCH,MISMATCH,MATCH,MISMATCH,MATCH,MATCH,—,MATCH,MISMATCH,—,—,—,—,36.8%,"Material: beam=""Concrete - 25 MPa, 40% FA, GUL"" pdf=∅ | Manufacturer: beam=""Concrete Sask"" pdf=""Concrete Declared Product Saskatchewan m"" | Product Brand Name: beam=""Can. Sask Avg."" pdf=∅ | Countries of Manufacture: beam=""CA"" pdf=∅ | Markets of Applicability: beam=""CA"" pdf=∅ | Stated EPD kgCO2e / unit: beam=""218.345"" pdf=""312.83"" | Density: beam=""2305"" pdf=∅ | Density Units: beam=""kg/m3"" pdf=∅ | EPD Type: beam=""Industry average"" pdf=""Product-specific"" | EPD Owner: beam=""Concrete Sask"" pdf=""Phone: 306-552-5592"" | EPD Program / Operator: beam=""ASTM"" pdf=""NSF International"" | LCA Method: beam=""TRACI 2.1 V1.02"" pdf=""and other calculation methodologies are """
A12353,EPD 350,—,—,—,—,—,—,MATCH,—,MISMATCH,MISMATCH,MISMATCH,—,—,MISMATCH,MISMATCH,—,MISMATCH,MATCH,—,—,—,—,—,—,—,—,—,—,—,—,—,—,MISMATCH,MISMATCH,—,—,—,—,—,—,—,—,—,—,—,—,—,—,—,—,MATCH,MISMATCH,MISMATCH,MATCH,MISMATCH,MATCH,MATCH,—,MATCH,MISMATCH,—,—,—,—,36.8%,"Material: beam=""Concrete - 30 MPa, 40% FA, GUL"" pdf=∅ | Manufacturer: beam=""Concrete Sask"" pdf=""Concrete Declared Product Saskatchewan m"" | Product Brand Name: beam=""Can. Sask Avg."" pdf=∅ | Countries of Manufacture: beam=""CA"" pdf=∅ | Markets of Applicability: beam=""CA"" pdf=∅ | Stated EPD kgCO2e / unit: beam=""236.235"" pdf=""312.83"" | Density: beam=""2305"" pdf=∅ | Density Units: beam=""kg/m3"" pdf=∅ | EPD Type: beam=""Industry average"" pdf=""Product-specific"" | EPD Owner: beam=""Concrete Sask"" pdf=""Phone: 306-552-5592"" | EPD Program / Operator: beam=""ASTM"" pdf=""NSF International"" | LCA Method: beam=""TRACI 2.1 V1.02"" pdf=""and other calculation methodologies are """
A12354,EPD 350,—,—,—,—,—,—,MATCH,—,MISMATCH,MISMATCH,MISMATCH,—,—,MISMATCH,MISMATCH,—,MISMATCH,MATCH,—,—,—,—,—,—,—,—,—,—,—,—,—,—,MISMATCH,MISMATCH,—,—,—,—,—,—,—,—,—,—,—,—,—,—,—,—,MATCH,MISMATCH,MISMATCH,MATCH,MISMATCH,MATCH,MATCH,—,MATCH,MISMATCH,—,—,—,—,36.8%,"Material: beam=""Concrete - 35 MPa, 40% FA, GUL"" pdf=∅ | Manufacturer: beam=""Concrete Sask"" pdf=""Concrete Declared Product Saskatchewan m"" | Product Brand Name: beam=""Can. Sask Avg."" pdf=∅ | Countries of Manufacture: beam=""CA"" pdf=∅ | Markets of Applicability: beam=""CA"" pdf=∅ | Stated EPD kgCO2e / unit: beam=""287.515"" pdf=""312.83"" | Density: beam=""2305"" pdf=∅ | Density Units: beam=""kg/m3"" pdf=∅ | EPD Type: beam=""Industry average"" pdf=""Product-specific"" | EPD Owner: beam=""Concrete Sask"" pdf=""Phone: 306-552-5592"" | EPD Program / Operator: beam=""ASTM"" pdf=""NSF International"" | LCA Method: beam=""TRACI 2.1 V1.02"" pdf=""and other calculation methodologies are """
aaacc36,EPD 350,—,—,—,—,—,—,MATCH,—,MISMATCH,MISMATCH,MISMATCH,—,—,MISMATCH,MISMATCH,—,MISMATCH,MATCH,—,—,—,—,—,—,—,—,—,—,—,—,—,—,MISMATCH,MISMATCH,—,—,—,—,—,—,—,—,—,—,—,—,—,—,—,—,MATCH,MISMATCH,MISMATCH,MATCH,MISMATCH,MATCH,MATCH,—,MATCH,MISMATCH,—,—,—,—,36.8%,"Material: beam=""Concrete - 25 MPa, GU"" pdf=∅ | Manufacturer: beam=""Concrete Sask"" pdf=""Concrete Declared Product Saskatchewan m"" | Product Brand Name: beam=""Can. Sask Avg."" pdf=∅ | Countries of Manufacture: beam=""CA"" pdf=∅ | Markets of Applicability: beam=""CA"" pdf=∅ | Stated EPD kgCO2e / unit: beam=""345.28"" pdf=""312.83"" | Density: beam=""2305"" pdf=∅ | Density Units: beam=""kg/m3"" pdf=∅ | EPD Type: beam=""Industry average"" pdf=""Product-specific"" | EPD Owner: beam=""Concrete Sask"" pdf=""Phone: 306-552-5592"" | EPD Program / Operator: beam=""ASTM"" pdf=""NSF International"" | LCA Method: beam=""TRACI 2.1 V1.02"" pdf=""and other calculation methodologies are """
aaacc37,EPD 350,—,—,—,—,—,—,MATCH,—,MISMATCH,MISMATCH,MISMATCH,MISMATCH,—,MISMATCH,MISMATCH,—,MISMATCH,MATCH,—,—,—,—,—,—,—,—,—,—,—,—,—,—,MISMATCH,MISMATCH,—,—,—,—,—,—,—,—,—,—,—,—,—,—,—,—,MATCH,MISMATCH,MISMATCH,MATCH,MISMATCH,MATCH,MATCH,—,MATCH,MISMATCH,—,—,—,—,35.0%,"Material: beam=""Concrete - 25 MPa, 10% FA, GU"" pdf=∅ | Manufacturer: beam=""Concrete Sask"" pdf=""Concrete Declared Product Saskatchewan m"" | Product Brand Name: beam=""Can. Sask Avg."" pdf=∅ | Specifications: beam=""Tabs, Categories, SubCategories"" pdf=∅ | Countries of Manufacture: beam=""CA"" pdf=∅ | Markets of Applicability: beam=""CA"" pdf=∅ | Stated EPD kgCO2e / unit: beam=""318.05"" pdf=""312.83"" | Density: beam=""2305"" pdf=∅ | Density Units: beam=""kg/m3"" pdf=∅ | EPD Type: beam=""Industry average"" pdf=""Product-specific"" | EPD Owner: beam=""Concrete Sask"" pdf=""Phone: 306-552-5592"" | EPD Program / Operator: beam=""ASTM"" pdf=""NSF International"" | LCA Method: beam=""TRACI 2.1 V1.02"" pdf=""and other calculation methodologies are """
aaacc38,EPD 350,—,—,—,—,—,—,MATCH,—,MISMATCH,MISMATCH,MISMATCH,—,—,MISMATCH,MISMATCH,—,MISMATCH,MATCH,—,—,—,—,—,—,—,—,—,—,—,—,—,—,MISMATCH,MISMATCH,—,—,—,—,—,—,—,—,—,—,—,—,—,—,—,—,MATCH,MISMATCH,MISMATCH,MATCH,MISMATCH,MATCH,MATCH,—,MATCH,MISMATCH,—,—,—,—,36.8%,"Material: beam=""Concrete - 25 MPa, 20% FA, GU"" pdf=∅ | Manufacturer: beam=""Concrete Sask"" pdf=""Concrete Declared Product Saskatchewan m"" | Product Brand Name: beam=""Can. Sask Avg."" pdf=∅ | Countries of Manufacture: beam=""CA"" pdf=∅ | Markets of Applicability: beam=""CA"" pdf=∅ | Stated EPD kgCO2e / unit: beam=""290.83"" pdf=""312.83"" | Density: beam=""2305"" pdf=∅ | Density Units: beam=""kg/m3"" pdf=∅ | EPD Type: beam=""Industry average"" pdf=""Product-specific"" | EPD Owner: beam=""Concrete Sask"" pdf=""Phone: 306-552-5592"" | EPD Program / Operator: beam=""ASTM"" pdf=""NSF International"" | LCA Method: beam=""TRACI 2.1 V1.02"" pdf=""and other calculation methodologies are """
aaacc39,EPD 350,—,—,—,—,—,—,MATCH,—,MISMATCH,MISMATCH,MISMATCH,—,—,MISMATCH,MISMATCH,—,MISMATCH,MATCH,—,—,—,—,—,—,—,—,—,—,—,—,—,—,MISMATCH,MISMATCH,—,—,—,—,—,—,—,—,—,—,—,—,—,—,—,—,MATCH,MISMATCH,MISMATCH,MATCH,MISMATCH,MATCH,MATCH,—,MATCH,MISMATCH,—,—,—,—,36.8%,"Material: beam=""Concrete - 25 MPa, 30% FA, GU"" pdf=∅ | Manufacturer: beam=""Concrete Sask"" pdf=""Concrete Declared Product Saskatchewan m"" | Product Brand Name: beam=""Can. Sask Avg."" pdf=∅ | Countries of Manufacture: beam=""CA"" pdf=∅ | Markets of Applicability: beam=""CA"" pdf=∅ | Stated EPD kgCO2e / unit: beam=""263.61"" pdf=""312.83"" | Density: beam=""2305"" pdf=∅ | Density Units: beam=""kg/m3"" pdf=∅ | EPD Type: beam=""Industry average"" pdf=""Product-specific"" | EPD Owner: beam=""Concrete Sask"" pdf=""Phone: 306-552-5592"" | EPD Program / Operator: beam=""ASTM"" pdf=""NSF International"" | LCA Method: beam=""TRACI 2.1 V1.02"" pdf=""and other calculation methodologies are """
aaacc40,EPD 350,—,—,—,—,—,—,MATCH,—,MISMATCH,MISMATCH,MISMATCH,—,—,MISMATCH,MISMATCH,—,MISMATCH,MATCH,—,—,—,—,—,—,—,—,—,—,—,—,—,—,MISMATCH,MISMATCH,—,—,—,—,—,—,—,—,—,—,—,—,—,—,—,—,MATCH,MISMATCH,MISMATCH,MATCH,MISMATCH,MATCH,MATCH,—,MATCH,MISMATCH,—,—,—,—,36.8%,"Material: beam=""Concrete - 25 MPa, 40% FA, GU"" pdf=∅ | Manufacturer: beam=""Concrete Sask"" pdf=""Concrete Declared Product Saskatchewan m"" | Product Brand Name: beam=""Can. Sask Avg."" pdf=∅ | Countries of Manufacture: beam=""CA"" pdf=∅ | Markets of Applicability: beam=""CA"" pdf=∅ | Stated EPD kgCO2e / unit: beam=""236.39"" pdf=""312.83"" | Density: beam=""2305"" pdf=∅ | Density Units: beam=""kg/m3"" pdf=∅ | EPD Type: beam=""Industry average"" pdf=""Product-specific"" | EPD Owner: beam=""Concrete Sask"" pdf=""Phone: 306-552-5592"" | EPD Program / Operator: beam=""ASTM"" pdf=""NSF International"" | LCA Method: beam=""TRACI 2.1 V1.02"" pdf=""and other calculation methodologies are """
aaacc41,EPD 350,—,—,—,—,—,—,MATCH,—,MISMATCH,MISMATCH,MISMATCH,—,—,MISMATCH,MISMATCH,—,MISMATCH,MATCH,—,—,—,—,—,—,—,—,—,—,—,—,—,—,MISMATCH,MISMATCH,—,—,—,—,—,—,—,—,—,—,—,—,—,—,—,—,MATCH,MISMATCH,MISMATCH,MATCH,MISMATCH,MATCH,MATCH,—,MATCH,MISMATCH,—,—,—,—,36.8%,"Material: beam=""Concrete - 30 MPa, GU"" pdf=∅ | Manufacturer: beam=""Concrete Sask"" pdf=""Concrete Declared Product Saskatchewan m"" | Product Brand Name: beam=""Can. Sask Avg."" pdf=∅ | Countries of Manufacture: beam=""CA"" pdf=∅ | Markets of Applicability: beam=""CA"" pdf=∅ | Stated EPD kgCO2e / unit: beam=""376.92"" pdf=""312.83"" | Density: beam=""2305"" pdf=∅ | Density Units: beam=""kg/m3"" pdf=∅ | EPD Type: beam=""Industry average"" pdf=""Product-specific"" | EPD Owner: beam=""Concrete Sask"" pdf=""Phone: 306-552-5592"" | EPD Program / Operator: beam=""ASTM"" pdf=""NSF International"" | LCA Method: beam=""TRACI 2.1 V1.02"" pdf=""and other calculation methodologies are """
aaacc42,EPD 350,—,—,—,—,—,—,MATCH,—,MISMATCH,MISMATCH,MISMATCH,—,—,MISMATCH,MISMATCH,—,MISMATCH,MATCH,—,—,—,—,—,—,—,—,—,—,—,—,—,—,MISMATCH,MISMATCH,—,—,—,—,—,—,—,—,—,—,—,—,—,—,—,—,MATCH,MISMATCH,MISMATCH,MATCH,MISMATCH,MATCH,MATCH,—,MATCH,MISMATCH,—,—,—,—,36.8%,"Material: beam=""Concrete - 30 MPa, 10% FA, GU"" pdf=∅ | Manufacturer: beam=""Concrete Sask"" pdf=""Concrete Declared Product Saskatchewan m"" | Product Brand Name: beam=""Can. Sask Avg."" pdf=∅ | Countries of Manufacture: beam=""CA"" pdf=∅ | Markets of Applicability: beam=""CA"" pdf=∅ | Stated EPD kgCO2e / unit: beam=""346.99"" pdf=""312.83"" | Density: beam=""2305"" pdf=∅ | Density Units: beam=""kg/m3"" pdf=∅ | EPD Type: beam=""Industry average"" pdf=""Product-specific"" | EPD Owner: beam=""Concrete Sask"" pdf=""Phone: 306-552-5592"" | EPD Program / Operator: beam=""ASTM"" pdf=""NSF International"" | LCA Method: beam=""TRACI 2.1 V1.02"" pdf=""and other calculation methodologies are """
aaacc43,EPD 350,—,—,—,—,—,—,MATCH,—,MISMATCH,MISMATCH,MISMATCH,—,—,MISMATCH,MISMATCH,—,MISMATCH,MATCH,—,—,—,—,—,—,—,—,—,—,—,—,—,—,MISMATCH,MISMATCH,—,—,—,—,—,—,—,—,—,—,—,—,—,—,—,—,MATCH,MISMATCH,MISMATCH,MATCH,MISMATCH,MATCH,MATCH,—,MATCH,MISMATCH,—,—,—,—,36.8%,"Material: beam=""Concrete - 30 MPa, 20% FA, GU"" pdf=∅ | Manufacturer: beam=""Concrete Sask"" pdf=""Concrete Declared Product Saskatchewan m"" | Product Brand Name: beam=""Can. Sask Avg."" pdf=∅ | Countries of Manufacture: beam=""CA"" pdf=∅ | Markets of Applicability: beam=""CA"" pdf=∅ | Stated EPD kgCO2e / unit: beam=""316.58"" pdf=""312.83"" | Density: beam=""2305"" pdf=∅ | Density Units: beam=""kg/m3"" pdf=∅ | EPD Type: beam=""Industry average"" pdf=""Product-specific"" | EPD Owner: beam=""Concrete Sask"" pdf=""Phone: 306-552-5592"" | EPD Program / Operator: beam=""ASTM"" pdf=""NSF International"" | LCA Method: beam=""TRACI 2.1 V1.02"" pdf=""and other calculation methodologies are """
aaacc44,EPD 350,—,—,—,—,—,—,MATCH,—,MISMATCH,MISMATCH,MISMATCH,—,—,MISMATCH,MISMATCH,—,MISMATCH,MATCH,—,—,—,—,—,—,—,—,—,—,—,—,—,—,MISMATCH,MISMATCH,—,—,—,—,—,—,—,—,—,—,—,—,—,—,—,—,MATCH,MISMATCH,MISMATCH,MATCH,MISMATCH,MATCH,MATCH,—,MATCH,MISMATCH,—,—,—,—,36.8%,"Material: beam=""Concrete - 30 MPa, 30% FA, GU"" pdf=∅ | Manufacturer: beam=""Concrete Sask"" pdf=""Concrete Declared Product Saskatchewan m"" | Product Brand Name: beam=""Can. Sask Avg."" pdf=∅ | Countries of Manufacture: beam=""CA"" pdf=∅ | Markets of Applicability: beam=""CA"" pdf=∅ | Stated EPD kgCO2e / unit: beam=""286.65"" pdf=""312.83"" | Density: beam=""2305"" pdf=∅ | Density Units: beam=""kg/m3"" pdf=∅ | EPD Type: beam=""Industry average"" pdf=""Product-specific"" | EPD Owner: beam=""Concrete Sask"" pdf=""Phone: 306-552-5592"" | EPD Program / Operator: beam=""ASTM"" pdf=""NSF International"" | LCA Method: beam=""TRACI 2.1 V1.02"" pdf=""and other calculation methodologies are """
aaacc45,EPD 350,—,—,—,—,—,—,MATCH,—,MISMATCH,MISMATCH,MISMATCH,—,—,MISMATCH,MISMATCH,—,MISMATCH,MATCH,—,—,—,—,—,—,—,—,—,—,—,—,—,—,MISMATCH,MISMATCH,—,—,—,—,—,—,—,—,—,—,—,—,—,—,—,—,MATCH,MISMATCH,MISMATCH,MATCH,MISMATCH,MATCH,MATCH,—,MATCH,MISMATCH,—,—,—,—,36.8%,"Material: beam=""Concrete - 30 MPa, 40% FA, GU"" pdf=∅ | Manufacturer: beam=""Concrete Sask"" pdf=""Concrete Declared Product Saskatchewan m"" | Product Brand Name: beam=""Can. Sask Avg."" pdf=∅ | Countries of Manufacture: beam=""CA"" pdf=∅ | Markets of Applicability: beam=""CA"" pdf=∅ | Stated EPD kgCO2e / unit: beam=""256.24"" pdf=""312.83"" | Density: beam=""2305"" pdf=∅ | Density Units: beam=""kg/m3"" pdf=∅ | EPD Type: beam=""Industry average"" pdf=""Product-specific"" | EPD Owner: beam=""Concrete Sask"" pdf=""Phone: 306-552-5592"" | EPD Program / Operator: beam=""ASTM"" pdf=""NSF International"" | LCA Method: beam=""TRACI 2.1 V1.02"" pdf=""and other calculation methodologies are """
aaacc46,EPD 350,—,—,—,—,—,—,MATCH,—,MISMATCH,MISMATCH,MISMATCH,—,—,MISMATCH,MISMATCH,—,MISMATCH,MATCH,—,—,—,—,—,—,—,—,—,—,—,—,—,—,MISMATCH,MISMATCH,—,—,—,—,—,—,—,—,—,—,—,—,—,—,—,—,MATCH,MISMATCH,MISMATCH,MATCH,MISMATCH,MATCH,MATCH,—,MATCH,MISMATCH,—,—,—,—,36.8%,"Material: beam=""Concrete - 35 MPa, GU"" pdf=∅ | Manufacturer: beam=""Concrete Sask"" pdf=""Concrete Declared Product Saskatchewan m"" | Product Brand Name: beam=""Can. Sask Avg."" pdf=∅ | Countries of Manufacture: beam=""CA"" pdf=∅ | Markets of Applicability: beam=""CA"" pdf=∅ | Stated EPD kgCO2e / unit: beam=""442.03"" pdf=""312.83"" | Density: beam=""2305"" pdf=∅ | Density Units: beam=""kg/m3"" pdf=∅ | EPD Type: beam=""Industry average"" pdf=""Product-specific"" | EPD Owner: beam=""Concrete Sask"" pdf=""Phone: 306-552-5592"" | EPD Program / Operator: beam=""ASTM"" pdf=""NSF International"" | LCA Method: beam=""TRACI 2.1 V1.02"" pdf=""and other calculation methodologies are """
aaacc47,EPD 350,—,—,—,—,—,—,MATCH,—,MISMATCH,MISMATCH,MISMATCH,—,—,MISMATCH,MISMATCH,—,MISMATCH,MATCH,—,—,—,—,—,—,—,—,—,—,—,—,—,—,MISMATCH,MISMATCH,—,—,—,—,—,—,—,—,—,—,—,—,—,—,—,—,MATCH,MISMATCH,MISMATCH,MATCH,MISMATCH,MATCH,MATCH,—,MATCH,MISMATCH,—,—,—,—,36.8%,"Material: beam=""Concrete - 35 MPa, 10% FA, GU"" pdf=∅ | Manufacturer: beam=""Concrete Sask"" pdf=""Concrete Declared Product Saskatchewan m"" | Product Brand Name: beam=""Can. Sask Avg."" pdf=∅ | Countries of Manufacture: beam=""CA"" pdf=∅ | Markets of Applicability: beam=""CA"" pdf=∅ | Stated EPD kgCO2e / unit: beam=""406.22"" pdf=""312.83"" | Density: beam=""2305"" pdf=∅ | Density Units: beam=""kg/m3"" pdf=∅ | EPD Type: beam=""Industry average"" pdf=""Product-specific"" | EPD Owner: beam=""Concrete Sask"" pdf=""Phone: 306-552-5592"" | EPD Program / Operator: beam=""ASTM"" pdf=""NSF International"" | LCA Method: beam=""TRACI 2.1 V1.02"" pdf=""and other calculation methodologies are """
aaacc48,EPD 350,—,—,—,—,—,—,MATCH,—,MISMATCH,MISMATCH,MISMATCH,—,—,MISMATCH,MISMATCH,—,MISMATCH,MATCH,—,—,—,—,—,—,—,—,—,—,—,—,—,—,MISMATCH,MISMATCH,—,—,—,—,—,—,—,—,—,—,—,—,—,—,—,—,MATCH,MISMATCH,MISMATCH,MATCH,MISMATCH,MATCH,MATCH,—,MATCH,MISMATCH,—,—,—,—,36.8%,"Material: beam=""Concrete - 35 MPa, 20% FA, GU"" pdf=∅ | Manufacturer: beam=""Concrete Sask"" pdf=""Concrete Declared Product Saskatchewan m"" | Product Brand Name: beam=""Can. Sask Avg."" pdf=∅ | Countries of Manufacture: beam=""CA"" pdf=∅ | Markets of Applicability: beam=""CA"" pdf=∅ | Stated EPD kgCO2e / unit: beam=""369.44"" pdf=""312.83"" | Density: beam=""2305"" pdf=∅ | Density Units: beam=""kg/m3"" pdf=∅ | EPD Type: beam=""Industry average"" pdf=""Product-specific"" | EPD Owner: beam=""Concrete Sask"" pdf=""Phone: 306-552-5592"" | EPD Program / Operator: beam=""ASTM"" pdf=""NSF International"" | LCA Method: beam=""TRACI 2.1 V1.02"" pdf=""and other calculation methodologies are """
aaacc49,EPD 350,—,—,—,—,—,—,MATCH,—,MISMATCH,MISMATCH,MISMATCH,—,—,MISMATCH,MISMATCH,—,MISMATCH,MATCH,—,—,—,—,—,—,—,—,—,—,—,—,—,—,MISMATCH,MISMATCH,—,—,—,—,—,—,—,—,—,—,—,—,—,—,—,—,MATCH,MISMATCH,MISMATCH,MATCH,MISMATCH,MATCH,MATCH,—,MATCH,MISMATCH,—,—,—,—,36.8%,"Material: beam=""Concrete - 35 MPa, 30% FA, GU"" pdf=∅ | Manufacturer: beam=""Concrete Sask"" pdf=""Concrete Declared Product Saskatchewan m"" | Product Brand Name: beam=""Can. Sask Avg."" pdf=∅ | Countries of Manufacture: beam=""CA"" pdf=∅ | Markets of Applicability: beam=""CA"" pdf=∅ | Stated EPD kgCO2e / unit: beam=""333.63"" pdf=""312.83"" | Density: beam=""2305"" pdf=∅ | Density Units: beam=""kg/m3"" pdf=∅ | EPD Type: beam=""Industry average"" pdf=""Product-specific"" | EPD Owner: beam=""Concrete Sask"" pdf=""Phone: 306-552-5592"" | EPD Program / Operator: beam=""ASTM"" pdf=""NSF International"" | LCA Method: beam=""TRACI 2.1 V1.02"" pdf=""and other calculation methodologies are """
aaacc50,EPD 350,—,—,—,—,—,—,MATCH,—,MISMATCH,MISMATCH,MISMATCH,—,—,MISMATCH,MISMATCH,—,MISMATCH,MATCH,—,—,—,—,—,—,—,—,—,—,—,—,—,—,MISMATCH,MISMATCH,—,—,—,—,—,—,—,—,—,—,—,—,—,—,—,—,MATCH,MISMATCH,MISMATCH,MATCH,MISMATCH,MATCH,MATCH,—,MATCH,MISMATCH,—,—,—,—,36.8%,"Material: beam=""Concrete - 35 MPa, 40% FA, GU"" pdf=∅ | Manufacturer: beam=""Concrete Sask"" pdf=""Concrete Declared Product Saskatchewan m"" | Product Brand Name: beam=""Can. Sask Avg."" pdf=∅ | Countries of Manufacture: beam=""CA"" pdf=∅ | Markets of Applicability: beam=""CA"" pdf=∅ | Stated EPD kgCO2e / unit: beam=""296.84"" pdf=""312.83"" | Density: beam=""2305"" pdf=∅ | Density Units: beam=""kg/m3"" pdf=∅ | EPD Type: beam=""Industry average"" pdf=""Product-specific"" | EPD Owner: beam=""Concrete Sask"" pdf=""Phone: 306-552-5592"" | EPD Program / Operator: beam=""ASTM"" pdf=""NSF International"" | LCA Method: beam=""TRACI 2.1 V1.02"" pdf=""and other calculation methodologies are """
A12349,EPD 351,—,—,—,—,—,—,MATCH,—,MISMATCH,MISMATCH,MISMATCH,—,—,MISMATCH,MISMATCH,—,MISMATCH,MATCH,—,—,—,—,—,—,—,—,—,—,—,—,—,—,MISMATCH,MISMATCH,—,—,—,—,—,—,—,—,—,—,—,—,—,—,—,—,MATCH,MISMATCH,MISMATCH,MATCH,MISMATCH,MATCH,MATCH,—,MATCH,MISMATCH,—,—,—,—,36.8%,"Material: beam=""Concrete - 25 MPa, 50% SL, GUL"" pdf=∅ | Manufacturer: beam=""RMCAO"" pdf=""Concrete Declared Product Ontario member"" | Product Brand Name: beam=""Can. Ontario Avg."" pdf=∅ | Countries of Manufacture: beam=""CA"" pdf=∅ | Markets of Applicability: beam=""CA"" pdf=∅ | Stated EPD kgCO2e / unit: beam=""168.58"" pdf=""220.29"" | Density: beam=""2305"" pdf=∅ | Density Units: beam=""kg/m3"" pdf=∅ | EPD Type: beam=""Industry average"" pdf=∅ | EPD Owner: beam=""Concrete Ontario RMCAO"" pdf=""Mississauga, Ontario L5W 0G2"" | EPD Program / Operator: beam=""ASTM"" pdf=""NSF International"" | LCA Method: beam=""TRACI 2.1 V1.02"" pdf=""and other calculation methodologies are """
A12350,EPD 351,—,—,—,—,—,—,MATCH,—,MISMATCH,MISMATCH,MISMATCH,—,—,MISMATCH,MISMATCH,—,MISMATCH,MATCH,—,—,—,—,—,—,—,—,—,—,—,—,—,—,MISMATCH,MISMATCH,—,—,—,—,—,—,—,—,—,—,—,—,—,—,—,—,MATCH,MISMATCH,MISMATCH,MATCH,MISMATCH,MATCH,MATCH,—,MATCH,MISMATCH,—,—,—,—,36.8%,"Material: beam=""Concrete - 30 MPa, 50% SL, GUL"" pdf=∅ | Manufacturer: beam=""RMCAO"" pdf=""Concrete Declared Product Ontario member"" | Product Brand Name: beam=""Can. Ontario Avg."" pdf=∅ | Countries of Manufacture: beam=""CA"" pdf=∅ | Markets of Applicability: beam=""CA"" pdf=∅ | Stated EPD kgCO2e / unit: beam=""188.23"" pdf=""220.29"" | Density: beam=""2305"" pdf=∅ | Density Units: beam=""kg/m3"" pdf=∅ | EPD Type: beam=""Industry average"" pdf=∅ | EPD Owner: beam=""Concrete Ontario RMCAO"" pdf=""Mississauga, Ontario L5W 0G2"" | EPD Program / Operator: beam=""ASTM"" pdf=""NSF International"" | LCA Method: beam=""TRACI 2.1 V1.02"" pdf=""and other calculation methodologies are """
A12351,EPD 351,—,—,—,—,—,—,MATCH,—,MISMATCH,MISMATCH,MISMATCH,—,—,MISMATCH,MISMATCH,—,MISMATCH,MATCH,—,—,—,—,—,—,—,—,—,—,—,—,—,—,MISMATCH,MISMATCH,—,—,—,—,—,—,—,—,—,—,—,—,—,—,—,—,MATCH,MISMATCH,MISMATCH,MATCH,MISMATCH,MATCH,MATCH,—,MATCH,MISMATCH,—,—,—,—,36.8%,"Material: beam=""Concrete - 35 MPa, 50% SL, GUL"" pdf=∅ | Manufacturer: beam=""RMCAO"" pdf=""Concrete Declared Product Ontario member"" | Product Brand Name: beam=""Can. Ontario Avg."" pdf=∅ | Countries of Manufacture: beam=""CA"" pdf=∅ | Markets of Applicability: beam=""CA"" pdf=∅ | Stated EPD kgCO2e / unit: beam=""211.34"" pdf=""220.29"" | Density: beam=""2305"" pdf=∅ | Density Units: beam=""kg/m3"" pdf=∅ | EPD Type: beam=""Industry average"" pdf=∅ | EPD Owner: beam=""Concrete Ontario RMCAO"" pdf=""Mississauga, Ontario L5W 0G2"" | EPD Program / Operator: beam=""ASTM"" pdf=""NSF International"" | LCA Method: beam=""TRACI 2.1 V1.02"" pdf=""and other calculation methodologies are """
aaacc21,EPD 351,—,—,—,—,—,—,MATCH,—,MISMATCH,MISMATCH,MISMATCH,—,—,MISMATCH,MISMATCH,—,MISMATCH,MATCH,—,—,—,—,—,—,—,—,—,—,—,—,—,—,MISMATCH,MISMATCH,—,—,—,—,—,—,—,—,—,—,—,—,—,—,—,—,MATCH,MISMATCH,MISMATCH,MATCH,MISMATCH,MATCH,MATCH,—,MATCH,MISMATCH,—,—,—,—,36.8%,"Material: beam=""Concrete - 25 MPa, GU"" pdf=∅ | Manufacturer: beam=""RMCAO"" pdf=""Concrete Declared Product Ontario member"" | Product Brand Name: beam=""Can. Ontario Avg."" pdf=∅ | Countries of Manufacture: beam=""CA"" pdf=∅ | Markets of Applicability: beam=""CA"" pdf=∅ | Stated EPD kgCO2e / unit: beam=""273.67"" pdf=""220.29"" | Density: beam=""2305"" pdf=∅ | Density Units: beam=""kg/m3"" pdf=∅ | EPD Type: beam=""Industry average"" pdf=∅ | EPD Owner: beam=""Concrete Ontario RMCAO"" pdf=""Mississauga, Ontario L5W 0G2"" | EPD Program / Operator: beam=""ASTM"" pdf=""NSF International"" | LCA Method: beam=""TRACI 2.1 V1.02"" pdf=""and other calculation methodologies are """
aaacc22,EPD 351,—,—,—,—,—,—,MATCH,—,MISMATCH,MISMATCH,MISMATCH,—,—,MISMATCH,MISMATCH,—,MISMATCH,MATCH,—,—,—,—,—,—,—,—,—,—,—,—,—,—,MISMATCH,MISMATCH,—,—,—,—,—,—,—,—,—,—,—,—,—,—,—,—,MATCH,MISMATCH,MISMATCH,MATCH,MISMATCH,MATCH,MATCH,—,MATCH,MISMATCH,—,—,—,—,36.8%,"Material: beam=""Concrete - 25 MPa, 15% SL, GU"" pdf=∅ | Manufacturer: beam=""RMCAO"" pdf=""Concrete Declared Product Ontario member"" | Product Brand Name: beam=""Can. Ontario Avg."" pdf=∅ | Countries of Manufacture: beam=""CA"" pdf=∅ | Markets of Applicability: beam=""CA"" pdf=∅ | Stated EPD kgCO2e / unit: beam=""244.24"" pdf=""220.29"" | Density: beam=""2305"" pdf=∅ | Density Units: beam=""kg/m3"" pdf=∅ | EPD Type: beam=""Industry average"" pdf=∅ | EPD Owner: beam=""Concrete Ontario RMCAO"" pdf=""Mississauga, Ontario L5W 0G2"" | EPD Program / Operator: beam=""ASTM"" pdf=""NSF International"" | LCA Method: beam=""TRACI 2.1 V1.02"" pdf=""and other calculation methodologies are """
aaacc23,EPD 351,—,—,—,—,—,—,MATCH,—,MISMATCH,MISMATCH,MISMATCH,—,—,MISMATCH,MISMATCH,—,MISMATCH,MATCH,—,—,—,—,—,—,—,—,—,—,—,—,—,—,MISMATCH,MISMATCH,—,—,—,—,—,—,—,—,—,—,—,—,—,—,—,—,MATCH,MISMATCH,MISMATCH,MATCH,MISMATCH,MATCH,MATCH,—,MATCH,MISMATCH,—,—,—,—,36.8%,"Material: beam=""Concrete - 25 MPa, 25% SL, GU"" pdf=∅ | Manufacturer: beam=""RMCAO"" pdf=""Concrete Declared Product Ontario member"" | Product Brand Name: beam=""Can. Ontario Avg."" pdf=∅ | Countries of Manufacture: beam=""CA"" pdf=∅ | Markets of Applicability: beam=""CA"" pdf=∅ | Stated EPD kgCO2e / unit: beam=""224.62"" pdf=""220.29"" | Density: beam=""2305"" pdf=∅ | Density Units: beam=""kg/m3"" pdf=∅ | EPD Type: beam=""Industry average"" pdf=∅ | EPD Owner: beam=""Concrete Ontario RMCAO"" pdf=""Mississauga, Ontario L5W 0G2"" | EPD Program / Operator: beam=""ASTM"" pdf=""NSF International"" | LCA Method: beam=""TRACI 2.1 V1.02"" pdf=""and other calculation methodologies are """
aaacc24,EPD 351,—,—,—,—,—,—,MATCH,—,MISMATCH,MISMATCH,MISMATCH,—,—,MISMATCH,MISMATCH,—,MISMATCH,MATCH,—,—,—,—,—,—,—,—,—,—,—,—,—,—,MISMATCH,MISMATCH,—,—,—,—,—,—,—,—,—,—,—,—,—,—,—,—,MATCH,MISMATCH,MISMATCH,MATCH,MISMATCH,MATCH,MATCH,—,MATCH,MISMATCH,—,—,—,—,36.8%,"Material: beam=""Concrete - 25 MPa, 35% SL, GU"" pdf=∅ | Manufacturer: beam=""RMCAO"" pdf=""Concrete Declared Product Ontario member"" | Product Brand Name: beam=""Can. Ontario Avg."" pdf=∅ | Countries of Manufacture: beam=""CA"" pdf=∅ | Markets of Applicability: beam=""CA"" pdf=∅ | Stated EPD kgCO2e / unit: beam=""205.01"" pdf=""220.29"" | Density: beam=""2305"" pdf=∅ | Density Units: beam=""kg/m3"" pdf=∅ | EPD Type: beam=""Industry average"" pdf=∅ | EPD Owner: beam=""Concrete Ontario RMCAO"" pdf=""Mississauga, Ontario L5W 0G2"" | EPD Program / Operator: beam=""ASTM"" pdf=""NSF International"" | LCA Method: beam=""TRACI 2.1 V1.02"" pdf=""and other calculation methodologies are """
aaacc25,EPD 351,—,—,—,—,—,—,MATCH,—,MISMATCH,MISMATCH,MISMATCH,—,—,MISMATCH,MISMATCH,—,MISMATCH,MATCH,—,—,—,—,—,—,—,—,—,—,—,—,—,—,MISMATCH,MISMATCH,—,—,—,—,—,—,—,—,—,—,—,—,—,—,—,—,MATCH,MISMATCH,MISMATCH,MATCH,MISMATCH,MATCH,MATCH,—,MATCH,MISMATCH,—,—,—,—,36.8%,"Material: beam=""Concrete - 25 MPa, 50% SL, GU"" pdf=∅ | Manufacturer: beam=""RMCAO"" pdf=""Concrete Declared Product Ontario member"" | Product Brand Name: beam=""Can. Ontario Avg."" pdf=∅ | Countries of Manufacture: beam=""CA"" pdf=∅ | Markets of Applicability: beam=""CA"" pdf=∅ | Stated EPD kgCO2e / unit: beam=""175.58"" pdf=""220.29"" | Density: beam=""2305"" pdf=∅ | Density Units: beam=""kg/m3"" pdf=∅ | EPD Type: beam=""Industry average"" pdf=∅ | EPD Owner: beam=""Concrete Ontario RMCAO"" pdf=""Mississauga, Ontario L5W 0G2"" | EPD Program / Operator: beam=""ASTM"" pdf=""NSF International"" | LCA Method: beam=""TRACI 2.1 V1.02"" pdf=""and other calculation methodologies are """
aaacc26,EPD 351,—,—,—,—,—,—,MATCH,—,MISMATCH,MISMATCH,MISMATCH,—,—,MISMATCH,MISMATCH,—,MISMATCH,MATCH,—,—,—,—,—,—,—,—,—,—,—,—,—,—,MISMATCH,MISMATCH,—,—,—,—,—,—,—,—,—,—,—,—,—,—,—,—,MATCH,MISMATCH,MISMATCH,MATCH,MISMATCH,MATCH,MATCH,—,MATCH,MISMATCH,—,—,—,—,36.8%,"Material: beam=""Concrete - 30 MPa, GU"" pdf=∅ | Manufacturer: beam=""RMCAO"" pdf=""Concrete Declared Product Ontario member"" | Product Brand Name: beam=""Can. Ontario Avg."" pdf=∅ | Countries of Manufacture: beam=""CA"" pdf=∅ | Markets of Applicability: beam=""CA"" pdf=∅ | Stated EPD kgCO2e / unit: beam=""296.62"" pdf=""220.29"" | Density: beam=""2305"" pdf=∅ | Density Units: beam=""kg/m3"" pdf=∅ | EPD Type: beam=""Industry average"" pdf=∅ | EPD Owner: beam=""Concrete Ontario RMCAO"" pdf=""Mississauga, Ontario L5W 0G2"" | EPD Program / Operator: beam=""ASTM"" pdf=""NSF International"" | LCA Method: beam=""TRACI 2.1 V1.02"" pdf=""and other calculation methodologies are """
aaacc27,EPD 351,—,—,—,—,—,—,MATCH,—,MISMATCH,MISMATCH,MISMATCH,—,—,MISMATCH,MISMATCH,—,MISMATCH,MATCH,—,—,—,—,—,—,—,—,—,—,—,—,—,—,MISMATCH,MISMATCH,—,—,—,—,—,—,—,—,—,—,—,—,—,—,—,—,MATCH,MISMATCH,MISMATCH,MATCH,MISMATCH,MATCH,MATCH,—,MATCH,MISMATCH,—,—,—,—,36.8%,"Material: beam=""Concrete - 30 MPa, 15% SL, GU"" pdf=∅ | Manufacturer: beam=""RMCAO"" pdf=""Concrete Declared Product Ontario member"" | Product Brand Name: beam=""Can. Ontario Avg."" pdf=∅ | Countries of Manufacture: beam=""CA"" pdf=∅ | Markets of Applicability: beam=""CA"" pdf=∅ | Stated EPD kgCO2e / unit: beam=""264.38"" pdf=""220.29"" | Density: beam=""2305"" pdf=∅ | Density Units: beam=""kg/m3"" pdf=∅ | EPD Type: beam=""Industry average"" pdf=∅ | EPD Owner: beam=""Concrete Ontario RMCAO"" pdf=""Mississauga, Ontario L5W 0G2"" | EPD Program / Operator: beam=""ASTM"" pdf=""NSF International"" | LCA Method: beam=""TRACI 2.1 V1.02"" pdf=""and other calculation methodologies are """
aaacc28,EPD 351,—,—,—,—,—,—,MATCH,—,MISMATCH,MISMATCH,MISMATCH,—,—,MISMATCH,MISMATCH,—,MISMATCH,MATCH,—,—,—,—,—,—,—,—,—,—,—,—,—,—,MISMATCH,MISMATCH,—,—,—,—,—,—,—,—,—,—,—,—,—,—,—,—,MATCH,MISMATCH,MISMATCH,MATCH,MISMATCH,MATCH,MATCH,—,MATCH,MISMATCH,—,—,—,—,36.8%,"Material: beam=""Concrete - 30 MPa, 25% SL, GU"" pdf=∅ | Manufacturer: beam=""RMCAO"" pdf=""Concrete Declared Product Ontario member"" | Product Brand Name: beam=""Can. Ontario Avg."" pdf=∅ | Countries of Manufacture: beam=""CA"" pdf=∅ | Markets of Applicability: beam=""CA"" pdf=∅ | Stated EPD kgCO2e / unit: beam=""242.88"" pdf=""220.29"" | Density: beam=""2305"" pdf=∅ | Density Units: beam=""kg/m3"" pdf=∅ | EPD Type: beam=""Industry average"" pdf=∅ | EPD Owner: beam=""Concrete Ontario RMCAO"" pdf=""Mississauga, Ontario L5W 0G2"" | EPD Program / Operator: beam=""ASTM"" pdf=""NSF International"" | LCA Method: beam=""TRACI 2.1 V1.02"" pdf=""and other calculation methodologies are """
aaacc29,EPD 351,—,—,—,—,—,—,MATCH,—,MISMATCH,MISMATCH,MISMATCH,—,—,MISMATCH,MISMATCH,—,MISMATCH,MATCH,—,—,—,—,—,—,—,—,—,—,—,—,—,—,MISMATCH,MISMATCH,—,—,—,—,—,—,—,—,—,—,—,—,—,—,—,—,MATCH,MISMATCH,MISMATCH,MATCH,MISMATCH,MATCH,MATCH,—,MATCH,MISMATCH,—,—,—,—,36.8%,"Material: beam=""Concrete - 30 MPa, 35% SL, GU"" pdf=∅ | Manufacturer: beam=""RMCAO"" pdf=""Concrete Declared Product Ontario member"" | Product Brand Name: beam=""Can. Ontario Avg."" pdf=∅ | Countries of Manufacture: beam=""CA"" pdf=∅ | Markets of Applicability: beam=""CA"" pdf=∅ | Stated EPD kgCO2e / unit: beam=""221.39"" pdf=""220.29"" | Density: beam=""2305"" pdf=∅ | Density Units: beam=""kg/m3"" pdf=∅ | EPD Type: beam=""Industry average"" pdf=∅ | EPD Owner: beam=""Concrete Ontario RMCAO"" pdf=""Mississauga, Ontario L5W 0G2"" | EPD Program / Operator: beam=""ASTM"" pdf=""NSF International"" | LCA Method: beam=""TRACI 2.1 V1.02"" pdf=""and other calculation methodologies are """
aaacc30,EPD 351,—,—,—,—,—,—,MATCH,—,MISMATCH,MISMATCH,MISMATCH,—,—,MISMATCH,MISMATCH,—,MISMATCH,MATCH,—,—,—,—,—,—,—,—,—,—,—,—,—,—,MISMATCH,MISMATCH,—,—,—,—,—,—,—,—,—,—,—,—,—,—,—,—,MATCH,MISMATCH,MISMATCH,MATCH,MISMATCH,MATCH,MATCH,—,MATCH,MISMATCH,—,—,—,—,36.8%,"Material: beam=""Concrete - 30 MPa, 50% SL, GU"" pdf=∅ | Manufacturer: beam=""RMCAO"" pdf=""Concrete Declared Product Ontario member"" | Product Brand Name: beam=""Can. Ontario Avg."" pdf=∅ | Countries of Manufacture: beam=""CA"" pdf=∅ | Markets of Applicability: beam=""CA"" pdf=∅ | Stated EPD kgCO2e / unit: beam=""189.14"" pdf=""220.29"" | Density: beam=""2305"" pdf=∅ | Density Units: beam=""kg/m3"" pdf=∅ | EPD Type: beam=""Industry average"" pdf=∅ | EPD Owner: beam=""Concrete Ontario RMCAO"" pdf=""Mississauga, Ontario L5W 0G2"" | EPD Program / Operator: beam=""ASTM"" pdf=""NSF International"" | LCA Method: beam=""TRACI 2.1 V1.02"" pdf=""and other calculation methodologies are """
aaacc31,EPD 351,—,—,—,—,—,—,MATCH,—,MISMATCH,MISMATCH,MISMATCH,—,—,MISMATCH,MISMATCH,—,MISMATCH,MATCH,—,—,—,—,—,—,—,—,—,—,—,—,—,—,MISMATCH,MISMATCH,—,—,—,—,—,—,—,—,—,—,—,—,—,—,—,—,MATCH,MISMATCH,MISMATCH,MATCH,MISMATCH,MATCH,MATCH,—,MATCH,MISMATCH,—,—,—,—,36.8%,"Material: beam=""Concrete - 35 MPa, GU"" pdf=∅ | Manufacturer: beam=""RMCAO"" pdf=""Concrete Declared Product Ontario member"" | Product Brand Name: beam=""Can. Ontario Avg."" pdf=∅ | Countries of Manufacture: beam=""CA"" pdf=∅ | Markets of Applicability: beam=""CA"" pdf=∅ | Stated EPD kgCO2e / unit: beam=""354.3"" pdf=""220.29"" | Density: beam=""2305"" pdf=∅ | Density Units: beam=""kg/m3"" pdf=∅ | EPD Type: beam=""Industry average"" pdf=∅ | EPD Owner: beam=""Concrete Ontario RMCAO"" pdf=""Mississauga, Ontario L5W 0G2"" | EPD Program / Operator: beam=""ASTM"" pdf=""NSF International"" | LCA Method: beam=""TRACI 2.1 V1.02"" pdf=""and other calculation methodologies are """
aaacc32,EPD 351,—,—,—,—,—,—,MATCH,—,MISMATCH,MISMATCH,MISMATCH,—,—,MISMATCH,MISMATCH,—,MISMATCH,MATCH,—,—,—,—,—,—,—,—,—,—,—,—,—,—,MISMATCH,MISMATCH,—,—,—,—,—,—,—,—,—,—,—,—,—,—,—,—,MATCH,MISMATCH,MISMATCH,MATCH,MISMATCH,MATCH,MATCH,—,MATCH,MISMATCH,—,—,—,—,36.8%,"Material: beam=""Concrete - 35 MPa, 15% SL, GU"" pdf=∅ | Manufacturer: beam=""RMCAO"" pdf=""Concrete Declared Product Ontario member"" | Product Brand Name: beam=""Can. Ontario Avg."" pdf=∅ | Countries of Manufacture: beam=""CA"" pdf=∅ | Markets of Applicability: beam=""CA"" pdf=∅ | Stated EPD kgCO2e / unit: beam=""314.98"" pdf=""220.29"" | Density: beam=""2305"" pdf=∅ | Density Units: beam=""kg/m3"" pdf=∅ | EPD Type: beam=""Industry average"" pdf=∅ | EPD Owner: beam=""Concrete Ontario RMCAO"" pdf=""Mississauga, Ontario L5W 0G2"" | EPD Program / Operator: beam=""ASTM"" pdf=""NSF International"" | LCA Method: beam=""TRACI 2.1 V1.02"" pdf=""and other calculation methodologies are """
aaacc33,EPD 351,—,—,—,—,—,—,MATCH,—,MISMATCH,MISMATCH,MISMATCH,—,—,MISMATCH,MISMATCH,—,MISMATCH,MATCH,—,—,—,—,—,—,—,—,—,—,—,—,—,—,MISMATCH,MISMATCH,—,—,—,—,—,—,—,—,—,—,—,—,—,—,—,—,MATCH,MISMATCH,MISMATCH,MATCH,MISMATCH,MATCH,MATCH,—,MATCH,MISMATCH,—,—,—,—,36.8%,"Material: beam=""Concrete - 35 MPa, 25% SL, GU"" pdf=∅ | Manufacturer: beam=""RMCAO"" pdf=""Concrete Declared Product Ontario member"" | Product Brand Name: beam=""Can. Ontario Avg."" pdf=∅ | Countries of Manufacture: beam=""CA"" pdf=∅ | Markets of Applicability: beam=""CA"" pdf=∅ | Stated EPD kgCO2e / unit: beam=""288.76"" pdf=""220.29"" | Density: beam=""2305"" pdf=∅ | Density Units: beam=""kg/m3"" pdf=∅ | EPD Type: beam=""Industry average"" pdf=∅ | EPD Owner: beam=""Concrete Ontario RMCAO"" pdf=""Mississauga, Ontario L5W 0G2"" | EPD Program / Operator: beam=""ASTM"" pdf=""NSF International"" | LCA Method: beam=""TRACI 2.1 V1.02"" pdf=""and other calculation methodologies are """
aaacc34,EPD 351,—,—,—,—,—,—,MATCH,—,MISMATCH,MISMATCH,MISMATCH,—,—,MISMATCH,MISMATCH,—,MISMATCH,MATCH,—,—,—,—,—,—,—,—,—,—,—,—,—,—,MISMATCH,MISMATCH,—,—,—,—,—,—,—,—,—,—,—,—,—,—,—,—,MATCH,MISMATCH,MISMATCH,MATCH,MISMATCH,MATCH,MATCH,—,MATCH,MISMATCH,—,—,—,—,36.8%,"Material: beam=""Concrete - 35 MPa, 35% SL, GU"" pdf=∅ | Manufacturer: beam=""RMCAO"" pdf=""Concrete Declared Product Ontario member"" | Product Brand Name: beam=""Can. Ontario Avg."" pdf=∅ | Countries of Manufacture: beam=""CA"" pdf=∅ | Markets of Applicability: beam=""CA"" pdf=∅ | Stated EPD kgCO2e / unit: beam=""262.54"" pdf=""220.29"" | Density: beam=""2305"" pdf=∅ | Density Units: beam=""kg/m3"" pdf=∅ | EPD Type: beam=""Industry average"" pdf=∅ | EPD Owner: beam=""Concrete Ontario RMCAO"" pdf=""Mississauga, Ontario L5W 0G2"" | EPD Program / Operator: beam=""ASTM"" pdf=""NSF International"" | LCA Method: beam=""TRACI 2.1 V1.02"" pdf=""and other calculation methodologies are """
aaacc35,EPD 351,—,—,—,—,—,—,MATCH,—,MISMATCH,MISMATCH,MISMATCH,—,—,MISMATCH,MISMATCH,—,MISMATCH,MATCH,—,—,—,—,—,—,—,—,—,—,—,—,—,—,MISMATCH,MISMATCH,—,—,—,—,—,—,—,—,—,—,—,—,—,—,—,—,MATCH,MISMATCH,MISMATCH,MATCH,MISMATCH,MATCH,MATCH,—,MATCH,MISMATCH,—,—,—,—,36.8%,"Material: beam=""Concrete - 35 MPa, 50% SL, GU"" pdf=∅ | Manufacturer: beam=""RMCAO"" pdf=""Concrete Declared Product Ontario member"" | Product Brand Name: beam=""Can. Ontario Avg."" pdf=∅ | Countries of Manufacture: beam=""CA"" pdf=∅ | Markets of Applicability: beam=""CA"" pdf=∅ | Stated EPD kgCO2e / unit: beam=""223.22"" pdf=""220.29"" | Density: beam=""2305"" pdf=∅ | Density Units: beam=""kg/m3"" pdf=∅ | EPD Type: beam=""Industry average"" pdf=∅ | EPD Owner: beam=""Concrete Ontario RMCAO"" pdf=""Mississauga, Ontario L5W 0G2"" | EPD Program / Operator: beam=""ASTM"" pdf=""NSF International"" | LCA Method: beam=""TRACI 2.1 V1.02"" pdf=""and other calculation methodologies are """
A12345,EPD 352,—,—,—,—,—,—,MATCH,—,MISMATCH,MISMATCH,MISMATCH,—,—,MISMATCH,MISMATCH,—,MISMATCH,MATCH,—,—,—,—,—,—,—,—,—,—,—,—,—,—,MISMATCH,MISMATCH,—,—,—,—,—,—,—,—,—,—,—,—,—,—,—,—,MATCH,MISMATCH,MISMATCH,MATCH,MISMATCH,MATCH,MATCH,—,MATCH,MISMATCH,—,—,—,—,36.8%,"Material: beam=""Concrete - 25 MPa, 30% FA, GUL"" pdf=∅ | Manufacturer: beam=""ABQ"" pdf=""Association Declared Product"" | Product Brand Name: beam=""Can. Quebec Avg."" pdf=∅ | Countries of Manufacture: beam=""CA"" pdf=∅ | Markets of Applicability: beam=""CA"" pdf=∅ | Stated EPD kgCO2e / unit: beam=""209.43"" pdf=""278.1"" | Density: beam=""2305"" pdf=∅ | Density Units: beam=""kg/m3"" pdf=∅ | EPD Type: beam=""Industry average"" pdf=∅ | EPD Owner: beam=""Association Beton Quebec"" pdf=""J4B 0G6, Canada"" | EPD Program / Operator: beam=""ASTM"" pdf=""NSF International"" | LCA Method: beam=""TRACI 2.1 V1.02"" pdf=""and other calculation methodologies are """
A12346,EPD 352,—,—,—,—,—,—,MATCH,—,MISMATCH,MISMATCH,MISMATCH,—,—,MISMATCH,MISMATCH,—,MISMATCH,MATCH,—,—,—,—,—,—,—,—,—,—,—,—,—,—,MISMATCH,MISMATCH,—,—,—,—,—,—,—,—,—,—,—,—,—,—,—,—,MATCH,MISMATCH,MISMATCH,MATCH,MISMATCH,MATCH,MATCH,—,MATCH,MISMATCH,—,—,—,—,36.8%,"Material: beam=""Concrete - 30 MPa, 30% FA, GUL"" pdf=∅ | Manufacturer: beam=""ABQ"" pdf=""Association Declared Product"" | Product Brand Name: beam=""Can. Quebec Avg."" pdf=∅ | Countries of Manufacture: beam=""CA"" pdf=∅ | Markets of Applicability: beam=""CA"" pdf=∅ | Stated EPD kgCO2e / unit: beam=""233.1"" pdf=""278.1"" | Density: beam=""2305"" pdf=∅ | Density Units: beam=""kg/m3"" pdf=∅ | EPD Type: beam=""Industry average"" pdf=∅ | EPD Owner: beam=""Association Beton Quebec"" pdf=""J4B 0G6, Canada"" | EPD Program / Operator: beam=""ASTM"" pdf=""NSF International"" | LCA Method: beam=""TRACI 2.1 V1.02"" pdf=""and other calculation methodologies are """
A12348,EPD 352,—,—,—,—,—,—,MATCH,—,MISMATCH,MISMATCH,MISMATCH,—,—,MISMATCH,MISMATCH,—,MISMATCH,MATCH,—,—,—,—,—,—,—,—,—,—,—,—,—,—,MISMATCH,MISMATCH,—,—,—,—,—,—,—,—,—,—,—,—,—,—,—,—,MATCH,MISMATCH,MISMATCH,MATCH,MISMATCH,MATCH,MATCH,—,MATCH,MISMATCH,—,—,—,—,36.8%,"Material: beam=""Concrete - 35 MPa, 30% FA, GUL"" pdf=∅ | Manufacturer: beam=""ABQ"" pdf=""Association Declared Product"" | Product Brand Name: beam=""Can. Quebec Avg."" pdf=∅ | Countries of Manufacture: beam=""CA"" pdf=∅ | Markets of Applicability: beam=""CA"" pdf=∅ | Stated EPD kgCO2e / unit: beam=""262.155"" pdf=""278.1"" | Density: beam=""2305"" pdf=∅ | Density Units: beam=""kg/m3"" pdf=∅ | EPD Type: beam=""Industry average"" pdf=∅ | EPD Owner: beam=""Association Beton Quebec"" pdf=""J4B 0G6, Canada"" | EPD Program / Operator: beam=""ASTM"" pdf=""NSF International"" | LCA Method: beam=""TRACI 2.1 V1.02"" pdf=""and other calculation methodologies are """
aaacc1,EPD 352,—,—,—,—,—,—,MATCH,—,MISMATCH,MISMATCH,MISMATCH,—,—,MISMATCH,MISMATCH,—,MISMATCH,MATCH,—,—,—,—,—,—,—,—,—,—,—,—,—,—,MISMATCH,MISMATCH,—,—,—,—,—,—,—,—,—,—,—,—,—,—,—,—,MATCH,MISMATCH,MISMATCH,MATCH,MISMATCH,MATCH,MATCH,—,MATCH,MISMATCH,—,—,—,—,36.8%,"Material: beam=""Concrete - 25 MPa, 10% SL, GU"" pdf=∅ | Manufacturer: beam=""ABQ"" pdf=""Association Declared Product"" | Product Brand Name: beam=""Can. Quebec Avg."" pdf=∅ | Countries of Manufacture: beam=""CA"" pdf=∅ | Markets of Applicability: beam=""CA"" pdf=∅ | Stated EPD kgCO2e / unit: beam=""280.57"" pdf=""278.1"" | Density: beam=""2305"" pdf=∅ | Density Units: beam=""kg/m3"" pdf=∅ | EPD Type: beam=""Industry average"" pdf=∅ | EPD Owner: beam=""Association Beton Quebec"" pdf=""J4B 0G6, Canada"" | EPD Program / Operator: beam=""ASTM"" pdf=""NSF International"" | LCA Method: beam=""TRACI 2.1 V1.02"" pdf=""and other calculation methodologies are """
aaacc10,EPD 352,—,—,—,—,—,—,MATCH,—,MISMATCH,MISMATCH,MISMATCH,—,—,MISMATCH,MISMATCH,—,MISMATCH,MATCH,—,—,—,—,—,—,—,—,—,—,—,—,—,—,MISMATCH,MISMATCH,—,—,—,—,—,—,—,—,—,—,—,—,—,—,—,—,MATCH,MISMATCH,MISMATCH,MATCH,MISMATCH,MATCH,MATCH,—,MATCH,MISMATCH,—,—,—,—,36.8%,"Material: beam=""Concrete - 30 MPa, 20% SL, GU"" pdf=∅ | Manufacturer: beam=""ABQ"" pdf=""Association Declared Product"" | Product Brand Name: beam=""Can. Quebec Avg."" pdf=∅ | Countries of Manufacture: beam=""CA"" pdf=∅ | Markets of Applicability: beam=""CA"" pdf=∅ | Stated EPD kgCO2e / unit: beam=""289.05"" pdf=""278.1"" | Density: beam=""2305"" pdf=∅ | Density Units: beam=""kg/m3"" pdf=∅ | EPD Type: beam=""Industry average"" pdf=∅ | EPD Owner: beam=""Association Beton Quebec"" pdf=""J4B 0G6, Canada"" | EPD Program / Operator: beam=""ASTM"" pdf=""NSF International"" | LCA Method: beam=""TRACI 2.1 V1.02"" pdf=""and other calculation methodologies are """
aaacc11,EPD 352,—,—,—,—,—,—,MATCH,—,MISMATCH,MISMATCH,MISMATCH,—,—,MISMATCH,MISMATCH,—,MISMATCH,MATCH,—,—,—,—,—,—,—,—,—,—,—,—,—,—,MISMATCH,MISMATCH,—,—,—,—,—,—,—,—,—,—,—,—,—,—,—,—,MATCH,MISMATCH,MISMATCH,MATCH,MISMATCH,MATCH,MATCH,—,MATCH,MISMATCH,—,—,—,—,36.8%,"Material: beam=""Concrete - 30 MPa, 20% FA, GU"" pdf=∅ | Manufacturer: beam=""ABQ"" pdf=""Association Declared Product"" | Product Brand Name: beam=""Can. Quebec Avg."" pdf=∅ | Countries of Manufacture: beam=""CA"" pdf=∅ | Markets of Applicability: beam=""CA"" pdf=∅ | Stated EPD kgCO2e / unit: beam=""279.28"" pdf=""278.1"" | Density: beam=""2305"" pdf=∅ | Density Units: beam=""kg/m3"" pdf=∅ | EPD Type: beam=""Industry average"" pdf=∅ | EPD Owner: beam=""Association Beton Quebec"" pdf=""J4B 0G6, Canada"" | EPD Program / Operator: beam=""ASTM"" pdf=""NSF International"" | LCA Method: beam=""TRACI 2.1 V1.02"" pdf=""and other calculation methodologies are """
aaacc12,EPD 352,—,—,—,—,—,—,MATCH,—,MISMATCH,MISMATCH,MISMATCH,—,—,MISMATCH,MISMATCH,—,MISMATCH,MATCH,—,—,—,—,—,—,—,—,—,—,—,—,—,—,MISMATCH,MISMATCH,—,—,—,—,—,—,—,—,—,—,—,—,—,—,—,—,MATCH,MISMATCH,MISMATCH,MATCH,MISMATCH,MATCH,MATCH,—,MATCH,MISMATCH,—,—,—,—,36.8%,"Material: beam=""Concrete - 30 MPa, 30% SL, GU"" pdf=∅ | Manufacturer: beam=""ABQ"" pdf=""Association Declared Product"" | Product Brand Name: beam=""Can. Quebec Avg."" pdf=∅ | Countries of Manufacture: beam=""CA"" pdf=∅ | Markets of Applicability: beam=""CA"" pdf=∅ | Stated EPD kgCO2e / unit: beam=""264.86"" pdf=""278.1"" | Density: beam=""2305"" pdf=∅ | Density Units: beam=""kg/m3"" pdf=∅ | EPD Type: beam=""Industry average"" pdf=∅ | EPD Owner: beam=""Association Beton Quebec"" pdf=""J4B 0G6, Canada"" | EPD Program / Operator: beam=""ASTM"" pdf=""NSF International"" | LCA Method: beam=""TRACI 2.1 V1.02"" pdf=""and other calculation methodologies are """
aaacc13,EPD 352,—,—,—,—,—,—,MATCH,—,MISMATCH,MISMATCH,MISMATCH,—,—,MISMATCH,MISMATCH,—,MISMATCH,MATCH,—,—,—,—,—,—,—,—,—,—,—,—,—,—,MISMATCH,MISMATCH,—,—,—,—,—,—,—,—,—,—,—,—,—,—,—,—,MATCH,MISMATCH,MISMATCH,MATCH,MISMATCH,MATCH,MATCH,—,MATCH,MISMATCH,—,—,—,—,36.8%,"Material: beam=""Concrete - 30 MPa, 30% FA, GU"" pdf=∅ | Manufacturer: beam=""ABQ"" pdf=""Association Declared Product"" | Product Brand Name: beam=""Can. Quebec Avg."" pdf=∅ | Countries of Manufacture: beam=""CA"" pdf=∅ | Markets of Applicability: beam=""CA"" pdf=∅ | Stated EPD kgCO2e / unit: beam=""250.16"" pdf=""278.1"" | Density: beam=""2305"" pdf=∅ | Density Units: beam=""kg/m3"" pdf=∅ | EPD Type: beam=""Industry average"" pdf=∅ | EPD Owner: beam=""Association Beton Quebec"" pdf=""J4B 0G6, Canada"" | EPD Program / Operator: beam=""ASTM"" pdf=""NSF International"" | LCA Method: beam=""TRACI 2.1 V1.02"" pdf=""and other calculation methodologies are """
aaacc14,EPD 352,—,—,—,—,—,—,MATCH,—,MISMATCH,MISMATCH,MISMATCH,—,—,MISMATCH,MISMATCH,—,MISMATCH,MATCH,—,—,—,—,—,—,—,—,—,—,—,—,—,—,MISMATCH,MISMATCH,—,—,—,—,—,—,—,—,—,—,—,—,—,—,—,—,MATCH,MISMATCH,MISMATCH,MATCH,MISMATCH,MATCH,MATCH,—,MATCH,MISMATCH,—,—,—,—,36.8%,"Material: beam=""Concrete - 35 MPa, Quebec Baseline Avera"" pdf=∅ | Manufacturer: beam=""ABQ"" pdf=""Association Declared Product"" | Product Brand Name: beam=""Can. Quebec Avg."" pdf=∅ | Countries of Manufacture: beam=""CA"" pdf=∅ | Markets of Applicability: beam=""CA"" pdf=∅ | Stated EPD kgCO2e / unit: beam=""369.32"" pdf=""278.1"" | Density: beam=""2305"" pdf=∅ | Density Units: beam=""kg/m3"" pdf=∅ | EPD Type: beam=""Industry average"" pdf=∅ | EPD Owner: beam=""Association Beton Quebec"" pdf=""J4B 0G6, Canada"" | EPD Program / Operator: beam=""ASTM"" pdf=""NSF International"" | LCA Method: beam=""TRACI 2.1 V1.02"" pdf=""and other calculation methodologies are """
aaacc15,EPD 352,—,—,—,—,—,—,MATCH,—,MISMATCH,MISMATCH,MISMATCH,—,—,MISMATCH,MISMATCH,—,MISMATCH,MATCH,—,—,—,—,—,—,—,—,—,—,—,—,—,—,MISMATCH,MISMATCH,—,—,—,—,—,—,—,—,—,—,—,—,—,—,—,—,MATCH,MISMATCH,MISMATCH,MATCH,MISMATCH,MATCH,MATCH,—,MATCH,MISMATCH,—,—,—,—,36.8%,"Material: beam=""Concrete - 35 MPa, 10% SL, GU"" pdf=∅ | Manufacturer: beam=""ABQ"" pdf=""Association Declared Product"" | Product Brand Name: beam=""Can. Quebec Avg."" pdf=∅ | Countries of Manufacture: beam=""CA"" pdf=∅ | Markets of Applicability: beam=""CA"" pdf=∅ | Stated EPD kgCO2e / unit: beam=""353.75"" pdf=""278.1"" | Density: beam=""2305"" pdf=∅ | Density Units: beam=""kg/m3"" pdf=∅ | EPD Type: beam=""Industry average"" pdf=∅ | EPD Owner: beam=""Association Beton Quebec"" pdf=""J4B 0G6, Canada"" | EPD Program / Operator: beam=""ASTM"" pdf=""NSF International"" | LCA Method: beam=""TRACI 2.1 V1.02"" pdf=""and other calculation methodologies are """
aaacc16,EPD 352,—,—,—,—,—,—,MATCH,—,MISMATCH,MISMATCH,MISMATCH,—,—,MISMATCH,MISMATCH,—,MISMATCH,MATCH,—,—,—,—,—,—,—,—,—,—,—,—,—,—,MISMATCH,MISMATCH,—,—,—,—,—,—,—,—,—,—,—,—,—,—,—,—,MATCH,MISMATCH,MISMATCH,MATCH,MISMATCH,MATCH,MATCH,—,MATCH,MISMATCH,—,—,—,—,36.8%,"Material: beam=""Concrete - 35 MPa, 10% FA, GU"" pdf=∅ | Manufacturer: beam=""ABQ"" pdf=""Association Declared Product"" | Product Brand Name: beam=""Can. Quebec Avg."" pdf=∅ | Countries of Manufacture: beam=""CA"" pdf=∅ | Markets of Applicability: beam=""CA"" pdf=∅ | Stated EPD kgCO2e / unit: beam=""348.16"" pdf=""278.1"" | Density: beam=""2305"" pdf=∅ | Density Units: beam=""kg/m3"" pdf=∅ | EPD Type: beam=""Industry average"" pdf=∅ | EPD Owner: beam=""Association Beton Quebec"" pdf=""J4B 0G6, Canada"" | EPD Program / Operator: beam=""ASTM"" pdf=""NSF International"" | LCA Method: beam=""TRACI 2.1 V1.02"" pdf=""and other calculation methodologies are """
aaacc17,EPD 352,—,—,—,—,—,—,MATCH,—,MISMATCH,MISMATCH,MISMATCH,—,—,MISMATCH,MISMATCH,—,MISMATCH,MATCH,—,—,—,—,—,—,—,—,—,—,—,—,—,—,MISMATCH,MISMATCH,—,—,—,—,—,—,—,—,—,—,—,—,—,—,—,—,MATCH,MISMATCH,MISMATCH,MATCH,MISMATCH,MATCH,MATCH,—,MATCH,MISMATCH,—,—,—,—,36.8%,"Material: beam=""Concrete - 35 MPa, 20% SL, GU"" pdf=∅ | Manufacturer: beam=""ABQ"" pdf=""Association Declared Product"" | Product Brand Name: beam=""Can. Quebec Avg."" pdf=∅ | Countries of Manufacture: beam=""CA"" pdf=∅ | Markets of Applicability: beam=""CA"" pdf=∅ | Stated EPD kgCO2e / unit: beam=""326.4"" pdf=""278.1"" | Density: beam=""2305"" pdf=∅ | Density Units: beam=""kg/m3"" pdf=∅ | EPD Type: beam=""Industry average"" pdf=∅ | EPD Owner: beam=""Association Beton Quebec"" pdf=""J4B 0G6, Canada"" | EPD Program / Operator: beam=""ASTM"" pdf=""NSF International"" | LCA Method: beam=""TRACI 2.1 V1.02"" pdf=""and other calculation methodologies are """
aaacc18,EPD 352,—,—,—,—,—,—,MATCH,—,MISMATCH,MISMATCH,MISMATCH,—,—,MISMATCH,MISMATCH,—,MISMATCH,MATCH,—,—,—,—,—,—,—,—,—,—,—,—,—,—,MISMATCH,MISMATCH,—,—,—,—,—,—,—,—,—,—,—,—,—,—,—,—,MATCH,MISMATCH,MISMATCH,MATCH,MISMATCH,MATCH,MATCH,—,MATCH,MISMATCH,—,—,—,—,36.8%,"Material: beam=""Concrete - 35 MPa, 20% FA, GU"" pdf=∅ | Manufacturer: beam=""ABQ"" pdf=""Association Declared Product"" | Product Brand Name: beam=""Can. Quebec Avg."" pdf=∅ | Countries of Manufacture: beam=""CA"" pdf=∅ | Markets of Applicability: beam=""CA"" pdf=∅ | Stated EPD kgCO2e / unit: beam=""315.15"" pdf=""278.1"" | Density: beam=""2305"" pdf=∅ | Density Units: beam=""kg/m3"" pdf=∅ | EPD Type: beam=""Industry average"" pdf=∅ | EPD Owner: beam=""Association Beton Quebec"" pdf=""J4B 0G6, Canada"" | EPD Program / Operator: beam=""ASTM"" pdf=""NSF International"" | LCA Method: beam=""TRACI 2.1 V1.02"" pdf=""and other calculation methodologies are """
aaacc19,EPD 352,—,—,—,—,—,—,MATCH,—,MISMATCH,MISMATCH,MISMATCH,—,—,MISMATCH,MISMATCH,—,MISMATCH,MATCH,—,—,—,—,—,—,—,—,—,—,—,—,—,—,MISMATCH,MISMATCH,—,—,—,—,—,—,—,—,—,—,—,—,—,—,—,—,MATCH,MISMATCH,MISMATCH,MATCH,MISMATCH,MATCH,MATCH,—,MATCH,MISMATCH,—,—,—,—,36.8%,"Material: beam=""Concrete - 35 MPa, 30% SL, GU"" pdf=∅ | Manufacturer: beam=""ABQ"" pdf=""Association Declared Product"" | Product Brand Name: beam=""Can. Quebec Avg."" pdf=∅ | Countries of Manufacture: beam=""CA"" pdf=∅ | Markets of Applicability: beam=""CA"" pdf=∅ | Stated EPD kgCO2e / unit: beam=""298.49"" pdf=""278.1"" | Density: beam=""2305"" pdf=∅ | Density Units: beam=""kg/m3"" pdf=∅ | EPD Type: beam=""Industry average"" pdf=∅ | EPD Owner: beam=""Association Beton Quebec"" pdf=""J4B 0G6, Canada"" | EPD Program / Operator: beam=""ASTM"" pdf=""NSF International"" | LCA Method: beam=""TRACI 2.1 V1.02"" pdf=""and other calculation methodologies are """
aaacc2,EPD 352,—,—,—,—,—,—,MATCH,—,MISMATCH,MISMATCH,MISMATCH,—,—,MISMATCH,MISMATCH,—,MISMATCH,MATCH,—,—,—,—,—,—,—,—,—,—,—,—,—,—,MISMATCH,MISMATCH,—,—,—,—,—,—,—,—,—,—,—,—,—,—,—,—,MATCH,MISMATCH,MISMATCH,MATCH,MISMATCH,MATCH,MATCH,—,MATCH,MISMATCH,—,—,—,—,36.8%,"Material: beam=""Concrete - 25 MPa, 10% FA, GU"" pdf=∅ | Manufacturer: beam=""ABQ"" pdf=""Association Declared Product"" | Product Brand Name: beam=""Can. Quebec Avg."" pdf=∅ | Countries of Manufacture: beam=""CA"" pdf=∅ | Markets of Applicability: beam=""CA"" pdf=∅ | Stated EPD kgCO2e / unit: beam=""276.22"" pdf=""278.1"" | Density: beam=""2305"" pdf=∅ | Density Units: beam=""kg/m3"" pdf=∅ | EPD Type: beam=""Industry average"" pdf=∅ | EPD Owner: beam=""Association Beton Quebec"" pdf=""J4B 0G6, Canada"" | EPD Program / Operator: beam=""ASTM"" pdf=""NSF International"" | LCA Method: beam=""TRACI 2.1 V1.02"" pdf=""and other calculation methodologies are """
aaacc20,EPD 352,—,—,—,—,—,—,MATCH,—,MISMATCH,MISMATCH,MISMATCH,—,—,MISMATCH,MISMATCH,—,MISMATCH,MATCH,—,—,—,—,—,—,—,—,—,—,—,—,—,—,MISMATCH,MISMATCH,—,—,—,—,—,—,—,—,—,—,—,—,—,—,—,—,MATCH,MISMATCH,MISMATCH,MATCH,MISMATCH,MATCH,MATCH,—,MATCH,MISMATCH,—,—,—,—,36.8%,"Material: beam=""Concrete - 35 MPa, 30% FA, GU"" pdf=∅ | Manufacturer: beam=""ABQ"" pdf=""Association Declared Product"" | Product Brand Name: beam=""Can. Quebec Avg."" pdf=∅ | Countries of Manufacture: beam=""CA"" pdf=∅ | Markets of Applicability: beam=""CA"" pdf=∅ | Stated EPD kgCO2e / unit: beam=""281.66"" pdf=""278.1"" | Density: beam=""2305"" pdf=∅ | Density Units: beam=""kg/m3"" pdf=∅ | EPD Type: beam=""Industry average"" pdf=∅ | EPD Owner: beam=""Association Beton Quebec"" pdf=""J4B 0G6, Canada"" | EPD Program / Operator: beam=""ASTM"" pdf=""NSF International"" | LCA Method: beam=""TRACI 2.1 V1.02"" pdf=""and other calculation methodologies are """
aaacc3,EPD 352,—,—,—,—,—,—,MATCH,—,MISMATCH,MISMATCH,MISMATCH,—,—,MISMATCH,MISMATCH,—,MISMATCH,MATCH,—,—,—,—,—,—,—,—,—,—,—,—,—,—,MISMATCH,MISMATCH,—,—,—,—,—,—,—,—,—,—,—,—,—,—,—,—,MATCH,MISMATCH,MISMATCH,MATCH,MISMATCH,MATCH,MATCH,—,MATCH,MISMATCH,—,—,—,—,36.8%,"Material: beam=""Concrete - 25 MPa, 20% SL, GU"" pdf=∅ | Manufacturer: beam=""ABQ"" pdf=""Association Declared Product"" | Product Brand Name: beam=""Can. Quebec Avg."" pdf=∅ | Countries of Manufacture: beam=""CA"" pdf=∅ | Markets of Applicability: beam=""CA"" pdf=∅ | Stated EPD kgCO2e / unit: beam=""258.8"" pdf=""278.1"" | Density: beam=""2305"" pdf=∅ | Density Units: beam=""kg/m3"" pdf=∅ | EPD Type: beam=""Industry average"" pdf=∅ | EPD Owner: beam=""Association Beton Quebec"" pdf=""J4B 0G6, Canada"" | EPD Program / Operator: beam=""ASTM"" pdf=""NSF International"" | LCA Method: beam=""TRACI 2.1 V1.02"" pdf=""and other calculation methodologies are """
aaacc4,EPD 352,—,—,—,—,—,—,MATCH,—,MISMATCH,MISMATCH,MISMATCH,—,—,MISMATCH,MISMATCH,—,MISMATCH,MATCH,—,—,—,—,—,—,—,—,—,—,—,—,—,—,MISMATCH,MISMATCH,—,—,—,—,—,—,—,—,—,—,—,—,—,—,—,—,MATCH,MISMATCH,MISMATCH,MATCH,MISMATCH,MATCH,MATCH,—,MATCH,MISMATCH,—,—,—,—,36.8%,"Material: beam=""Concrete - 25 MPa, 20% FA, GU"" pdf=∅ | Manufacturer: beam=""ABQ"" pdf=""Association Declared Product"" | Product Brand Name: beam=""Can. Quebec Avg."" pdf=∅ | Countries of Manufacture: beam=""CA"" pdf=∅ | Markets of Applicability: beam=""CA"" pdf=∅ | Stated EPD kgCO2e / unit: beam=""250.12"" pdf=""278.1"" | Density: beam=""2305"" pdf=∅ | Density Units: beam=""kg/m3"" pdf=∅ | EPD Type: beam=""Industry average"" pdf=∅ | EPD Owner: beam=""Association Beton Quebec"" pdf=""J4B 0G6, Canada"" | EPD Program / Operator: beam=""ASTM"" pdf=""NSF International"" | LCA Method: beam=""TRACI 2.1 V1.02"" pdf=""and other calculation methodologies are """
aaacc5,EPD 352,—,—,—,—,—,—,MATCH,—,MISMATCH,MISMATCH,MISMATCH,—,—,MISMATCH,MISMATCH,—,MISMATCH,MATCH,—,—,—,—,—,—,—,—,—,—,—,—,—,—,MISMATCH,MISMATCH,—,—,—,—,—,—,—,—,—,—,—,—,—,—,—,—,MATCH,MISMATCH,MISMATCH,MATCH,MISMATCH,MATCH,MATCH,—,MATCH,MISMATCH,—,—,—,—,36.8%,"Material: beam=""Concrete - 25 MPa, 30% SL, GU"" pdf=∅ | Manufacturer: beam=""ABQ"" pdf=""Association Declared Product"" | Product Brand Name: beam=""Can. Quebec Avg."" pdf=∅ | Countries of Manufacture: beam=""CA"" pdf=∅ | Markets of Applicability: beam=""CA"" pdf=∅ | Stated EPD kgCO2e / unit: beam=""237.5"" pdf=""278.1"" | Density: beam=""2305"" pdf=∅ | Density Units: beam=""kg/m3"" pdf=∅ | EPD Type: beam=""Industry average"" pdf=∅ | EPD Owner: beam=""Association Beton Quebec"" pdf=""J4B 0G6, Canada"" | EPD Program / Operator: beam=""ASTM"" pdf=""NSF International"" | LCA Method: beam=""TRACI 2.1 V1.02"" pdf=""and other calculation methodologies are """
aaacc6,EPD 352,—,—,—,—,—,—,MATCH,—,MISMATCH,MISMATCH,MISMATCH,—,—,MISMATCH,MISMATCH,—,MISMATCH,MATCH,—,—,—,—,—,—,—,—,—,—,—,—,—,—,MISMATCH,MISMATCH,—,—,—,—,—,—,—,—,—,—,—,—,—,—,—,—,MATCH,MISMATCH,MISMATCH,MATCH,MISMATCH,MATCH,MATCH,—,MATCH,MISMATCH,—,—,—,—,36.8%,"Material: beam=""Concrete - 25 MPa, 30% FA, GU"" pdf=∅ | Manufacturer: beam=""ABQ"" pdf=""Association Declared Product"" | Product Brand Name: beam=""Can. Quebec Avg."" pdf=∅ | Countries of Manufacture: beam=""CA"" pdf=∅ | Markets of Applicability: beam=""CA"" pdf=∅ | Stated EPD kgCO2e / unit: beam=""224.48"" pdf=""278.1"" | Density: beam=""2305"" pdf=∅ | Density Units: beam=""kg/m3"" pdf=∅ | EPD Type: beam=""Industry average"" pdf=∅ | EPD Owner: beam=""Association Beton Quebec"" pdf=""J4B 0G6, Canada"" | EPD Program / Operator: beam=""ASTM"" pdf=""NSF International"" | LCA Method: beam=""TRACI 2.1 V1.02"" pdf=""and other calculation methodologies are """
aaacc7,EPD 352,—,—,—,—,—,—,MATCH,—,MISMATCH,MISMATCH,MISMATCH,—,—,MISMATCH,MISMATCH,—,MISMATCH,MATCH,—,—,—,—,—,—,—,—,—,—,—,—,—,—,MISMATCH,MISMATCH,—,—,—,—,—,—,—,—,—,—,—,—,—,—,—,—,MATCH,MISMATCH,MISMATCH,MATCH,MISMATCH,MATCH,MATCH,—,MATCH,MISMATCH,—,—,—,—,36.8%,"Material: beam=""Concrete - 30 MPa, Quebec Baseline Avera"" pdf=∅ | Manufacturer: beam=""ABQ"" pdf=""Association Declared Product"" | Product Brand Name: beam=""Can. Quebec Avg."" pdf=∅ | Countries of Manufacture: beam=""CA"" pdf=∅ | Markets of Applicability: beam=""CA"" pdf=∅ | Stated EPD kgCO2e / unit: beam=""326.97"" pdf=""278.1"" | Density: beam=""2305"" pdf=∅ | Density Units: beam=""kg/m3"" pdf=∅ | EPD Type: beam=""Industry average"" pdf=∅ | EPD Owner: beam=""Association Beton Quebec"" pdf=""J4B 0G6, Canada"" | EPD Program / Operator: beam=""ASTM"" pdf=""NSF International"" | LCA Method: beam=""TRACI 2.1 V1.02"" pdf=""and other calculation methodologies are """
aaacc8,EPD 352,—,—,—,—,—,—,MATCH,—,MISMATCH,MISMATCH,MISMATCH,—,—,MISMATCH,MISMATCH,—,MISMATCH,MATCH,—,—,—,—,—,—,—,—,—,—,—,—,—,—,MISMATCH,MISMATCH,—,—,—,—,—,—,—,—,—,—,—,—,—,—,—,—,MATCH,MISMATCH,MISMATCH,MATCH,MISMATCH,MATCH,MATCH,—,MATCH,MISMATCH,—,—,—,—,36.8%,"Material: beam=""Concrete - 30 MPa, 10% SL, GU"" pdf=∅ | Manufacturer: beam=""ABQ"" pdf=""Association Declared Product"" | Product Brand Name: beam=""Can. Quebec Avg."" pdf=∅ | Countries of Manufacture: beam=""CA"" pdf=∅ | Markets of Applicability: beam=""CA"" pdf=∅ | Stated EPD kgCO2e / unit: beam=""312.78"" pdf=""278.1"" | Density: beam=""2305"" pdf=∅ | Density Units: beam=""kg/m3"" pdf=∅ | EPD Type: beam=""Industry average"" pdf=∅ | EPD Owner: beam=""Association Beton Quebec"" pdf=""J4B 0G6, Canada"" | EPD Program / Operator: beam=""ASTM"" pdf=""NSF International"" | LCA Method: beam=""TRACI 2.1 V1.02"" pdf=""and other calculation methodologies are """
aaacc9,EPD 352,—,—,—,—,—,—,MATCH,—,MISMATCH,MISMATCH,MISMATCH,—,—,MISMATCH,MISMATCH,—,MISMATCH,MATCH,—,—,—,—,—,—,—,—,—,—,—,—,—,—,MISMATCH,MISMATCH,—,—,—,—,—,—,—,—,—,—,—,—,—,—,—,—,MATCH,MISMATCH,MISMATCH,MATCH,MISMATCH,MATCH,MATCH,—,MATCH,MISMATCH,—,—,—,—,36.8%,"Material: beam=""Concrete - 30 MPa, 10% FA, GU"" pdf=∅ | Manufacturer: beam=""ABQ"" pdf=""Association Declared Product"" | Product Brand Name: beam=""Can. Quebec Avg."" pdf=∅ | Countries of Manufacture: beam=""CA"" pdf=∅ | Markets of Applicability: beam=""CA"" pdf=∅ | Stated EPD kgCO2e / unit: beam=""307.94"" pdf=""278.1"" | Density: beam=""2305"" pdf=∅ | Density Units: beam=""kg/m3"" pdf=∅ | EPD Type: beam=""Industry average"" pdf=∅ | EPD Owner: beam=""Association Beton Quebec"" pdf=""J4B 0G6, Canada"" | EPD Program / Operator: beam=""ASTM"" pdf=""NSF International"" | LCA Method: beam=""TRACI 2.1 V1.02"" pdf=""and other calculation methodologies are """
fdsj68,EPD 352,—,—,—,—,—,—,MATCH,—,MISMATCH,MISMATCH,MISMATCH,—,—,MISMATCH,MISMATCH,—,MISMATCH,MATCH,—,—,—,—,—,—,—,—,—,—,—,—,—,—,MISMATCH,MISMATCH,—,—,—,—,—,—,—,—,—,—,—,—,—,—,—,—,MATCH,MISMATCH,MISMATCH,MATCH,MISMATCH,MATCH,MATCH,—,MATCH,MISMATCH,—,—,—,—,36.8%,"Material: beam=""Concrete - 25 MPa, Quebec Baseline Avera"" pdf=∅ | Manufacturer: beam=""ABQ"" pdf=""Association Declared Product"" | Product Brand Name: beam=""Can. Quebec Avg."" pdf=∅ | Countries of Manufacture: beam=""CA"" pdf=∅ | Markets of Applicability: beam=""CA"" pdf=∅ | Stated EPD kgCO2e / unit: beam=""293.15"" pdf=""278.1"" | Density: beam=""2305"" pdf=∅ | Density Units: beam=""kg/m3"" pdf=∅ | EPD Type: beam=""Industry average"" pdf=∅ | EPD Owner: beam=""Association Beton Quebec"" pdf=""J4B 0G6, Canada"" | EPD Program / Operator: beam=""ASTM"" pdf=""NSF International"" | LCA Method: beam=""TRACI 2.1 V1.02"" pdf=""and other calculation methodologies are """
INT008,EPD 354,—,—,—,—,—,—,MISMATCH,—,MISMATCH,MISMATCH,MISMATCH,MISMATCH,—,MISMATCH,MISMATCH,—,MISMATCH,MISMATCH,—,—,—,—,—,—,—,—,—,—,—,—,—,—,MISMATCH,MISMATCH,—,—,—,—,—,—,—,—,—,—,—,MISMATCH,—,—,—,—,MATCH,MATCH,MISMATCH,MISMATCH,MATCH,MATCH,MISMATCH,MATCH,MISMATCH,MATCH,MATCH,MISMATCH,MISMATCH,—,28.0%,"EPD Expiry: beam=""2027"" pdf=∅ | Material: beam=""Wood wool boards"" pdf=∅ | Manufacturer: beam=""Armstrong"" pdf=∅ | Product Brand Name: beam=""Tectum"" pdf=∅ | Specifications: beam=""2"""" pdf=∅ | Countries of Manufacture: beam=""US"" pdf=∅ | Markets of Applicability: beam=""US & CA"" pdf=""CAN, USA"" | Stated EPD kgCO2e / unit: beam=""1.33"" pdf=""2.1"" | GWP units kgCO2e per: beam=""ft2"" pdf=""OR DECLARED UNIT 1 Square Foot"" | Density: beam=""17.09"" pdf=∅ | Density Units: beam=""kg/m2"" pdf=∅ | Material Type: beam=""Wood wool board"" pdf=""Wood fiber insulation"" | EPD Owner: beam=""Armstrong"" pdf=""ASTM"" | EPD/LCA Prepared by: beam=""ASTM"" pdf=∅ | EPD Verifying Agent: beam=""Tom Gloria, Industrial Ecology Consultan"" pdf=∅ | EPD PCR Guidelines: beam=""PCR for building-related products, 2021"" pdf=""Non-Metal Ceiling Panel EPD Requirements"" | EPD LCI Database: beam=""GaBi 2022.1"" pdf=∅ | Product Service Life (Years): beam=""30"" pdf=∅"
BRI005,EPD 359,—,—,—,—,—,—,MISMATCH,—,MISMATCH,MATCH,MISMATCH,MISMATCH,—,MISMATCH,MISMATCH,—,MISMATCH,MATCH,—,—,—,—,—,—,—,—,—,—,—,—,—,—,MISMATCH,MISMATCH,—,MISMATCH,—,—,—,—,MISMATCH,MISMATCH,MISMATCH,MISMATCH,—,MATCH,—,—,—,—,MATCH,MISMATCH,MATCH,—,MATCH,MATCH,MISMATCH,—,MATCH,MISMATCH,—,—,—,—,32.0%,"EPD Expiry: beam=""2027-09-20"" pdf=""2023-06-30"" | Material: beam=""Brick, Clay"" pdf=∅ | Product Brand Name: beam=""Avg Face Brick"" pdf=∅ | Specifications: beam=""3-5/8"" x 2-3/4"" x 7-5/8"" (92 x 70 x 194 "" pdf=∅ | Countries of Manufacture: beam=""CA"" pdf=∅ | Markets of Applicability: beam=""US & CA"" pdf=∅ | Stated EPD kgCO2e / unit: beam=""721"" pdf=""787"" | Density: beam=""269"" pdf=""2060"" | Density Units: beam=""kgCO2/m3 mortar"" pdf=""kg/m3"" | Addn'l factor units: beam=""83% brick, 17% mortar"" pdf=∅ | Length (m): beam=""0.070"" pdf=∅ | Width (m): beam=""0.194"" pdf=∅ | Depth (m): beam=""0.092"" pdf=∅ | Unit Volume (m3): beam=""0.001247"" pdf=∅ | EPD Type: beam=""Product-specific"" pdf=∅ | EPD Verifying Agent: beam=""Timothy S. Brooke"" pdf=""ASTM International"" | LCA Method: beam=""TRACI 2.1"" pdf=∅"
BRI006,EPD 359,—,—,—,—,—,—,MISMATCH,—,MISMATCH,MATCH,MISMATCH,MISMATCH,—,MISMATCH,MISMATCH,—,MISMATCH,MATCH,—,—,—,—,—,—,—,—,—,—,—,—,—,—,MISMATCH,MISMATCH,—,MISMATCH,—,—,—,—,MISMATCH,MISMATCH,MISMATCH,MISMATCH,—,MATCH,—,—,—,—,MATCH,MISMATCH,MATCH,—,MATCH,MATCH,MISMATCH,—,MATCH,MISMATCH,—,—,—,—,32.0%,"EPD Expiry: beam=""2027-09-20"" pdf=""2023-06-30"" | Material: beam=""Brick, Clay"" pdf=∅ | Product Brand Name: beam=""Slender - Thin Face Brick"" pdf=∅ | Specifications: beam=""2 1/4"" x 1/2"" x 7-1/2"" (57 x 12.7 mm x 1"" pdf=∅ | Countries of Manufacture: beam=""CA"" pdf=∅ | Markets of Applicability: beam=""US & CA"" pdf=∅ | Stated EPD kgCO2e / unit: beam=""721"" pdf=""787"" | Density: beam=""269"" pdf=""2060"" | Density Units: beam=""kgCO2/m3 mortar"" pdf=""kg/m3"" | Addn'l factor units: beam=""83% brick, 17% mortar"" pdf=∅ | Length (m): beam=""0.190"" pdf=∅ | Width (m): beam=""0.013"" pdf=∅ | Depth (m): beam=""0.057"" pdf=∅ | Unit Volume (m3): beam=""0.000000"" pdf=∅ | EPD Type: beam=""Product-specific"" pdf=∅ | EPD Verifying Agent: beam=""Timothy S. Brooke"" pdf=""ASTM International"" | LCA Method: beam=""TRACI 2.1"" pdf=∅"
HWF000,EPD 360,—,—,—,—,—,—,MATCH,—,MISMATCH,MISMATCH,MISMATCH,MISMATCH,—,MISMATCH,MISMATCH,—,MISMATCH,MISMATCH,—,—,—,—,—,—,—,—,—,—,—,—,—,—,MISMATCH,MISMATCH,—,—,—,—,—,—,—,—,—,—,—,MATCH,—,—,—,—,MISMATCH,MATCH,MISMATCH,MISMATCH,MISMATCH,MATCH,MISMATCH,MISMATCH,MATCH,MATCH,MATCH,MATCH,MATCH,—,36.0%,"Material: beam=""Hempwood"" pdf=∅ | Manufacturer: beam=""Fibonacci, LLC,"" pdf=""MANUFACTURER Fibonacci, LLC"" | Product Brand Name: beam=""HempWood® Natural Flooring"" pdf=∅ | Specifications: beam=""16 mm"" pdf=∅ | Countries of Manufacture: beam=""US"" pdf=∅ | Markets of Applicability: beam=""US & CA"" pdf=∅ | Stated EPD kgCO2e / unit: beam=""11.2"" pdf=""11.62"" | GWP units kgCO2e per: beam=""m2"" pdf=""HempWood® Natural Flooring - 1 m in use "" | Density: beam=""10.5"" pdf=""1063"" | Density Units: beam=""kg/m2"" pdf=""kg/m3"" | EPD ID: beam=""EPD 360"" pdf=""360"" | EPD Owner: beam=""Fibonacci, LLC,"" pdf=∅ | EPD/LCA Prepared by: beam=""Four Elements Consulting, LLC, Life Cycl"" pdf=∅ | EPD Program / Operator: beam=""ASTM International,"" pdf=""IBU"" | EPD Verifying Agent: beam=""Tom Gloria, PhD, Industrial Ecology Cons"" pdf=∅ | EPD Standards: beam=""--"" pdf=""ISO 14025, ISO 21930, EN 15804, ISO 1404"""
REB000,EPD 362,—,—,—,—,—,—,MATCH,—,MISMATCH,MATCH,MISMATCH,MISMATCH,—,MISMATCH,MISMATCH,—,MISMATCH,MISMATCH,—,—,—,—,—,—,—,—,—,—,—,—,—,—,MATCH,MATCH,MISMATCH,MISMATCH,—,—,—,—,—,—,—,—,—,MATCH,—,—,—,—,MATCH,MISMATCH,MISMATCH,MISMATCH,MATCH,MATCH,MISMATCH,MATCH,MISMATCH,MISMATCH,—,MISMATCH,—,—,36.0%,"Material: beam=""Rebar"" pdf=∅ | Product Brand Name: beam=""Canadian sizes"" pdf=∅ | Specifications: beam=""10M"" pdf=∅ | Countries of Manufacture: beam=""US & CA"" pdf=""USA"" | Markets of Applicability: beam=""US & CA"" pdf=""CAN, USA"" | Stated EPD kgCO2e / unit: beam=""0.854"" pdf=""778"" | GWP units kgCO2e per: beam=""kg"" pdf=""and therefore do not provide sufficient "" | Addn'l factors: beam=""0.785"" pdf=∅ | Addn'l factor units: beam=""kg/m"" pdf=∅ | EPD Type: beam=""Industry average"" pdf=∅ | EPD Owner: beam=""Concrete Reinforcing Steel Institute"" pdf=""ASTM International"" | EPD/LCA Prepared by: beam=""ASTM International"" pdf=""Sphera"" | EPD Verifying Agent: beam=""Industrial Ecology Consultants"" pdf=""in accordance with ISO"" | EPD PCR Guidelines: beam=""Designated Steel Construction Product, U"" pdf=""Designated Steel Construction Product EP"" | LCA Method: beam=""TRACI 2.1"" pdf=∅ | EPD LCI Database: beam=""GaBi 2021"" pdf=∅"
REB001,EPD 362,—,—,—,—,—,—,MATCH,—,MISMATCH,MATCH,MISMATCH,MISMATCH,—,MISMATCH,MISMATCH,—,MISMATCH,MISMATCH,—,—,—,—,—,—,—,—,—,—,—,—,—,—,MATCH,MATCH,MISMATCH,MISMATCH,—,—,—,—,—,—,—,—,—,MATCH,—,—,—,—,MATCH,MISMATCH,MISMATCH,MISMATCH,MATCH,MATCH,MISMATCH,MATCH,MISMATCH,MISMATCH,—,MISMATCH,—,—,36.0%,"Material: beam=""Rebar"" pdf=∅ | Product Brand Name: beam=""Canadian sizes"" pdf=∅ | Specifications: beam=""15M"" pdf=∅ | Countries of Manufacture: beam=""US & CA"" pdf=""USA"" | Markets of Applicability: beam=""US & CA"" pdf=""CAN, USA"" | Stated EPD kgCO2e / unit: beam=""0.854"" pdf=""778"" | GWP units kgCO2e per: beam=""kg"" pdf=""and therefore do not provide sufficient "" | Addn'l factors: beam=""1.57"" pdf=∅ | Addn'l factor units: beam=""kg/m"" pdf=∅ | EPD Type: beam=""Industry average"" pdf=∅ | EPD Owner: beam=""Concrete Reinforcing Steel Institute"" pdf=""ASTM International"" | EPD/LCA Prepared by: beam=""ASTM International"" pdf=""Sphera"" | EPD Verifying Agent: beam=""Industrial Ecology Consultants"" pdf=""in accordance with ISO"" | EPD PCR Guidelines: beam=""Designated Steel Construction Product, U"" pdf=""Designated Steel Construction Product EP"" | LCA Method: beam=""TRACI 2.1"" pdf=∅ | EPD LCI Database: beam=""GaBi 2021"" pdf=∅"
REB002,EPD 362,—,—,—,—,—,—,MATCH,—,MISMATCH,MATCH,MISMATCH,MISMATCH,—,MISMATCH,MISMATCH,—,MISMATCH,MISMATCH,—,—,—,—,—,—,—,—,—,—,—,—,—,—,MATCH,MATCH,MISMATCH,MISMATCH,—,—,—,—,—,—,—,—,—,MATCH,—,—,—,—,MATCH,MISMATCH,MISMATCH,MISMATCH,MATCH,MATCH,MISMATCH,MATCH,MISMATCH,MISMATCH,—,MISMATCH,—,—,36.0%,"Material: beam=""Rebar"" pdf=∅ | Product Brand Name: beam=""Canadian sizes"" pdf=∅ | Specifications: beam=""20M"" pdf=∅ | Countries of Manufacture: beam=""US & CA"" pdf=""USA"" | Markets of Applicability: beam=""US & CA"" pdf=""CAN, USA"" | Stated EPD kgCO2e / unit: beam=""0.854"" pdf=""778"" | GWP units kgCO2e per: beam=""kg"" pdf=""and therefore do not provide sufficient "" | Addn'l factors: beam=""2.355"" pdf=∅ | Addn'l factor units: beam=""kg/m"" pdf=∅ | EPD Type: beam=""Industry average"" pdf=∅ | EPD Owner: beam=""Concrete Reinforcing Steel Institute"" pdf=""ASTM International"" | EPD/LCA Prepared by: beam=""ASTM International"" pdf=""Sphera"" | EPD Verifying Agent: beam=""Industrial Ecology Consultants"" pdf=""in accordance with ISO"" | EPD PCR Guidelines: beam=""Designated Steel Construction Product, U"" pdf=""Designated Steel Construction Product EP"" | LCA Method: beam=""TRACI 2.1"" pdf=∅ | EPD LCI Database: beam=""GaBi 2021"" pdf=∅"
REB003,EPD 362,—,—,—,—,—,—,MATCH,—,MISMATCH,MATCH,MISMATCH,MISMATCH,—,MISMATCH,MISMATCH,—,MISMATCH,MISMATCH,—,—,—,—,—,—,—,—,—,—,—,—,—,—,MATCH,MATCH,MISMATCH,MISMATCH,—,—,—,—,—,—,—,—,—,MATCH,—,—,—,—,MATCH,MISMATCH,MISMATCH,MISMATCH,MATCH,MATCH,MISMATCH,MATCH,MISMATCH,MISMATCH,—,MISMATCH,—,—,36.0%,"Material: beam=""Rebar"" pdf=∅ | Product Brand Name: beam=""US sizes"" pdf=∅ | Specifications: beam=""#3"" pdf=∅ | Countries of Manufacture: beam=""US & CA"" pdf=""USA"" | Markets of Applicability: beam=""US & CA"" pdf=""CAN, USA"" | Stated EPD kgCO2e / unit: beam=""0.854"" pdf=""778"" | GWP units kgCO2e per: beam=""kg"" pdf=""and therefore do not provide sufficient "" | Addn'l factors: beam=""0.561"" pdf=∅ | Addn'l factor units: beam=""kg/m"" pdf=∅ | EPD Type: beam=""Industry average"" pdf=∅ | EPD Owner: beam=""Concrete Reinforcing Steel Institute"" pdf=""ASTM International"" | EPD/LCA Prepared by: beam=""ASTM International"" pdf=""Sphera"" | EPD Verifying Agent: beam=""Industrial Ecology Consultants"" pdf=""in accordance with ISO"" | EPD PCR Guidelines: beam=""Designated Steel Construction Product, U"" pdf=""Designated Steel Construction Product EP"" | LCA Method: beam=""TRACI 2.1"" pdf=∅ | EPD LCI Database: beam=""GaBi 2021"" pdf=∅"
REB004,EPD 362,—,—,—,—,—,—,MATCH,—,MISMATCH,MATCH,MISMATCH,MISMATCH,—,MISMATCH,MISMATCH,—,MISMATCH,MISMATCH,—,—,—,—,—,—,—,—,—,—,—,—,—,—,MATCH,MATCH,MISMATCH,MISMATCH,—,—,—,—,—,—,—,—,—,MATCH,—,—,—,—,MATCH,MISMATCH,MISMATCH,MISMATCH,MATCH,MATCH,MISMATCH,MATCH,MISMATCH,MISMATCH,—,MISMATCH,—,—,36.0%,"Material: beam=""Rebar"" pdf=∅ | Product Brand Name: beam=""US sizes"" pdf=∅ | Specifications: beam=""#4"" pdf=∅ | Countries of Manufacture: beam=""US & CA"" pdf=""USA"" | Markets of Applicability: beam=""US & CA"" pdf=""CAN, USA"" | Stated EPD kgCO2e / unit: beam=""0.854"" pdf=""778"" | GWP units kgCO2e per: beam=""kg"" pdf=""and therefore do not provide sufficient "" | Addn'l factors: beam=""0.996"" pdf=∅ | Addn'l factor units: beam=""kg/m"" pdf=∅ | EPD Type: beam=""Industry average"" pdf=∅ | EPD Owner: beam=""Concrete Reinforcing Steel Institute"" pdf=""ASTM International"" | EPD/LCA Prepared by: beam=""ASTM International"" pdf=""Sphera"" | EPD Verifying Agent: beam=""Industrial Ecology Consultants"" pdf=""in accordance with ISO"" | EPD PCR Guidelines: beam=""Designated Steel Construction Product, U"" pdf=""Designated Steel Construction Product EP"" | LCA Method: beam=""TRACI 2.1"" pdf=∅ | EPD LCI Database: beam=""GaBi 2021"" pdf=∅"
REB005,EPD 362,—,—,—,—,—,—,MATCH,—,MISMATCH,MATCH,MISMATCH,MISMATCH,—,MISMATCH,MISMATCH,—,MISMATCH,MISMATCH,—,—,—,—,—,—,—,—,—,—,—,—,—,—,MATCH,MATCH,MISMATCH,MISMATCH,—,—,—,—,—,—,—,—,—,MATCH,—,—,—,—,MATCH,MISMATCH,MISMATCH,MISMATCH,MATCH,MATCH,MISMATCH,MATCH,MISMATCH,MISMATCH,—,MISMATCH,—,—,36.0%,"Material: beam=""Rebar"" pdf=∅ | Product Brand Name: beam=""US sizes"" pdf=∅ | Specifications: beam=""#5"" pdf=∅ | Countries of Manufacture: beam=""US & CA"" pdf=""USA"" | Markets of Applicability: beam=""US & CA"" pdf=""CAN, USA"" | Stated EPD kgCO2e / unit: beam=""0.854"" pdf=""778"" | GWP units kgCO2e per: beam=""kg"" pdf=""and therefore do not provide sufficient "" | Addn'l factors: beam=""1.556"" pdf=∅ | Addn'l factor units: beam=""kg/m"" pdf=∅ | EPD Type: beam=""Industry average"" pdf=∅ | EPD Owner: beam=""Concrete Reinforcing Steel Institute"" pdf=""ASTM International"" | EPD/LCA Prepared by: beam=""ASTM International"" pdf=""Sphera"" | EPD Verifying Agent: beam=""Industrial Ecology Consultants"" pdf=""in accordance with ISO"" | EPD PCR Guidelines: beam=""Designated Steel Construction Product, U"" pdf=""Designated Steel Construction Product EP"" | LCA Method: beam=""TRACI 2.1"" pdf=∅ | EPD LCI Database: beam=""GaBi 2021"" pdf=∅"
REB006,EPD 362,—,—,—,—,—,—,MATCH,—,MISMATCH,MATCH,MISMATCH,MISMATCH,—,MISMATCH,MISMATCH,—,MISMATCH,MISMATCH,—,—,—,—,—,—,—,—,—,—,—,—,—,—,MATCH,MATCH,MISMATCH,MISMATCH,—,—,—,—,—,—,—,—,—,MATCH,—,—,—,—,MATCH,MISMATCH,MISMATCH,MISMATCH,MATCH,MATCH,MISMATCH,MATCH,MISMATCH,MISMATCH,—,MISMATCH,—,—,36.0%,"Material: beam=""Rebar"" pdf=∅ | Product Brand Name: beam=""US sizes"" pdf=∅ | Specifications: beam=""#6"" pdf=∅ | Countries of Manufacture: beam=""US & CA"" pdf=""USA"" | Markets of Applicability: beam=""US & CA"" pdf=""CAN, USA"" | Stated EPD kgCO2e / unit: beam=""0.854"" pdf=""778"" | GWP units kgCO2e per: beam=""kg"" pdf=""and therefore do not provide sufficient "" | Addn'l factors: beam=""2.24"" pdf=∅ | Addn'l factor units: beam=""kg/m"" pdf=∅ | EPD Type: beam=""Industry average"" pdf=∅ | EPD Owner: beam=""Concrete Reinforcing Steel Institute"" pdf=""ASTM International"" | EPD/LCA Prepared by: beam=""ASTM International"" pdf=""Sphera"" | EPD Verifying Agent: beam=""Industrial Ecology Consultants"" pdf=""in accordance with ISO"" | EPD PCR Guidelines: beam=""Designated Steel Construction Product, U"" pdf=""Designated Steel Construction Product EP"" | LCA Method: beam=""TRACI 2.1"" pdf=∅ | EPD LCI Database: beam=""GaBi 2021"" pdf=∅"
REB007,EPD 362,—,—,—,—,—,—,MATCH,—,MISMATCH,MATCH,MISMATCH,MISMATCH,—,MISMATCH,MISMATCH,—,MISMATCH,MISMATCH,—,—,—,—,—,—,—,—,—,—,—,—,—,—,MATCH,MATCH,MISMATCH,MISMATCH,—,—,—,—,—,—,—,—,—,MATCH,—,—,—,—,MATCH,MISMATCH,MISMATCH,MISMATCH,MATCH,MATCH,MISMATCH,MATCH,MISMATCH,MISMATCH,—,MISMATCH,—,—,36.0%,"Material: beam=""Rebar"" pdf=∅ | Product Brand Name: beam=""US sizes"" pdf=∅ | Specifications: beam=""#7"" pdf=∅ | Countries of Manufacture: beam=""US & CA"" pdf=""USA"" | Markets of Applicability: beam=""US & CA"" pdf=""CAN, USA"" | Stated EPD kgCO2e / unit: beam=""0.854"" pdf=""778"" | GWP units kgCO2e per: beam=""kg"" pdf=""and therefore do not provide sufficient "" | Addn'l factors: beam=""3.049"" pdf=∅ | Addn'l factor units: beam=""kg/m"" pdf=∅ | EPD Type: beam=""Industry average"" pdf=∅ | EPD Owner: beam=""Concrete Reinforcing Steel Institute"" pdf=""ASTM International"" | EPD/LCA Prepared by: beam=""ASTM International"" pdf=""Sphera"" | EPD Verifying Agent: beam=""Industrial Ecology Consultants"" pdf=""in accordance with ISO"" | EPD PCR Guidelines: beam=""Designated Steel Construction Product, U"" pdf=""Designated Steel Construction Product EP"" | LCA Method: beam=""TRACI 2.1"" pdf=∅ | EPD LCI Database: beam=""GaBi 2021"" pdf=∅"
REB008,EPD 362,—,—,—,—,—,—,MATCH,—,MISMATCH,MATCH,MISMATCH,MISMATCH,—,MISMATCH,MISMATCH,—,MISMATCH,MISMATCH,—,—,—,—,—,—,—,—,—,—,—,—,—,—,MATCH,MATCH,MISMATCH,MISMATCH,—,—,—,—,—,—,—,—,—,MATCH,—,—,—,—,MATCH,MISMATCH,MISMATCH,MISMATCH,MATCH,MATCH,MISMATCH,MATCH,MISMATCH,MISMATCH,—,MISMATCH,—,—,36.0%,"Material: beam=""Rebar"" pdf=∅ | Product Brand Name: beam=""US sizes"" pdf=∅ | Specifications: beam=""#8"" pdf=∅ | Countries of Manufacture: beam=""US & CA"" pdf=""USA"" | Markets of Applicability: beam=""US & CA"" pdf=""CAN, USA"" | Stated EPD kgCO2e / unit: beam=""0.854"" pdf=""778"" | GWP units kgCO2e per: beam=""kg"" pdf=""and therefore do not provide sufficient "" | Addn'l factors: beam=""3.982"" pdf=∅ | Addn'l factor units: beam=""kg/m"" pdf=∅ | EPD Type: beam=""Industry average"" pdf=∅ | EPD Owner: beam=""Concrete Reinforcing Steel Institute"" pdf=""ASTM International"" | EPD/LCA Prepared by: beam=""ASTM International"" pdf=""Sphera"" | EPD Verifying Agent: beam=""Industrial Ecology Consultants"" pdf=""in accordance with ISO"" | EPD PCR Guidelines: beam=""Designated Steel Construction Product, U"" pdf=""Designated Steel Construction Product EP"" | LCA Method: beam=""TRACI 2.1"" pdf=∅ | EPD LCI Database: beam=""GaBi 2021"" pdf=∅"
EWF000,EPD 392,—,—,—,—,—,—,MATCH,—,MISMATCH,MISMATCH,MISMATCH,MISMATCH,—,MATCH,MISMATCH,—,MATCH,MISMATCH,—,—,—,—,MISMATCH,—,—,—,—,—,—,—,—,—,—,—,—,—,—,—,—,—,—,—,—,—,—,MATCH,—,—,—,—,MATCH,MATCH,MISMATCH,MISMATCH,MATCH,MATCH,MATCH,—,MATCH,MATCH,MATCH,MISMATCH,—,—,54.5%,"Material: beam=""Engineered Wood Flooring"" pdf=∅ | Manufacturer: beam=""NWFA and Decorative Hardwoods Associatio"" pdf=""National Wood Flooring Association"" | Product Brand Name: beam=""Engineered Wood Flooring"" pdf=∅ | Specifications: beam=""3/8"" to 3/4"""" pdf=∅ | Markets of Applicability: beam=""US & CA"" pdf=""Construction Sector, Flooring"" | GWP units kgCO2e per: beam=""m²"" pdf=""1 m³"" | GWP-bio from EPD: beam=""11.720"" pdf=""0"" | EPD Owner: beam=""National Wood Flooring Association (NWFA"" pdf=∅ | EPD/LCA Prepared by: beam=""Athena Sustainable Materials Institute"" pdf=""PRé Consultants"" | EPD LCI Database: beam=""USLCI, Ecoinvent 3.5, Datasmart"" pdf=""http://www.nrel.gov/lci/"""
WWF000,EPD 393,—,—,—,—,—,—,MATCH,—,MISMATCH,MISMATCH,MISMATCH,MISMATCH,—,MATCH,MISMATCH,—,MATCH,MATCH,—,—,—,—,MISMATCH,—,—,—,—,—,—,—,—,—,—,—,—,—,—,—,—,—,—,—,—,—,—,MATCH,—,—,—,—,MATCH,MATCH,MISMATCH,MISMATCH,MATCH,MATCH,MATCH,—,MATCH,MATCH,MATCH,MISMATCH,—,—,59.1%,"Material: beam=""Hardwood flooring"" pdf=∅ | Manufacturer: beam=""NWFA and Decorative Hardwoods Associatio"" pdf=""the Eastern United States utilizing"" | Product Brand Name: beam=""Solid Wood Flooring"" pdf=∅ | Specifications: beam=""3/4"""" pdf=∅ | Markets of Applicability: beam=""US & CA"" pdf=""Construction Sector, Flooring"" | GWP-bio from EPD: beam=""22.11"" pdf=""0"" | EPD Owner: beam=""National Wood Flooring Association (NWFA"" pdf=∅ | EPD/LCA Prepared by: beam=""Athena Sustainable Materials Institute"" pdf=""PRé Consultants"" | EPD LCI Database: beam=""USLCI, Ecoinvent 3.5, Datasmart"" pdf=""http://www.nrel.gov/lci/"""
LAM006,EPD 407,—,—,—,—,—,—,MISMATCH,—,MISMATCH,MATCH,MISMATCH,MISMATCH,—,MISMATCH,MISMATCH,—,MISMATCH,MATCH,—,—,—,—,MISMATCH,—,—,—,—,—,—,—,—,—,MISMATCH,MATCH,—,—,—,—,—,—,—,—,—,—,—,MISMATCH,—,—,—,—,MISMATCH,MATCH,MISMATCH,MISMATCH,MATCH,MISMATCH,MISMATCH,MISMATCH,MISMATCH,MISMATCH,MISMATCH,MISMATCH,—,—,20.0%,"EPD Expiry: beam=""2027"" pdf=∅ | Material: beam=""Glued Laminated Timber (Glulam)"" pdf=∅ | Product Brand Name: beam=""Glued Laminated Timber"" pdf=∅ | Specifications: beam=""Ontario"" pdf=∅ | Countries of Manufacture: beam=""CA"" pdf=∅ | Markets of Applicability: beam=""US & CA"" pdf=∅ | Stated EPD kgCO2e / unit: beam=""122"" pdf=∅ | GWP-bio from EPD: beam=""865.9"" pdf=∅ | Density: beam=""448"" pdf=""500"" | Material Type: beam=""Structure"" pdf=""Engineered wood"" | EPD ID: beam=""EPD 407"" pdf=""EPD"" | EPD Owner: beam=""Element5"" pdf=""is liable for the underlying"" | EPD/LCA Prepared by: beam=""Athena Sustainable Materials Institute"" pdf=""Lindita Bushi PhD, Grant Finlayson, and"" | Internal/External Validation: beam=""External"" pdf=∅ | EPD Verifying Agent: beam=""Tom Gloria, Industrial Ecology Consultan"" pdf=""ASTM in accordance with ISO 14025 and th"" | EPD Standards: beam=""ISO 21930:2018"" pdf=""ISO 14025:2006, ISO 21930:2017, ISO 1404"" | EPD PCR Guidelines: beam=""Structural and Architectural Wood Produc"" pdf=""2019 (2), ISO 21930 (3), ISO 14025 (4), "" | LCA Method: beam=""TRACI 2.1"" pdf=""(12), CML-"" | EPD LCA Software: beam=""SimaPro 9.2"" pdf=""contains recognized databases"" | EPD LCI Database: beam=""Custom LCI"" pdf=""for Canada, North A and global, and US L"""
LAM007,EPD 408,—,—,—,—,—,—,MISMATCH,—,MISMATCH,MATCH,MISMATCH,MISMATCH,—,MATCH,MISMATCH,—,MISMATCH,MATCH,—,—,—,—,MISMATCH,—,—,—,—,—,—,—,—,—,MISMATCH,MATCH,—,—,—,—,—,—,—,—,MISMATCH,—,—,MATCH,—,—,—,—,MISMATCH,MATCH,MISMATCH,MISMATCH,MATCH,MISMATCH,MISMATCH,MISMATCH,MISMATCH,MISMATCH,MISMATCH,MISMATCH,—,—,26.9%,"EPD Expiry: beam=""2027"" pdf=∅ | Material: beam=""Cross Laminated Timber"" pdf=∅ | Product Brand Name: beam=""Crosslam CLT"" pdf=∅ | Specifications: beam=""3-1/2"""" pdf=∅ | Markets of Applicability: beam=""US & CA"" pdf=∅ | Stated EPD kgCO2e / unit: beam=""122"" pdf=∅ | GWP-bio from EPD: beam=""865.9"" pdf=∅ | Density: beam=""448"" pdf=""500"" | Depth (m): beam=""0.089"" pdf=∅ | EPD ID: beam=""EPD 408"" pdf=""EPD"" | EPD Owner: beam=""Element5"" pdf=""is liable for the underlying"" | EPD/LCA Prepared by: beam=""Athena Sustainable Materials Institute"" pdf=""Lindita Bushi PhD, Grant Finlayson, and"" | Internal/External Validation: beam=""External"" pdf=∅ | EPD Verifying Agent: beam=""Tom Gloria, Industrial Ecology Consultan"" pdf=""ASTM in accordance with ISO 14025 and th"" | EPD Standards: beam=""ISO 21930:2018"" pdf=""ISO 14025:2006, ISO 21930:2017, ISO 1404"" | EPD PCR Guidelines: beam=""Structural and Architectural Wood Produc"" pdf=""2019 (2), ISO 21930 (3), ISO 14025 (4), "" | LCA Method: beam=""TRACI 2.1"" pdf=""(12), CML-"" | EPD LCA Software: beam=""SimaPro 9.2"" pdf=""contains recognized databases"" | EPD LCI Database: beam=""Custom LCI"" pdf=""for Canada, North A and global, and US L"""
TPO001,EPD 446,—,—,—,—,—,—,MATCH,—,MISMATCH,MISMATCH,MISMATCH,MISMATCH,—,MISMATCH,MISMATCH,—,MISMATCH,MISMATCH,—,—,—,—,—,—,—,—,—,—,—,—,—,—,MISMATCH,MISMATCH,—,—,—,—,—,—,—,—,—,—,—,MISMATCH,—,—,—,—,MATCH,MISMATCH,MISMATCH,MISMATCH,MATCH,MATCH,MISMATCH,MATCH,MISMATCH,MISMATCH,—,—,—,—,22.7%,"Material: beam=""TPO roofing membrane"" pdf=∅ | Manufacturer: beam=""Single Ply Roofing Industry"" pdf=""SPRI members. See Table"" | Product Brand Name: beam=""Includes: Carlisle, Johns Manville, Holc"" pdf=∅ | Specifications: beam=""45 mils"" pdf=∅ | Countries of Manufacture: beam=""US"" pdf=∅ | Markets of Applicability: beam=""US & CA"" pdf=""CAN, USA"" | Stated EPD kgCO2e / unit: beam=""5.8"" pdf=""21934.600000000002"" | GWP units kgCO2e per: beam=""m2"" pdf=""and therefore do not provide sufficient "" | Density: beam=""1.15"" pdf=∅ | Density Units: beam=""kg/m2"" pdf=∅ | Material Type: beam=""TPO roofing membrate"" pdf=∅ | EPD Type: beam=""Product-specific"" pdf=""Industry Average"" | EPD Owner: beam=""Single Ply Roofing Industry"" pdf=""ASTM International"" | EPD/LCA Prepared by: beam=""ASTM International"" pdf=""Sphera"" | EPD Verifying Agent: beam=""Industrial Ecology Consultants"" pdf=""in accordance with ISO"" | EPD PCR Guidelines: beam=""Single ply roofing membranes, 2019"" pdf=∅ | LCA Method: beam=""TRACI 2.1"" pdf=∅"
TPO002,EPD 446,—,—,—,—,—,—,MATCH,—,MISMATCH,MISMATCH,MISMATCH,MISMATCH,—,MISMATCH,MISMATCH,—,MISMATCH,MISMATCH,—,—,—,—,—,—,—,—,—,—,—,—,—,—,MISMATCH,MISMATCH,—,—,—,—,—,—,—,—,—,—,—,MISMATCH,—,—,—,—,MATCH,MISMATCH,MISMATCH,MISMATCH,MATCH,MATCH,MISMATCH,MATCH,MISMATCH,MISMATCH,—,—,—,—,22.7%,"Material: beam=""TPO roofing membrane"" pdf=∅ | Manufacturer: beam=""Single Ply Roofing Industry"" pdf=""SPRI members. See Table"" | Product Brand Name: beam=""Includes: Carlisle, Johns Manville, Holc"" pdf=∅ | Specifications: beam=""60 mils"" pdf=∅ | Countries of Manufacture: beam=""US"" pdf=∅ | Markets of Applicability: beam=""US & CA"" pdf=""CAN, USA"" | Stated EPD kgCO2e / unit: beam=""7.5"" pdf=""21934.600000000002"" | GWP units kgCO2e per: beam=""m2"" pdf=""and therefore do not provide sufficient "" | Density: beam=""1.48"" pdf=∅ | Density Units: beam=""kg/m2"" pdf=∅ | Material Type: beam=""TPO roofing membrate"" pdf=∅ | EPD Type: beam=""Product-specific"" pdf=""Industry Average"" | EPD Owner: beam=""Single Ply Roofing Industry"" pdf=""ASTM International"" | EPD/LCA Prepared by: beam=""ASTM International"" pdf=""Sphera"" | EPD Verifying Agent: beam=""Industrial Ecology Consultants"" pdf=""in accordance with ISO"" | EPD PCR Guidelines: beam=""Single ply roofing membranes, 2019"" pdf=∅ | LCA Method: beam=""TRACI 2.1"" pdf=∅"
S12345,EPD 456,—,—,—,—,—,—,MISMATCH,—,MISMATCH,MATCH,MISMATCH,MISMATCH,—,MISMATCH,MISMATCH,—,MISMATCH,MISMATCH,—,—,—,—,—,—,—,—,—,—,—,—,—,—,MISMATCH,MISMATCH,—,—,—,—,—,—,—,—,—,—,—,MISMATCH,—,—,—,—,MATCH,MATCH,MATCH,MISMATCH,MATCH,MISMATCH,MISMATCH,MISMATCH,MATCH,MISMATCH,MISMATCH,—,—,—,26.1%,"EPD Expiry: beam=""2028"" pdf=∅ | Material: beam=""Ground screw"" pdf=∅ | Product Brand Name: beam=""AGS Ground Screws IM3316"" pdf=∅ | Specifications: beam=""76 x 1600 mm"" pdf=∅ | Countries of Manufacture: beam=""China"" pdf=""CHN"" | Markets of Applicability: beam=""US & CA"" pdf=""of all LCI databases and"" | Stated EPD kgCO2e / unit: beam=""43.5"" pdf=""1097.6"" | GWP units kgCO2e per: beam=""1600 mm"" pdf=""One (1) piece of ground screw"" | Density: beam=""11.93"" pdf=∅ | Density Units: beam=""kg/1600 mm"" pdf=∅ | Material Type: beam=""Ground screw"" pdf=∅ | EPD/LCA Prepared by: beam=""Athena Sustainable Materials Institute"" pdf=""Lindita Bushi, Ph.D., Jamie Meil, and Gr"" | Internal/External Validation: beam=""External"" pdf=∅ | EPD Verifying Agent: beam=""Tom Gloria, Industrial Ecology Consultan"" pdf=""ASTM in accordance with ISO 14025 and"" | EPD Standards: beam=""ISO 21931"" pdf=""ISO 14025:2006, ISO 21930:2017, ISO 1404"" | LCA Method: beam=""TRACI 2.1"" pdf=∅ | EPD LCA Software: beam=""SimaPro 9.4"" pdf=""contains recognized databases"""
S12346,EPD 456,—,—,—,—,—,—,MISMATCH,—,MISMATCH,MATCH,MISMATCH,MISMATCH,—,MISMATCH,MISMATCH,—,MISMATCH,MISMATCH,—,—,—,—,—,—,—,—,—,—,—,—,—,—,MISMATCH,MISMATCH,—,—,—,—,—,—,—,—,—,—,—,MISMATCH,—,—,—,—,MATCH,MATCH,MATCH,MISMATCH,MATCH,MISMATCH,MISMATCH,MISMATCH,MATCH,MISMATCH,MISMATCH,—,—,—,26.1%,"EPD Expiry: beam=""2028"" pdf=∅ | Material: beam=""Ground screw"" pdf=∅ | Product Brand Name: beam=""AGS Ground Screws IM4516"" pdf=∅ | Specifications: beam=""114 x 1600 mm"" pdf=∅ | Countries of Manufacture: beam=""China"" pdf=""CHN"" | Markets of Applicability: beam=""US & CA"" pdf=""of all LCI databases and"" | Stated EPD kgCO2e / unit: beam=""65.9"" pdf=""1097.6"" | GWP units kgCO2e per: beam=""1600 mm"" pdf=""One (1) piece of ground screw"" | Density: beam=""17.81"" pdf=∅ | Density Units: beam=""kg/1600 mm"" pdf=∅ | Material Type: beam=""Ground screw"" pdf=∅ | EPD/LCA Prepared by: beam=""Athena Sustainable Materials Institute"" pdf=""Lindita Bushi, Ph.D., Jamie Meil, and Gr"" | Internal/External Validation: beam=""External"" pdf=∅ | EPD Verifying Agent: beam=""Tom Gloria, Industrial Ecology Consultan"" pdf=""ASTM in accordance with ISO 14025 and"" | EPD Standards: beam=""ISO 21931"" pdf=""ISO 14025:2006, ISO 21930:2017, ISO 1404"" | LCA Method: beam=""TRACI 2.1"" pdf=∅ | EPD LCA Software: beam=""SimaPro 9.4"" pdf=""contains recognized databases"""
www112,EPD 499,—,—,—,—,—,—,MISMATCH,—,MISMATCH,MISMATCH,MISMATCH,MISMATCH,—,MISMATCH,MISMATCH,—,MISMATCH,MISMATCH,—,—,—,—,—,—,—,—,—,—,—,—,—,—,—,—,—,—,—,—,—,—,—,—,—,—,—,MISMATCH,—,—,—,—,MISMATCH,MATCH,MISMATCH,MATCH,MATCH,MATCH,MISMATCH,MISMATCH,MISMATCH,MISMATCH,MATCH,—,—,—,23.8%,"EPD Expiry: beam=""2028"" pdf=""2023-09-30"" | Material: beam=""Window, aluminum frame"" pdf=∅ | Manufacturer: beam=""Wasau Window"" pdf=""Wausau Window and Wall Systems, a part o"" | Product Brand Name: beam=""INvent, INvent XLT, INvent PLUS, 8300i, "" pdf=∅ | Specifications: beam=""Double pane"" pdf=∅ | Countries of Manufacture: beam=""US"" pdf=∅ | Markets of Applicability: beam=""US & CA"" pdf=∅ | Stated EPD kgCO2e / unit: beam=""78.16"" pdf=""241.69000000000003"" | GWP units kgCO2e per: beam=""m2"" pdf=""Wausau Window Wall System – per 1 m"" | Material Type: beam=""Double pane window"" pdf=""Aluminum"" | EPD ID: beam=""EPD 499"" pdf=""4790414446.101.1"" | EPD Owner: beam=""Apogee Enterprises"" pdf=∅ | EPD Verifying Agent: beam=""Lindita Bushi, Athena Sustainable Materi"" pdf=""Lindita Bushi, Ph.D., Athena Sustainable"" | EPD Standards: beam=""ISO 21930:2017"" pdf=""ISO 14025, ISO 21930, ISO 14040"" | EPD PCR Guidelines: beam=""Earthsure cradle to gate window product "" pdf=∅ | LCA Method: beam=""TRACI 2.1"" pdf=""developed by the Center of Environmental"""
www113,EPD 499,—,—,—,—,—,—,MISMATCH,—,MISMATCH,MISMATCH,MISMATCH,MISMATCH,—,MISMATCH,MISMATCH,—,MISMATCH,MISMATCH,—,—,—,—,—,—,—,—,—,—,—,—,—,—,—,—,—,—,—,—,—,—,—,—,—,—,—,MISMATCH,—,—,—,—,MISMATCH,MATCH,MISMATCH,MATCH,MATCH,MATCH,MISMATCH,MISMATCH,MISMATCH,MISMATCH,MATCH,—,—,—,23.8%,"EPD Expiry: beam=""2028"" pdf=""2023-09-30"" | Material: beam=""Window, aluminum frame"" pdf=∅ | Manufacturer: beam=""Wasau Window"" pdf=""Wausau Window and Wall Systems, a part o"" | Product Brand Name: beam=""INvent, INvent XLT, INvent PLUS, 8300i, "" pdf=∅ | Specifications: beam=""Double pane"" pdf=∅ | Countries of Manufacture: beam=""US"" pdf=∅ | Markets of Applicability: beam=""US & CA"" pdf=∅ | Stated EPD kgCO2e / unit: beam=""110.51"" pdf=""241.69000000000003"" | GWP units kgCO2e per: beam=""m2"" pdf=""Wausau Window Wall System – per 1 m"" | Material Type: beam=""Double pane window"" pdf=""Aluminum"" | EPD ID: beam=""EPD 499"" pdf=""4790414446.101.1"" | EPD Owner: beam=""Apogee Enterprises"" pdf=∅ | EPD Verifying Agent: beam=""Lindita Bushi, Athena Sustainable Materi"" pdf=""Lindita Bushi, Ph.D., Athena Sustainable"" | EPD Standards: beam=""ISO 21930:2017"" pdf=""ISO 14025, ISO 21930, ISO 14040"" | EPD PCR Guidelines: beam=""Earthsure cradle to gate window product "" pdf=∅ | LCA Method: beam=""TRACI 2.1"" pdf=""developed by the Center of Environmental"""
bbb020,EPD 508,—,—,—,—,—,—,MISMATCH,—,MISMATCH,MATCH,MISMATCH,—,—,MATCH,MISMATCH,—,MISMATCH,MISMATCH,—,—,—,—,—,—,—,—,—,—,—,—,—,—,MISMATCH,MISMATCH,—,—,—,—,—,—,—,—,—,—,—,MISMATCH,—,—,—,—,MATCH,MATCH,MISMATCH,MATCH,MATCH,MATCH,MISMATCH,MISMATCH,MISMATCH,MATCH,MISMATCH,MATCH,—,—,39.1%,"EPD Expiry: beam=""2028"" pdf=""2023-07-20"" | Material: beam=""Liquid applied barrier"" pdf=∅ | Product Brand Name: beam=""Sopraseal LM 200 S"" pdf=∅ | Markets of Applicability: beam=""US & CA"" pdf=""LCA Software LCI Databases LCIA Methodol"" | Stated EPD kgCO2e / unit: beam=""9.3"" pdf=""5.85"" | GWP units kgCO2e per: beam=""m²"" pdf=""Manufacturer"" | Density: beam=""2.014"" pdf=""1060"" | Density Units: beam=""kg/m2"" pdf=""kg/m3"" | Material Type: beam=""Barrier"" pdf=""Cellulose"" | EPD Owner: beam=""Soprema Inc."" pdf=∅ | EPD Verifying Agent: beam=""Lindita Bush, Athena Sustainble Material"" pdf=""Lindita Bushi, Ph.D., Athena Sustainable"" | EPD Standards: beam=""ISO 21930:2017"" pdf=""ISO 14025, ISO 21930, ISO 14040"" | EPD PCR Guidelines: beam=""ASTM PCR Water-resistive and air barrier"" pdf=""September 2017 to September 2023 (validi"" | EPD LCA Software: beam=""OpenLCA v1.11.0"" pdf=""LCI Databases LCIA Methodology"""
bbb012,EPD 509,—,—,—,—,—,—,MISMATCH,—,MISMATCH,MISMATCH,MISMATCH,—,—,MATCH,MISMATCH,—,MISMATCH,MISMATCH,—,—,—,—,—,—,—,—,—,—,—,—,—,—,MISMATCH,MISMATCH,—,—,—,—,—,—,—,—,—,—,—,MISMATCH,—,—,—,—,MATCH,MATCH,MISMATCH,MATCH,MATCH,MATCH,MISMATCH,MISMATCH,MISMATCH,MATCH,MISMATCH,MATCH,—,—,34.8%,"EPD Expiry: beam=""2028"" pdf=""2023-07-20"" | Material: beam=""Adhesive barrier"" pdf=∅ | Manufacturer: beam=""Soprema"" pdf=""mixing the appropriate proportions of"" | Product Brand Name: beam=""Sopraseal Stick 1100 T"" pdf=∅ | Markets of Applicability: beam=""US & CA"" pdf=""LCA Software LCI Databases LCIA Methodol"" | Stated EPD kgCO2e / unit: beam=""1.9"" pdf=""1.78"" | GWP units kgCO2e per: beam=""m²"" pdf=""Manufacturer"" | Density: beam=""0.975"" pdf=""7800"" | Density Units: beam=""kg/m2"" pdf=""kg/m3"" | Material Type: beam=""Barrier"" pdf=""Steel"" | EPD Owner: beam=""Soprema Inc."" pdf=∅ | EPD Verifying Agent: beam=""Lindita Bush, Athena Sustainble Material"" pdf=""Lindita Bushi, Ph.D., Athena"" | EPD Standards: beam=""ISO 21930:2017"" pdf=""ISO 14025, ISO 21930, ISO 14040"" | EPD PCR Guidelines: beam=""ASTM PCR Water-resistive and air barrier"" pdf=""September 2017 to September 2023 (validi"" | EPD LCA Software: beam=""OpenLCA v1.11.0"" pdf=""LCI Databases LCIA Methodology"""
bbb014,EPD 509,—,—,—,—,—,—,MISMATCH,—,MISMATCH,MISMATCH,MISMATCH,—,—,MATCH,MISMATCH,—,MISMATCH,MISMATCH,—,—,—,—,—,—,—,—,—,—,—,—,—,—,MISMATCH,MISMATCH,—,—,—,—,—,—,—,—,—,—,—,MISMATCH,—,—,—,—,MATCH,MATCH,MISMATCH,MATCH,MATCH,MATCH,MISMATCH,MISMATCH,MISMATCH,MATCH,MISMATCH,MATCH,—,—,34.8%,"EPD Expiry: beam=""2028"" pdf=""2023-07-20"" | Material: beam=""Adhesive barrier"" pdf=∅ | Manufacturer: beam=""Soprema"" pdf=""mixing the appropriate proportions of"" | Product Brand Name: beam=""Soprasolin HD"" pdf=∅ | Markets of Applicability: beam=""US & CA"" pdf=""LCA Software LCI Databases LCIA Methodol"" | Stated EPD kgCO2e / unit: beam=""1.9"" pdf=""1.78"" | GWP units kgCO2e per: beam=""m²"" pdf=""Manufacturer"" | Density: beam=""1.025"" pdf=""7800"" | Density Units: beam=""kg/m2"" pdf=""kg/m3"" | Material Type: beam=""Barrier"" pdf=""Steel"" | EPD Owner: beam=""Soprema Inc."" pdf=∅ | EPD Verifying Agent: beam=""Lindita Bush, Athena Sustainble Material"" pdf=""Lindita Bushi, Ph.D., Athena"" | EPD Standards: beam=""ISO 21930:2017"" pdf=""ISO 14025, ISO 21930, ISO 14040"" | EPD PCR Guidelines: beam=""ASTM PCR Water-resistive and air barrier"" pdf=""September 2017 to September 2023 (validi"" | EPD LCA Software: beam=""OpenLCA v1.11.0"" pdf=""LCI Databases LCIA Methodology"""
bbb015,EPD 509,—,—,—,—,—,—,MISMATCH,—,MISMATCH,MISMATCH,MISMATCH,—,—,MATCH,MISMATCH,—,MISMATCH,MISMATCH,—,—,—,—,—,—,—,—,—,—,—,—,—,—,MISMATCH,MISMATCH,—,—,—,—,—,—,—,—,—,—,—,MISMATCH,—,—,—,—,MATCH,MATCH,MISMATCH,MATCH,MATCH,MATCH,MISMATCH,MISMATCH,MISMATCH,MATCH,MISMATCH,MATCH,—,—,34.8%,"EPD Expiry: beam=""2028"" pdf=""2023-07-20"" | Material: beam=""Adhesive barrier"" pdf=∅ | Manufacturer: beam=""Soprema"" pdf=""mixing the appropriate proportions of"" | Product Brand Name: beam=""SOPRAVAP'R"" pdf=∅ | Markets of Applicability: beam=""US & CA"" pdf=""LCA Software LCI Databases LCIA Methodol"" | Stated EPD kgCO2e / unit: beam=""1.5"" pdf=""1.78"" | GWP units kgCO2e per: beam=""m²"" pdf=""Manufacturer"" | Density: beam=""0.763"" pdf=""7800"" | Density Units: beam=""kg/m2"" pdf=""kg/m3"" | Material Type: beam=""Barrier"" pdf=""Steel"" | EPD Owner: beam=""Soprema Inc."" pdf=∅ | EPD Verifying Agent: beam=""Lindita Bush, Athena Sustainble Material"" pdf=""Lindita Bushi, Ph.D., Athena"" | EPD Standards: beam=""ISO 21930:2017"" pdf=""ISO 14025, ISO 21930, ISO 14040"" | EPD PCR Guidelines: beam=""ASTM PCR Water-resistive and air barrier"" pdf=""September 2017 to September 2023 (validi"" | EPD LCA Software: beam=""OpenLCA v1.11.0"" pdf=""LCI Databases LCIA Methodology"""
bbb013,EPD 512,—,—,—,—,—,—,MISMATCH,—,MISMATCH,MATCH,MISMATCH,—,—,MISMATCH,MISMATCH,—,MISMATCH,MISMATCH,—,—,—,—,—,—,—,—,—,—,—,—,—,—,MISMATCH,MISMATCH,—,—,—,—,—,—,—,—,—,—,—,MISMATCH,—,—,—,—,MATCH,MATCH,MISMATCH,MATCH,MATCH,MATCH,MISMATCH,MISMATCH,MISMATCH,MATCH,MISMATCH,MATCH,—,—,34.8%,"EPD Expiry: beam=""2028"" pdf=""2023-07-20"" | Material: beam=""Adhesive barrier"" pdf=∅ | Product Brand Name: beam=""Sopraseal Stick VP"" pdf=∅ | Countries of Manufacture: beam=""CA"" pdf=""FRA"" | Markets of Applicability: beam=""US & CA"" pdf=""LCA Software LCI Databases LCIA Methodol"" | Stated EPD kgCO2e / unit: beam=""1.2"" pdf=""0.969"" | GWP units kgCO2e per: beam=""m²"" pdf=""Manufacturer"" | Density: beam=""0.346"" pdf=∅ | Density Units: beam=""kg/m2"" pdf=∅ | Material Type: beam=""Barrier"" pdf=""Membrane"" | EPD Owner: beam=""Soprema Inc."" pdf=∅ | EPD Verifying Agent: beam=""Lindita Bush, Athena Sustainble Material"" pdf=""Lindita Bushi,"" | EPD Standards: beam=""ISO 21930:2017"" pdf=""ISO 14025, ISO 21930, ISO 14040"" | EPD PCR Guidelines: beam=""ASTM PCR Water-resistive and air barrier"" pdf=""September 2017 to September 2023 (validi"" | EPD LCA Software: beam=""OpenLCA v1.11.0"" pdf=""LCI Databases LCIA Methodology"""
BRI001,"EPD-540, EPD-539",—,—,—,—,—,—,MISMATCH,—,MISMATCH,MATCH,MISMATCH,MISMATCH,—,MATCH,MISMATCH,—,MISMATCH,MATCH,—,—,—,—,—,—,—,—,—,—,—,—,—,—,MISMATCH,MISMATCH,—,MISMATCH,—,—,—,—,MISMATCH,MISMATCH,MISMATCH,MISMATCH,—,MATCH,—,—,—,—,MISMATCH,MISMATCH,MATCH,MISMATCH,MATCH,MATCH,MISMATCH,—,MISMATCH,—,—,MISMATCH,—,—,26.9%,"EPD Expiry: beam=""2028-08-28"" pdf=∅ | Material: beam=""Brick, Clay"" pdf=∅ | Product Brand Name: beam=""Avg Face Brick (plant Avg)"" pdf=∅ | Specifications: beam=""3-5/8"" x 2-3/4"" x 7-5/8"" (92 x 70 x 194 "" pdf=∅ | Markets of Applicability: beam=""US & CA"" pdf=∅ | Stated EPD kgCO2e / unit: beam=""690.5"" pdf=""692.65"" | Density: beam=""269"" pdf=""960"" | Density Units: beam=""kgCO2/m3 mortar"" pdf=""kg/m3"" | Addn'l factor units: beam=""83% brick, 17% mortar"" pdf=∅ | Length (m): beam=""0.194"" pdf=∅ | Width (m): beam=""0.092"" pdf=∅ | Depth (m): beam=""0.070"" pdf=∅ | Unit Volume (m3): beam=""0.001247"" pdf=∅ | EPD ID: beam=""EPD-540, EPD-539"" pdf=""EPD-540 Page"" | EPD Type: beam=""Plant-specific"" pdf=""Product-specific"" | EPD/LCA Prepared by: beam=""Leila Schein, Climate Earth"" pdf=∅ | EPD Verifying Agent: beam=""Tom Gloria, Industrial Ecology Consultan"" pdf=""Thomas P. Gloria, PhD ▪ t.gloria@industr"" | EPD PCR Guidelines: beam=""Product Category Rule (PCR) for Clay Bri"" pdf=""for Clay Bricks, Clay Brick Pavers, and "" | EPD LCI Database: beam=""Ecoinvent, 2021"" pdf=""ecoinvent 3.8"""
BRI003,"EPD-540, EPD-539",—,—,—,—,—,—,MISMATCH,—,MISMATCH,MATCH,MISMATCH,MISMATCH,—,MATCH,MISMATCH,—,MISMATCH,MATCH,—,—,—,—,—,—,—,—,—,—,—,—,—,—,MISMATCH,MISMATCH,—,MISMATCH,—,—,—,—,MISMATCH,MISMATCH,MISMATCH,MISMATCH,—,MATCH,—,—,—,—,MISMATCH,MISMATCH,MATCH,MISMATCH,MATCH,MATCH,MISMATCH,—,MISMATCH,—,—,MISMATCH,—,—,26.9%,"EPD Expiry: beam=""2028-08-28"" pdf=∅ | Material: beam=""Brick, Clay"" pdf=∅ | Product Brand Name: beam=""Avg Thin Face Brick, Columbia Plant"" pdf=∅ | Specifications: beam=""2-1/2"" x 5/8"" x 7-1/2"" (64 x 16 x 190 mm"" pdf=∅ | Markets of Applicability: beam=""US & CA"" pdf=∅ | Stated EPD kgCO2e / unit: beam=""690.5"" pdf=""692.65"" | Density: beam=""269"" pdf=""960"" | Density Units: beam=""kgCO2/m3 mortar"" pdf=""kg/m3"" | Addn'l factor units: beam=""83% brick, 17% mortar"" pdf=∅ | Length (m): beam=""0.190"" pdf=∅ | Width (m): beam=""0.016"" pdf=∅ | Depth (m): beam=""0.065"" pdf=∅ | Unit Volume (m3): beam=""0.000198"" pdf=∅ | EPD ID: beam=""EPD-540, EPD-539"" pdf=""EPD-540 Page"" | EPD Type: beam=""Plant-specific"" pdf=""Product-specific"" | EPD/LCA Prepared by: beam=""Leila Schein, Climate Earth"" pdf=∅ | EPD Verifying Agent: beam=""Tom Gloria, Industrial Ecology Consultan"" pdf=""Thomas P. Gloria, PhD ▪ t.gloria@industr"" | EPD PCR Guidelines: beam=""Product Category Rule (PCR) for Clay Bri"" pdf=""for Clay Bricks, Clay Brick Pavers, and "" | EPD LCI Database: beam=""Ecoinvent, 2021"" pdf=""ecoinvent 3.8"""
bbb021,EPD 552,—,—,—,—,—,—,MISMATCH,—,MISMATCH,MISMATCH,MISMATCH,—,—,MISMATCH,MISMATCH,—,MISMATCH,MISMATCH,—,—,—,—,—,—,—,—,—,—,—,—,—,—,MISMATCH,MISMATCH,—,—,—,—,—,—,—,—,—,—,—,MISMATCH,—,—,—,—,MATCH,MATCH,MISMATCH,MATCH,MATCH,MATCH,MISMATCH,MISMATCH,MISMATCH,MATCH,MISMATCH,MATCH,—,—,30.4%,"EPD Expiry: beam=""2028"" pdf=""2023-07-20"" | Material: beam=""Adhesive barrier"" pdf=∅ | Manufacturer: beam=""Soprema"" pdf=""the facility located in Michigan"" | Product Brand Name: beam=""Sopraseal Stick VP"" pdf=∅ | Countries of Manufacture: beam=""CA"" pdf=""USA"" | Markets of Applicability: beam=""US & CA"" pdf=""LCA Software LCI Databases LCIA Methodol"" | Stated EPD kgCO2e / unit: beam=""3.0"" pdf=""2.44"" | GWP units kgCO2e per: beam=""m²"" pdf=""Manufacturer"" | Density: beam=""0.569"" pdf=""1080"" | Density Units: beam=""kg/m2"" pdf=""kg/m3"" | Material Type: beam=""Barrier"" pdf=""Membrane"" | EPD Owner: beam=""Soprema Inc."" pdf=∅ | EPD Verifying Agent: beam=""Lindita Bush, Athena Sustainble Material"" pdf=""Lindita Bushi,"" | EPD Standards: beam=""ISO 21930:2017"" pdf=""ISO 14025, ISO 21930, ISO 14040"" | EPD PCR Guidelines: beam=""ASTM PCR Water-resistive and air barrier"" pdf=""September 2017 to September 2023 (validi"" | EPD LCA Software: beam=""OpenLCA v1.11.0"" pdf=""LCI Databases LCIA Methodology"""
OSB004,EPD 555,—,—,—,—,—,—,MISMATCH,—,MISMATCH,MISMATCH,MISMATCH,MISMATCH,—,MATCH,MISMATCH,—,MATCH,MISMATCH,—,—,—,—,MISMATCH,—,—,—,—,—,—,—,—,—,MISMATCH,MATCH,MISMATCH,MISMATCH,MISMATCH,MISMATCH,—,—,—,—,—,—,—,—,—,—,—,—,MATCH,MATCH,MISMATCH,MISMATCH,MATCH,MISMATCH,MISMATCH,—,MATCH,MATCH,MATCH,MISMATCH,—,—,33.3%,"EPD Expiry: beam=""2028-09-18"" pdf=∅ | Material: beam=""OSB sheathing"" pdf=∅ | Manufacturer: beam=""LP"" pdf=""Nashville, Tennessee USA"" | Product Brand Name: beam=""WeatherLogic® Air & Water Barrier"" pdf=∅ | Specifications: beam=""1/2"" Sheathing"" pdf=∅ | Markets of Applicability: beam=""US"" pdf=""Construction sector, sheathing applicati"" | GWP units kgCO2e per: beam=""m3"" pdf=""facilities in the United States and inst"" | GWP-bio from EPD: beam=""1398.83"" pdf=""0"" | Density: beam=""765"" pdf=""500"" | Addn'l factors: beam=""9.716"" pdf=∅ | Addn'l factor units: beam=""kg/m2 at 7/16"""" pdf=∅ | R-value / inch: beam=""78.74"" pdf=∅ | k, Thermal Conductivity: beam=""m2 @ 7/16'' / m3"" pdf=∅ | EPD Owner: beam=""LP"" pdf=""Nashville, Tennessee USA"" | EPD/LCA Prepared by: beam=""CORRIM"" pdf=∅ | Internal/External Validation: beam=""External"" pdf=∅ | EPD Verifying Agent: beam=""Lindita Bushi, PhD, Athena Sustainable M"" pdf=""This life cycle assessment"" | EPD LCI Database: beam=""USLCI, Ecoinvent 3.5, Datasmart"" pdf=""http://www.nrel.gov/lci/."""
OSB005,EPD 555,—,—,—,—,—,—,MISMATCH,—,MISMATCH,MISMATCH,MISMATCH,MISMATCH,—,MATCH,MISMATCH,—,MATCH,MISMATCH,—,—,—,—,MISMATCH,—,—,—,—,—,—,—,—,—,MISMATCH,MATCH,MISMATCH,MISMATCH,MISMATCH,MISMATCH,—,—,—,—,—,—,—,—,—,—,—,—,MATCH,MATCH,MISMATCH,MISMATCH,MATCH,MISMATCH,MISMATCH,—,MATCH,MATCH,MATCH,MISMATCH,—,—,33.3%,"EPD Expiry: beam=""2028-09-18"" pdf=∅ | Material: beam=""OSB sheathing"" pdf=∅ | Manufacturer: beam=""LP"" pdf=""Nashville, Tennessee USA"" | Product Brand Name: beam=""WeatherLogic® Air & Water Barrier"" pdf=∅ | Specifications: beam=""7/16"" Sheathing"" pdf=∅ | Markets of Applicability: beam=""US"" pdf=""Construction sector, sheathing applicati"" | GWP units kgCO2e per: beam=""m3"" pdf=""facilities in the United States and inst"" | GWP-bio from EPD: beam=""1398.83"" pdf=""0"" | Density: beam=""765"" pdf=""500"" | Addn'l factors: beam=""8.501"" pdf=∅ | Addn'l factor units: beam=""kg/m2 at 7/16"""" pdf=∅ | R-value / inch: beam=""89.99"" pdf=∅ | k, Thermal Conductivity: beam=""m2 @ 7/16'' / m3"" pdf=∅ | EPD Owner: beam=""LP"" pdf=""Nashville, Tennessee USA"" | EPD/LCA Prepared by: beam=""CORRIM"" pdf=∅ | Internal/External Validation: beam=""External"" pdf=∅ | EPD Verifying Agent: beam=""Lindita Bushi, PhD, Athena Sustainable M"" pdf=""This life cycle assessment"" | EPD LCI Database: beam=""USLCI, Ecoinvent 3.5, Datasmart"" pdf=""http://www.nrel.gov/lci/."""
OSB002,EPD 556,—,—,—,—,—,—,MISMATCH,—,MISMATCH,MISMATCH,MISMATCH,MISMATCH,—,MATCH,MISMATCH,—,MATCH,MISMATCH,—,—,—,—,MISMATCH,—,—,—,—,—,—,—,—,—,MISMATCH,MATCH,MISMATCH,MISMATCH,MISMATCH,MISMATCH,—,—,—,—,—,—,—,—,—,—,—,—,MATCH,MATCH,MISMATCH,MISMATCH,MATCH,MISMATCH,MISMATCH,—,MATCH,MATCH,MATCH,MISMATCH,—,—,33.3%,"EPD Expiry: beam=""2028-09-18"" pdf=∅ | Material: beam=""OSB sheathing"" pdf=∅ | Manufacturer: beam=""LP"" pdf=""Nashville, Tennessee USA"" | Product Brand Name: beam=""FlameBlock® Fire-Rated"" pdf=∅ | Specifications: beam=""7/16"", coated 1 side"" pdf=∅ | Markets of Applicability: beam=""US"" pdf=""Construction sector, sheathing applicati"" | GWP units kgCO2e per: beam=""m3"" pdf=""Solutions facilities in the United State"" | GWP-bio from EPD: beam=""1202.28"" pdf=""0"" | Density: beam=""678.28"" pdf=""500"" | Addn'l factors: beam=""9.276"" pdf=∅ | Addn'l factor units: beam=""kg/m2 at 7/16"" coated 1-side"" pdf=∅ | R-value / inch: beam=""73.12"" pdf=∅ | k, Thermal Conductivity: beam=""m2 @ 7/16'' / m3"" pdf=∅ | EPD Owner: beam=""LP"" pdf=""Nashville, Tennessee USA"" | EPD/LCA Prepared by: beam=""CORRIM"" pdf=∅ | Internal/External Validation: beam=""External"" pdf=∅ | EPD Verifying Agent: beam=""Lindita Bushi, PhD, Athena Sustainable M"" pdf=""This life cycle assessment"" | EPD LCI Database: beam=""USLCI, Ecoinvent 3.5, Datasmart"" pdf=""http://www.nrel.gov/lci/."""
OSB007,EPD 557,—,—,—,—,—,—,MISMATCH,—,MISMATCH,MISMATCH,MISMATCH,MISMATCH,—,MATCH,MISMATCH,—,MATCH,MISMATCH,—,—,—,—,MISMATCH,—,—,—,—,—,—,—,—,—,MISMATCH,MATCH,MISMATCH,MISMATCH,MISMATCH,MISMATCH,—,—,—,—,—,—,—,—,—,—,—,—,MATCH,MATCH,MISMATCH,MISMATCH,MATCH,MISMATCH,MISMATCH,—,MATCH,MATCH,MATCH,MISMATCH,—,—,33.3%,"EPD Expiry: beam=""2028-09-18"" pdf=∅ | Material: beam=""OSB subflooring"" pdf=∅ | Manufacturer: beam=""LP"" pdf=""Nashville, Tennessee USA"" | Product Brand Name: beam=""LP Legacy® Premium"" pdf=∅ | Specifications: beam=""5/8"""" pdf=∅ | Markets of Applicability: beam=""US"" pdf=""Construction sector, sheathing applicati"" | GWP units kgCO2e per: beam=""m3"" pdf=""facilities in the United States and inst"" | GWP-bio from EPD: beam=""1302.14"" pdf=""0"" | Density: beam=""662"" pdf=""500"" | Addn'l factors: beam=""10.509"" pdf=∅ | Addn'l factor units: beam=""kg/m2 at 5/8"""" pdf=∅ | R-value / inch: beam=""62.99"" pdf=∅ | k, Thermal Conductivity: beam=""m2 @ 5/8'' / m3"" pdf=∅ | EPD Owner: beam=""LP"" pdf=""Nashville, Tennessee USA"" | EPD/LCA Prepared by: beam=""CORRIM"" pdf=∅ | Internal/External Validation: beam=""External"" pdf=∅ | EPD Verifying Agent: beam=""Lindita Bushi, PhD, Athena Sustainable M"" pdf=""This life cycle assessment"" | EPD LCI Database: beam=""USLCI, Ecoinvent 3.5, Datasmart"" pdf=""http://www.nrel.gov/lci/."""
OSB003,EPD 558,—,—,—,—,—,—,MISMATCH,—,MISMATCH,MISMATCH,MISMATCH,MISMATCH,—,MATCH,MISMATCH,—,MATCH,MISMATCH,—,—,—,—,MISMATCH,—,—,—,—,—,—,—,—,—,MISMATCH,MATCH,MISMATCH,MISMATCH,MISMATCH,MISMATCH,—,—,—,—,—,—,—,—,—,—,—,—,MATCH,MATCH,MISMATCH,MISMATCH,MATCH,MISMATCH,MISMATCH,—,MATCH,MATCH,MATCH,MISMATCH,—,—,33.3%,"EPD Expiry: beam=""2028-09-18"" pdf=∅ | Material: beam=""OSB sheathing"" pdf=∅ | Manufacturer: beam=""LP"" pdf=""Nashville, Tennessee USA"" | Product Brand Name: beam=""LP® TopNotch® 350"" pdf=∅ | Specifications: beam=""7/16"" Sheathing"" pdf=∅ | Markets of Applicability: beam=""US"" pdf=""Construction sector, sheathing applicati"" | GWP units kgCO2e per: beam=""m3"" pdf=""facilities in the United States and inst"" | GWP-bio from EPD: beam=""1207.51"" pdf=""0"" | Density: beam=""765"" pdf=""500"" | Addn'l factors: beam=""8.501"" pdf=∅ | Addn'l factor units: beam=""kg/m2 at 7/16"""" pdf=∅ | R-value / inch: beam=""89.99"" pdf=∅ | k, Thermal Conductivity: beam=""m2 @ 7/16'' / m3"" pdf=∅ | EPD Owner: beam=""LP"" pdf=""Nashville, Tennessee USA"" | EPD/LCA Prepared by: beam=""CORRIM"" pdf=∅ | Internal/External Validation: beam=""External"" pdf=∅ | EPD Verifying Agent: beam=""Lindita Bushi, PhD, Athena Sustainable M"" pdf=""This life cycle assessment"" | EPD LCI Database: beam=""USLCI, Ecoinvent 3.5, Datasmart"" pdf=""http://www.nrel.gov/lci/."""
WIR000,EPD 585,—,—,—,—,—,—,MATCH,—,MISMATCH,MISMATCH,MISMATCH,—,—,MISMATCH,MISMATCH,—,MISMATCH,MISMATCH,—,—,—,—,—,—,—,—,—,—,—,—,—,—,MISMATCH,MISMATCH,MISMATCH,MISMATCH,—,—,—,—,—,—,—,—,—,MATCH,—,—,—,—,MATCH,MATCH,MISMATCH,MISMATCH,MATCH,MISMATCH,MISMATCH,MISMATCH,—,MATCH,MISMATCH,MISMATCH,—,—,25.0%,"Material: beam=""Welded wire mesh"" pdf=∅ | Manufacturer: beam=""Insteel Industries"" pdf=""the facility. Allocation was most"" | Product Brand Name: beam=""6"" x 6"" x 6/6g"" pdf=∅ | Countries of Manufacture: beam=""US"" pdf=∅ | Markets of Applicability: beam=""US & CA"" pdf=""CAN, USA"" | Stated EPD kgCO2e / unit: beam=""1.73"" pdf=""1620"" | GWP units kgCO2e per: beam=""kg"" pdf=""1 metric ton"" | Density: beam=""62"" pdf=""7800"" | Density Units: beam=""lb/100ft2"" pdf=""kg/m3"" | Addn'l factors: beam=""3.03"" pdf=∅ | Addn'l factor units: beam=""kg/m2"" pdf=∅ | EPD Owner: beam=""Insteel Wire Products Co"" pdf=∅ | EPD/LCA Prepared by: beam=""WAP Sustainability"" pdf=""Sphera"" | Internal/External Validation: beam=""External"" pdf=∅ | EPD Verifying Agent: beam=""Tim Brooke"" pdf=∅ | EPD Standards: beam=""ISO 21930:2017"" pdf=""ISO 14025, ISO21930:2017, ISO 14040/44"" | EPD LCA Software: beam=""Sphera LCA 10.7.0.183"" pdf=""& VERSION NUMBER Sphera LCA for Experts "" | EPD LCI Database: beam=""Sphera Managed LCA Content"" pdf=∅"
WIR001,EPD 585,—,—,—,—,—,—,MATCH,—,MISMATCH,MISMATCH,MISMATCH,—,—,MISMATCH,MISMATCH,—,MISMATCH,MISMATCH,—,—,—,—,—,—,—,—,—,—,—,—,—,—,MISMATCH,MISMATCH,MISMATCH,MISMATCH,—,—,—,—,—,—,—,—,—,MATCH,—,—,—,—,MATCH,MATCH,MISMATCH,MISMATCH,MATCH,MISMATCH,MISMATCH,MISMATCH,—,MATCH,MISMATCH,MISMATCH,—,—,25.0%,"Material: beam=""Welded wire mesh"" pdf=∅ | Manufacturer: beam=""Insteel Industries"" pdf=""the facility. Allocation was most"" | Product Brand Name: beam=""4"" x 4"" x 6/6g"" pdf=∅ | Countries of Manufacture: beam=""US"" pdf=∅ | Markets of Applicability: beam=""US & CA"" pdf=""CAN, USA"" | Stated EPD kgCO2e / unit: beam=""1.73"" pdf=""1620"" | GWP units kgCO2e per: beam=""kg"" pdf=""1 metric ton"" | Density: beam=""42"" pdf=""7800"" | Density Units: beam=""lb/100ft2"" pdf=""kg/m3"" | Addn'l factors: beam=""2.05"" pdf=∅ | Addn'l factor units: beam=""kg/m2"" pdf=∅ | EPD Owner: beam=""Insteel Wire Products Co"" pdf=∅ | EPD/LCA Prepared by: beam=""WAP Sustainability"" pdf=""Sphera"" | Internal/External Validation: beam=""External"" pdf=∅ | EPD Verifying Agent: beam=""Tim Brooke"" pdf=∅ | EPD Standards: beam=""ISO 21930:2017"" pdf=""ISO 14025, ISO21930:2017, ISO 14040/44"" | EPD LCA Software: beam=""Sphera LCA 10.7.0.183"" pdf=""& VERSION NUMBER Sphera LCA for Experts "" | EPD LCI Database: beam=""Sphera Managed LCA Content"" pdf=∅"
LP0002,EPD 597,—,—,—,—,—,—,MISMATCH,—,MISMATCH,MISMATCH,MISMATCH,MISMATCH,—,—,MISMATCH,—,MATCH,MISMATCH,—,—,—,—,MISMATCH,—,—,—,—,—,—,—,—,—,MISMATCH,MISMATCH,—,—,—,—,MISMATCH,—,—,—,MISMATCH,—,—,MISMATCH,—,—,—,—,MATCH,MATCH,MISMATCH,MISMATCH,MATCH,MATCH,MISMATCH,—,MATCH,MATCH,MATCH,MISMATCH,MATCH,—,34.6%,"EPD Expiry: beam=""2028-11-21"" pdf=∅ | Material: beam=""Engineered Wood Siding & Trim"" pdf=∅ | Manufacturer: beam=""LP"" pdf=""Nashville, TN 37219 USA"" | Product Brand Name: beam=""SmartSide"" pdf=∅ | Specifications: beam=""0.418"" (10.6 mm)"" pdf=∅ | Markets of Applicability: beam=""US & CA"" pdf=""Construction Sector, Exterior Siding and"" | GWP units kgCO2e per: beam=""m3"" pdf=""and installed in a building for 75 years"" | GWP-bio from EPD: beam=""1886.06"" pdf=""0"" | Density: beam=""657"" pdf=∅ | Density Units: beam=""kg/m3"" pdf=∅ | Moisture content %: beam=""SFI Aspen"" pdf=∅ | Depth (m): beam=""0.0106"" pdf=∅ | Material Type: beam=""Engineered Wood siding"" pdf=""Hardwood"" | EPD Owner: beam=""LP"" pdf=""Nashville, TN 37219 USA"" | EPD/LCA Prepared by: beam=""CORRIM"" pdf=""PRé Consultants"" | EPD Verifying Agent: beam=""Lindita Bushi, PhD, Athena Sustainable M"" pdf=""This life cycle assessment was"" | EPD LCI Database: beam=""USLCI, Ecoinvent 3.5, Datasmart"" pdf=""http://www.nrel.gov/lci/"""
LP0003,EPD 597,—,—,—,—,—,—,MISMATCH,—,MISMATCH,MISMATCH,MISMATCH,MISMATCH,—,—,MISMATCH,—,MATCH,MISMATCH,—,—,—,—,MISMATCH,—,—,—,—,—,—,—,—,—,MISMATCH,MISMATCH,—,—,—,—,MISMATCH,—,—,—,MISMATCH,—,—,MISMATCH,—,—,—,—,MATCH,MATCH,MISMATCH,MISMATCH,MATCH,MATCH,MISMATCH,—,MATCH,MATCH,MATCH,MISMATCH,MATCH,—,34.6%,"EPD Expiry: beam=""2028-11-21"" pdf=∅ | Material: beam=""Engineered Wood Siding & Trim"" pdf=∅ | Manufacturer: beam=""LP"" pdf=""Nashville, TN 37219 USA"" | Product Brand Name: beam=""SmartSide"" pdf=∅ | Specifications: beam=""0.578"" (14.7mm)"" pdf=∅ | Markets of Applicability: beam=""US & CA"" pdf=""Construction Sector, Exterior Siding and"" | GWP units kgCO2e per: beam=""m3"" pdf=""and installed in a building for 75 years"" | GWP-bio from EPD: beam=""1886.06"" pdf=""0"" | Density: beam=""657"" pdf=∅ | Density Units: beam=""kg/m3"" pdf=∅ | Moisture content %: beam=""SFI Aspen"" pdf=∅ | Depth (m): beam=""0.0147"" pdf=∅ | Material Type: beam=""Engineered Wood siding"" pdf=""Hardwood"" | EPD Owner: beam=""LP"" pdf=""Nashville, TN 37219 USA"" | EPD/LCA Prepared by: beam=""CORRIM"" pdf=""PRé Consultants"" | EPD Verifying Agent: beam=""Lindita Bushi, PhD, Athena Sustainable M"" pdf=""This life cycle assessment was"" | EPD LCI Database: beam=""USLCI, Ecoinvent 3.5, Datasmart"" pdf=""http://www.nrel.gov/lci/"""
LP0004,EPD 597,—,—,—,—,—,—,MISMATCH,—,MISMATCH,MISMATCH,MISMATCH,MISMATCH,—,—,MISMATCH,—,MATCH,MISMATCH,—,—,—,—,MISMATCH,—,—,—,—,—,—,—,—,—,MISMATCH,MISMATCH,—,—,—,—,MISMATCH,—,—,—,MISMATCH,—,—,MISMATCH,—,—,—,—,MATCH,MATCH,MISMATCH,MISMATCH,MATCH,MATCH,MISMATCH,—,MATCH,MATCH,MATCH,MISMATCH,MATCH,—,34.6%,"EPD Expiry: beam=""2028-11-21"" pdf=∅ | Material: beam=""Engineered Wood Siding & Trim"" pdf=∅ | Manufacturer: beam=""LP"" pdf=""Nashville, TN 37219 USA"" | Product Brand Name: beam=""SmartSide"" pdf=∅ | Specifications: beam=""0.354"" (9 mm)"" pdf=∅ | Markets of Applicability: beam=""US & CA"" pdf=""Construction Sector, Exterior Siding and"" | GWP units kgCO2e per: beam=""m3"" pdf=""and installed in a building for 75 years"" | GWP-bio from EPD: beam=""1886.06"" pdf=""0"" | Density: beam=""657"" pdf=∅ | Density Units: beam=""kg/m3"" pdf=∅ | Moisture content %: beam=""SFI Aspen"" pdf=∅ | Depth (m): beam=""0.009"" pdf=∅ | Material Type: beam=""Engineered Wood siding"" pdf=""Hardwood"" | EPD Owner: beam=""LP"" pdf=""Nashville, TN 37219 USA"" | EPD/LCA Prepared by: beam=""CORRIM"" pdf=""PRé Consultants"" | EPD Verifying Agent: beam=""Lindita Bushi, PhD, Athena Sustainable M"" pdf=""This life cycle assessment was"" | EPD LCI Database: beam=""USLCI, Ecoinvent 3.5, Datasmart"" pdf=""http://www.nrel.gov/lci/"""
LP0001,EPD 601,—,—,—,—,—,—,MISMATCH,—,MISMATCH,MISMATCH,MISMATCH,MISMATCH,—,MATCH,MISMATCH,—,MATCH,MISMATCH,—,—,—,—,MISMATCH,—,—,—,—,—,—,—,—,—,MISMATCH,MATCH,—,—,—,—,MISMATCH,—,—,—,MISMATCH,—,—,MISMATCH,—,—,—,—,MATCH,MATCH,MISMATCH,MISMATCH,MATCH,MATCH,MISMATCH,—,MATCH,MATCH,MATCH,MISMATCH,MATCH,—,40.7%,"EPD Expiry: beam=""2028-11-21"" pdf=∅ | Material: beam=""Engineered Wood Siding & Trim"" pdf=∅ | Manufacturer: beam=""LP"" pdf=""Nashville, TN 37219 USA"" | Product Brand Name: beam=""SmartSide ExpertFinish"" pdf=∅ | Specifications: beam=""3/8"" (9.5 mm)"" pdf=∅ | Markets of Applicability: beam=""US & CA"" pdf=""Construction Sector, Exterior siding, an"" | GWP units kgCO2e per: beam=""m3"" pdf=""North America and installed in a buildin"" | GWP-bio from EPD: beam=""1095.62"" pdf=""0"" | Density: beam=""657.00"" pdf=""657"" | Moisture content %: beam=""SFI Aspen"" pdf=∅ | Depth (m): beam=""0.0095"" pdf=∅ | Material Type: beam=""Engineered Wood siding"" pdf=""Hardwood"" | EPD Owner: beam=""LP"" pdf=""Nashville, TN 37219 USA"" | EPD/LCA Prepared by: beam=""CORRIM"" pdf=""PRé Consultants"" | EPD Verifying Agent: beam=""Lindita Bushi, PhD, Athena Sustainable M"" pdf=""This life cycle assessment was"" | EPD LCI Database: beam=""USLCI, Ecoinvent 3.5, Datasmart"" pdf=""http://www.nrel.gov/lci/"""
LP0000,EPD 617,—,—,—,—,—,—,MISMATCH,—,MISMATCH,MISMATCH,MISMATCH,MISMATCH,—,MISMATCH,MISMATCH,—,MATCH,MISMATCH,—,—,—,—,MISMATCH,—,—,—,—,—,—,—,—,—,MISMATCH,MATCH,MISMATCH,MISMATCH,—,—,MISMATCH,—,—,—,MISMATCH,—,—,MISMATCH,—,—,—,—,MATCH,MATCH,MISMATCH,MISMATCH,MATCH,MATCH,MISMATCH,—,MATCH,MATCH,MATCH,MISMATCH,MATCH,—,34.5%,"EPD Expiry: beam=""2028-12-20"" pdf=∅ | Material: beam=""Engineered Wood Siding & Trim"" pdf=∅ | Manufacturer: beam=""LP"" pdf=""Nashville, TN 37219 USA"" | Product Brand Name: beam=""BuilderSeries® Lap Siding"" pdf=∅ | Specifications: beam=""9/32"" (7.3 mm)"" pdf=∅ | Countries of Manufacture: beam=""US"" pdf=""CAN"" | Markets of Applicability: beam=""US & CA"" pdf=""Construction Sector, Exterior Siding"" | GWP units kgCO2e per: beam=""m3"" pdf=""British Columbia, Canada and installed i"" | GWP-bio from EPD: beam=""1576.54"" pdf=""0"" | Density: beam=""644.77"" pdf=""664.77"" | Addn'l factors: beam=""3.67"" pdf=∅ | Addn'l factor units: beam=""kg/m2"" pdf=∅ | Moisture content %: beam=""SFI Aspen"" pdf=∅ | Depth (m): beam=""0.0073"" pdf=∅ | Material Type: beam=""Engineered Wood siding"" pdf=""Wood fiber insulation"" | EPD Owner: beam=""LP"" pdf=""Nashville, TN 37219 USA"" | EPD/LCA Prepared by: beam=""CORRIM"" pdf=""PRé Consultants"" | EPD Verifying Agent: beam=""Lindita Bushi, PhD, Athena Sustainable M"" pdf=""This life cycle assessment was"" | EPD LCI Database: beam=""USLCI, Ecoinvent 3.5, Datasmart"" pdf=""http://www.nrel.gov/lci/"""
a13a3e,EPD-AMO-20150057-IAA1-EN,—,—,—,—,—,—,MATCH,—,MISMATCH,MATCH,MISMATCH,MISMATCH,—,—,MISMATCH,—,MATCH,MISMATCH,—,—,—,—,—,—,—,—,—,—,—,—,—,—,MISMATCH,MISMATCH,—,—,—,—,—,—,MISMATCH,MISMATCH,MISMATCH,—,—,—,—,—,—,—,MATCH,MISMATCH,—,MISMATCH,—,—,—,—,—,—,—,—,—,—,25.0%,"Material: beam=""Cork flooring"" pdf=∅ | Product Brand Name: beam=""Revestimentos S.A."" pdf=∅ | Specifications: beam=""Cork floating floor planks"" pdf=∅ | Markets of Applicability: beam=""EU"" pdf=∅ | GWP units kgCO2e per: beam=""m²"" pdf=∅ | Density: beam=""8.4"" pdf=""1700"" | Density Units: beam=""kg/m2"" pdf=""kg/m3"" | Length (m): beam=""1.225"" pdf=∅ | Width (m): beam=""0.145"" pdf=∅ | Depth (m): beam=""0.006"" pdf=∅ | EPD Type: beam=""Product-specific"" pdf=∅ | EPD/LCA Prepared by: beam=""IBU"" pdf=""of the Life Cycle Assessment"""
b72f13,EPD-CEM-20160113-IAD1-EN,—,—,—,—,—,—,MATCH,—,MISMATCH,MATCH,MISMATCH,MISMATCH,—,—,MISMATCH,—,MISMATCH,MISMATCH,—,—,—,—,—,—,—,—,—,—,—,—,—,—,MISMATCH,MISMATCH,—,—,—,—,—,—,—,—,—,—,—,—,—,—,—,—,MATCH,MISMATCH,—,MISMATCH,—,—,—,—,—,—,—,—,—,—,23.1%,"Material: beam=""Fiber Cement roofing"" pdf=∅ | Product Brand Name: beam=""Slates"" pdf=∅ | Specifications: beam=""4 mm"" pdf=∅ | Markets of Applicability: beam=""EU"" pdf=∅ | Stated EPD kgCO2e / unit: beam=""0.946"" pdf=""970.9000000000001"" | GWP units kgCO2e per: beam=""kg"" pdf=∅ | Density: beam=""7.4"" pdf=""1850"" | Density Units: beam=""kg/m2"" pdf=""kg/m3"" | EPD Type: beam=""Product-specific"" pdf=∅ | EPD/LCA Prepared by: beam=""IBU"" pdf=""of the Life Cycle Assessment"""
8bcce7,EPD-CEM-20160114-IAD1-EN,—,—,—,—,—,—,MATCH,—,MISMATCH,MATCH,MISMATCH,MISMATCH,—,—,MISMATCH,—,MISMATCH,MISMATCH,—,—,—,—,—,—,—,—,—,—,—,—,—,—,MISMATCH,MISMATCH,—,—,—,—,—,—,—,—,—,—,—,—,—,—,—,—,MATCH,MISMATCH,—,MISMATCH,—,—,—,—,—,—,—,—,—,—,23.1%,"Material: beam=""Fiber Cement roofing"" pdf=∅ | Product Brand Name: beam=""Corrugated sheets"" pdf=∅ | Specifications: beam=""6.5 mm"" pdf=∅ | Markets of Applicability: beam=""EU"" pdf=∅ | Stated EPD kgCO2e / unit: beam=""0.804"" pdf=""819.41"" | GWP units kgCO2e per: beam=""kg"" pdf=∅ | Density: beam=""10.335"" pdf=""1590"" | Density Units: beam=""kg/m2"" pdf=""kg/m3"" | EPD Type: beam=""Product-specific"" pdf=∅ | EPD/LCA Prepared by: beam=""IBU"" pdf=""of the Life Cycle Assessment"""
bbb009,EPD-DUP-20210183-IBC1-EN,—,—,—,—,—,—,MATCH,—,MISMATCH,MATCH,MISMATCH,—,—,MATCH,MISMATCH,—,MISMATCH,MISMATCH,—,—,—,—,—,—,—,—,—,—,—,—,—,—,MISMATCH,MISMATCH,—,—,—,—,—,—,—,—,—,—,—,MISMATCH,—,—,—,—,MATCH,MISMATCH,MATCH,MISMATCH,MATCH,MATCH,MISMATCH,—,MISMATCH,—,MATCH,MISMATCH,MATCH,—,40.9%,"Material: beam=""Sheet barrier"" pdf=∅ | Product Brand Name: beam=""Tyvek Monolayer 60"" pdf=∅ | Markets of Applicability: beam=""EU"" pdf=∅ | Stated EPD kgCO2e / unit: beam=""0.3"" pdf=""0.281"" | GWP units kgCO2e per: beam=""m2"" pdf=∅ | Density: beam=""0.058"" pdf=""50"" | Density Units: beam=""kg/m2"" pdf=""kg/m3"" | Material Type: beam=""HDPE"" pdf=""Mineral wool"" | EPD Type: beam=""Product-specific"" pdf=∅ | EPD/LCA Prepared by: beam=""Hans Peters, IBU"" pdf=""of the Life Cycle"" | EPD Verifying Agent: beam=""Vito D'Incognito"" pdf=∅ | EPD PCR Guidelines: beam=""EN 15804 + A2"" pdf=""This document applies to DuPont™ Tyvek® "" | EPD LCI Database: beam=""GaBi 10.5.0.79"" pdf=∅"
ae7e1c,EPD-ERF-20180184-CCI1-EN,—,—,—,—,—,—,MATCH,—,MISMATCH,MATCH,MISMATCH,MISMATCH,—,—,MISMATCH,—,MATCH,MISMATCH,—,—,—,—,—,—,—,—,—,—,—,—,—,—,MISMATCH,MISMATCH,—,—,—,—,—,—,—,—,MATCH,—,—,—,—,—,—,—,MATCH,MISMATCH,—,MISMATCH,—,—,—,—,—,—,—,—,—,—,35.7%,"Material: beam=""Cork flooring"" pdf=∅ | Product Brand Name: beam=""Includes: Altro, Amorim, Amtico, Artigo,"" pdf=∅ | Specifications: beam=""Cork floor tiles"" pdf=∅ | Markets of Applicability: beam=""EU"" pdf=∅ | GWP units kgCO2e per: beam=""m²"" pdf=∅ | Density: beam=""2"" pdf=∅ | Density Units: beam=""kg/m2"" pdf=∅ | EPD Type: beam=""Industry average"" pdf=∅ | EPD/LCA Prepared by: beam=""IBU"" pdf=""of the Life Cycle"""
FIB000,EPD-ETE-20190128-CCA1-EN,—,—,—,—,—,—,MATCH,—,MISMATCH,MISMATCH,MISMATCH,MISMATCH,—,MISMATCH,MISMATCH,—,MISMATCH,MISMATCH,—,—,—,—,—,—,—,—,—,—,—,—,—,—,MISMATCH,MISMATCH,—,—,—,—,—,—,—,—,—,—,—,MISMATCH,—,—,—,—,MATCH,MISMATCH,MISMATCH,MISMATCH,MATCH,MATCH,MATCH,—,MISMATCH,—,MATCH,MISMATCH,MISMATCH,—,26.1%,"Material: beam=""Fiber Cement siding"" pdf=∅ | Manufacturer: beam=""Equitone"" pdf=""Eternit NV"" | Product Brand Name: beam=""Linea|Lunara"" pdf=∅ | Specifications: beam=""10 mm"" pdf=∅ | Countries of Manufacture: beam=""EU"" pdf=""BEL"" | Markets of Applicability: beam=""Global"" pdf=∅ | Stated EPD kgCO2e / unit: beam=""7.8"" pdf=""3.7960000000195997"" | GWP units kgCO2e per: beam=""m²"" pdf=∅ | Density: beam=""16.5"" pdf=""1580"" | Density Units: beam=""kg/m2 at 10mm"" pdf=""kg/m3"" | Material Type: beam=""Fiber cement"" pdf=""Aluminum"" | EPD Type: beam=""Product-specific"" pdf=∅ | EPD Owner: beam=""ETEX"" pdf=""Eternit NV"" | EPD/LCA Prepared by: beam=""3E NV/SA"" pdf=""of the Life Cycle"" | EPD PCR Guidelines: beam=""Fibre cement / Fibre concrete, 07.2014("" pdf=""This EPD presents the average of two"" | EPD LCI Database: beam=""Ecoinvent 3.4"" pdf=""Ecoinvent 3.5"" | Product Service Life (Years): beam=""50"" pdf=∅"
FIB001,EPD-ETE-20190179-CCC1-EN,—,—,—,—,—,—,MATCH,—,MISMATCH,MISMATCH,MISMATCH,MISMATCH,—,MISMATCH,MISMATCH,—,MISMATCH,MISMATCH,—,—,—,—,—,—,—,—,—,—,—,—,—,—,MISMATCH,MATCH,MISMATCH,MISMATCH,—,—,—,—,—,—,—,—,—,MISMATCH,—,—,—,—,MATCH,MISMATCH,MISMATCH,MISMATCH,MATCH,MATCH,MATCH,—,MISMATCH,—,MATCH,MATCH,MISMATCH,—,32.0%,"Material: beam=""Fiber Cement siding"" pdf=∅ | Manufacturer: beam=""Equitone"" pdf=""Eternit NV"" | Product Brand Name: beam=""Pictura and Natura Pro"" pdf=∅ | Specifications: beam=""8 mm (5/16"")"" pdf=∅ | Countries of Manufacture: beam=""Germany"" pdf=""DEU"" | Markets of Applicability: beam=""Global"" pdf=∅ | Stated EPD kgCO2e / unit: beam=""16.305"" pdf=""1.0950000000196"" | GWP units kgCO2e per: beam=""m²"" pdf=∅ | Density: beam=""1850"" pdf=""2800"" | Addn'l factors: beam=""14.8"" pdf=∅ | Addn'l factor units: beam=""kg/m2 at 8mm"" pdf=∅ | Material Type: beam=""Fiber cement"" pdf=""Aluminum"" | EPD Type: beam=""Product-specific"" pdf=∅ | EPD Owner: beam=""Equitone"" pdf=""Eternit NV"" | EPD/LCA Prepared by: beam=""VITO NV / EnergyVille"" pdf=""of the Life Cycle"" | EPD PCR Guidelines: beam=""Fibre cement / Fibre concrete, 07.2014
("" pdf=""This EPD presents the LCA of the product"" | Product Service Life (Years): beam=""50"" pdf=∅"
be052f,EPD-GTX-20180071-IBA1-DE,—,—,—,—,—,—,MISMATCH,—,MISMATCH,MATCH,MISMATCH,MISMATCH,—,—,MISMATCH,—,MISMATCH,MISMATCH,—,—,—,—,—,—,—,—,—,—,—,—,—,—,MISMATCH,MISMATCH,MISMATCH,MISMATCH,MISMATCH,MISMATCH,—,—,—,—,—,—,—,MISMATCH,—,—,—,—,MATCH,MISMATCH,MISMATCH,MISMATCH,—,—,—,—,—,—,—,—,—,—,10.5%,"EPD Expiry: beam=""2023"" pdf=∅ | Material: beam=""Wood fiber batt"" pdf=∅ | Product Brand Name: beam=""ThermoFlex"" pdf=∅ | Specifications: beam=""R 4/inch"" pdf=∅ | Markets of Applicability: beam=""EU"" pdf=∅ | Stated EPD kgCO2e / unit: beam=""-67.5"" pdf=""1681.4"" | GWP units kgCO2e per: beam=""m3"" pdf=∅ | Density: beam=""50"" pdf=∅ | Density Units: beam=""kg/m3"" pdf=∅ | Addn'l factors: beam=""1.8"" pdf=∅ | Addn'l factor units: beam=""kg/m2•RSI"" pdf=∅ | R-value / inch: beam=""4"" pdf=∅ | k, Thermal Conductivity: beam=""0.0360553"" pdf=∅ | Material Type: beam=""Wood fibre"" pdf=∅ | EPD Type: beam=""Product-specific"" pdf=∅ | EPD Owner: beam=""Gutex"" pdf=∅ | EPD/LCA Prepared by: beam=""IBU"" pdf=∅"
ins035,EPD-GTX-20190018-IBA1-EN,—,—,—,—,—,—,MATCH,—,MISMATCH,MATCH,MISMATCH,MISMATCH,—,MISMATCH,—,—,MISMATCH,MISMATCH,—,—,—,—,—,—,—,—,—,—,—,—,—,—,MISMATCH,MATCH,MISMATCH,MISMATCH,MISMATCH,MISMATCH,—,—,—,—,—,—,—,MISMATCH,—,—,—,—,MATCH,MISMATCH,MATCH,MISMATCH,MATCH,MATCH,MISMATCH,—,MISMATCH,—,—,MISMATCH,—,—,29.2%,"Material: beam=""Wood fiber - loose fill"" pdf=∅ | Product Brand Name: beam=""ThermoFiber"" pdf=∅ | Specifications: beam=""R 3.6/inch"" pdf=∅ | Countries of Manufacture: beam=""EU"" pdf=∅ | Stated EPD kgCO2e / unit: beam=""-1.14"" pdf=""-1.1448300000000002"" | GWP units kgCO2e per: beam=""kg"" pdf=∅ | Density: beam=""35"" pdf=""500"" | Addn'l factors: beam=""1.4"" pdf=∅ | Addn'l factor units: beam=""kg/m2•RSI"" pdf=∅ | R-value / inch: beam=""3.61"" pdf=∅ | k, Thermal Conductivity: beam=""0.040"" pdf=""0.039"" | Material Type: beam=""Wood fibre"" pdf=""Engineered wood"" | EPD Type: beam=""Product-specific"" pdf=∅ | EPD/LCA Prepared by: beam=""Thünen-Institut für Holzforschung"" pdf=""of the Life Cycle"" | EPD Verifying Agent: beam=""Patricia Wolf"" pdf=∅ | EPD PCR Guidelines: beam=""Blow-in insulation materials made from c"" pdf=""This Environmental Product Declaration i"" | EPD LCI Database: beam=""GaBi 6.115"" pdf=""GaBi professional"""
ins030,EPD-GTX-20200178-IBC1-EN,—,—,—,—,—,—,MATCH,—,MISMATCH,MATCH,MISMATCH,MISMATCH,—,MATCH,—,—,MISMATCH,MATCH,—,—,—,—,—,—,—,—,—,—,—,—,—,—,MISMATCH,MATCH,MISMATCH,MISMATCH,MISMATCH,MISMATCH,—,—,—,—,—,—,—,MISMATCH,—,—,—,—,MATCH,MISMATCH,MATCH,MISMATCH,MATCH,MATCH,MISMATCH,—,MISMATCH,—,—,MISMATCH,—,—,37.5%,"Material: beam=""Wood fiber board"" pdf=∅ | Product Brand Name: beam=""Multi-Therm"" pdf=∅ | Specifications: beam=""R 3.6/inch, 40, 60, 80, 100, 120, 140, 1"" pdf=∅ | Stated EPD kgCO2e / unit: beam=""-166.3"" pdf=""-198.4"" | Density: beam=""140"" pdf=""167"" | Addn'l factors: beam=""5.6"" pdf=∅ | Addn'l factor units: beam=""kg/m2•RSI"" pdf=∅ | R-value / inch: beam=""3.61"" pdf=∅ | k, Thermal Conductivity: beam=""0.04"" pdf=∅ | Material Type: beam=""Wood fibre"" pdf=""Wood fiber insulation"" | EPD Type: beam=""Product-specific"" pdf=∅ | EPD/LCA Prepared by: beam=""Sphera Solutions GmbH"" pdf=""of the Life Cycle"" | EPD Verifying Agent: beam=""Matthias Klingler"" pdf=∅ | EPD PCR Guidelines: beam=""Wood based panels, 12.2018(PCR checked "" pdf=""This Declaration applies for wood fibre "" | EPD LCI Database: beam=""GaBi ts"" pdf=∅"
CCF000,EPD-HOC-20220204-IBD1-EN,—,—,—,—,—,—,MISMATCH,—,MISMATCH,MATCH,MISMATCH,MISMATCH,—,MATCH,MISMATCH,—,MATCH,MISMATCH,—,—,—,—,—,—,—,—,—,—,—,—,—,—,MISMATCH,MATCH,—,—,MISMATCH,MISMATCH,—,—,—,—,—,—,—,MISMATCH,—,—,—,—,MISMATCH,MISMATCH,MISMATCH,MISMATCH,MATCH,MATCH,MISMATCH,MATCH,MISMATCH,—,MISMATCH,—,MISMATCH,—,28.0%,"EPD Expiry: beam=""1905-07-19"" pdf=""2027-09-20"" | Material: beam=""Cementitious foam"" pdf=∅ | Product Brand Name: beam=""Airium Spray"" pdf=∅ | Specifications: beam=""R3.35/inch / 100 kg/m3"" pdf=∅ | Markets of Applicability: beam=""EU"" pdf=∅ | GWP units kgCO2e per: beam=""m3"" pdf=∅ | Density: beam=""100"" pdf=""130"" | R-value / inch: beam=""3.35"" pdf=∅ | k, Thermal Conductivity: beam=""0.043"" pdf=∅ | Material Type: beam=""Cementitious foam"" pdf=""Cellulose"" | EPD ID: beam=""EPD-HOC-20220204-IBD1-EN"" pdf=""EPDHOC20220204IBD1EN"" | EPD Type: beam=""Product-specific"" pdf=∅ | EPD Owner: beam=""Holcim (Deutschland)"" pdf=""Holcim (Germany) GmbH"" | EPD/LCA Prepared by: beam=""IBU"" pdf=""of the Life Cycle"" | EPD Verifying Agent: beam=""Matthew Fishwick"" pdf=∅ | EPD PCR Guidelines: beam=""IBU (2020): PCR Part B: Requirements for"" pdf=""Airium™ Spray is a cementbased insulatio"" | EPD LCA Software: beam=""Ecoinvent v3.8"" pdf=∅ | Product Service Life (Years): beam=""50"" pdf=∅"
CBI000,EPD HUB-0281,—,—,—,—,—,—,MATCH,—,MISMATCH,MATCH,MISMATCH,MISMATCH,—,MISMATCH,MISMATCH,—,MISMATCH,MATCH,—,—,—,—,MISMATCH,—,—,—,—,—,—,—,—,—,MATCH,MATCH,MISMATCH,MISMATCH,MISMATCH,MISMATCH,—,—,—,—,—,—,—,MISMATCH,—,—,—,—,MISMATCH,MISMATCH,MISMATCH,MATCH,MISMATCH,MATCH,MISMATCH,MISMATCH,MISMATCH,—,—,—,—,—,26.9%,"Material: beam=""Cork board insulation"" pdf=∅ | Product Brand Name: beam=""Expanded Insulation Corkboard (ICB)"" pdf=∅ | Specifications: beam=""R3.6-inch, 115 kg/m3"" pdf=∅ | Countries of Manufacture: beam=""EU"" pdf=∅ | Markets of Applicability: beam=""EU"" pdf=""of the EPD to carry out this"" | Stated EPD kgCO2e / unit: beam=""82.8"" pdf=""5.93"" | GWP-bio from EPD: beam=""212"" pdf=∅ | Addn'l factors: beam=""4.6"" pdf=∅ | Addn'l factor units: beam=""kg/m2 RSI1"" pdf=∅ | R-value / inch: beam=""3.60553"" pdf=∅ | k, Thermal Conductivity: beam=""0.0400000"" pdf=∅ | Material Type: beam=""Cork"" pdf=""Cellulose"" | EPD ID: beam=""EPD HUB-0281"" pdf=∅ | EPD Type: beam=""Product-specific"" pdf=∅ | EPD Owner: beam=""Amorim Cork Insulation"" pdf=""is responsible for its"" | EPD Program / Operator: beam=""EPD Hub"" pdf=∅ | EPD Verifying Agent: beam=""E.A."" pdf=""VP-055 E.A as an authorized verifier act"" | EPD Standards: beam=""EN 15804+A2:2019"" pdf=""ISO 14025, ISO 21930, EN 15804+A2, ISO 1"" | EPD PCR Guidelines: beam=""EPD Hub Core PCR v1.0"" pdf=∅"
bbb027,EPDIE-22-83,—,—,—,—,—,—,MISMATCH,—,MISMATCH,MISMATCH,MISMATCH,—,—,MISMATCH,MISMATCH,—,MISMATCH,MISMATCH,—,—,—,—,—,—,—,—,—,—,—,—,—,—,MISMATCH,MISMATCH,—,—,—,—,—,—,—,—,—,—,—,MISMATCH,—,—,—,—,MISMATCH,MISMATCH,MATCH,MISMATCH,MISMATCH,MATCH,MISMATCH,MISMATCH,MISMATCH,—,MISMATCH,MATCH,—,—,13.6%,"EPD Expiry: beam=""2027"" pdf=∅ | Material: beam=""Sheet barrier"" pdf=∅ | Manufacturer: beam=""Partel"" pdf=∅ | Product Brand Name: beam=""VARA PLUS"" pdf=∅ | Countries of Manufacture: beam=""EU"" pdf=∅ | Markets of Applicability: beam=""EU"" pdf=∅ | Stated EPD kgCO2e / unit: beam=""0.4"" pdf=""0.41459999999999997"" | GWP units kgCO2e per: beam=""m²"" pdf=∅ | Density: beam=""120"" pdf=∅ | Density Units: beam=""g/m2"" pdf=∅ | Material Type: beam=""Barrier"" pdf=""Membrane"" | EPD ID: beam=""EPDIE-22-83"" pdf=""EPDIE-22-83 Vapour Control Membranes"" | EPD Type: beam=""Product-specific"" pdf=∅ | EPD/LCA Prepared by: beam=""Ecoreview"" pdf=""Ecochain"" | EPD Program / Operator: beam=""Irish Green Building Council"" pdf=""IBU"" | EPD Verifying Agent: beam=""Chris Foster, EuGeos SRL"" pdf=""Pat Barry - CEO - Irish Green Building C"" | EPD Standards: beam=""EN 15804:2012+A2:2019"" pdf=""ISO 14025, EN 15804+A2, ISO 14040"" | EPD PCR Guidelines: beam=""EN 15804:2012+A2:2020"" pdf=""Part A Implementation and use of I.S. EN"" | EPD LCA Software: beam=""Echochain 3.5.13"" pdf=""AND DEVELOPER IF APPLICABLE"""
bbb028,EPDIE-22-83,—,—,—,—,—,—,MISMATCH,—,MISMATCH,MISMATCH,MISMATCH,—,—,MISMATCH,MISMATCH,—,MISMATCH,MISMATCH,—,—,—,—,—,—,—,—,—,—,—,—,—,—,MISMATCH,MISMATCH,—,—,—,—,—,—,—,—,—,—,—,MISMATCH,—,—,—,—,MISMATCH,MISMATCH,MATCH,MISMATCH,MISMATCH,MATCH,MISMATCH,MISMATCH,MISMATCH,—,MISMATCH,MATCH,—,—,13.6%,"EPD Expiry: beam=""2027"" pdf=∅ | Material: beam=""Sheet barrier"" pdf=∅ | Manufacturer: beam=""Partel"" pdf=∅ | Product Brand Name: beam=""VARA PLUS"" pdf=∅ | Countries of Manufacture: beam=""EU"" pdf=∅ | Markets of Applicability: beam=""EU"" pdf=∅ | Stated EPD kgCO2e / unit: beam=""0.4"" pdf=""0.41459999999999997"" | GWP units kgCO2e per: beam=""m²"" pdf=∅ | Density: beam=""120"" pdf=∅ | Density Units: beam=""g/m2"" pdf=∅ | Material Type: beam=""Barrier"" pdf=""Membrane"" | EPD ID: beam=""EPDIE-22-83"" pdf=""EPDIE-22-83 Vapour Control Membranes"" | EPD Type: beam=""Product-specific"" pdf=∅ | EPD/LCA Prepared by: beam=""Ecoreview"" pdf=""Ecochain"" | EPD Program / Operator: beam=""Irish Green Building Council"" pdf=""IBU"" | EPD Verifying Agent: beam=""Chris Foster, EuGeos SRL"" pdf=""Pat Barry - CEO - Irish Green Building C"" | EPD Standards: beam=""EN 15804:2012+A2:2019"" pdf=""ISO 14025, EN 15804+A2, ISO 14040"" | EPD PCR Guidelines: beam=""EN 15804:2012+A2:2020"" pdf=""Part A Implementation and use of I.S. EN"" | EPD LCA Software: beam=""Echochain 3.5.13"" pdf=""AND DEVELOPER IF APPLICABLE"""
bbb007,EPDIE-22-84,—,—,—,—,—,—,MISMATCH,—,MISMATCH,MISMATCH,MISMATCH,—,—,MISMATCH,MISMATCH,—,MISMATCH,MISMATCH,—,—,—,—,—,—,—,—,—,—,—,—,—,—,MISMATCH,MISMATCH,—,—,—,—,—,—,—,—,—,—,—,MISMATCH,—,—,—,—,MISMATCH,MISMATCH,MATCH,MISMATCH,MISMATCH,MATCH,MISMATCH,MISMATCH,MISMATCH,—,MISMATCH,MATCH,—,—,13.6%,"EPD Expiry: beam=""2027"" pdf=∅ | Material: beam=""Adhesive barrier"" pdf=∅ | Manufacturer: beam=""Partel"" pdf=""EXOPERM MONO SA"" | Product Brand Name: beam=""Exoperm Mono SA 250"" pdf=∅ | Countries of Manufacture: beam=""EU"" pdf=∅ | Markets of Applicability: beam=""EU"" pdf=∅ | Stated EPD kgCO2e / unit: beam=""0.8"" pdf=""0.5285"" | GWP units kgCO2e per: beam=""m²"" pdf=∅ | Density: beam=""250"" pdf=""500"" | Density Units: beam=""g/m2"" pdf=""kg/m3"" | Material Type: beam=""Barrier"" pdf=""Engineered wood"" | EPD ID: beam=""EPDIE-22-84"" pdf=""EPDIE-22-84 Breathable Monolithic"" | EPD Type: beam=""Product-specific"" pdf=∅ | EPD/LCA Prepared by: beam=""Ecoreview"" pdf=""Ecochain"" | EPD Program / Operator: beam=""Irish Green Building Council"" pdf=""IBU"" | EPD Verifying Agent: beam=""Chris Foster, EuGeos SRL"" pdf=""Pat Barry - CEO - Irish Green Building C"" | EPD Standards: beam=""EN 15804:2012+A2:2019"" pdf=""ISO 14025, EN 15804+A2, ISO 14040"" | EPD PCR Guidelines: beam=""EN 15804:2012+A2:2020"" pdf=""Part A Implementation and use of I.S. EN"" | EPD LCA Software: beam=""Echochain 3.5.13"" pdf=""AND DEVELOPER IF APPLICABLE"""
bbb010,EPDIE-22-84,—,—,—,—,—,—,MISMATCH,—,MISMATCH,MISMATCH,MISMATCH,—,—,MISMATCH,MISMATCH,—,MISMATCH,MISMATCH,—,—,—,—,—,—,—,—,—,—,—,—,—,—,MISMATCH,MISMATCH,—,—,—,—,—,—,—,—,—,—,—,MISMATCH,—,—,—,—,MISMATCH,MISMATCH,MATCH,MISMATCH,MISMATCH,MATCH,MISMATCH,MISMATCH,MISMATCH,—,MISMATCH,MATCH,—,—,13.6%,"EPD Expiry: beam=""2027"" pdf=∅ | Material: beam=""Sheet barrier"" pdf=∅ | Manufacturer: beam=""Partel"" pdf=""EXOPERM MONO SA"" | Product Brand Name: beam=""Exoperm Mono 150"" pdf=∅ | Countries of Manufacture: beam=""EU"" pdf=∅ | Markets of Applicability: beam=""EU"" pdf=∅ | Stated EPD kgCO2e / unit: beam=""0.5"" pdf=""0.5285"" | GWP units kgCO2e per: beam=""m²"" pdf=∅ | Density: beam=""150"" pdf=""500"" | Density Units: beam=""g/m2"" pdf=""kg/m3"" | Material Type: beam=""Barrier"" pdf=""Engineered wood"" | EPD ID: beam=""EPDIE-22-84"" pdf=""EPDIE-22-84 Breathable Monolithic"" | EPD Type: beam=""Product-specific"" pdf=∅ | EPD/LCA Prepared by: beam=""Ecoreview"" pdf=""Ecochain"" | EPD Program / Operator: beam=""Irish Green Building Council"" pdf=""IBU"" | EPD Verifying Agent: beam=""Chris Foster, EuGeos SRL"" pdf=""Pat Barry - CEO - Irish Green Building C"" | EPD Standards: beam=""EN 15804:2012+A2:2019"" pdf=""ISO 14025, EN 15804+A2, ISO 14040"" | EPD PCR Guidelines: beam=""EN 15804:2012+A2:2020"" pdf=""Part A Implementation and use of I.S. EN"" | EPD LCA Software: beam=""Echochain 3.5.13"" pdf=""AND DEVELOPER IF APPLICABLE"""
STU000,EPD-IWM-STO-20210130-IBG1-DE,—,—,—,—,—,—,MATCH,—,MISMATCH,MATCH,MISMATCH,MISMATCH,—,MISMATCH,MISMATCH,—,MISMATCH,MISMATCH,—,—,—,—,—,—,—,—,—,—,—,—,—,—,MISMATCH,MATCH,—,—,—,—,—,—,—,—,—,—,—,MISMATCH,—,—,—,—,MATCH,MISMATCH,MATCH,MISMATCH,MATCH,MATCH,MISMATCH,MISMATCH,MISMATCH,—,MATCH,MISMATCH,—,—,34.8%,"Material: beam=""Cement ""Stucco"" Plaster"" pdf=∅ | Product Brand Name: beam=""Pre-mixed rendering & plastering mortar "" pdf=∅ | Specifications: beam=""1/2"" thick"" pdf=∅ | Countries of Manufacture: beam=""EU"" pdf=∅ | Markets of Applicability: beam=""EU"" pdf=∅ | Stated EPD kgCO2e / unit: beam=""0.4"" pdf=""0.433"" | GWP units kgCO2e per: beam=""kg"" pdf=""the production of one assessment have be"" | Density: beam=""1600"" pdf=""25"" | Material Type: beam=""Cement stucco"" pdf=""EPS Foam"" | EPD Type: beam=""Product-specific"" pdf=∅ | EPD/LCA Prepared by: beam=""IBU"" pdf=""of the Life Cycle"" | EPD Verifying Agent: beam=""Matthias Schulz"" pdf=∅ | EPD Standards: beam=""EN 15804 + A1"" pdf=""ISO 14025, EN 15804+A1, ISO 14040"" | EPD PCR Guidelines: beam=""Mineral factory-made mortar 11.2017"" pdf=""This document is a model EPD. When calcu"" | EPD LCI Database: beam=""GaBi 8"" pdf=""was used for"""
A23456,EPD-JAM-20220072-CBD1-EN,—,—,—,—,—,—,MATCH,—,MISMATCH,MATCH,MISMATCH,MISMATCH,—,MISMATCH,MISMATCH,—,MISMATCH,MISMATCH,—,—,—,—,MISMATCH,—,—,—,—,—,—,—,—,—,MISMATCH,MISMATCH,—,—,—,—,—,—,—,—,—,—,—,MISMATCH,—,—,—,—,MATCH,MISMATCH,MATCH,MISMATCH,MISMATCH,MATCH,MISMATCH,MISMATCH,MISMATCH,MISMATCH,MISMATCH,MISMATCH,MISMATCH,—,19.2%,"Material: beam=""Composite sheathing panel"" pdf=∅ | Product Brand Name: beam=""fermacell®"" pdf=∅ | Specifications: beam=""12.5 mm"" pdf=∅ | Countries of Manufacture: beam=""EU"" pdf=∅ | Markets of Applicability: beam=""EU"" pdf=∅ | Stated EPD kgCO2e / unit: beam=""1900-01-02"" pdf=""-0.737"" | GWP units kgCO2e per: beam=""m2"" pdf=∅ | GWP-bio from EPD: beam=""3.58"" pdf=""-7.19"" | Density: beam=""14.75"" pdf=""1180"" | Density Units: beam=""kg/m2"" pdf=""kg/m3"" | Material Type: beam=""Gypsum"" pdf=""Cellulose"" | EPD Type: beam=""Product-specific"" pdf=∅ | EPD/LCA Prepared by: beam=""Sphera Solutions GmbH"" pdf=""of the Life Cycle"" | EPD Program / Operator: beam=""Institut Bauen und Umwelt e.V."" pdf=""IBU"" | EPD Verifying Agent: beam=""Dr. Stefan Diederichs"" pdf=∅ | EPD Standards: beam=""--"" pdf=""ISO 14025, EN 15804+A2"" | EPD PCR Guidelines: beam=""Part B: Requirements for the EPD for
gyp"" pdf=""This Environmental Product Declaration r"" | LCA Method: beam=""--"" pdf=∅ | EPD LCA Software: beam=""---"" pdf=""GaBi"" | EPD LCI Database: beam=""GaBi 10.5"" pdf=""used is GaBi ts."" | Product Service Life (Years): beam=""The service life of building products de"" pdf=∅"
S12347,EPD-KRI-20230308-IBC1-EN,—,—,—,—,—,—,MATCH,—,MISMATCH,MATCH,MISMATCH,MISMATCH,—,MATCH,MISMATCH,—,MISMATCH,MISMATCH,—,—,—,—,—,—,—,—,—,—,—,—,—,—,MISMATCH,MISMATCH,—,—,—,—,—,—,—,—,—,—,—,MISMATCH,—,—,—,—,MATCH,MISMATCH,MISMATCH,MISMATCH,MATCH,MATCH,MISMATCH,MATCH,MISMATCH,—,—,—,—,—,33.3%,"Material: beam=""Ground screw"" pdf=∅ | Product Brand Name: beam=""E-Series E89x1000-E60"" pdf=∅ | Specifications: beam=""89 x 1000 mm"" pdf=∅ | Markets of Applicability: beam=""EU"" pdf=∅ | Stated EPD kgCO2e / unit: beam=""2.39"" pdf=""0"" | GWP units kgCO2e per: beam=""kg"" pdf=∅ | Density: beam=""5.5"" pdf=""7850"" | Density Units: beam=""kg/m"" pdf=""kg/m3"" | Material Type: beam=""Ground screw"" pdf=""Steel"" | EPD Type: beam=""Product-specific"" pdf=∅ | EPD Owner: beam=""Krinner Ground Screws"" pdf=""Krinner Schraubfundamente GmbH"" | EPD/LCA Prepared by: beam=""IBU"" pdf=""of the LCA."" | EPD Verifying Agent: beam=""Matthias Klingler"" pdf=∅ | EPD PCR Guidelines: beam=""Structural steels 01.08.2021"" pdf=""Scope:"""
S12348,EPD-KRI-20230308-IBC1-EN,—,—,—,—,—,—,MATCH,—,MISMATCH,MATCH,MISMATCH,MISMATCH,—,MATCH,MISMATCH,—,MISMATCH,MISMATCH,—,—,—,—,—,—,—,—,—,—,—,—,—,—,MISMATCH,MISMATCH,—,—,—,—,—,—,—,—,—,—,—,MISMATCH,—,—,—,—,MATCH,MISMATCH,MISMATCH,MISMATCH,MATCH,MATCH,MISMATCH,MATCH,MISMATCH,—,—,—,—,—,33.3%,"Material: beam=""Ground screw"" pdf=∅ | Product Brand Name: beam=""E-Series E140x1600-E76-100"" pdf=∅ | Specifications: beam=""140 x 1600 mm"" pdf=∅ | Markets of Applicability: beam=""EU"" pdf=∅ | Stated EPD kgCO2e / unit: beam=""2.39"" pdf=""0"" | GWP units kgCO2e per: beam=""kg"" pdf=∅ | Density: beam=""5.5"" pdf=""7850"" | Density Units: beam=""kg/m"" pdf=""kg/m3"" | Material Type: beam=""Ground screw"" pdf=""Steel"" | EPD Type: beam=""Product-specific"" pdf=∅ | EPD Owner: beam=""Krinner Ground Screws"" pdf=""Krinner Schraubfundamente GmbH"" | EPD/LCA Prepared by: beam=""IBU"" pdf=""of the LCA."" | EPD Verifying Agent: beam=""Matthias Klingler"" pdf=∅ | EPD PCR Guidelines: beam=""Structural steels 01.08.2021"" pdf=""Scope:"""
CCF002,EPD-MDS-20210038-CBA1-EN,—,—,—,—,—,—,MISMATCH,—,MISMATCH,MISMATCH,MISMATCH,MISMATCH,—,MISMATCH,MISMATCH,—,MISMATCH,MISMATCH,—,—,—,—,—,—,—,—,—,—,—,—,—,—,MATCH,MATCH,—,—,MISMATCH,MISMATCH,—,—,—,—,—,—,—,MISMATCH,—,—,—,—,MATCH,MISMATCH,MATCH,MISMATCH,MATCH,MATCH,MISMATCH,MATCH,MISMATCH,—,MATCH,—,MISMATCH,—,32.0%,"EPD Expiry: beam=""1905-07-18"" pdf=""2026-06-07"" | Material: beam=""Cementitious foam"" pdf=∅ | Manufacturer: beam=""Master Builders Solutions GmbH"" pdf=""Master Builders Solutions Deutschland Gm"" | Product Brand Name: beam=""MasterProtect NFF 2070 IN"" pdf=∅ | Specifications: beam=""R3.8/inch / 70 kg/m3"" pdf=∅ | Countries of Manufacture: beam=""EU"" pdf=∅ | Markets of Applicability: beam=""EU"" pdf=∅ | Stated EPD kgCO2e / unit: beam=""45.6"" pdf=""45.59"" | GWP units kgCO2e per: beam=""m3"" pdf=∅ | R-value / inch: beam=""3.80"" pdf=∅ | k, Thermal Conductivity: beam=""0.038"" pdf=∅ | Material Type: beam=""Cementitious foam"" pdf=""Brick"" | EPD Type: beam=""Product-specific"" pdf=∅ | EPD/LCA Prepared by: beam=""IBU"" pdf=""of the Life Cycle"" | EPD Verifying Agent: beam=""Eva Schmincke"" pdf=""appointed by SVR)"" | EPD PCR Guidelines: beam=""EN 15804 Sustainability of construction "" pdf=""The ecobalance is based on the compound"" | Product Service Life (Years): beam=""50"" pdf=∅"
INS016,EPD n° 21-0078-001.00.00,—,—,—,—,—,—,MISMATCH,—,MISMATCH,MATCH,MISMATCH,MISMATCH,—,MISMATCH,MISMATCH,—,MISMATCH,MISMATCH,—,—,—,—,—,—,—,—,—,—,—,—,—,—,MISMATCH,MATCH,MISMATCH,MISMATCH,MISMATCH,MATCH,MISMATCH,—,MISMATCH,MISMATCH,MISMATCH,—,—,MISMATCH,—,—,—,—,MISMATCH,MISMATCH,MISMATCH,MISMATCH,MISMATCH,MISMATCH,MISMATCH,MISMATCH,—,—,MATCH,MATCH,MISMATCH,—,16.1%,"EPD Expiry: beam=""2026-09-16"" pdf=∅ | Material: beam=""Hempcrete block"" pdf=∅ | Product Brand Name: beam=""Hemp Block PAL36EX including mortar / 60"" pdf=∅ | Specifications: beam=""R 2/inch"" pdf=∅ | Countries of Manufacture: beam=""Belgium"" pdf=∅ | Markets of Applicability: beam=""EU"" pdf=∅ | Stated EPD kgCO2e / unit: beam=""45.66"" pdf=∅ | GWP units kgCO2e per: beam=""m2 @RSI 5.07"" pdf=∅ | Density: beam=""340"" pdf=""2800"" | Addn'l factors: beam=""24.1"" pdf=∅ | Addn'l factor units: beam=""kg/m2 at RSI1"" pdf=∅ | R-value / inch: beam=""2.00"" pdf=∅ | Moisture content %: beam=""12"" pdf=∅ | Length (m): beam=""0.600"" pdf=∅ | Width (m): beam=""0.300"" pdf=∅ | Depth (m): beam=""0.360"" pdf=∅ | Material Type: beam=""Hemp"" pdf=""Aluminum"" | EPD ID: beam=""EPD n° 21-0078-001.00.00"" pdf=∅ | EPD Type: beam=""Product-specific"" pdf=∅ | EPD Owner: beam=""ISOHEMP"" pdf=∅ | EPD/LCA Prepared by: beam=""Prof. Dr Ir Angélique Léonard /Dr Ir Syl"" pdf=""Roland Hischier) (sur base du poids"" | EPD Program / Operator: beam=""B-EPD"" pdf=∅ | Internal/External Validation: beam=""External"" pdf=∅ | EPD Verifying Agent: beam=""Naeem Adibi - WeLoop"" pdf=∅ | EPD Standards: beam=""NBN EN 15804+A2:2019NBN/DTD B 08-001 - "" pdf=""ISO 14025, EN 15804+A2, ISO 14040"" | Product Service Life (Years): beam=""60"" pdf=∅"
BAM004,EPD-NIBE-20210322-18246,—,—,—,—,—,—,MISMATCH,—,MISMATCH,MISMATCH,MISMATCH,MISMATCH,—,MISMATCH,MISMATCH,—,MISMATCH,MISMATCH,—,—,—,—,MISMATCH,—,—,—,—,—,—,—,—,—,MISMATCH,MISMATCH,MISMATCH,MISMATCH,—,—,—,—,—,—,MISMATCH,—,—,MISMATCH,—,—,—,—,MISMATCH,MISMATCH,MISMATCH,MISMATCH,MISMATCH,MATCH,MATCH,MISMATCH,MISMATCH,—,—,—,—,—,8.0%,"EPD Expiry: beam=""2027"" pdf=∅ | Material: beam=""Hard Bamboo flooring"" pdf=∅ | Manufacturer: beam=""MOSO International"" pdf=""Manufacturer"" | Product Brand Name: beam=""Grand, Eternal & Dynamic Collections, Ba"" pdf=∅ | Specifications: beam=""15mm, Moso HighDensity, caramel."" pdf=∅ | Countries of Manufacture: beam=""China"" pdf=""CHN"" | Markets of Applicability: beam=""Global"" pdf=∅ | Stated EPD kgCO2e / unit: beam=""576.5"" pdf=∅ | GWP units kgCO2e per: beam=""m3"" pdf=∅ | GWP-bio from EPD: beam=""1549.3"" pdf=∅ | Density: beam=""1050"" pdf=∅ | Density Units: beam=""kg/m3"" pdf=∅ | Addn'l factors: beam=""15.75"" pdf=∅ | Addn'l factor units: beam=""kg/m2"" pdf=∅ | Depth (m): beam=""0.015"" pdf=∅ | Material Type: beam=""Bamboo"" pdf=""Hardwood"" | EPD ID: beam=""EPD-NIBE-20210322-18246"" pdf=∅ | EPD Type: beam=""Product-specific"" pdf=∅ | EPD Owner: beam=""MOSO International BV"" pdf=""Manufacturer: MOSO"" | EPD/LCA Prepared by: beam=""NIBE"" pdf=∅ | EPD Program / Operator: beam=""NIBE"" pdf=∅ | EPD Standards: beam=""EN ISO 14025:2010"" pdf=""ISO 14025:2010, ISO 21930, EN15804, ISO "" | EPD PCR Guidelines: beam=""EN 15804+A2:2019"" pdf=∅"
BAM005,EPD-NIBE-20210322-18246,—,—,—,—,—,—,MISMATCH,—,MISMATCH,MISMATCH,MISMATCH,MISMATCH,—,MISMATCH,MISMATCH,—,MISMATCH,MISMATCH,—,—,—,—,MISMATCH,—,—,—,—,—,—,—,—,—,MISMATCH,MISMATCH,MISMATCH,MISMATCH,—,—,—,—,—,—,MISMATCH,—,—,MISMATCH,—,—,—,—,MISMATCH,MISMATCH,MISMATCH,MISMATCH,MISMATCH,MATCH,MATCH,MISMATCH,MISMATCH,—,—,—,—,—,8.0%,"EPD Expiry: beam=""2027"" pdf=∅ | Material: beam=""Hard Bamboo flooring"" pdf=∅ | Manufacturer: beam=""MOSO International"" pdf=""Manufacturer"" | Product Brand Name: beam=""Solid & Supra Collection"" pdf=∅ | Specifications: beam=""20mm, Moso HighDensity, caramel."" pdf=∅ | Countries of Manufacture: beam=""China"" pdf=""CHN"" | Markets of Applicability: beam=""Global"" pdf=∅ | Stated EPD kgCO2e / unit: beam=""576.5"" pdf=∅ | GWP units kgCO2e per: beam=""m3"" pdf=∅ | GWP-bio from EPD: beam=""1549.3"" pdf=∅ | Density: beam=""1050"" pdf=∅ | Density Units: beam=""kg/m3"" pdf=∅ | Addn'l factors: beam=""13.65"" pdf=∅ | Addn'l factor units: beam=""kg/m2"" pdf=∅ | Depth (m): beam=""0.013"" pdf=∅ | Material Type: beam=""Bamboo"" pdf=""Hardwood"" | EPD ID: beam=""EPD-NIBE-20210322-18246"" pdf=∅ | EPD Type: beam=""Product-specific"" pdf=∅ | EPD Owner: beam=""MOSO International BV"" pdf=""Manufacturer: MOSO"" | EPD/LCA Prepared by: beam=""NIBE"" pdf=∅ | EPD Program / Operator: beam=""NIBE"" pdf=∅ | EPD Standards: beam=""EN ISO 14025:2010"" pdf=""ISO 14025:2010, ISO 21930, EN15804, ISO "" | EPD PCR Guidelines: beam=""EN 15804+A2:2019"" pdf=∅"
BAM006,EPD-NIBE-20210322-18246,—,—,—,—,—,—,MISMATCH,—,MISMATCH,MISMATCH,MISMATCH,—,—,MISMATCH,MISMATCH,—,MISMATCH,MISMATCH,—,—,—,—,MISMATCH,—,—,—,—,—,—,—,—,—,MISMATCH,MISMATCH,—,—,—,—,—,—,—,—,—,—,—,MISMATCH,—,—,—,—,MISMATCH,MISMATCH,MISMATCH,MISMATCH,MISMATCH,MATCH,MATCH,MISMATCH,MISMATCH,—,—,—,—,—,9.5%,"EPD Expiry: beam=""2027"" pdf=∅ | Material: beam=""Hard Bamboo flooring"" pdf=∅ | Manufacturer: beam=""MOSO International"" pdf=""Manufacturer"" | Product Brand Name: beam=""Bamboo Solid Beams"" pdf=∅ | Countries of Manufacture: beam=""China"" pdf=""CHN"" | Markets of Applicability: beam=""Global"" pdf=∅ | Stated EPD kgCO2e / unit: beam=""576.5"" pdf=∅ | GWP units kgCO2e per: beam=""m3"" pdf=∅ | GWP-bio from EPD: beam=""1549.3"" pdf=∅ | Density: beam=""1050"" pdf=∅ | Density Units: beam=""kg/m3"" pdf=∅ | Material Type: beam=""Bamboo"" pdf=""Hardwood"" | EPD ID: beam=""EPD-NIBE-20210322-18246"" pdf=∅ | EPD Type: beam=""Product-specific"" pdf=∅ | EPD Owner: beam=""MOSO International BV"" pdf=""Manufacturer: MOSO"" | EPD/LCA Prepared by: beam=""NIBE"" pdf=∅ | EPD Program / Operator: beam=""NIBE"" pdf=∅ | EPD Standards: beam=""EN ISO 14025:2011"" pdf=""ISO 14025:2010, ISO 21930, EN15804, ISO "" | EPD PCR Guidelines: beam=""EN 15804+A2:2020"" pdf=∅"
BAM008,EPD-NIBE-20210322-18247,—,—,—,—,—,—,MISMATCH,—,MISMATCH,MISMATCH,MISMATCH,MISMATCH,—,MISMATCH,MISMATCH,—,MISMATCH,MISMATCH,—,—,—,—,MISMATCH,—,—,—,—,—,—,—,—,—,MISMATCH,MISMATCH,MISMATCH,MISMATCH,—,—,—,—,—,—,MISMATCH,—,—,MISMATCH,—,—,—,—,MISMATCH,MISMATCH,MISMATCH,MISMATCH,MISMATCH,MATCH,MATCH,MISMATCH,MISMATCH,—,—,—,—,—,8.0%,"EPD Expiry: beam=""2027"" pdf=∅ | Material: beam=""Laminated Bamboo flooring"" pdf=∅ | Manufacturer: beam=""MOSO International"" pdf=""Manufacturer"" | Product Brand Name: beam=""Bamboo Elite & Elite Premium, Industrial"" pdf=∅ | Specifications: beam=""15mm, Side/Plain pressed, Moso Density, "" pdf=∅ | Countries of Manufacture: beam=""China"" pdf=""CHN"" | Markets of Applicability: beam=""Global"" pdf=∅ | Stated EPD kgCO2e / unit: beam=""305.28"" pdf=∅ | GWP units kgCO2e per: beam=""m3"" pdf=∅ | GWP-bio from EPD: beam=""1140.8"" pdf=∅ | Density: beam=""700"" pdf=∅ | Density Units: beam=""kg/m3"" pdf=∅ | Addn'l factors: beam=""10.5"" pdf=∅ | Addn'l factor units: beam=""kg/m2"" pdf=∅ | Depth (m): beam=""0.015"" pdf=∅ | Material Type: beam=""Bamboo"" pdf=∅ | EPD ID: beam=""EPD-NIBE-20210322-18247"" pdf=∅ | EPD Type: beam=""Product-specific"" pdf=∅ | EPD Owner: beam=""MOSO International BV"" pdf=""Manufacturer: MOSO"" | EPD/LCA Prepared by: beam=""NIBE"" pdf=∅ | EPD Program / Operator: beam=""NIBE"" pdf=∅ | EPD Standards: beam=""EN ISO 14025:2013"" pdf=""ISO 14025:2010, ISO 21930, EN15804, ISO "" | EPD PCR Guidelines: beam=""EN 15804+A2:2022"" pdf=∅"
INT007,EPD-NIBE-20210615-20084,—,—,—,—,—,—,MISMATCH,—,MISMATCH,MATCH,MISMATCH,MISMATCH,—,MISMATCH,MISMATCH,—,MISMATCH,MISMATCH,—,—,—,—,MISMATCH,—,—,—,—,—,—,—,—,—,MISMATCH,MISMATCH,—,—,—,—,—,—,—,—,—,—,—,MISMATCH,—,—,—,—,MISMATCH,MISMATCH,MISMATCH,MISMATCH,MISMATCH,MATCH,MATCH,—,MISMATCH,MISMATCH,MISMATCH,—,—,—,13.0%,"EPD Expiry: beam=""2026"" pdf=∅ | Material: beam=""MgO board 1/2"""" pdf=∅ | Product Brand Name: beam=""MAGOXX boards"" pdf=∅ | Specifications: beam=""1/2"""" pdf=∅ | Countries of Manufacture: beam=""China"" pdf=∅ | Markets of Applicability: beam=""EU"" pdf=∅ | Stated EPD kgCO2e / unit: beam=""6.7"" pdf=""7.8100000000000005"" | GWP units kgCO2e per: beam=""m2"" pdf=∅ | GWP-bio from EPD: beam=""0.4741"" pdf=""-0.5241"" | Density: beam=""1000"" pdf=∅ | Density Units: beam=""kg/m3"" pdf=∅ | Material Type: beam=""Magnesium oxide"" pdf=∅ | EPD ID: beam=""EPD-NIBE-20210615-20084"" pdf=∅ | EPD Type: beam=""Product-specific"" pdf=∅ | EPD Owner: beam=""Sinh Build"" pdf=""3 4.1 Declared unit 8"" | EPD/LCA Prepared by: beam=""ReThink"" pdf=∅ | EPD Program / Operator: beam=""ReThink"" pdf=∅ | EPD PCR Guidelines: beam=""EN 15804:2012  NMD Determination method "" pdf=∅ | LCA Method: beam=""Version v3.03"" pdf=∅ | EPD LCA Software: beam=""NIBE v2.0"" pdf=∅"
BAM007,EPD-NIBE-20210625-20247,—,—,—,—,—,—,MISMATCH,—,MISMATCH,MISMATCH,MISMATCH,MISMATCH,—,MISMATCH,MISMATCH,—,MISMATCH,MISMATCH,—,—,—,—,MISMATCH,—,—,—,—,—,—,—,—,—,MISMATCH,MISMATCH,—,—,—,—,—,—,—,—,—,—,—,MISMATCH,—,—,—,—,MISMATCH,MISMATCH,MISMATCH,MISMATCH,MISMATCH,MATCH,MATCH,MISMATCH,MISMATCH,—,—,—,—,—,9.1%,"EPD Expiry: beam=""2027"" pdf=∅ | Material: beam=""Bamboo Cladding"" pdf=∅ | Manufacturer: beam=""MOSO International"" pdf=""Manufacturer"" | Product Brand Name: beam=""X-treme, all profiles"" pdf=∅ | Specifications: beam=""heat treated, 5/8"" (18 mm)"" pdf=∅ | Countries of Manufacture: beam=""China"" pdf=∅ | Markets of Applicability: beam=""Global"" pdf=∅ | Stated EPD kgCO2e / unit: beam=""25.26"" pdf=∅ | GWP units kgCO2e per: beam=""m2 at 18 mm"" pdf=∅ | GWP-bio from EPD: beam=""32.73"" pdf=∅ | Density: beam=""1150"" pdf=∅ | Density Units: beam=""kg/m3"" pdf=∅ | Material Type: beam=""Bamboo"" pdf=""Hardwood"" | EPD ID: beam=""EPD-NIBE-20210625-20247"" pdf=∅ | EPD Type: beam=""Product-specific"" pdf=∅ | EPD Owner: beam=""MOSO International BV"" pdf=""Manufacturer: MOSO"" | EPD/LCA Prepared by: beam=""NIBE"" pdf=∅ | EPD Program / Operator: beam=""NIBE"" pdf=∅ | EPD Standards: beam=""EN ISO 14025:2012"" pdf=""ISO 14025:2010, ISO 21930, EN15804, ISO "" | EPD PCR Guidelines: beam=""EN 15804+A2:2021"" pdf=∅"
bb05fc,EPD-PCE-20200299-IBB1-EN,—,—,—,—,—,—,MATCH,—,MISMATCH,MATCH,MISMATCH,MISMATCH,—,—,MISMATCH,—,MISMATCH,MISMATCH,—,—,—,—,—,—,—,—,—,—,—,—,—,—,MATCH,MATCH,MISMATCH,MISMATCH,MISMATCH,MISMATCH,—,—,—,—,—,—,—,MISMATCH,—,—,—,—,MATCH,MISMATCH,—,MISMATCH,—,—,—,—,—,—,—,—,—,—,27.8%,"Material: beam=""Foam glass board"" pdf=∅ | Product Brand Name: beam=""FOAMGLAS T4+"" pdf=∅ | Specifications: beam=""R 3.5/inch"" pdf=∅ | Markets of Applicability: beam=""EU"" pdf=""of Belgium (Tessenderlo plant)"" | Stated EPD kgCO2e / unit: beam=""1.45"" pdf=""1.43"" | GWP units kgCO2e per: beam=""kg"" pdf=∅ | Addn'l factors: beam=""4.5"" pdf=∅ | Addn'l factor units: beam=""kg/m2 at RSI1"" pdf=∅ | R-value / inch: beam=""3.517590244"" pdf=∅ | k, Thermal Conductivity: beam=""0.0410000"" pdf=""0.041"" | Material Type: beam=""Foam glass"" pdf=""Brick"" | EPD Type: beam=""Product-specific"" pdf=∅ | EPD/LCA Prepared by: beam=""IBU - Institute Bauen und Umwelt e.V."" pdf=""of the Life Cycle"""
ebf499,EPD-PCE-20200300-IBB1-EN,—,—,—,—,—,—,MATCH,—,MISMATCH,MATCH,MISMATCH,MISMATCH,—,—,MISMATCH,—,MISMATCH,MISMATCH,—,—,—,—,—,—,—,—,—,—,—,—,—,—,MATCH,MATCH,MISMATCH,MISMATCH,MISMATCH,MISMATCH,—,—,—,—,—,—,—,MISMATCH,—,—,—,—,MATCH,MISMATCH,—,MISMATCH,—,—,—,—,—,—,—,—,—,—,27.8%,"Material: beam=""Foam glass board"" pdf=∅ | Product Brand Name: beam=""FOAMGLAS T3+"" pdf=∅ | Specifications: beam=""R 4.0/inch"" pdf=∅ | Markets of Applicability: beam=""EU"" pdf=""of Belgium (Tessenderlo plant)"" | Stated EPD kgCO2e / unit: beam=""1.5"" pdf=""1.45"" | GWP units kgCO2e per: beam=""kg"" pdf=∅ | Addn'l factors: beam=""3.42"" pdf=∅ | Addn'l factor units: beam=""kg/m2 at RSI1"" pdf=∅ | R-value / inch: beam=""4"" pdf=∅ | k, Thermal Conductivity: beam=""0.0360553"" pdf=""0.036"" | Material Type: beam=""Foam glass"" pdf=""Brick"" | EPD Type: beam=""Product-specific"" pdf=∅ | EPD/LCA Prepared by: beam=""IBU - Institute Bauen und Umwelt e.V."" pdf=""of the Life Cycle"""
40c2ea,EPD-PCE-20200301-IBA1-EN,—,—,—,—,—,—,MATCH,—,MISMATCH,MATCH,MISMATCH,MISMATCH,—,—,MISMATCH,—,MISMATCH,MISMATCH,—,—,—,—,—,—,—,—,—,—,—,—,—,—,MISMATCH,MATCH,MISMATCH,MISMATCH,MISMATCH,MISMATCH,—,—,—,—,—,—,—,MISMATCH,—,—,—,—,MATCH,MISMATCH,—,MISMATCH,—,—,—,—,—,—,—,—,—,—,22.2%,"Material: beam=""Foam glass board"" pdf=∅ | Product Brand Name: beam=""FOAMGLAS F"" pdf=∅ | Specifications: beam=""R 2.9/inch"" pdf=∅ | Markets of Applicability: beam=""EU"" pdf=""of Belgium (Tessenderlo plant). If"" | Stated EPD kgCO2e / unit: beam=""1.49"" pdf=""1.45"" | GWP units kgCO2e per: beam=""kg"" pdf=∅ | Density: beam=""165.00"" pdf=""165"" | Addn'l factors: beam=""8.25"" pdf=∅ | Addn'l factor units: beam=""kg/m2 at RSI1"" pdf=∅ | R-value / inch: beam=""2.88"" pdf=∅ | k, Thermal Conductivity: beam=""0.0500768"" pdf=""0.05"" | Material Type: beam=""Foam glass"" pdf=""Brick"" | EPD Type: beam=""Product-specific"" pdf=∅ | EPD/LCA Prepared by: beam=""IBU - Institute Bauen und Umwelt e.V."" pdf=""of the Life Cycle"""
8f8df3,EPD-PCE-20200302-IBA1-EN,—,—,—,—,—,—,MATCH,—,MISMATCH,MATCH,MISMATCH,MISMATCH,—,—,MISMATCH,—,MISMATCH,MISMATCH,—,—,—,—,—,—,—,—,—,—,—,—,—,—,MATCH,MATCH,MISMATCH,MISMATCH,MISMATCH,MISMATCH,—,—,—,—,—,—,—,MISMATCH,—,—,—,—,MATCH,MISMATCH,—,MISMATCH,—,—,—,—,—,—,—,—,—,—,27.8%,"Material: beam=""Foam glass board"" pdf=∅ | Product Brand Name: beam=""FOAMGLAS S3"" pdf=∅ | Specifications: beam=""R 3.2/inch"" pdf=∅ | Markets of Applicability: beam=""EU"" pdf=""of Belgium (Tessenderlo plant). If"" | Stated EPD kgCO2e / unit: beam=""1.5"" pdf=""1.44"" | GWP units kgCO2e per: beam=""kg"" pdf=∅ | Addn'l factors: beam=""5.85"" pdf=∅ | Addn'l factor units: beam=""kg/m2 at RSI1"" pdf=∅ | R-value / inch: beam=""3.2"" pdf=∅ | k, Thermal Conductivity: beam=""0.0450691"" pdf=""0.045"" | Material Type: beam=""Foam glass"" pdf=""Brick"" | EPD Type: beam=""Product-specific"" pdf=∅ | EPD/LCA Prepared by: beam=""IBU - Institute Bauen und Umwelt e.V."" pdf=""of the Life Cycle"""
3fc60e,EPD-POR-20140214-IBC1-EN,—,—,—,—,—,—,MATCH,—,MISMATCH,MATCH,MISMATCH,MISMATCH,—,—,MISMATCH,—,MATCH,MISMATCH,—,—,—,—,—,—,—,—,—,—,—,—,—,—,MISMATCH,MISMATCH,—,—,MISMATCH,MISMATCH,—,—,—,—,—,—,—,MISMATCH,—,—,—,—,MATCH,MISMATCH,—,MISMATCH,—,—,—,—,—,—,—,—,—,—,25.0%,"Material: beam=""Vacuum Insulated Panel"" pdf=∅ | Product Brand Name: beam=""Vacupor"" pdf=∅ | Specifications: beam=""Fumed silica core, R 30/inch"" pdf=∅ | Markets of Applicability: beam=""EU"" pdf=∅ | GWP units kgCO2e per: beam=""m2 at 25 mm"" pdf=∅ | Density: beam=""181"" pdf=∅ | Density Units: beam=""kg/m3"" pdf=∅ | R-value / inch: beam=""30"" pdf=∅ | k, Thermal Conductivity: beam=""0.0044"" pdf=∅ | Material Type: beam=""Vaccum Panel"" pdf=""Polyisocyanurate"" | EPD Type: beam=""Product-specific"" pdf=∅ | EPD/LCA Prepared by: beam=""IBU"" pdf=""of the Life Cycle Assessment"""
www114,EPD-QKE-20220002-IBG1-DE,—,—,—,—,—,—,MATCH,—,MISMATCH,MISMATCH,MISMATCH,MISMATCH,—,MISMATCH,MISMATCH,—,MISMATCH,MISMATCH,—,—,—,—,—,—,—,—,—,—,—,—,—,—,—,—,—,—,—,—,—,—,—,—,—,—,—,MISMATCH,—,—,—,—,MATCH,MISMATCH,MISMATCH,MISMATCH,MATCH,MATCH,MISMATCH,MATCH,MISMATCH,—,—,MATCH,MISMATCH,—,28.6%,"Material: beam=""Window, PVC-U frame"" pdf=∅ | Manufacturer: beam=""aluplast, Deceuninck, Caine, Gargiulo, G"" pdf=""QKE Qualit"" | Product Brand Name: beam=""PVC-U frame, tilt & turn"" pdf=∅ | Specifications: beam=""Double pane"" pdf=∅ | Countries of Manufacture: beam=""EU"" pdf=∅ | Markets of Applicability: beam=""EU"" pdf=∅ | Stated EPD kgCO2e / unit: beam=""79.2"" pdf=""80"" | GWP units kgCO2e per: beam=""m2"" pdf=∅ | Material Type: beam=""Double pane window"" pdf=""Aluminum"" | EPD Type: beam=""Industry average"" pdf=∅ | EPD Owner: beam=""QKE, GKFP, EPPA"" pdf=""QKE Qualitätsverband Kunststofferzeugnis"" | EPD/LCA Prepared by: beam=""IBU"" pdf=""of the Life Cycle"" | EPD Verifying Agent: beam=""(can't identify signature)"" pdf=""(Managing Director Institut Bauen und Um"" | EPD PCR Guidelines: beam=""Windows and doors, 01.2021"" pdf=""This declaration is an association EPD."" | Product Service Life (Years): beam=""30"" pdf=∅"
www121,EPD-QKE-20220156-IBG1-DE,—,—,—,—,—,—,MISMATCH,—,MISMATCH,MISMATCH,MISMATCH,MISMATCH,—,MISMATCH,MISMATCH,—,MISMATCH,MISMATCH,—,—,—,—,—,—,—,—,—,—,—,—,—,—,—,—,—,—,—,—,—,—,—,—,—,—,—,MISMATCH,—,—,—,—,MATCH,MISMATCH,MISMATCH,MISMATCH,MATCH,MATCH,MISMATCH,MATCH,MISMATCH,—,—,MATCH,MISMATCH,—,23.8%,"EPD Expiry: beam=""2026"" pdf=""2027-09-14"" | Material: beam=""Window, PVC-U frame"" pdf=∅ | Manufacturer: beam=""aluplast, Deceuninck, Caine, Gargiulo, G"" pdf=""IBU"" | Product Brand Name: beam=""PVC-U frame, tilt & turn"" pdf=∅ | Specifications: beam=""Triple pane"" pdf=∅ | Countries of Manufacture: beam=""EU"" pdf=∅ | Markets of Applicability: beam=""EU"" pdf=∅ | Stated EPD kgCO2e / unit: beam=""95.2"" pdf=∅ | GWP units kgCO2e per: beam=""m2"" pdf=∅ | Material Type: beam=""Triple pane window"" pdf=""Aluminum"" | EPD Type: beam=""Industry average"" pdf=∅ | EPD Owner: beam=""QKE, GKFP, EPPA"" pdf=""IBU – Institut Bauen und Umwelt e.V. QKE"" | EPD/LCA Prepared by: beam=""IBU"" pdf=∅ | EPD Verifying Agent: beam=""Dr. Eva Schminkcke"" pdf=∅ | EPD PCR Guidelines: beam=""Windows and doors, 01.2021"" pdf=""This declaration is an association EPD."" | Product Service Life (Years): beam=""30"" pdf=∅"
bbb031,EPD-SIG-20220185-CBA1-EN,—,—,—,—,—,—,MATCH,—,MISMATCH,MATCH,MISMATCH,—,—,MISMATCH,MISMATCH,—,MISMATCH,MISMATCH,—,—,—,—,—,—,—,—,—,—,—,—,—,—,MISMATCH,MISMATCH,—,—,—,—,—,—,—,—,—,—,—,MISMATCH,—,—,—,—,MATCH,MISMATCH,MATCH,MISMATCH,MATCH,MATCH,MISMATCH,MATCH,MISMATCH,—,—,—,—,—,35.0%,"Material: beam=""Sheet barrier"" pdf=∅ | Product Brand Name: beam=""Majrex 200"" pdf=∅ | Countries of Manufacture: beam=""EU"" pdf=""AUT"" | Markets of Applicability: beam=""EU"" pdf=∅ | Stated EPD kgCO2e / unit: beam=""1.2"" pdf=""1.17"" | GWP units kgCO2e per: beam=""m²"" pdf=∅ | Density: beam=""0.15"" pdf=∅ | Density Units: beam=""kg/m2"" pdf=∅ | Material Type: beam=""Barrier"" pdf=∅ | EPD Type: beam=""Product-specific"" pdf=∅ | EPD/LCA Prepared by: beam=""Sphera Solutions GmbH"" pdf=""of the Life Cycle"" | EPD Verifying Agent: beam=""Vito D'Incognito"" pdf=∅ | EPD PCR Guidelines: beam=""False ceiling and underlay sheeting 11.2"" pdf=""This document applies to SIGA Majrex 200"""
ins026,EPD-STE-20150327-IBD1-EN,—,—,—,—,—,—,MISMATCH,—,MISMATCH,MATCH,MISMATCH,MISMATCH,—,MISMATCH,MISMATCH,—,MISMATCH,MISMATCH,—,—,—,—,—,—,—,—,—,—,—,—,—,—,MISMATCH,MISMATCH,MISMATCH,MISMATCH,MISMATCH,MISMATCH,—,—,—,—,—,—,—,MISMATCH,—,—,—,—,MATCH,MISMATCH,—,MISMATCH,—,—,—,—,—,—,—,—,—,—,10.5%,"EPD Expiry: beam=""2025"" pdf=""2021-02-04"" | Material: beam=""Wood fiber board"" pdf=∅ | Product Brand Name: beam=""STEICOprotect S dry, STEICOsafe 40, STEI"" pdf=∅ | Specifications: beam=""R 3.6/inch, 40, 120, 140, 160, 180, 200 "" pdf=∅ | Countries of Manufacture: beam=""EU"" pdf=∅ | Markets of Applicability: beam=""EU"" pdf=∅ | Stated EPD kgCO2e / unit: beam=""-81.57"" pdf=""-173.133"" | GWP units kgCO2e per: beam=""m3"" pdf=∅ | Density: beam=""210"" pdf=∅ | Density Units: beam=""kg/m3"" pdf=∅ | Addn'l factors: beam=""8.412903333"" pdf=∅ | Addn'l factor units: beam=""kg/m2•RSI"" pdf=∅ | R-value / inch: beam=""3.6"" pdf=∅ | k, Thermal Conductivity: beam=""0.04006144444"" pdf=""0.038"" | Material Type: beam=""Wood fibre"" pdf=""Wood fiber insulation"" | EPD Type: beam=""Product-specific"" pdf=∅ | EPD/LCA Prepared by: beam=""IBU"" pdf=""of the Life Cycle Assessment"""
ins027,EPD-STE-20150327-IBD1-EN,—,—,—,—,—,—,MISMATCH,—,MISMATCH,MATCH,MISMATCH,MISMATCH,—,MISMATCH,MISMATCH,—,MISMATCH,MISMATCH,—,—,—,—,—,—,—,—,—,—,—,—,—,—,MISMATCH,MISMATCH,MISMATCH,MISMATCH,MISMATCH,MISMATCH,—,—,—,—,—,—,—,MISMATCH,—,—,—,—,MATCH,MISMATCH,—,MISMATCH,—,—,—,—,—,—,—,—,—,—,10.5%,"EPD Expiry: beam=""2025"" pdf=""2021-02-04"" | Material: beam=""Wood fiber board"" pdf=∅ | Product Brand Name: beam=""STEICOprotect M dry, STEICOroof dry, STE"" pdf=∅ | Specifications: beam=""R 3.6/inch, 40, 120, 140, 160, 180, 200 "" pdf=∅ | Countries of Manufacture: beam=""EU"" pdf=∅ | Markets of Applicability: beam=""EU"" pdf=∅ | Stated EPD kgCO2e / unit: beam=""-81.57"" pdf=""-173.133"" | GWP units kgCO2e per: beam=""m3"" pdf=∅ | Density: beam=""140"" pdf=∅ | Density Units: beam=""kg/m3"" pdf=∅ | Addn'l factors: beam=""5.608602222"" pdf=∅ | Addn'l factor units: beam=""kg/m2•RSI"" pdf=∅ | R-value / inch: beam=""3.6"" pdf=∅ | k, Thermal Conductivity: beam=""0.04006144444"" pdf=""0.038"" | Material Type: beam=""Wood fibre"" pdf=""Wood fiber insulation"" | EPD Type: beam=""Product-specific"" pdf=∅ | EPD/LCA Prepared by: beam=""IBU"" pdf=""of the Life Cycle Assessment"""
ins028,EPD-STE-20150327-IBD1-EN,—,—,—,—,—,—,MISMATCH,—,MISMATCH,MATCH,MISMATCH,MISMATCH,—,MISMATCH,MISMATCH,—,MISMATCH,MISMATCH,—,—,—,—,—,—,—,—,—,—,—,—,—,—,MISMATCH,MISMATCH,MISMATCH,MISMATCH,MISMATCH,MISMATCH,—,—,—,—,—,—,—,MISMATCH,—,—,—,—,MATCH,MISMATCH,—,MISMATCH,—,—,—,—,—,—,—,—,—,—,10.5%,"EPD Expiry: beam=""2025"" pdf=""2021-02-04"" | Material: beam=""Wood fiber board"" pdf=∅ | Product Brand Name: beam=""STEICOtherm dry, STEICOprotect L dry, ST"" pdf=∅ | Specifications: beam=""R 3.6/inch, 40, 120, 140, 160, 180, 200 "" pdf=∅ | Countries of Manufacture: beam=""EU"" pdf=∅ | Markets of Applicability: beam=""EU"" pdf=∅ | Stated EPD kgCO2e / unit: beam=""-81.57"" pdf=""-173.133"" | GWP units kgCO2e per: beam=""m3"" pdf=∅ | Density: beam=""110"" pdf=∅ | Density Units: beam=""kg/m3"" pdf=∅ | Addn'l factors: beam=""4.406758889"" pdf=∅ | Addn'l factor units: beam=""kg/m2•RSI"" pdf=∅ | R-value / inch: beam=""3.6"" pdf=∅ | k, Thermal Conductivity: beam=""0.04006144444"" pdf=""0.038"" | Material Type: beam=""Wood fibre"" pdf=""Wood fiber insulation"" | EPD Type: beam=""Product-specific"" pdf=∅ | EPD/LCA Prepared by: beam=""IBU"" pdf=""of the Life Cycle Assessment"""
ins034,EPD-STE-20150327-IBD1-EN,—,—,—,—,—,—,MISMATCH,—,MISMATCH,MATCH,MISMATCH,MISMATCH,—,—,MISMATCH,—,MISMATCH,MISMATCH,—,—,—,—,—,—,—,—,—,—,—,—,—,—,MISMATCH,MISMATCH,MISMATCH,MISMATCH,MISMATCH,MISMATCH,—,—,—,—,—,—,—,MISMATCH,—,—,—,—,MATCH,MISMATCH,—,MISMATCH,—,—,—,—,—,—,—,—,—,—,11.1%,"EPD Expiry: beam=""2025"" pdf=""2021-02-04"" | Material: beam=""Wood fiber batt"" pdf=∅ | Product Brand Name: beam=""SteicoFlex"" pdf=∅ | Specifications: beam=""R 3.8/inch"" pdf=∅ | Markets of Applicability: beam=""EU"" pdf=∅ | Stated EPD kgCO2e / unit: beam=""-28.27"" pdf=""-173.133"" | GWP units kgCO2e per: beam=""m3"" pdf=∅ | Density: beam=""55"" pdf=∅ | Density Units: beam=""kg/m3"" pdf=∅ | Addn'l factors: beam=""2.087412105"" pdf=∅ | Addn'l factor units: beam=""kg/m2•RSI"" pdf=∅ | R-value / inch: beam=""3.8"" pdf=∅ | k, Thermal Conductivity: beam=""0.03795294737"" pdf=""0.038"" | Material Type: beam=""Wood fibre"" pdf=""Wood fiber insulation"" | EPD Type: beam=""Product-specific"" pdf=∅ | EPD/LCA Prepared by: beam=""IBU"" pdf=""of the Life Cycle Assessment"""
bbb032,EPD-Synwer-234-EN,—,—,—,—,—,—,MATCH,—,MISMATCH,MATCH,MISMATCH,—,—,MISMATCH,MISMATCH,—,MISMATCH,MISMATCH,—,—,—,—,—,—,—,—,—,—,—,—,—,—,MISMATCH,MISMATCH,—,—,—,—,—,—,—,—,—,—,—,MISMATCH,—,—,—,—,MISMATCH,MISMATCH,MATCH,MISMATCH,MISMATCH,MATCH,MISMATCH,MISMATCH,MISMATCH,—,—,MATCH,—,—,23.8%,"Material: beam=""Sheet barrier"" pdf=∅ | Product Brand Name: beam=""Syn U 120 Sd 2"" pdf=∅ | Countries of Manufacture: beam=""EU"" pdf=∅ | Markets of Applicability: beam=""EU"" pdf=∅ | Stated EPD kgCO2e / unit: beam=""0.6"" pdf=""-0.00148"" | GWP units kgCO2e per: beam=""m²"" pdf=∅ | Density: beam=""120"" pdf=∅ | Density Units: beam=""g/m2"" pdf=∅ | Material Type: beam=""Barrier"" pdf=∅ | EPD ID: beam=""EPD-Synwer-234-EN"" pdf=∅ | EPD Type: beam=""Product-specific"" pdf=∅ | EPD/LCA Prepared by: beam=""Kiwa-Ecobility Experts"" pdf=""of the Life Cycle Tel. +49 (0)30 467761-"" | EPD Program / Operator: beam=""Kiwa-Ecobility Experts"" pdf=""IBU"" | EPD Verifying Agent: beam=""Niels Jonkers, PLUK Sustainability"" pdf=∅ | EPD Standards: beam=""EN 15804+A2:2019"" pdf=""ISO 14025, EN 15804+A2, ISO 14040"" | EPD PCR Guidelines: beam=""PCR B - Plastic and rubber sheets for ro"" pdf=∅"
GRE002,EPD-ZIC-20200082-CCA1-EN,—,—,—,—,—,—,MATCH,—,MISMATCH,MATCH,MISMATCH,MISMATCH,—,MATCH,MISMATCH,—,MISMATCH,MISMATCH,—,—,—,—,—,—,—,—,—,—,—,—,—,—,MISMATCH,MISMATCH,MISMATCH,MISMATCH,—,—,—,—,—,—,—,—,—,MISMATCH,—,—,—,—,MATCH,MISMATCH,MATCH,MISMATCH,MATCH,MATCH,MATCH,MATCH,MISMATCH,—,—,—,—,—,39.1%,"Material: beam=""Green roof system"" pdf=∅ | Product Brand Name: beam=""Heather with Lavender Green Roof System"" pdf=∅ | Specifications: beam=""Extensive, min. 100 mm depth"" pdf=∅ | Markets of Applicability: beam=""EU"" pdf=∅ | Stated EPD kgCO2e / unit: beam=""2.64"" pdf=""-2.67"" | GWP units kgCO2e per: beam=""m2"" pdf=∅ | Density: beam=""163.00"" pdf=∅ | Density Units: beam=""kg/m2 saturated"" pdf=∅ | Addn'l factors: beam=""103"" pdf=∅ | Addn'l factor units: beam=""kg/m2 dry"" pdf=∅ | Material Type: beam=""Green roof system"" pdf=∅ | EPD Type: beam=""Product-specific"" pdf=∅ | EPD/LCA Prepared by: beam=""IBU"" pdf=""of the Life Cycle"" | EPD PCR Guidelines: beam=""Green roof systems, 12.2019"" pdf=""This declaration covers the products of """
A23457,GlobalEPD EN15804-036,—,—,—,—,—,—,MISMATCH,—,MISMATCH,MISMATCH,MISMATCH,MISMATCH,—,MISMATCH,MISMATCH,—,MISMATCH,MISMATCH,—,—,—,—,—,—,—,—,—,—,—,—,—,—,MISMATCH,MISMATCH,—,—,—,—,—,—,—,—,—,—,—,MISMATCH,—,—,—,—,MISMATCH,MISMATCH,MISMATCH,MISMATCH,MISMATCH,MISMATCH,MISMATCH,MISMATCH,—,—,MATCH,MATCH,MISMATCH,—,8.7%,"EPD Expiry: beam=""2028"" pdf=∅ | Material: beam=""Composite sheathing panel"" pdf=∅ | Manufacturer: beam=""Honext Material SL"" pdf=∅ | Product Brand Name: beam=""Fire resistant panel"" pdf=∅ | Specifications: beam=""12 mm"" pdf=∅ | Countries of Manufacture: beam=""EU"" pdf=∅ | Markets of Applicability: beam=""EU"" pdf=∅ | Stated EPD kgCO2e / unit: beam=""92.5"" pdf=""-730"" | GWP units kgCO2e per: beam=""m3"" pdf=∅ | Density: beam=""510-600"" pdf=∅ | Density Units: beam=""kg/m3"" pdf=∅ | Material Type: beam=""Paper sludge"" pdf=∅ | EPD ID: beam=""GlobalEPD EN15804-036"" pdf=∅ | EPD Type: beam=""Product-specific"" pdf=∅ | EPD Owner: beam=""Honext Material SL"" pdf=∅ | EPD/LCA Prepared by: beam=""Eco Intelligent Growth"" pdf=∅ | EPD Program / Operator: beam=""Aenor Confia"" pdf=∅ | Internal/External Validation: beam=""External"" pdf=∅ | EPD Verifying Agent: beam=""Aenor Confia"" pdf=∅ | EPD Standards: beam=""EN 15804:2012+A2:2020"" pdf=""ISO 14025:2010, EN15804, ISO 14040"" | Product Service Life (Years): beam=""25"" pdf=∅"
285b88,GlobalEPD-RCP-008-001,—,—,—,—,—,—,MATCH,—,MISMATCH,MISMATCH,—,—,—,—,MISMATCH,—,MISMATCH,MISMATCH,—,—,—,—,—,—,—,—,—,—,—,—,—,—,MISMATCH,MISMATCH,—,—,—,—,—,—,—,—,—,—,—,—,—,—,—,—,MISMATCH,MISMATCH,MISMATCH,MISMATCH,MISMATCH,—,—,—,—,—,—,—,MATCH,—,14.3%,"Material: beam=""Clay roof tiles"" pdf=∅ | Manufacturer: beam=""HISPALYT"" pdf=""of the Declaration"" | Markets of Applicability: beam=""EU"" pdf=∅ | Stated EPD kgCO2e / unit: beam=""4"" pdf=∅ | GWP units kgCO2e per: beam=""m²"" pdf=∅ | Density: beam=""56"" pdf=""960"" | Density Units: beam=""kg/m2"" pdf=""kg/m3"" | EPD ID: beam=""GlobalEPD-RCP-008-001"" pdf=∅ | EPD Type: beam=""Industry average"" pdf=∅ | EPD Owner: beam=""Spanish Association of Clay Brick and Ro"" pdf=""Asociación Española de Fabricantes de La"" | EPD/LCA Prepared by: beam=""Cátedra UNESCO de Ciclo de Vida y Cambio"" pdf=∅ | EPD Program / Operator: beam=""AENOR Internacional S.A.U."" pdf=∅"
bbb022,HUB-0233,—,—,—,—,—,—,MATCH,—,MISMATCH,MATCH,MISMATCH,—,—,MISMATCH,MISMATCH,—,MISMATCH,MISMATCH,—,—,—,—,—,—,—,—,—,—,—,—,—,—,MISMATCH,MISMATCH,—,—,—,—,—,—,—,—,—,—,—,MISMATCH,—,—,—,—,MISMATCH,MISMATCH,MISMATCH,MISMATCH,MISMATCH,MATCH,MISMATCH,MISMATCH,MISMATCH,—,MISMATCH,—,—,—,14.3%,"Material: beam=""Sheet barrier"" pdf=∅ | Product Brand Name: beam=""Glidevale Protect TF200"" pdf=∅ | Countries of Manufacture: beam=""UK"" pdf=""GBR"" | Markets of Applicability: beam=""UK"" pdf=""of the EPD to carry out this"" | Stated EPD kgCO2e / unit: beam=""0.4"" pdf=""0.3"" | GWP units kgCO2e per: beam=""m²"" pdf=""AND SERVICE LIFE"" | Density: beam=""0.1"" pdf=""500"" | Density Units: beam=""kg/m2"" pdf=""kg/m3"" | Material Type: beam=""Barrier"" pdf=""Engineered wood"" | EPD ID: beam=""HUB-0233"" pdf=∅ | EPD Type: beam=""Product-specific"" pdf=∅ | EPD Owner: beam=""Building Product Design"" pdf=""is responsible for its"" | EPD/LCA Prepared by: beam=""Neena Chandramathy"" pdf=""VP-004"" | EPD Program / Operator: beam=""EPD Hub Ltd"" pdf=∅ | EPD Verifying Agent: beam=""Elma Avdyli, EPD Hub"" pdf=""VP-055 Elma Avdyli, as an authorized ver"" | EPD Standards: beam=""EN 15804:2012+A2:2020"" pdf=""ISO 14025, ISO 21930, EN 15804+A2, ISO 1"" | EPD PCR Guidelines: beam=""EPD Hub Core PCR 1.0"" pdf=∅ | EPD LCA Software: beam=""One Click LCA EPD Generator"" pdf=""AND BIBLIOGRAPHY"""
SIP005,HUB-0635,—,—,—,—,—,—,MATCH,—,MISMATCH,MISMATCH,MISMATCH,MISMATCH,—,MISMATCH,MISMATCH,—,MISMATCH,MISMATCH,—,—,—,—,—,—,—,—,—,—,—,—,—,—,MISMATCH,MISMATCH,—,—,—,—,—,—,—,—,—,—,—,MISMATCH,—,—,—,—,MISMATCH,MISMATCH,MISMATCH,MATCH,MISMATCH,MATCH,MATCH,MISMATCH,MISMATCH,MISMATCH,MISMATCH,MISMATCH,MATCH,—,20.0%,"Material: beam=""Nexite faces, EPD foam core"" pdf=∅ | Manufacturer: beam=""Nexii Building Solutions Inc."" pdf=""Manufacturer VP-001 Nexii Building Solut"" | Product Brand Name: beam=""Nexii Wall Panels: Cladding"" pdf=∅ | Specifications: beam=""10"" thick"" pdf=∅ | Countries of Manufacture: beam=""CA"" pdf=∅ | Markets of Applicability: beam=""US & CA"" pdf=""of the EPD to carry out this"" | Stated EPD kgCO2e / unit: beam=""116"" pdf=""106"" | GWP units kgCO2e per: beam=""m2"" pdf=""102.32 kg"" | Density: beam=""102.3"" pdf=∅ | Density Units: beam=""kg/m2"" pdf=∅ | Material Type: beam=""Nexite"" pdf=""Portland Cement"" | EPD ID: beam=""HUB-0635"" pdf=∅ | EPD Type: beam=""Product-specific"" pdf=∅ | EPD Owner: beam=""Nexii Building Solutions Inc."" pdf=""is responsible for its"" | EPD Program / Operator: beam=""EPD Hub"" pdf=∅ | EPD Standards: beam=""--"" pdf=""ISO 14025, ISO 21930, EN 15804+A2, ISO 1"" | EPD PCR Guidelines: beam=""EPD Hub Core PCR version 1.0, 1 Feb 2022"" pdf=∅ | LCA Method: beam=""TRACI 2.1"" pdf=∅ | EPD LCA Software: beam=""Ecoinvent and One Click LCA databases we"" pdf=""AND BIBLIOGRAPHY"" | EPD LCI Database: beam=""--"" pdf=""Ecoinvent"""
SIP006,HUB-0636,—,—,—,—,—,—,MATCH,—,MISMATCH,MATCH,MISMATCH,MISMATCH,—,MISMATCH,MISMATCH,—,MISMATCH,MISMATCH,—,—,—,—,—,—,—,—,—,—,—,—,—,—,MISMATCH,MISMATCH,—,—,—,—,—,—,—,—,—,—,—,MISMATCH,—,—,—,—,MISMATCH,MISMATCH,MISMATCH,MATCH,MISMATCH,MATCH,MATCH,MISMATCH,MISMATCH,MISMATCH,MISMATCH,MISMATCH,MISMATCH,—,20.0%,"Material: beam=""Nexite faces, EPD foam core"" pdf=∅ | Product Brand Name: beam=""Nexii Wall Panels: Load-bearing"" pdf=∅ | Specifications: beam=""10"" thick"" pdf=∅ | Countries of Manufacture: beam=""CA"" pdf=∅ | Markets of Applicability: beam=""US & CA"" pdf=""of the EPD to carry out this"" | Stated EPD kgCO2e / unit: beam=""128"" pdf=""93.6"" | GWP units kgCO2e per: beam=""m2"" pdf=""94.7 kg"" | Density: beam=""127.3"" pdf=∅ | Density Units: beam=""kg/m2"" pdf=∅ | Material Type: beam=""Nexite"" pdf=""Portland Cement"" | EPD ID: beam=""HUB-0636"" pdf=∅ | EPD Type: beam=""Product-specific"" pdf=∅ | EPD Owner: beam=""Nexii Building Solutions Inc."" pdf=""is responsible for its"" | EPD Program / Operator: beam=""EPD Hub"" pdf=∅ | EPD Standards: beam=""--"" pdf=""ISO 14025, ISO 21930, EN 15804+A2, ISO 1"" | EPD PCR Guidelines: beam=""EPD Hub Core PCR version 1.0, 1 Feb 2023"" pdf=∅ | LCA Method: beam=""TRACI 2.1"" pdf=∅ | EPD LCA Software: beam=""Ecoinvent and One Click LCA databases we"" pdf=""AND BIBLIOGRAPHY"" | EPD LCI Database: beam=""--"" pdf=""Ecoinvent"" | Product Service Life (Years): beam=""50"" pdf=""60"""
840925,HW-20200605-001,—,—,—,—,—,—,MISMATCH,—,MISMATCH,MISMATCH,—,MISMATCH,—,—,MATCH,—,MISMATCH,MISMATCH,—,—,—,—,—,—,—,—,—,—,—,—,—,—,MISMATCH,MISMATCH,MISMATCH,MISMATCH,MISMATCH,MISMATCH,—,—,—,—,—,—,—,MATCH,—,—,—,—,MISMATCH,MISMATCH,MISMATCH,MATCH,MISMATCH,MATCH,MISMATCH,—,—,MATCH,MISMATCH,MATCH,—,—,25.0%,"EPD Expiry: beam=""2025-06-05"" pdf=∅ | Material: beam=""Wool loose fill"" pdf=∅ | Manufacturer: beam=""Havelock Wool"" pdf=∅ | Specifications: beam=""R 4.4/inch"" pdf=∅ | Stated EPD kgCO2e / unit: beam=""1.76"" pdf=∅ | GWP units kgCO2e per: beam=""m2•RSI"" pdf=""/ reference service life:"" | Density: beam=""18.1"" pdf=∅ | Density Units: beam=""kg/m3"" pdf=∅ | Addn'l factors: beam=""0.607"" pdf=∅ | Addn'l factor units: beam=""kg/m2 at RSI1"" pdf=∅ | R-value / inch: beam=""4.36"" pdf=∅ | k, Thermal Conductivity: beam=""0.03307825688"" pdf=∅ | EPD ID: beam=""HW-20200605-001"" pdf=∅ | EPD Type: beam=""Product-specific"" pdf=∅ | EPD Owner: beam=""Havelock Wool"" pdf=∅ | EPD Program / Operator: beam=""Sustainable Minds"" pdf=""UL Environment"" | EPD Verifying Agent: beam=""WAP Sustainability Consulting"" pdf=""WAP Sustainability ULE Part A: Environme"" | EPD LCA Software: beam=""SimaPro 9.0.0.49"" pdf=""and background LCI data sets may lead to"""
be49e2,HW-20200605-001,—,—,—,—,—,—,MISMATCH,—,MISMATCH,MISMATCH,—,MISMATCH,—,—,MATCH,—,MISMATCH,MISMATCH,—,—,—,—,—,—,—,—,—,—,—,—,—,—,MISMATCH,MISMATCH,MISMATCH,MISMATCH,MISMATCH,MISMATCH,—,—,—,—,—,—,—,MATCH,—,—,—,—,MISMATCH,MISMATCH,MISMATCH,MATCH,MISMATCH,MATCH,MISMATCH,—,—,MATCH,MISMATCH,MATCH,—,—,25.0%,"EPD Expiry: beam=""2025-06-05"" pdf=∅ | Material: beam=""Wool batt"" pdf=∅ | Manufacturer: beam=""Havelock Wool"" pdf=∅ | Specifications: beam=""R 3.6/inch"" pdf=∅ | Stated EPD kgCO2e / unit: beam=""2.63"" pdf=∅ | GWP units kgCO2e per: beam=""m2•RSI"" pdf=""/ reference service life:"" | Density: beam=""24.98"" pdf=∅ | Density Units: beam=""kg/m3"" pdf=∅ | Addn'l factors: beam=""0.997"" pdf=∅ | Addn'l factor units: beam=""kg/m2 at RSI1"" pdf=∅ | R-value / inch: beam=""3.64"" pdf=∅ | k, Thermal Conductivity: beam=""0.03962120879"" pdf=∅ | EPD ID: beam=""HW-20200605-001"" pdf=∅ | EPD Type: beam=""Product-specific"" pdf=∅ | EPD Owner: beam=""Havelock Wool"" pdf=∅ | EPD Program / Operator: beam=""Sustainable Minds"" pdf=""UL Environment"" | EPD Verifying Agent: beam=""WAP Sustainability Consulting"" pdf=""WAP Sustainability ULE Part A: Environme"" | EPD LCA Software: beam=""SimaPro 9.0.0.49"" pdf=""and background LCI data sets may lead to"""
5231c8,ICC – 20200122– 001,—,—,—,—,—,—,MISMATCH,—,MISMATCH,MISMATCH,MISMATCH,MISMATCH,—,—,—,—,MISMATCH,MISMATCH,—,—,—,—,—,—,—,—,—,—,—,—,—,—,MISMATCH,MISMATCH,MISMATCH,MISMATCH,MISMATCH,MISMATCH,—,—,—,—,—,—,—,MATCH,—,—,—,—,MISMATCH,MISMATCH,—,MATCH,—,—,—,—,—,—,—,—,—,—,11.8%,"EPD Expiry: beam=""2025"" pdf=∅ | Material: beam=""Cellulose - spray applied"" pdf=∅ | Manufacturer: beam=""International Cellulose Corp."" pdf=""co job site. No wastewater"" | Product Brand Name: beam=""K-13, ThermoCon"" pdf=∅ | Specifications: beam=""R 3.75/inch"" pdf=∅ | Stated EPD kgCO2e / unit: beam=""0.325"" pdf=∅ | GWP units kgCO2e per: beam=""m2•RSI"" pdf=""mostly due to the raw material ingred"" | Density: beam=""54.5"" pdf=∅ | Density Units: beam=""kg/m3"" pdf=∅ | Addn'l factors: beam=""2.071"" pdf=∅ | Addn'l factor units: beam=""kg/m2 at RSI1"" pdf=∅ | R-value / inch: beam=""3.75"" pdf=∅ | k, Thermal Conductivity: beam=""0.0384590"" pdf=∅ | EPD ID: beam=""ICC – 20200122– 001"" pdf=∅ | EPD Type: beam=""Industry average"" pdf=∅"
BRI007,LCA888510/R20170487,—,—,—,—,—,—,MISMATCH,—,MISMATCH,MISMATCH,MISMATCH,MISMATCH,—,MISMATCH,MISMATCH,—,MISMATCH,MISMATCH,—,—,—,—,—,—,—,—,—,—,—,—,—,—,MISMATCH,MATCH,MISMATCH,MISMATCH,—,MISMATCH,—,—,MISMATCH,MISMATCH,MISMATCH,—,—,MISMATCH,—,—,—,—,MISMATCH,MISMATCH,MISMATCH,MISMATCH,MISMATCH,MISMATCH,—,MISMATCH,MISMATCH,—,—,—,—,—,3.8%,"EPD Expiry: beam=""2026"" pdf=∅ | Material: beam=""Brick, Waste-based"" pdf=∅ | Manufacturer: beam=""StoneCycling"" pdf=∅ | Product Brand Name: beam=""Caramel"" pdf=∅ | Specifications: beam=""215x102x65 mm, incl. 3/8"" mortar"" pdf=∅ | Countries of Manufacture: beam=""UK"" pdf=∅ | Markets of Applicability: beam=""UK"" pdf=∅ | Stated EPD kgCO2e / unit: beam=""176.0"" pdf=∅ | GWP units kgCO2e per: beam=""ton"" pdf=∅ | Density: beam=""1800"" pdf=""1500"" | Addn'l factors: beam=""269"" pdf=∅ | Addn'l factor units: beam=""kgCO2/m3 mortar"" pdf=∅ | k, Thermal Conductivity: beam=""83% brick, 17% mortar"" pdf=∅ | Length (m): beam=""0.215"" pdf=∅ | Width (m): beam=""0.102"" pdf=∅ | Depth (m): beam=""0.650"" pdf=∅ | Material Type: beam=""Recycled clay"" pdf=""Brick"" | EPD ID: beam=""LCA888510/R20170487"" pdf=∅ | EPD Type: beam=""Product-specific"" pdf=∅ | EPD Owner: beam=""StoneCyclin BV"" pdf=""StoneCycling B.V."" | EPD/LCA Prepared by: beam=""Hedgehog Company BV"" pdf=∅ | EPD Program / Operator: beam=""SGS Intron BV"" pdf=""IBU"" | Internal/External Validation: beam=""Internal"" pdf=∅ | EPD Standards: beam=""EN 15804/2014"" pdf=""ISO 14025, EN 15804"" | EPD PCR Guidelines: beam=""Bepalingsmethode milieuprestaties gebouw"" pdf=∅"
BRI000,MD-21011-EN,—,—,—,—,—,—,MISMATCH,—,MISMATCH,MISMATCH,MISMATCH,MISMATCH,—,MISMATCH,MISMATCH,—,MISMATCH,MISMATCH,—,—,—,—,—,—,—,—,—,—,—,—,—,—,MISMATCH,MISMATCH,MISMATCH,MISMATCH,—,MISMATCH,—,—,MISMATCH,MISMATCH,MISMATCH,MISMATCH,—,MISMATCH,—,—,—,—,MISMATCH,MISMATCH,MISMATCH,MISMATCH,MISMATCH,MATCH,MISMATCH,MISMATCH,MISMATCH,—,MATCH,MATCH,MATCH,—,12.9%,"EPD Expiry: beam=""2026-01-11"" pdf=∅ | Material: beam=""Brick, Clay"" pdf=∅ | Manufacturer: beam=""Matzen Tegl"" pdf=""use of biogas"" | Product Brand Name: beam=""Avg Face Brick, produce with Biogas"" pdf=∅ | Specifications: beam=""3-5/8"" x 2-3/4"" x 7-5/8"" (92 x 70 x 194 "" pdf=∅ | Countries of Manufacture: beam=""EU"" pdf=""DNK"" | Markets of Applicability: beam=""EU"" pdf=∅ | Stated EPD kgCO2e / unit: beam=""0.0810"" pdf=""100"" | GWP units kgCO2e per: beam=""kg"" pdf=∅ | Density: beam=""1800"" pdf=∅ | Density Units: beam=""kg/m3"" pdf=∅ | Addn'l factors: beam=""269"" pdf=∅ | Addn'l factor units: beam=""kgCO2/m3 mortar"" pdf=∅ | k, Thermal Conductivity: beam=""83% brick, 17% mortar"" pdf=∅ | Length (m): beam=""0.194"" pdf=∅ | Width (m): beam=""0.092"" pdf=∅ | Depth (m): beam=""0.070"" pdf=∅ | Unit Volume (m3): beam=""0.001247"" pdf=∅ | Material Type: beam=""Clay Brick"" pdf=""Portland Cement"" | EPD ID: beam=""MD-21011-EN"" pdf=∅ | EPD Type: beam=""Product-specific"" pdf=∅ | EPD Owner: beam=""Matzen Tegl"" pdf=""19-04-2021 11-01-2026"" | EPD/LCA Prepared by: beam=""Danish Technological Institute"" pdf=∅ | EPD Program / Operator: beam=""Danish Technological Institute / EPD Dan"" pdf=∅ | EPD Verifying Agent: beam=""Kim Christiansen – kimconsult.dk"" pdf=""Declared unit"" | EPD Standards: beam=""ISO 14025 & EN 15804:2012
+ A1:2013"" pdf=""ISO 14025, EN 15804:2012, ISO 14040"" | EPD PCR Guidelines: beam=""Tiles & Bricks Europe (2014) PCR for Cla"" pdf=∅"
sl3g0r,MD-21034-EN,—,—,—,—,—,—,MISMATCH,—,MISMATCH,MISMATCH,MISMATCH,MISMATCH,—,MISMATCH,MISMATCH,—,MISMATCH,MISMATCH,—,—,—,—,—,—,—,—,—,—,—,—,—,—,MISMATCH,MISMATCH,—,—,—,—,—,—,—,—,—,—,—,MISMATCH,—,—,—,—,MISMATCH,MISMATCH,MISMATCH,MISMATCH,—,—,—,—,—,—,—,—,—,—,0.0%,"EPD Expiry: beam=""2026-02-08"" pdf=∅ | Material: beam=""Eelgrass acoustic board"" pdf=∅ | Manufacturer: beam=""Søuld ApS"" pdf=""Denmark and High Concern for"" | Product Brand Name: beam=""Søuld Acoustic Mats"" pdf=∅ | Specifications: beam=""Flameretardant, NRC 0.90"" pdf=∅ | Countries of Manufacture: beam=""Denmark"" pdf=""DNK"" | Markets of Applicability: beam=""EU"" pdf=∅ | Stated EPD kgCO2e / unit: beam=""0.566"" pdf=""-0.377"" | GWP units kgCO2e per: beam=""kg"" pdf=∅ | Density: beam=""133"" pdf=∅ | Density Units: beam=""kg/m3"" pdf=∅ | Material Type: beam=""Eelgrass"" pdf=∅ | EPD ID: beam=""MD-21034-EN"" pdf=""EPD 15804"" | EPD Type: beam=""Product-specific"" pdf=∅ | EPD Owner: beam=""Søuld ApS"" pdf=""02-08-2021 02-08-2026"" | EPD/LCA Prepared by: beam=""EPD Danmark"" pdf=∅"
WWC000,MD-22122-EN,—,—,—,—,—,—,MISMATCH,—,MISMATCH,MISMATCH,MISMATCH,MISMATCH,—,MISMATCH,MISMATCH,—,MISMATCH,MISMATCH,—,—,—,—,MISMATCH,—,—,—,—,—,—,—,—,—,MISMATCH,MISMATCH,—,—,—,—,—,—,—,—,—,—,—,MISMATCH,—,—,—,—,MISMATCH,MISMATCH,MISMATCH,MISMATCH,MISMATCH,MATCH,MISMATCH,MISMATCH,MISMATCH,—,MATCH,MISMATCH,—,—,8.3%,"EPD Expiry: beam=""2028"" pdf=∅ | Material: beam=""Wood cladding"" pdf=∅ | Manufacturer: beam=""BurntWood"" pdf=∅ | Product Brand Name: beam=""ReUse with linseed oil treatment"" pdf=∅ | Specifications: beam=""18 mm"" pdf=∅ | Countries of Manufacture: beam=""EU"" pdf=""DNK"" | Markets of Applicability: beam=""EU"" pdf=∅ | Stated EPD kgCO2e / unit: beam=""5.8"" pdf=""-30.9"" | GWP units kgCO2e per: beam=""m2"" pdf=∅ | GWP-bio from EPD: beam=""37.4"" pdf=∅ | Density: beam=""400"" pdf=∅ | Density Units: beam=""kg/m3"" pdf=∅ | Material Type: beam=""Wood"" pdf=∅ | EPD ID: beam=""MD-22122-EN"" pdf=""EPD 15804"" | EPD Type: beam=""Product-specific"" pdf=∅ | EPD Owner: beam=""OkoTomerer"" pdf=""24-02-2023 24-02-2028"" | EPD/LCA Prepared by: beam=""Transistion ApS"" pdf=∅ | EPD Program / Operator: beam=""Danish Technological Institute"" pdf=∅ | EPD Verifying Agent: beam=""NIRAS A/S"" pdf=""1st version."" | EPD Standards: beam=""EN 15804 + A2:2019"" pdf=""ISO 14025, EN 15804, ISO 14040"" | EPD PCR Guidelines: beam=""Core rules for the product category of c"" pdf=∅ | EPD LCI Database: beam=""Ecoinvent v3.8"" pdf=""Ecoinvent 3.8"""
WWC001,MD-22122-EN,—,—,—,—,—,—,MISMATCH,—,MISMATCH,MISMATCH,MISMATCH,MISMATCH,—,MISMATCH,MISMATCH,—,MISMATCH,MISMATCH,—,—,—,—,MISMATCH,—,—,—,—,—,—,—,—,—,MISMATCH,MISMATCH,—,—,—,—,—,—,—,—,—,—,—,MISMATCH,—,—,—,—,MISMATCH,MISMATCH,MISMATCH,MISMATCH,MISMATCH,MATCH,MISMATCH,MISMATCH,MISMATCH,—,MATCH,MISMATCH,—,—,8.3%,"EPD Expiry: beam=""2028"" pdf=∅ | Material: beam=""Wood cladding"" pdf=∅ | Manufacturer: beam=""BurntWood"" pdf=∅ | Product Brand Name: beam=""ReUse without surface treatment"" pdf=∅ | Specifications: beam=""18 mm"" pdf=∅ | Countries of Manufacture: beam=""EU"" pdf=""DNK"" | Markets of Applicability: beam=""EU"" pdf=∅ | Stated EPD kgCO2e / unit: beam=""2.4"" pdf=""-30.9"" | GWP units kgCO2e per: beam=""m2"" pdf=∅ | GWP-bio from EPD: beam=""33.3"" pdf=∅ | Density: beam=""400"" pdf=∅ | Density Units: beam=""kg/m3"" pdf=∅ | Material Type: beam=""Wood"" pdf=∅ | EPD ID: beam=""MD-22122-EN"" pdf=""EPD 15804"" | EPD Type: beam=""Product-specific"" pdf=∅ | EPD Owner: beam=""OkoTomerer"" pdf=""24-02-2023 24-02-2028"" | EPD/LCA Prepared by: beam=""Transistion ApS"" pdf=∅ | EPD Program / Operator: beam=""Danish Technological Institute"" pdf=∅ | EPD Verifying Agent: beam=""NIRAS A/S"" pdf=""1st version."" | EPD Standards: beam=""EN 15804 + A2:2019"" pdf=""ISO 14025, EN 15804, ISO 14040"" | EPD PCR Guidelines: beam=""Core rules for the product category of c"" pdf=∅ | EPD LCI Database: beam=""Ecoinvent v3.8"" pdf=""Ecoinvent 3.8"""
103ade,NEPD-1243-396-EN,—,—,—,—,—,—,MATCH,—,MISMATCH,MATCH,—,MISMATCH,—,—,MISMATCH,—,MISMATCH,MISMATCH,—,—,—,—,—,—,—,—,—,—,—,—,—,—,MATCH,MATCH,—,—,MISMATCH,MISMATCH,—,—,—,—,—,—,—,MISMATCH,—,—,—,—,MATCH,MISMATCH,—,MISMATCH,—,—,—,—,—,—,—,—,—,—,33.3%,"Material: beam=""Foam glass aggregate"" pdf=∅ | Specifications: beam=""R 1.7/inch, 10-60 mm"" pdf=∅ | Markets of Applicability: beam=""EU"" pdf=∅ | Stated EPD kgCO2e / unit: beam=""6.96"" pdf=∅ | GWP units kgCO2e per: beam=""m3"" pdf=∅ | R-value / inch: beam=""1.620462921"" pdf=∅ | k, Thermal Conductivity: beam=""0.0890000"" pdf=∅ | Material Type: beam=""Foam glass"" pdf=∅ | EPD Type: beam=""Product-specific"" pdf=∅ | EPD/LCA Prepared by: beam=""Norwegian EPD Foundation"" pdf=""of the Life Cycle Assessment Phone: 414 """
LEC001,NEPD-1742-715-EN,—,—,—,—,—,—,MISMATCH,—,MISMATCH,MATCH,MISMATCH,MISMATCH,—,MISMATCH,MISMATCH,—,MISMATCH,MISMATCH,—,—,—,—,—,—,—,—,—,—,—,—,—,—,MISMATCH,MISMATCH,—,—,MISMATCH,MISMATCH,—,—,—,—,—,—,—,MISMATCH,—,—,—,—,MATCH,MISMATCH,MATCH,MISMATCH,MISMATCH,MATCH,MISMATCH,MISMATCH,MISMATCH,—,MISMATCH,—,—,—,16.7%,"EPD Expiry: beam=""2025"" pdf=""2024-04-08"" | Material: beam=""Light expanded clay aggregate (LECA)"" pdf=∅ | Product Brand Name: beam=""Leca ISO 10-20"" pdf=∅ | Specifications: beam=""R 1.35/inch, 10-20 mm"" pdf=∅ | Countries of Manufacture: beam=""EU"" pdf=∅ | Markets of Applicability: beam=""EU"" pdf=∅ | Stated EPD kgCO2e / unit: beam=""61.5"" pdf=∅ | GWP units kgCO2e per: beam=""m3"" pdf=∅ | Density: beam=""245"" pdf=∅ | Density Units: beam=""kg/m3"" pdf=∅ | R-value / inch: beam=""1.35"" pdf=∅ | k, Thermal Conductivity: beam=""0.1070000"" pdf=∅ | Material Type: beam=""Leca"" pdf=∅ | EPD Type: beam=""Product-specific"" pdf=∅ | EPD/LCA Prepared by: beam=""Ostfoldforskning AS"" pdf=""of the Life Cycle Assessment:"" | EPD Program / Operator: beam=""Norwegian EPD Foundation"" pdf=""IBU"" | EPD Verifying Agent: beam=""Anne Ronning"" pdf=""Sign Sign"" | EPD Standards: beam=""EN 15804:2012+A1:2013"" pdf=""ISO 14025, ISO 21930, EN 15804"" | EPD PCR Guidelines: beam=""NPCR 012:2018 Part B for Thermal insulat"" pdf=""Organisation no:"" | EPD LCA Software: beam=""LCA.no AS"" pdf=∅"
LEC002,NEPD-2304-1052-EN,—,—,—,—,—,—,MATCH,—,MISMATCH,MATCH,MISMATCH,MISMATCH,—,MISMATCH,MISMATCH,—,MISMATCH,MISMATCH,—,—,—,—,—,—,—,—,—,—,—,—,—,—,MISMATCH,MISMATCH,—,—,MISMATCH,MISMATCH,—,—,—,—,—,—,—,MISMATCH,—,—,—,—,MATCH,MISMATCH,MATCH,MISMATCH,MISMATCH,MISMATCH,MISMATCH,MISMATCH,MISMATCH,—,MISMATCH,—,—,—,16.7%,"Material: beam=""Light expanded clay aggregate (LECA)"" pdf=∅ | Product Brand Name: beam=""Leca-sora 4-32"" pdf=∅ | Specifications: beam=""R 1.2/inch, 4-32 mm"" pdf=∅ | Countries of Manufacture: beam=""EU"" pdf=∅ | Markets of Applicability: beam=""EU"" pdf=∅ | Stated EPD kgCO2e / unit: beam=""92.9"" pdf=∅ | GWP units kgCO2e per: beam=""m3"" pdf=∅ | Density: beam=""275"" pdf=∅ | Density Units: beam=""kg/m3"" pdf=∅ | R-value / inch: beam=""1.20"" pdf=∅ | k, Thermal Conductivity: beam=""0.1200000"" pdf=∅ | Material Type: beam=""Leca"" pdf=∅ | EPD Type: beam=""Product-specific"" pdf=∅ | EPD/LCA Prepared by: beam=""Ostfoldforskning AS"" pdf=""of the Life Cycle Assessment:"" | EPD Program / Operator: beam=""Norwegian EPD Foundation"" pdf=""IBU"" | Internal/External Validation: beam=""External"" pdf=∅ | EPD Verifying Agent: beam=""Anne Ronning"" pdf=∅ | EPD Standards: beam=""EN 15804:2012+A1:2015"" pdf=""ISO 14025, ISO 21930, EN 15804"" | EPD PCR Guidelines: beam=""NPCR 012:2018 Part B for Thermal insulat"" pdf=""Organisation no:"" | EPD LCA Software: beam=""LCA.no AS"" pdf=∅"
LEC000,NEPD-2540-1277-EN,—,—,—,—,—,—,MATCH,—,MISMATCH,MATCH,MISMATCH,MISMATCH,—,MISMATCH,MISMATCH,—,MISMATCH,MISMATCH,—,—,—,—,—,—,—,—,—,—,—,—,—,—,MISMATCH,MISMATCH,—,—,MISMATCH,MISMATCH,—,—,—,—,—,—,—,MISMATCH,—,—,—,—,MATCH,MISMATCH,MATCH,MISMATCH,MISMATCH,MATCH,MISMATCH,MISMATCH,MISMATCH,—,MISMATCH,—,—,—,20.8%,"Material: beam=""Light expanded clay aggregate (LECA)"" pdf=∅ | Product Brand Name: beam=""Leca Arlita 10-20"" pdf=∅ | Specifications: beam=""R 1.3/inch, 10-20 mm"" pdf=∅ | Countries of Manufacture: beam=""EU"" pdf=""NOR"" | Markets of Applicability: beam=""EU"" pdf=∅ | Stated EPD kgCO2e / unit: beam=""65.5"" pdf=∅ | GWP units kgCO2e per: beam=""m3"" pdf=∅ | Density: beam=""275"" pdf=∅ | Density Units: beam=""kg/m3"" pdf=∅ | R-value / inch: beam=""1.31"" pdf=∅ | k, Thermal Conductivity: beam=""0.1100000"" pdf=∅ | Material Type: beam=""Leca"" pdf=∅ | EPD Type: beam=""Product-specific"" pdf=∅ | EPD/LCA Prepared by: beam=""Ostfoldforskning AS"" pdf=""of the Life Cycle Assessment:"" | EPD Program / Operator: beam=""Norwegian EPD Foundation"" pdf=""IBU"" | EPD Verifying Agent: beam=""Anne Ronning"" pdf=""Sign"" | EPD Standards: beam=""EN 15804:2012+A1:2014"" pdf=""ISO 14025, ISO 21930, EN 15804"" | EPD PCR Guidelines: beam=""NPCR 012:2018 Part B for Thermal insulat"" pdf=""Organisation no:"" | EPD LCA Software: beam=""LCA.no AS"" pdf=∅"
2c53be,NRMCAEPD: 10020,—,—,—,—,—,—,MISMATCH,—,MISMATCH,MISMATCH,—,MISMATCH,—,—,MISMATCH,—,MISMATCH,MISMATCH,—,—,—,—,—,—,—,—,—,—,—,—,—,—,MISMATCH,MATCH,—,—,—,—,—,—,—,—,—,—,—,MISMATCH,—,—,—,—,MISMATCH,MISMATCH,MISMATCH,MATCH,—,—,—,—,—,—,—,—,—,—,14.3%,"EPD Expiry: beam=""2023"" pdf=∅ | Material: beam=""Aggregate"" pdf=∅ | Manufacturer: beam=""NRMCA"" pdf=""Graniterock. Graniterock"" | Specifications: beam=""Avg construction aggregate (gravel & san"" pdf=∅ | Markets of Applicability: beam=""US"" pdf=∅ | Stated EPD kgCO2e / unit: beam=""9.52"" pdf=""9.1472"" | GWP units kgCO2e per: beam=""MT"" pdf=""The declared unit is 1 metric ton (dry w"" | Density: beam=""1682"" pdf=""2200"" | Material Type: beam=""Aggregate"" pdf=""Concrete"" | EPD ID: beam=""NRMCAEPD: 10020"" pdf=""NRMCAEPD"" | EPD Type: beam=""Industry average"" pdf=∅ | EPD Owner: beam=""NRMCA"" pdf=""Watsonville, CA 95077-5001"""
NSF000,NSI-20221101-002,—,—,—,—,—,—,MISMATCH,—,MISMATCH,MISMATCH,MISMATCH,MISMATCH,—,MISMATCH,MISMATCH,—,MISMATCH,MISMATCH,—,—,—,—,—,—,—,—,—,—,—,—,—,—,MISMATCH,MISMATCH,—,—,—,—,—,—,—,—,—,—,—,MISMATCH,—,—,—,—,MISMATCH,MISMATCH,MISMATCH,MATCH,MISMATCH,MISMATCH,MISMATCH,MATCH,MATCH,MATCH,MISMATCH,MISMATCH,—,—,16.7%,"EPD Expiry: beam=""2027"" pdf=∅ | Material: beam=""Stone"" pdf=∅ | Manufacturer: beam=""Natural Stone Institute"" pdf=∅ | Product Brand Name: beam=""Includes: Coldspring, Colorado Stone Qua"" pdf=∅ | Specifications: beam=""83.28 kg/m2"" pdf=∅ | Countries of Manufacture: beam=""US"" pdf=∅ | Markets of Applicability: beam=""US"" pdf=∅ | Stated EPD kgCO2e / unit: beam=""22"" pdf=∅ | GWP units kgCO2e per: beam=""m2"" pdf=""/ reference service life: Member Directo"" | Density: beam=""24.32"" pdf=∅ | Density Units: beam=""kg/m2"" pdf=∅ | Material Type: beam=""Stone"" pdf=∅ | EPD ID: beam=""NSI-20221101-002"" pdf=∅ | EPD Type: beam=""Industry average"" pdf=∅ | EPD Owner: beam=""Natural Stone Institute"" pdf=∅ | EPD Program / Operator: beam=""Ecoform"" pdf=∅ | Internal/External Validation: beam=""External"" pdf=∅ | EPD Verifying Agent: beam=""Ecoform"" pdf=∅ | EPD LCA Software: beam=""SimaPro 9.4"" pdf=""and background LCI data"" | EPD LCI Database: beam=""Ecoinvent 3.8"" pdf=""SimaPro Developer 9.4"""
n93fd1,NSI – 20221101 – 003,—,—,—,—,—,—,MISMATCH,—,MISMATCH,MISMATCH,MISMATCH,MISMATCH,—,MISMATCH,MISMATCH,—,MISMATCH,MISMATCH,—,—,—,—,—,—,—,—,—,—,—,—,—,—,MISMATCH,MISMATCH,—,MISMATCH,MISMATCH,—,—,—,—,—,—,—,—,MISMATCH,—,—,—,—,MISMATCH,MISMATCH,MISMATCH,MATCH,MISMATCH,MISMATCH,MISMATCH,MATCH,MATCH,MATCH,MISMATCH,MISMATCH,MATCH,—,18.5%,"EPD Expiry: beam=""2027-10-31"" pdf=∅ | Material: beam=""Dimensional Stone"" pdf=∅ | Manufacturer: beam=""Natural Stone Institute study participat"" pdf=""all facilities which submitted data"" | Product Brand Name: beam=""Includes: Delgado Stone, Polycor, Russel"" pdf=∅ | Specifications: beam=""Weighted average product profile of inst"" pdf=∅ | Countries of Manufacture: beam=""US & CA"" pdf=∅ | Markets of Applicability: beam=""US & CA"" pdf=∅ | Stated EPD kgCO2e / unit: beam=""21.4"" pdf=∅ | GWP units kgCO2e per: beam=""m²"" pdf=""/ reference service life: Member Directo"" | Density: beam=""89.78"" pdf=""2507"" | Density Units: beam=""kg/m2 installed stone, mortar, connector"" pdf=""kg/m3"" | Addn'l factor units: beam=""2507"" pdf=∅ | R-value / inch: beam=""kg/m3"" pdf=∅ | Material Type: beam=""Stone"" pdf=∅ | EPD ID: beam=""NSI – 20221101 – 003"" pdf=∅ | EPD Type: beam=""Industry average"" pdf=∅ | EPD Owner: beam=""Natural Stone Institute"" pdf=""UL Environment"" | EPD Program / Operator: beam=""SM Transparency Report [EPD]™ Program"" pdf=""UL Environment"" | Internal/External Validation: beam=""External"" pdf=∅ | EPD Verifying Agent: beam=""Ecoform, Jack Geibig"" pdf=∅ | EPD LCA Software: beam=""SimaPro 9.4"" pdf=""and background LCI datasets may lead to"" | EPD LCI Database: beam=""Ecoinvent 3.8"" pdf=""SimaPro Developer 9.4"""
NSF001,POL-20230213-001,—,—,—,—,—,—,MISMATCH,—,MISMATCH,MISMATCH,MISMATCH,—,—,MISMATCH,MISMATCH,—,MISMATCH,MISMATCH,—,—,—,—,—,—,—,—,—,—,—,—,—,—,MISMATCH,MISMATCH,—,—,—,—,—,—,—,—,—,—,—,MISMATCH,—,—,—,—,MISMATCH,MISMATCH,MISMATCH,MATCH,MISMATCH,MISMATCH,MISMATCH,MATCH,MATCH,MATCH,MISMATCH,MISMATCH,—,—,17.4%,"EPD Expiry: beam=""2028"" pdf=∅ | Material: beam=""Stone"" pdf=∅ | Manufacturer: beam=""Polycor Natural Stone"" pdf=""Polycor Inc"" | Product Brand Name: beam=""Includes quarries in NC, NH, MN & PQ"" pdf=∅ | Countries of Manufacture: beam=""US & CA"" pdf=∅ | Markets of Applicability: beam=""US & CA"" pdf=∅ | Stated EPD kgCO2e / unit: beam=""24"" pdf=∅ | GWP units kgCO2e per: beam=""m2"" pdf=""/ reference service life:"" | Density: beam=""29.79"" pdf=∅ | Density Units: beam=""kg/m2"" pdf=∅ | Material Type: beam=""Stone"" pdf=∅ | EPD ID: beam=""POL-20230213-001"" pdf=∅ | EPD Type: beam=""Product-specific"" pdf=∅ | EPD Owner: beam=""Polycor Natural Stone"" pdf=∅ | EPD Program / Operator: beam=""Ecoform"" pdf=∅ | Internal/External Validation: beam=""External"" pdf=∅ | EPD Verifying Agent: beam=""Ecoform"" pdf=∅ | EPD LCA Software: beam=""SimaPro 9.4"" pdf=""and background LCI data"" | EPD LCI Database: beam=""Ecoinvent 3.8"" pdf=""SimaPro Developer 9.4"""
NSF002,POL-20230213-002,—,—,—,—,—,—,MISMATCH,—,MISMATCH,MISMATCH,MISMATCH,—,—,MISMATCH,MISMATCH,—,MISMATCH,MISMATCH,—,—,—,—,—,—,—,—,—,—,—,—,—,—,MISMATCH,MISMATCH,—,—,—,—,—,—,—,—,—,—,—,MISMATCH,—,—,—,—,MISMATCH,MATCH,MISMATCH,MATCH,MISMATCH,MISMATCH,MISMATCH,MATCH,MISMATCH,MATCH,MISMATCH,MISMATCH,—,—,17.4%,"EPD Expiry: beam=""2028"" pdf=∅ | Material: beam=""Stone"" pdf=∅ | Manufacturer: beam=""Polycor Natural Stone"" pdf=""Polycor Inc"" | Product Brand Name: beam=""Includes quarries in North America & Fra"" pdf=∅ | Countries of Manufacture: beam=""US"" pdf=∅ | Markets of Applicability: beam=""US"" pdf=""for this study is"" | Stated EPD kgCO2e / unit: beam=""9.18"" pdf=∅ | GWP units kgCO2e per: beam=""m2"" pdf=""/ reference service life:"" | Density: beam=""18.2"" pdf=∅ | Density Units: beam=""kg/m2"" pdf=∅ | Material Type: beam=""Stone"" pdf=∅ | EPD ID: beam=""POL-20230213-002"" pdf=∅ | EPD Owner: beam=""Polycor Natural Stone"" pdf=∅ | EPD Program / Operator: beam=""Ecoform"" pdf=∅ | Internal/External Validation: beam=""External"" pdf=∅ | EPD Verifying Agent: beam=""Ecoform"" pdf=∅ | EPD PCR Guidelines: beam=""Interior and exterior stone flooring"" pdf=""Benchmarking Addendum."" | EPD LCA Software: beam=""SimaPro 9.4"" pdf=""and background LCI data"" | EPD LCI Database: beam=""Ecoinvent 3.8"" pdf=""SimaPro Developer 9.4"""
NSF003,POL-20230213-003,—,—,—,—,—,—,MISMATCH,—,MISMATCH,MISMATCH,MISMATCH,—,—,MISMATCH,MISMATCH,—,MISMATCH,MISMATCH,—,—,—,—,—,—,—,—,—,—,—,—,—,—,MISMATCH,MISMATCH,—,—,—,—,—,—,—,—,—,—,—,MISMATCH,—,—,—,—,MISMATCH,MISMATCH,MISMATCH,MATCH,MISMATCH,MISMATCH,MISMATCH,MATCH,MATCH,MATCH,MISMATCH,MISMATCH,—,—,17.4%,"EPD Expiry: beam=""2028"" pdf=∅ | Material: beam=""Stone"" pdf=∅ | Manufacturer: beam=""Polycor Natural Stone"" pdf=""Polycor Inc"" | Product Brand Name: beam=""Includes two quarries in North America, "" pdf=∅ | Countries of Manufacture: beam=""US"" pdf=∅ | Markets of Applicability: beam=""US"" pdf=∅ | Stated EPD kgCO2e / unit: beam=""32.7"" pdf=∅ | GWP units kgCO2e per: beam=""m2"" pdf=""/ reference service life:"" | Density: beam=""34.72"" pdf=∅ | Density Units: beam=""kg/m2"" pdf=∅ | Material Type: beam=""Stone"" pdf=∅ | EPD ID: beam=""POL-20230213-003"" pdf=∅ | EPD Type: beam=""Product-specific"" pdf=∅ | EPD Owner: beam=""Polycor Natural Stone"" pdf=∅ | EPD Program / Operator: beam=""Ecoform"" pdf=∅ | Internal/External Validation: beam=""External"" pdf=∅ | EPD Verifying Agent: beam=""Ecoform"" pdf=∅ | EPD LCA Software: beam=""SimaPro 9.4"" pdf=""and background LCI data"" | EPD LCI Database: beam=""Ecoinvent 3.8"" pdf=""SimaPro Developer 9.4"""
HTW001,RTS 180 22,—,—,—,—,—,—,MISMATCH,—,MISMATCH,MISMATCH,MISMATCH,MISMATCH,—,MISMATCH,MISMATCH,—,MISMATCH,MISMATCH,—,—,—,—,MISMATCH,—,—,—,—,—,—,—,—,—,MISMATCH,MISMATCH,—,—,—,—,—,—,—,—,—,—,—,MISMATCH,—,—,—,—,MATCH,MATCH,MISMATCH,MISMATCH,MISMATCH,MISMATCH,MISMATCH,MISMATCH,MISMATCH,MISMATCH,MISMATCH,MATCH,MISMATCH,—,11.5%,"EPD Expiry: beam=""2028-12-05"" pdf=∅ | Material: beam=""Heat Treated Wood Cladding"" pdf=∅ | Manufacturer: beam=""Lunawood Thermowood"" pdf=""Oy Lunawood Ltd. The declaration"" | Product Brand Name: beam=""Planed Thermowood D"" pdf=∅ | Specifications: beam=""20 mm"" pdf=∅ | Countries of Manufacture: beam=""EU"" pdf=""FIN"" | Markets of Applicability: beam=""EU"" pdf=∅ | Stated EPD kgCO2e / unit: beam=""128"" pdf=∅ | GWP units kgCO2e per: beam=""m³"" pdf=∅ | GWP-bio from EPD: beam=""652"" pdf=∅ | Density: beam=""390"" pdf=∅ | Density Units: beam=""kg/m3"" pdf=∅ | Material Type: beam=""Wood"" pdf=∅ | EPD Owner: beam=""OY LUNAWOOD LTD"" pdf=""RTS"" | EPD/LCA Prepared by: beam=""Tarmo Räty, Senior scientist"" pdf=""and declaration ........................"" | EPD Program / Operator: beam=""Building Information Foundation RTS"" pdf=∅ | Internal/External Validation: beam=""External"" pdf=∅ | EPD Verifying Agent: beam=""Sigita Židonienė, Vesta Consulting UAB"" pdf=""Place:"" | EPD Standards: beam=""--"" pdf=""ISO 14025, EN 15804:2012, ISO 14040"" | EPD PCR Guidelines: beam=""EN 15804 + A2:2019 and ISO 14025 standar"" pdf=∅ | LCA Method: beam=""--"" pdf=∅ | EPD LCA Software: beam=""---"" pdf=∅ | Product Service Life (Years): beam=""---"" pdf=∅"
HTW002,RTS 180 22,—,—,—,—,—,—,MISMATCH,—,MISMATCH,MISMATCH,MISMATCH,MISMATCH,—,MISMATCH,MISMATCH,—,MISMATCH,MISMATCH,—,—,—,—,MISMATCH,—,—,—,—,—,—,—,—,—,MISMATCH,MISMATCH,—,—,—,—,—,—,—,—,—,—,—,MISMATCH,—,—,—,—,MATCH,MATCH,MISMATCH,MISMATCH,MISMATCH,MISMATCH,MISMATCH,MISMATCH,MISMATCH,MISMATCH,MISMATCH,MATCH,MISMATCH,—,11.5%,"EPD Expiry: beam=""2028-12-05"" pdf=∅ | Material: beam=""Heat Treated Wood Cladding"" pdf=∅ | Manufacturer: beam=""Lunawood Thermowood"" pdf=""Oy Lunawood Ltd. The declaration"" | Product Brand Name: beam=""Planed Thermowood S"" pdf=∅ | Specifications: beam=""20 mm"" pdf=∅ | Countries of Manufacture: beam=""EU"" pdf=""FIN"" | Markets of Applicability: beam=""EU"" pdf=∅ | Stated EPD kgCO2e / unit: beam=""96.1"" pdf=∅ | GWP units kgCO2e per: beam=""m³"" pdf=∅ | GWP-bio from EPD: beam=""634"" pdf=∅ | Density: beam=""390"" pdf=∅ | Density Units: beam=""kg/m3"" pdf=∅ | Material Type: beam=""Wood"" pdf=∅ | EPD Owner: beam=""OY LUNAWOOD LTD"" pdf=""RTS"" | EPD/LCA Prepared by: beam=""Tarmo Räty, Senior scientist"" pdf=""and declaration ........................"" | EPD Program / Operator: beam=""Building Information Foundation RTS"" pdf=∅ | Internal/External Validation: beam=""External"" pdf=∅ | EPD Verifying Agent: beam=""Sigita Židonienė, Vesta Consulting UAB"" pdf=""Place:"" | EPD Standards: beam=""--"" pdf=""ISO 14025, EN 15804:2012, ISO 14040"" | EPD PCR Guidelines: beam=""EN 15804 + A2:2019 and ISO 14025 standar"" pdf=∅ | LCA Method: beam=""--"" pdf=∅ | EPD LCA Software: beam=""---"" pdf=∅ | Product Service Life (Years): beam=""---"" pdf=∅"
e06534,SCS-EPD-03576,—,—,—,—,—,—,MISMATCH,—,MISMATCH,MISMATCH,MISMATCH,—,—,—,MATCH,—,MISMATCH,MISMATCH,—,—,—,—,—,—,—,—,—,—,—,—,—,—,MISMATCH,MISMATCH,—,—,—,—,—,—,—,—,MISMATCH,—,—,—,—,—,—,—,MATCH,MISMATCH,—,MISMATCH,—,—,—,—,—,—,—,—,—,—,15.4%,"EPD Expiry: beam=""2020"" pdf=""2015-04-01"" | Material: beam=""Rubber flooring"" pdf=∅ | Manufacturer: beam=""ECOsurfaces"" pdf=""Fjalar Kommonen, FFK Ltd"" | Product Brand Name: beam=""ECOsurfaces"" pdf=∅ | Stated EPD kgCO2e / unit: beam=""5.9"" pdf=∅ | GWP units kgCO2e per: beam=""m²"" pdf=∅ | Density: beam=""7.476"" pdf=""2800"" | Density Units: beam=""kg/m2"" pdf=""kg/m3"" | Depth (m): beam=""0.006"" pdf=∅ | EPD Type: beam=""Product-specific"" pdf=∅ | EPD/LCA Prepared by: beam=""SCS Global"" pdf=""EcoForm"""
63d778,SCS-EPD-04873,—,—,—,—,—,—,MISMATCH,—,MISMATCH,MATCH,MISMATCH,MISMATCH,—,—,MISMATCH,—,MISMATCH,MATCH,—,—,—,—,—,—,—,—,—,—,—,—,—,—,MISMATCH,MISMATCH,—,—,—,—,—,—,—,—,—,—,—,MISMATCH,—,—,—,—,MATCH,MISMATCH,—,MISMATCH,—,—,—,—,—,—,—,—,—,—,21.4%,"EPD Expiry: beam=""2023"" pdf=""2018-02-09"" | Material: beam=""MgO board 1/2"""" pdf=∅ | Product Brand Name: beam=""MagTech Ultra"" pdf=∅ | Specifications: beam=""1/2"""" pdf=∅ | Markets of Applicability: beam=""US"" pdf=∅ | Stated EPD kgCO2e / unit: beam=""7.4"" pdf=∅ | Density: beam=""1000"" pdf=∅ | Density Units: beam=""kg/m3"" pdf=∅ | Material Type: beam=""Magnesium oxide"" pdf=""Portland Cement"" | EPD Type: beam=""Product-specific"" pdf=∅ | EPD/LCA Prepared by: beam=""SCS Global"" pdf=∅"
LVT003,SCS-EPD-05530,—,—,—,—,—,—,MISMATCH,—,MISMATCH,MISMATCH,MISMATCH,MISMATCH,—,MISMATCH,MISMATCH,—,MISMATCH,MISMATCH,—,—,—,—,—,—,—,—,—,—,—,—,—,—,MISMATCH,MISMATCH,—,—,—,—,—,—,—,—,—,—,—,MATCH,—,—,—,—,MATCH,MISMATCH,MATCH,MISMATCH,MISMATCH,MATCH,MATCH,MISMATCH,MISMATCH,MISMATCH,MATCH,MATCH,MISMATCH,—,28.0%,"EPD Expiry: beam=""2023-05-21"" pdf=""2019-05-22"" | Material: beam=""LVT - Cleo flooring"" pdf=∅ | Manufacturer: beam=""Congoleum Corporation"" pdf=""C5"" | Product Brand Name: beam=""CLEO Flooring"" pdf=∅ | Specifications: beam=""4.1mm"" pdf=∅ | Countries of Manufacture: beam=""US"" pdf=∅ | Markets of Applicability: beam=""US & CA"" pdf=∅ | Stated EPD kgCO2e / unit: beam=""11"" pdf=""5.5"" | GWP units kgCO2e per: beam=""m2"" pdf=∅ | Density: beam=""0.81"" pdf=""1700"" | Density Units: beam=""g/cm2"" pdf=""kg/m3"" | EPD Type: beam=""Product-specific"" pdf=∅ | EPD/LCA Prepared by: beam=""---"" pdf=""EcoForm"" | EPD Program / Operator: beam=""SCS Global Services"" pdf=""NSF International"" | EPD Standards: beam=""--"" pdf=""ISO 14025, ISO 21930, ISO 14040"" | EPD PCR Guidelines: beam=""Flooring: Carpet, Resilient, Laminate, C"" pdf=""for preparing an Environmental Product"" | LCA Method: beam=""--"" pdf=""required by the PCR"" | Product Service Life (Years): beam=""15"" pdf=∅"
3a1205,SCS-EPD05752,—,—,—,—,—,—,MISMATCH,—,MISMATCH,MATCH,—,MISMATCH,—,—,MISMATCH,—,MISMATCH,MISMATCH,—,—,—,—,—,—,—,—,—,—,—,—,—,—,MATCH,MATCH,MISMATCH,MISMATCH,—,—,—,—,—,—,—,—,—,MATCH,—,—,—,—,MISMATCH,MISMATCH,—,MISMATCH,—,—,—,—,—,—,—,—,—,—,26.7%,"EPD Expiry: beam=""2024"" pdf=""2019-10-21"" | Material: beam=""Steel studs - Load bearing"" pdf=∅ | Specifications: beam=""600-S-137-54, 16 gauge, ""2x6"""" pdf=∅ | Markets of Applicability: beam=""US"" pdf=∅ | Stated EPD kgCO2e / unit: beam=""3.29"" pdf=∅ | GWP units kgCO2e per: beam=""kg"" pdf=""The declared unit is one metric ton of l"" | Addn'l factors: beam=""2.604"" pdf=∅ | Addn'l factor units: beam=""kg/m"" pdf=∅ | EPD ID: beam=""SCS-EPD05752"" pdf=""SCS-EPD-05752"" | EPD Type: beam=""Product-specific"" pdf=∅ | EPD/LCA Prepared by: beam=""SCS Global"" pdf=∅"
58154c,SCS-EPD05752,—,—,—,—,—,—,MISMATCH,—,MISMATCH,MATCH,—,MISMATCH,—,—,MISMATCH,—,MISMATCH,MISMATCH,—,—,—,—,—,—,—,—,—,—,—,—,—,—,MATCH,MATCH,MISMATCH,MISMATCH,—,—,—,—,—,—,—,—,—,MATCH,—,—,—,—,MISMATCH,MISMATCH,—,MISMATCH,—,—,—,—,—,—,—,—,—,—,26.7%,"EPD Expiry: beam=""2024"" pdf=""2019-10-21"" | Material: beam=""Steel studs - Non-loadbearing"" pdf=∅ | Specifications: beam=""362-S-125-18, 20EQ gauge, ""2x4"""" pdf=∅ | Markets of Applicability: beam=""US"" pdf=∅ | Stated EPD kgCO2e / unit: beam=""3.29"" pdf=∅ | GWP units kgCO2e per: beam=""kg"" pdf=""The declared unit is one metric ton of l"" | Addn'l factors: beam=""0.6293817"" pdf=∅ | Addn'l factor units: beam=""kg/m"" pdf=∅ | EPD ID: beam=""SCS-EPD05752"" pdf=""SCS-EPD-05752"" | EPD Type: beam=""Product-specific"" pdf=∅ | EPD/LCA Prepared by: beam=""SCS Global"" pdf=∅"
A23458,SCS-EPD-06489,—,—,—,—,—,—,MISMATCH,—,MISMATCH,MISMATCH,MISMATCH,MISMATCH,—,MISMATCH,MISMATCH,—,MISMATCH,MATCH,—,—,—,—,—,—,—,—,—,—,—,—,—,—,MISMATCH,MISMATCH,—,—,—,—,—,—,—,—,—,—,—,MISMATCH,—,—,—,—,MATCH,MISMATCH,MATCH,MISMATCH,MISMATCH,MATCH,MISMATCH,MATCH,MISMATCH,MISMATCH,MATCH,—,MISMATCH,—,25.0%,"EPD Expiry: beam=""2025"" pdf=""2020-10-26"" | Material: beam=""Composite sheathing pane"" pdf=∅ | Manufacturer: beam=""Continuus Materials"" pdf=""Des Moines"" | Product Brand Name: beam=""Everboard Fiberglass facing"" pdf=∅ | Specifications: beam=""1/2"""" pdf=∅ | Countries of Manufacture: beam=""US"" pdf=∅ | Markets of Applicability: beam=""US & CA"" pdf=∅ | Stated EPD kgCO2e / unit: beam=""7.5"" pdf=∅ | Density: beam=""8.79"" pdf=∅ | Density Units: beam=""kg/m2"" pdf=∅ | Material Type: beam=""Recycled drinking boxes"" pdf=""Cellulose"" | EPD Type: beam=""Product-specific"" pdf=∅ | EPD/LCA Prepared by: beam=""SCS Global Services"" pdf=∅ | EPD Program / Operator: beam=""SCS Global Services"" pdf=∅ | EPD Verifying Agent: beam=""Tom Gloria, Industrial Ecology Consultan"" pdf=""Tom Gloria, Ph.D., Industrial Ecology Co"" | EPD PCR Guidelines: beam=""Sustainability in buildings and civil en"" pdf=∅ | LCA Method: beam=""Traci 2.1"" pdf=""required by the PCR includes impact"" | Product Service Life (Years): beam=""75"" pdf=∅"
A23459,SCS-EPD-06489,—,—,—,—,—,—,MISMATCH,—,MISMATCH,MISMATCH,MISMATCH,MISMATCH,—,MISMATCH,MISMATCH,—,MISMATCH,MATCH,—,—,—,—,—,—,—,—,—,—,—,—,—,—,MISMATCH,MISMATCH,—,—,—,—,—,—,—,—,—,—,—,MISMATCH,—,—,—,—,MATCH,MISMATCH,MATCH,MISMATCH,MISMATCH,MATCH,MISMATCH,MATCH,MISMATCH,MISMATCH,MATCH,—,MISMATCH,—,25.0%,"EPD Expiry: beam=""2025"" pdf=""2020-10-26"" | Material: beam=""Composite sheathing pane"" pdf=∅ | Manufacturer: beam=""Continuus Materials"" pdf=""Des Moines"" | Product Brand Name: beam=""Everboard / Paper facing"" pdf=∅ | Specifications: beam=""1/2"""" pdf=∅ | Countries of Manufacture: beam=""US"" pdf=∅ | Markets of Applicability: beam=""US & CA"" pdf=∅ | Stated EPD kgCO2e / unit: beam=""7.3"" pdf=∅ | Density: beam=""8.79"" pdf=∅ | Density Units: beam=""kg/m2"" pdf=∅ | Material Type: beam=""Recycled drinking boxes"" pdf=""Cellulose"" | EPD Type: beam=""Product-specific"" pdf=∅ | EPD/LCA Prepared by: beam=""SCS Global Services"" pdf=∅ | EPD Program / Operator: beam=""SCS Global Services"" pdf=∅ | EPD Verifying Agent: beam=""Tom Gloria, Industrial Ecology Consultan"" pdf=""Tom Gloria, Ph.D., Industrial Ecology Co"" | EPD PCR Guidelines: beam=""Sustainability in buildings and civil en"" pdf=∅ | LCA Method: beam=""Traci 2.1"" pdf=""required by the PCR includes impact"" | Product Service Life (Years): beam=""75"" pdf=∅"
SSS005,SCS-EPD-07103,—,—,—,—,—,—,MISMATCH,—,MISMATCH,MISMATCH,MISMATCH,MISMATCH,—,MATCH,MISMATCH,—,MISMATCH,MISMATCH,—,—,—,—,—,—,—,—,—,—,—,—,—,—,MISMATCH,MATCH,MISMATCH,MISMATCH,—,—,—,—,—,—,—,—,—,MATCH,—,—,—,—,MATCH,MISMATCH,MISMATCH,MISMATCH,MISMATCH,MATCH,MATCH,MISMATCH,MISMATCH,MATCH,MATCH,MATCH,—,—,34.6%,"EPD Expiry: beam=""2026"" pdf=""2021-05-28"" | Material: beam=""Steel studs - Load bearing"" pdf=∅ | Manufacturer: beam=""Steel Framing Industry Assn"" pdf=""the US. SFIA and its"" | Product Brand Name: beam=""Includes: Cemco, ClarkDietrich, Delineat"" pdf=∅ | Specifications: beam=""600-S-137-54, 16 gauge, ""2x6"""" pdf=∅ | Markets of Applicability: beam=""US & CA"" pdf=""Global"" | Stated EPD kgCO2e / unit: beam=""2.44"" pdf=""11"" | GWP units kgCO2e per: beam=""kg"" pdf=""The declared unit is one ton of industry"" | Density: beam=""7850"" pdf=""7800"" | Addn'l factors: beam=""2.604"" pdf=∅ | Addn'l factor units: beam=""kg/m"" pdf=∅ | EPD Type: beam=""Industry average"" pdf=∅ | EPD Owner: beam=""Steel Framing Industry Assn"" pdf=""Steel Framing Industry Association"" | EPD/LCA Prepared by: beam=""SCS Global"" pdf=""Sphera"" | EPD Program / Operator: beam=""SCS Global"" pdf=""UL Environment"" | EPD Standards: beam=""ISO 21930:2017"" pdf=""ISO 14025, ISO 21930, ISO 14040"" | EPD PCR Guidelines: beam=""Designated steel construction product EP"" pdf=""Designated Steel Construction Product EP"""
SSS006,SCS-EPD-07103,—,—,—,—,—,—,MISMATCH,—,MISMATCH,MISMATCH,MISMATCH,MISMATCH,—,MATCH,MISMATCH,—,MISMATCH,MISMATCH,—,—,—,—,—,—,—,—,—,—,—,—,—,—,MATCH,MATCH,MISMATCH,MISMATCH,—,—,—,—,—,—,—,—,—,MATCH,—,—,—,—,MATCH,MISMATCH,MISMATCH,MISMATCH,MISMATCH,MATCH,MATCH,MISMATCH,MISMATCH,MATCH,MATCH,MATCH,—,—,38.5%,"EPD Expiry: beam=""2026"" pdf=""2021-05-28"" | Material: beam=""Steel studs - Load bearing"" pdf=∅ | Manufacturer: beam=""Steel Framing Industry Assn"" pdf=""the US. SFIA and its"" | Product Brand Name: beam=""Includes: Cemco, ClarkDietrich, Delineat"" pdf=∅ | Specifications: beam=""362-S-125-18, 20EQ gauge, ""2x4"""" pdf=∅ | Markets of Applicability: beam=""US & CA"" pdf=""Global"" | Stated EPD kgCO2e / unit: beam=""2.44"" pdf=""11"" | GWP units kgCO2e per: beam=""kg"" pdf=""The declared unit is one ton of industry"" | Addn'l factors: beam=""0.6293817"" pdf=∅ | Addn'l factor units: beam=""kg/m"" pdf=∅ | EPD Type: beam=""Industry average"" pdf=∅ | EPD Owner: beam=""Steel Framing Industry Assn"" pdf=""Steel Framing Industry Association"" | EPD/LCA Prepared by: beam=""SCS Global"" pdf=""Sphera"" | EPD Program / Operator: beam=""SCS Global"" pdf=""UL Environment"" | EPD Standards: beam=""ISO 21930:2017"" pdf=""ISO 14025, ISO 21930, ISO 14040"" | EPD PCR Guidelines: beam=""Designated steel construction product EP"" pdf=""Designated Steel Construction Product EP"""
LVT013,SCS-EPD-07131,—,—,—,—,—,—,MISMATCH,—,MISMATCH,MATCH,MISMATCH,MISMATCH,—,—,MISMATCH,—,MISMATCH,MATCH,—,—,—,—,—,—,—,—,—,—,—,—,—,—,MISMATCH,MISMATCH,—,—,—,—,—,—,—,—,MISMATCH,—,—,MATCH,—,—,—,—,MATCH,MATCH,MATCH,MISMATCH,MISMATCH,MATCH,MISMATCH,—,MISMATCH,MATCH,—,MISMATCH,MATCH,—,39.1%,"EPD Expiry: beam=""2026-06-08"" pdf=""2021-06-09"" | Material: beam=""Luxury Vinyl Tile"" pdf=∅ | Product Brand Name: beam=""Altro Lavencia"" pdf=∅ | Specifications: beam=""3.0 mm"" pdf=∅ | Markets of Applicability: beam=""US & CA"" pdf=""USA"" | Stated EPD kgCO2e / unit: beam=""10.938"" pdf=∅ | Density: beam=""5103"" pdf=""1700"" | Density Units: beam=""g/m2"" pdf=""kg/m3"" | Depth (m): beam=""0.003"" pdf=∅ | EPD/LCA Prepared by: beam=""Gerard Mansell, PHD., SCS Global"" pdf=∅ | EPD Program / Operator: beam=""SCS Global"" pdf=""UL Environment"" | EPD Verifying Agent: beam=""Tom Gloria, PhD, Industrial Ecology Cons"" pdf=""Thomas Gloria, Ph.D., Industrial Ecology"" | EPD PCR Guidelines: beam=""Part B: Flooring EPD Requirements, UL 10"" pdf=""Flooring EPD Requirements. Version 2. UL"" | EPD LCI Database: beam=""Ecoinvent database"" pdf=""OpenLCA v1.10 software and the Ecoinvent"""
XPS001,SCS-EPD-07175,—,—,—,—,—,—,MISMATCH,—,MISMATCH,MATCH,MISMATCH,MISMATCH,—,MISMATCH,MISMATCH,—,MISMATCH,MISMATCH,—,—,—,—,—,—,—,—,—,—,—,—,—,—,MISMATCH,MATCH,—,—,MISMATCH,—,—,—,—,—,—,—,—,MATCH,—,—,—,—,MATCH,MISMATCH,MATCH,MISMATCH,MISMATCH,MATCH,MATCH,—,MISMATCH,MISMATCH,MATCH,MISMATCH,MISMATCH,—,32.0%,"EPD Expiry: beam=""2026"" pdf=""2021-07-01"" | Material: beam=""XPS foam board"" pdf=∅ | Product Brand Name: beam=""GreenGuard Type IV"" pdf=∅ | Specifications: beam=""R 5.0-inch, 25 psi"" pdf=∅ | Countries of Manufacture: beam=""US"" pdf=∅ | Markets of Applicability: beam=""US & CA"" pdf=∅ | Stated EPD kgCO2e / unit: beam=""3.74"" pdf=""11"" | GWP units kgCO2e per: beam=""m2•RSI"" pdf=""1 m³"" | Density: beam=""25.63"" pdf=""28"" | R-value / inch: beam=""5.00"" pdf=∅ | EPD Type: beam=""Product-specific"" pdf=∅ | EPD/LCA Prepared by: beam=""SCS Global"" pdf=""Industrial Ecology Consultants"" | EPD Program / Operator: beam=""SCS Global"" pdf=""UL Environment"" | EPD PCR Guidelines: beam=""Building envelope thermal insulation v2."" pdf=""Building Envelope Thermal Insulation EPD"" | LCA Method: beam=""TRACI 2.1"" pdf=""required by the PCR includes impact"" | EPD LCI Database: beam=""Ecoinvent 3.7"" pdf=""ecoinvent v3.7"" | Product Service Life (Years): beam=""75"" pdf=∅"
www111,SCS-EPD-07201,—,—,—,—,—,—,MISMATCH,—,MISMATCH,MATCH,MISMATCH,MISMATCH,—,MATCH,MISMATCH,—,MISMATCH,MISMATCH,—,—,—,—,—,—,—,—,—,—,—,—,—,—,—,—,—,—,—,—,—,—,—,—,—,—,—,MISMATCH,—,—,—,—,MATCH,MATCH,MATCH,MISMATCH,MISMATCH,MATCH,MISMATCH,—,—,—,MISMATCH,—,—,—,33.3%,"EPD Expiry: beam=""2026-09-26"" pdf=""2021-09-27"" | Material: beam=""Window - double-glazed"" pdf=∅ | Product Brand Name: beam=""E-series (Average Double-hung/Awning/Pic"" pdf=∅ | Specifications: beam=""Wood frame, aluminum cladding"" pdf=∅ | Markets of Applicability: beam=""US & CA"" pdf=∅ | Stated EPD kgCO2e / unit: beam=""73.8"" pdf=∅ | GWP units kgCO2e per: beam=""m²"" pdf=""www.scsglobalservices.com"" | Material Type: beam=""Wood + Alluminum frame"" pdf=""Aluminum"" | EPD/LCA Prepared by: beam=""Suzanna Hickey"" pdf=∅ | EPD Program / Operator: beam=""SCS Global Services"" pdf=""NSF International"" | EPD Verifying Agent: beam=""Tess Garvey, SCS Global Services"" pdf=""Tess Garvey, PhD, SCS Global Services"" | EPD LCA Software: beam=""GaBi 10"" pdf=""and LCI database: GaBi Version 10.0.0.71"""
WIJ000,SCS-EPD-07524,—,—,—,—,—,—,MISMATCH,—,MISMATCH,MISMATCH,MISMATCH,MISMATCH,—,MISMATCH,MISMATCH,—,MISMATCH,MISMATCH,—,—,—,—,—,—,—,—,—,—,—,—,—,—,—,—,MISMATCH,MISMATCH,—,—,—,—,—,—,—,—,—,MISMATCH,—,—,—,—,MATCH,MATCH,MISMATCH,MISMATCH,MISMATCH,MATCH,MATCH,MATCH,MISMATCH,MATCH,MATCH,MATCH,—,—,33.3%,"EPD Expiry: beam=""2026"" pdf=""2021-12-20"" | Material: beam=""Wood I-joist"" pdf=∅ | Manufacturer: beam=""RedBuilt"" pdf=∅ | Product Brand Name: beam=""Red I-45"" pdf=∅ | Specifications: beam=""14"" depth, 1.75 x 1.5"" flanges"" pdf=∅ | Countries of Manufacture: beam=""US"" pdf=∅ | Markets of Applicability: beam=""US & CA"" pdf=""Global"" | Stated EPD kgCO2e / unit: beam=""#DIV/0!"" pdf=""11"" | GWP units kgCO2e per: beam=""m"" pdf=""The declared unit is 1 meter (one linear"" | Addn'l factors: beam=""3.28"" pdf=∅ | Addn'l factor units: beam=""kg/m"" pdf=∅ | Material Type: beam=""Wood I-joist"" pdf=""LVL"" | EPD Owner: beam=""Redbuilt LLC"" pdf=""RedBuilt™ LLC"" | EPD/LCA Prepared by: beam=""SCS Global"" pdf=""Ecoform"" | EPD Program / Operator: beam=""SCS Global"" pdf=""UL Environment"" | EPD PCR Guidelines: beam=""Structural and architectural wood produc"" pdf=""Structural and Architectural Wood Produc"""
WIJ001,SCS-EPD-07524,—,—,—,—,—,—,MISMATCH,—,MISMATCH,MISMATCH,MISMATCH,MISMATCH,—,MISMATCH,MISMATCH,—,MISMATCH,MISMATCH,—,—,—,—,—,—,—,—,—,—,—,—,—,—,—,—,MISMATCH,MISMATCH,—,—,—,—,—,—,—,—,—,MISMATCH,—,—,—,—,MATCH,MATCH,MISMATCH,MISMATCH,MISMATCH,MATCH,MATCH,MATCH,MISMATCH,MATCH,MATCH,MATCH,—,—,33.3%,"EPD Expiry: beam=""2026"" pdf=""2021-12-20"" | Material: beam=""Wood I-joist"" pdf=∅ | Manufacturer: beam=""RedBuilt"" pdf=∅ | Product Brand Name: beam=""Red I-45"" pdf=∅ | Specifications: beam=""14"" depth, 1.75 x 1.5"" flanges"" pdf=∅ | Countries of Manufacture: beam=""US"" pdf=∅ | Markets of Applicability: beam=""US & CA"" pdf=""Global"" | Stated EPD kgCO2e / unit: beam=""2.9"" pdf=""11"" | GWP units kgCO2e per: beam=""m"" pdf=""The declared unit is 1 meter (one linear"" | Addn'l factors: beam=""3.72"" pdf=∅ | Addn'l factor units: beam=""kg/m"" pdf=∅ | Material Type: beam=""Wood I-joist"" pdf=""LVL"" | EPD Owner: beam=""Redbuilt LLC"" pdf=""RedBuilt™ LLC"" | EPD/LCA Prepared by: beam=""SCS Global"" pdf=""Ecoform"" | EPD Program / Operator: beam=""SCS Global"" pdf=""UL Environment"" | EPD PCR Guidelines: beam=""Structural and architectural wood produc"" pdf=""Structural and Architectural Wood Produc"""
WIJ002,SCS-EPD-07524,—,—,—,—,—,—,MISMATCH,—,MISMATCH,MISMATCH,MISMATCH,MISMATCH,—,MISMATCH,MISMATCH,—,MISMATCH,MISMATCH,—,—,—,—,—,—,—,—,—,—,—,—,—,—,—,—,MISMATCH,MISMATCH,—,—,—,—,—,—,—,—,—,MISMATCH,—,—,—,—,MATCH,MATCH,MISMATCH,MISMATCH,MISMATCH,MATCH,MATCH,MATCH,MISMATCH,MATCH,MATCH,MATCH,—,—,33.3%,"EPD Expiry: beam=""2026"" pdf=""2021-12-20"" | Material: beam=""Wood I-joist"" pdf=∅ | Manufacturer: beam=""RedBuilt"" pdf=∅ | Product Brand Name: beam=""Red I-45"" pdf=∅ | Specifications: beam=""14"" depth, 1.75 x 1.5"" flanges"" pdf=∅ | Countries of Manufacture: beam=""US"" pdf=∅ | Markets of Applicability: beam=""US & CA"" pdf=""Global"" | Stated EPD kgCO2e / unit: beam=""3.48"" pdf=""11"" | GWP units kgCO2e per: beam=""m"" pdf=""The declared unit is 1 meter (one linear"" | Addn'l factors: beam=""4.46"" pdf=∅ | Addn'l factor units: beam=""kg/m"" pdf=∅ | Material Type: beam=""Wood I-joist"" pdf=""LVL"" | EPD Owner: beam=""Redbuilt LLC"" pdf=""RedBuilt™ LLC"" | EPD/LCA Prepared by: beam=""SCS Global"" pdf=""Ecoform"" | EPD Program / Operator: beam=""SCS Global"" pdf=""UL Environment"" | EPD PCR Guidelines: beam=""Structural and architectural wood produc"" pdf=""Structural and Architectural Wood Produc"""
WIJ003,SCS-EPD-07524,—,—,—,—,—,—,MISMATCH,—,MISMATCH,MISMATCH,MISMATCH,MISMATCH,—,MISMATCH,MISMATCH,—,MISMATCH,MISMATCH,—,—,—,—,—,—,—,—,—,—,—,—,—,—,—,—,MISMATCH,MISMATCH,—,—,—,—,—,—,—,—,—,MISMATCH,—,—,—,—,MATCH,MATCH,MISMATCH,MISMATCH,MISMATCH,MATCH,MATCH,MATCH,MISMATCH,MATCH,MATCH,MATCH,—,—,33.3%,"EPD Expiry: beam=""2026"" pdf=""2021-12-20"" | Material: beam=""Wood I-joist"" pdf=∅ | Manufacturer: beam=""RedBuilt"" pdf=∅ | Product Brand Name: beam=""Red I-45"" pdf=∅ | Specifications: beam=""14"" depth, 1.75 x 1.5"" flanges"" pdf=∅ | Countries of Manufacture: beam=""US"" pdf=∅ | Markets of Applicability: beam=""US & CA"" pdf=""Global"" | Stated EPD kgCO2e / unit: beam=""4.17"" pdf=""11"" | GWP units kgCO2e per: beam=""m"" pdf=""The declared unit is 1 meter (one linear"" | Addn'l factors: beam=""5.35"" pdf=∅ | Addn'l factor units: beam=""kg/m"" pdf=∅ | Material Type: beam=""Wood I-joist"" pdf=""LVL"" | EPD Owner: beam=""Redbuilt LLC"" pdf=""RedBuilt™ LLC"" | EPD/LCA Prepared by: beam=""SCS Global"" pdf=""Ecoform"" | EPD Program / Operator: beam=""SCS Global"" pdf=""UL Environment"" | EPD PCR Guidelines: beam=""Structural and architectural wood produc"" pdf=""Structural and Architectural Wood Produc"""
WIJ004,SCS-EPD-07524,—,—,—,—,—,—,MISMATCH,—,MISMATCH,MISMATCH,MISMATCH,MISMATCH,—,MISMATCH,MISMATCH,—,MISMATCH,MISMATCH,—,—,—,—,—,—,—,—,—,—,—,—,—,—,—,—,MISMATCH,MISMATCH,—,—,—,—,—,—,—,—,—,MISMATCH,—,—,—,—,MATCH,MATCH,MISMATCH,MISMATCH,MISMATCH,MATCH,MATCH,MATCH,MISMATCH,MATCH,MATCH,MATCH,—,—,33.3%,"EPD Expiry: beam=""2026"" pdf=""2021-12-20"" | Material: beam=""Wood I-joist"" pdf=∅ | Manufacturer: beam=""RedBuilt"" pdf=∅ | Product Brand Name: beam=""Red I-45"" pdf=∅ | Specifications: beam=""14"" depth, 1.75 x 1.5"" flanges"" pdf=∅ | Countries of Manufacture: beam=""US"" pdf=∅ | Markets of Applicability: beam=""US & CA"" pdf=""Global"" | Stated EPD kgCO2e / unit: beam=""4.53"" pdf=""11"" | GWP units kgCO2e per: beam=""m"" pdf=""The declared unit is 1 meter (one linear"" | Addn'l factors: beam=""5.81"" pdf=∅ | Addn'l factor units: beam=""kg/m"" pdf=∅ | Material Type: beam=""Wood I-joist"" pdf=""LVL"" | EPD Owner: beam=""Redbuilt LLC"" pdf=""RedBuilt™ LLC"" | EPD/LCA Prepared by: beam=""SCS Global"" pdf=""Ecoform"" | EPD Program / Operator: beam=""SCS Global"" pdf=""UL Environment"" | EPD PCR Guidelines: beam=""Structural and architectural wood produc"" pdf=""Structural and Architectural Wood Produc"""
WIJ005,SCS-EPD-07524,—,—,—,—,—,—,MISMATCH,—,MISMATCH,MISMATCH,MISMATCH,MISMATCH,—,MISMATCH,MISMATCH,—,MISMATCH,MISMATCH,—,—,—,—,—,—,—,—,—,—,—,—,—,—,—,—,MISMATCH,MISMATCH,—,—,—,—,—,—,—,—,—,MISMATCH,—,—,—,—,MATCH,MATCH,MISMATCH,MISMATCH,MISMATCH,MATCH,MATCH,MATCH,MISMATCH,MATCH,MATCH,MATCH,—,—,33.3%,"EPD Expiry: beam=""2026"" pdf=""2021-12-20"" | Material: beam=""Wood I-joist"" pdf=∅ | Manufacturer: beam=""RedBuilt"" pdf=∅ | Product Brand Name: beam=""Red I-45"" pdf=∅ | Specifications: beam=""14"" depth, 1.75 x 1.5"" flanges"" pdf=∅ | Countries of Manufacture: beam=""US"" pdf=∅ | Markets of Applicability: beam=""US & CA"" pdf=""Global"" | Stated EPD kgCO2e / unit: beam=""4.88"" pdf=""11"" | GWP units kgCO2e per: beam=""m"" pdf=""The declared unit is 1 meter (one linear"" | Addn'l factors: beam=""6.26"" pdf=∅ | Addn'l factor units: beam=""kg/m"" pdf=∅ | Material Type: beam=""Wood I-joist"" pdf=""LVL"" | EPD Owner: beam=""Redbuilt LLC"" pdf=""RedBuilt™ LLC"" | EPD/LCA Prepared by: beam=""SCS Global"" pdf=""Ecoform"" | EPD Program / Operator: beam=""SCS Global"" pdf=""UL Environment"" | EPD PCR Guidelines: beam=""Structural and architectural wood produc"" pdf=""Structural and Architectural Wood Produc"""
LAM001,SCS-EPD-07525,—,—,—,—,—,—,MISMATCH,—,MISMATCH,MISMATCH,MISMATCH,—,—,MISMATCH,MISMATCH,—,MISMATCH,MATCH,—,—,—,—,—,—,—,—,—,—,—,—,—,—,MISMATCH,MATCH,—,—,—,—,—,—,—,—,—,—,—,MISMATCH,—,—,—,—,MATCH,MATCH,MISMATCH,MISMATCH,MISMATCH,MATCH,MATCH,MATCH,MISMATCH,MATCH,MATCH,MATCH,—,—,43.5%,"EPD Expiry: beam=""2026"" pdf=""2021-12-20"" | Material: beam=""Laminated veneer lumber"" pdf=∅ | Manufacturer: beam=""RedBuilt"" pdf=∅ | Product Brand Name: beam=""RedLam LVL"" pdf=∅ | Countries of Manufacture: beam=""US"" pdf=∅ | Markets of Applicability: beam=""US & CA"" pdf=""Global"" | Stated EPD kgCO2e / unit: beam=""177.23"" pdf=""11"" | Density: beam=""593"" pdf=""500"" | Material Type: beam=""Wood"" pdf=""LVL"" | EPD Owner: beam=""Redbuilt LLC"" pdf=""RedBuilt™ LLC"" | EPD/LCA Prepared by: beam=""SCS Global"" pdf=""Ecoform"" | EPD Program / Operator: beam=""SCS Global"" pdf=""UL Environment"" | EPD PCR Guidelines: beam=""Structural and architectural wood produc"" pdf=""Structural and Architectural Wood Produc"""
TRU000,SCS-EPD-07526,—,—,—,—,—,—,MISMATCH,—,MISMATCH,MISMATCH,MISMATCH,MISMATCH,—,MISMATCH,MISMATCH,—,MISMATCH,MISMATCH,—,—,—,—,—,—,—,—,—,—,—,—,—,—,MISMATCH,MISMATCH,—,—,—,—,—,—,—,—,—,—,—,MISMATCH,—,—,—,—,MATCH,MATCH,MISMATCH,MISMATCH,MISMATCH,MATCH,MATCH,MATCH,MISMATCH,MATCH,MATCH,MATCH,—,—,33.3%,"EPD Expiry: beam=""2026-12-19"" pdf=""2021-12-20"" | Material: beam=""Wood/steel hybrid floor truss"" pdf=∅ | Manufacturer: beam=""RedBuilt"" pdf=∅ | Product Brand Name: beam=""Red-L Open-Web"" pdf=∅ | Specifications: beam=""14"" deep, 1.5 x 3.5"" chords"" pdf=∅ | Countries of Manufacture: beam=""US"" pdf=∅ | Markets of Applicability: beam=""US & CA"" pdf=""Global"" | Stated EPD kgCO2e / unit: beam=""11.1"" pdf=""11"" | GWP units kgCO2e per: beam=""m"" pdf=""The declared unit is 1 meter (one linear"" | Density: beam=""5.6"" pdf=""500"" | Density Units: beam=""kg/m"" pdf=""kg/m3"" | Material Type: beam=""Wood/steel"" pdf=""LVL"" | EPD Owner: beam=""Redbuilt LLC"" pdf=""RedBuilt™ LLC"" | EPD/LCA Prepared by: beam=""SCS Global"" pdf=""Ecoform"" | EPD Program / Operator: beam=""SCS Global"" pdf=""UL Environment"" | EPD PCR Guidelines: beam=""Structural and architectural wood produc"" pdf=""Structural and Architectural Wood Produc"""
TRU001,SCS-EPD-07526,—,—,—,—,—,—,MISMATCH,—,MISMATCH,MISMATCH,MISMATCH,MISMATCH,—,MISMATCH,MISMATCH,—,MISMATCH,MISMATCH,—,—,—,—,—,—,—,—,—,—,—,—,—,—,MISMATCH,MISMATCH,—,—,—,—,—,—,—,—,—,—,—,MISMATCH,—,—,—,—,MATCH,MATCH,MISMATCH,MISMATCH,MISMATCH,MATCH,MATCH,MATCH,MISMATCH,MATCH,MATCH,MATCH,—,—,33.3%,"EPD Expiry: beam=""2026-12-19"" pdf=""2021-12-20"" | Material: beam=""Wood/steel hybrid floor truss"" pdf=∅ | Manufacturer: beam=""RedBuilt"" pdf=∅ | Product Brand Name: beam=""Red-W Open-Web"" pdf=∅ | Specifications: beam=""14"" deep, 1.5 x 4.25"" chords"" pdf=∅ | Countries of Manufacture: beam=""US"" pdf=∅ | Markets of Applicability: beam=""US & CA"" pdf=""Global"" | Stated EPD kgCO2e / unit: beam=""14.08"" pdf=""11"" | GWP units kgCO2e per: beam=""m"" pdf=""The declared unit is 1 meter (one linear"" | Density: beam=""7.05"" pdf=""500"" | Density Units: beam=""kg/m"" pdf=""kg/m3"" | Material Type: beam=""Wood/steel"" pdf=""LVL"" | EPD Owner: beam=""Redbuilt LLC"" pdf=""RedBuilt™ LLC"" | EPD/LCA Prepared by: beam=""SCS Global"" pdf=""Ecoform"" | EPD Program / Operator: beam=""SCS Global"" pdf=""UL Environment"" | EPD PCR Guidelines: beam=""Structural and architectural wood produc"" pdf=""Structural and Architectural Wood Produc"""
TRU002,SCS-EPD-07526,—,—,—,—,—,—,MISMATCH,—,MISMATCH,MISMATCH,MISMATCH,MISMATCH,—,MISMATCH,MISMATCH,—,MISMATCH,MISMATCH,—,—,—,—,—,—,—,—,—,—,—,—,—,—,MISMATCH,MISMATCH,—,—,—,—,—,—,—,—,—,—,—,MISMATCH,—,—,—,—,MATCH,MATCH,MISMATCH,MISMATCH,MISMATCH,MATCH,MATCH,MATCH,MISMATCH,MATCH,MATCH,MATCH,—,—,33.3%,"EPD Expiry: beam=""2026-12-19"" pdf=""2021-12-20"" | Material: beam=""Wood/steel hybrid floor truss"" pdf=∅ | Manufacturer: beam=""RedBuilt"" pdf=∅ | Product Brand Name: beam=""Red-W Open-Web"" pdf=∅ | Specifications: beam=""14"" deep, 1.5 x 4.25"" chords"" pdf=∅ | Countries of Manufacture: beam=""US"" pdf=∅ | Markets of Applicability: beam=""US & CA"" pdf=""Global"" | Stated EPD kgCO2e / unit: beam=""13.5"" pdf=""11"" | GWP units kgCO2e per: beam=""m"" pdf=""The declared unit is 1 meter (one linear"" | Density: beam=""6.7"" pdf=""500"" | Density Units: beam=""kg/m"" pdf=""kg/m3"" | Material Type: beam=""Wood/steel"" pdf=""LVL"" | EPD Owner: beam=""Redbuilt LLC"" pdf=""RedBuilt™ LLC"" | EPD/LCA Prepared by: beam=""SCS Global"" pdf=""Ecoform"" | EPD Program / Operator: beam=""SCS Global"" pdf=""UL Environment"" | EPD PCR Guidelines: beam=""Structural and architectural wood produc"" pdf=""Structural and Architectural Wood Produc"""
MPS004,SCS-EPD-07578,—,—,—,—,—,—,MISMATCH,—,MISMATCH,MISMATCH,MISMATCH,MISMATCH,—,MISMATCH,MISMATCH,—,MISMATCH,MISMATCH,—,—,—,—,—,—,—,—,—,—,—,—,—,—,MATCH,MATCH,—,—,—,—,—,—,—,—,MISMATCH,—,—,MATCH,—,—,—,—,MATCH,MATCH,MATCH,MISMATCH,MISMATCH,MATCH,MATCH,MATCH,MISMATCH,MATCH,MATCH,MATCH,—,—,48.0%,"EPD Expiry: beam=""2027"" pdf=""2022-01-13"" | Material: beam=""Metal Panels - Steel"" pdf=∅ | Manufacturer: beam=""AEP Span"" pdf=∅ | Product Brand Name: beam=""All roofing & wall products"" pdf=∅ | Specifications: beam=""24 gauge"" pdf=∅ | Countries of Manufacture: beam=""US"" pdf=∅ | Markets of Applicability: beam=""US & CA"" pdf=""Global"" | Stated EPD kgCO2e / unit: beam=""2160"" pdf=∅ | GWP units kgCO2e per: beam=""100 m2"" pdf=""is 100 m of AEP Span product, based on B"" | Depth (m): beam=""0.001"" pdf=∅ | EPD/LCA Prepared by: beam=""Lindita Bushi"" pdf=∅ | EPD Program / Operator: beam=""SCS Global"" pdf=∅ | EPD PCR Guidelines: beam=""Insulated metal panels, metal composite "" pdf=""Insulated Metal Panels, Metal Composite """
CCC000,SCS-EPD-08200,—,—,—,—,—,—,MISMATCH,—,MISMATCH,MISMATCH,MISMATCH,MISMATCH,—,MISMATCH,MISMATCH,—,MISMATCH,MATCH,—,—,—,—,—,—,—,—,—,—,—,—,—,—,MISMATCH,MISMATCH,—,—,—,—,—,—,—,—,—,—,—,MISMATCH,—,—,—,—,MATCH,MATCH,MISMATCH,MISMATCH,MISMATCH,MATCH,MATCH,—,MISMATCH,MATCH,MATCH,MISMATCH,—,—,30.4%,"EPD Expiry: beam=""2027"" pdf=""2022-08-30"" | Material: beam=""Composite cladding"" pdf=∅ | Manufacturer: beam=""Fiberon"" pdf=""Fiber Composites, LLC"" | Product Brand Name: beam=""Wildwood Cladding"" pdf=∅ | Specifications: beam=""3/4"""" pdf=∅ | Countries of Manufacture: beam=""US"" pdf=∅ | Markets of Applicability: beam=""US & CA"" pdf=""Global"" | Stated EPD kgCO2e / unit: beam=""14.7"" pdf=""11"" | Density: beam=""62.47"" pdf=""2800"" | Density Units: beam=""kg/m2"" pdf=""kg/m3"" | Material Type: beam=""Composite cladding"" pdf=""Aluminum"" | EPD Owner: beam=""Fiber Composites LLC"" pdf=""Fiber Composites, LLC"" | EPD/LCA Prepared by: beam=""SCS Global"" pdf=∅ | EPD Program / Operator: beam=""SCS Global"" pdf=""UL Environment"" | EPD PCR Guidelines: beam=""Cladding product systems, UL 10010-25"" pdf=""Cladding Product Systems EPD Requirement"" | EPD LCI Database: beam=""Ecoinvent 3.8"" pdf=""OpenLCA 1.10 software and the Ecoinvent """
CCC001,SCS-EPD-08391,—,—,—,—,—,—,MISMATCH,—,MISMATCH,MISMATCH,MISMATCH,MISMATCH,—,MISMATCH,MISMATCH,—,MISMATCH,MATCH,—,—,—,—,—,—,—,—,—,—,—,—,—,—,MISMATCH,MISMATCH,—,—,—,—,—,—,—,—,—,—,—,MISMATCH,—,—,—,—,MATCH,MATCH,MATCH,MISMATCH,MISMATCH,MATCH,MATCH,—,MISMATCH,MATCH,MATCH,MISMATCH,—,—,34.8%,"EPD Expiry: beam=""2027"" pdf=""2022-11-15"" | Material: beam=""Composite cladding"" pdf=∅ | Manufacturer: beam=""Modern Mill"" pdf=∅ | Product Brand Name: beam=""ACRE Cladding"" pdf=∅ | Specifications: beam=""3/4"""" pdf=∅ | Countries of Manufacture: beam=""US"" pdf=∅ | Markets of Applicability: beam=""US & CA"" pdf=""Global"" | Stated EPD kgCO2e / unit: beam=""30.9"" pdf=""11"" | Density: beam=""12.38"" pdf=∅ | Density Units: beam=""kg/m2"" pdf=∅ | Material Type: beam=""Composite cladding"" pdf=∅ | EPD/LCA Prepared by: beam=""SCS Global"" pdf=∅ | EPD Program / Operator: beam=""SCS Global"" pdf=∅ | EPD PCR Guidelines: beam=""Sustainability in buildings and civil en"" pdf=∅ | EPD LCI Database: beam=""Ecoinvent 3.8"" pdf=""OpenLCA 1.10 software and the Ecoinvent """
LVT002,SCS-EPD-08570,—,—,—,—,—,—,MISMATCH,—,MISMATCH,MISMATCH,MISMATCH,MISMATCH,—,MISMATCH,MISMATCH,—,MISMATCH,MATCH,—,—,—,—,—,—,—,—,—,—,—,—,—,—,MISMATCH,MISMATCH,—,—,—,—,—,—,—,—,—,—,—,MATCH,—,—,—,—,MATCH,MATCH,MATCH,—,—,—,—,—,—,MATCH,—,—,—,—,37.5%,"EPD Expiry: beam=""2028"" pdf=""2023-01-11"" | Material: beam=""Luxury vinyl tile (LVT)"" pdf=∅ | Manufacturer: beam=""Mohawk"" pdf=∅ | Product Brand Name: beam=""Hot & Heavy Floating"" pdf=∅ | Specifications: beam=""5.0 mm"" pdf=∅ | Countries of Manufacture: beam=""US"" pdf=""KOR"" | Markets of Applicability: beam=""US & CA"" pdf=""USA"" | Stated EPD kgCO2e / unit: beam=""11.59"" pdf=∅ | Density: beam=""8.09"" pdf=""1700"" | Density Units: beam=""kg/m2"" pdf=""kg/m3"""
INS048,SCS-EPD-09348,—,—,—,—,—,—,MISMATCH,—,MISMATCH,MISMATCH,MISMATCH,MISMATCH,—,MISMATCH,MISMATCH,—,MATCH,MISMATCH,—,—,—,—,—,—,—,—,—,—,—,—,—,—,—,—,—,—,—,—,—,—,—,—,—,—,—,MISMATCH,—,—,—,—,MATCH,MATCH,MATCH,MISMATCH,MISMATCH,MATCH,MATCH,MATCH,MISMATCH,MATCH,MATCH,MATCH,MATCH,—,47.8%,"EPD Expiry: beam=""2028"" pdf=""2023-09-01"" | Material: beam=""Fiberglass batt"" pdf=∅ | Manufacturer: beam=""Owens Corning"" pdf=""R- values from"" | Product Brand Name: beam=""PINK Next Gen Fiberglas"" pdf=∅ | Specifications: beam=""R 3.6/inch"" pdf=∅ | Countries of Manufacture: beam=""US & CA"" pdf=""USA"" | Markets of Applicability: beam=""US & CA"" pdf=∅ | GWP units kgCO2e per: beam=""m2 RSI1"" pdf=""1 m³"" | Material Type: beam=""Fiberglass"" pdf=""Aluminum"" | EPD/LCA Prepared by: beam=""Owens Corning"" pdf=∅ | EPD Program / Operator: beam=""SCS Global"" pdf=""UL Environment"" | EPD PCR Guidelines: beam=""Building Envelope Thermal Insulation V3."" pdf=""Building Envelope Thermal Insulation EPD"""
INS049,SCS-EPD-09349,—,—,—,—,—,—,MISMATCH,—,MISMATCH,MISMATCH,MISMATCH,MISMATCH,—,MISMATCH,MISMATCH,—,MISMATCH,MISMATCH,—,—,—,—,—,—,—,—,—,—,—,—,—,—,MISMATCH,MISMATCH,—,—,MISMATCH,MISMATCH,—,—,—,—,MISMATCH,—,—,MISMATCH,—,—,—,—,MATCH,MATCH,MATCH,MISMATCH,MISMATCH,MATCH,MATCH,MISMATCH,MISMATCH,MISMATCH,MATCH,MATCH,MATCH,—,28.6%,"EPD Expiry: beam=""2028-08-31"" pdf=""2023-09-01"" | Material: beam=""Fiberglass loose fill"" pdf=∅ | Manufacturer: beam=""Owens Corning"" pdf=""the following locations"" | Product Brand Name: beam=""AttiCat, ProCat, ProPink"" pdf=∅ | Specifications: beam=""R 3.28/inch"" pdf=∅ | Countries of Manufacture: beam=""US & CA"" pdf=""USA"" | Markets of Applicability: beam=""US & CA"" pdf=∅ | Stated EPD kgCO2e / unit: beam=""0.9"" pdf=""0.872"" | GWP units kgCO2e per: beam=""m2 RSI1"" pdf=""1 m³"" | Density: beam=""0.567"" pdf=""2800"" | Density Units: beam=""kg/m2 at RSI 1"" pdf=""kg/m3"" | R-value / inch: beam=""3.28"" pdf=∅ | k, Thermal Conductivity: beam=""0.04400"" pdf=∅ | Depth (m): beam=""0.044"" pdf=∅ | Material Type: beam=""Fiberglass"" pdf=""Aluminum"" | EPD/LCA Prepared by: beam=""Owens Corning"" pdf=∅ | EPD Program / Operator: beam=""SCS Global"" pdf=""UL Environment"" | EPD Standards: beam=""ISO 14025, 14040, 14044, and 21930."" pdf=""ISO 14025, ISO 21930, ISO 14040"" | EPD PCR Guidelines: beam=""Building Envelope Thermal Insulation V3."" pdf=""Building Envelope Thermal Insulation EPD"" | LCA Method: beam=""IPCC 2013 (AR5)"" pdf=""& Version Number TRACI 2.1 v1.08; CML I-"""
95e2e7,SCS-EPD-09753,—,—,—,—,—,—,MISMATCH,—,MISMATCH,MISMATCH,MISMATCH,MISMATCH,—,—,MISMATCH,—,MISMATCH,MISMATCH,—,—,—,—,—,—,—,—,—,—,—,—,—,—,MISMATCH,MATCH,—,—,MISMATCH,MISMATCH,—,—,—,—,—,—,—,MATCH,—,—,—,—,MATCH,MATCH,MATCH,MISMATCH,MISMATCH,MATCH,MATCH,—,MATCH,MATCH,MATCH,MATCH,—,—,45.8%,"EPD Expiry: beam=""2029"" pdf=""2024-01-10"" | Material: beam=""XPS foam board"" pdf=∅ | Manufacturer: beam=""Owens Corning"" pdf=""the locations listed below."" | Product Brand Name: beam=""Foamular NGX 250"" pdf=∅ | Specifications: beam=""R 5.0/inch, 25 psi"" pdf=∅ | Markets of Applicability: beam=""US & CA"" pdf=∅ | Stated EPD kgCO2e / unit: beam=""8.46"" pdf=""6.58"" | GWP units kgCO2e per: beam=""m2•RSI"" pdf=""1 m³"" | Density: beam=""24.8"" pdf=""28"" | R-value / inch: beam=""5"" pdf=∅ | k, Thermal Conductivity: beam=""0.02884424"" pdf=∅ | EPD/LCA Prepared by: beam=""SCS Global"" pdf=∅ | EPD Program / Operator: beam=""SCS Global"" pdf=""UL Environment"""
XPS002,SCS-EPD-09753,—,—,—,—,—,—,MISMATCH,—,MISMATCH,MISMATCH,MISMATCH,MISMATCH,—,—,MISMATCH,—,MISMATCH,MISMATCH,—,—,—,—,—,—,—,—,—,—,—,—,—,—,MISMATCH,MATCH,—,—,MISMATCH,MISMATCH,—,—,—,—,—,—,—,MATCH,—,—,—,—,MATCH,MATCH,MATCH,MISMATCH,MISMATCH,MATCH,MATCH,—,MATCH,MATCH,MATCH,MATCH,—,—,45.8%,"EPD Expiry: beam=""2029"" pdf=""2024-01-10"" | Material: beam=""XPS foam board"" pdf=∅ | Manufacturer: beam=""Owens Corning"" pdf=""the locations listed below."" | Product Brand Name: beam=""Foamular NGX CodeBord/C200"" pdf=∅ | Specifications: beam=""R 5.0/inch, 20 psi"" pdf=∅ | Markets of Applicability: beam=""US & CA"" pdf=∅ | Stated EPD kgCO2e / unit: beam=""8.51"" pdf=""6.58"" | GWP units kgCO2e per: beam=""m2•RSI"" pdf=""1 m³"" | Density: beam=""24.8"" pdf=""28"" | R-value / inch: beam=""5"" pdf=∅ | k, Thermal Conductivity: beam=""0.02884424"" pdf=∅ | EPD/LCA Prepared by: beam=""SCS Global"" pdf=∅ | EPD Program / Operator: beam=""SCS Global"" pdf=""UL Environment"""
INS013,SEN-01_22,—,—,—,—,—,—,MATCH,—,MISMATCH,MATCH,MISMATCH,MISMATCH,—,MISMATCH,MISMATCH,—,MISMATCH,MISMATCH,—,—,—,—,MISMATCH,—,—,—,—,—,—,—,—,—,MISMATCH,MATCH,—,—,MISMATCH,MISMATCH,—,—,MISMATCH,—,—,—,—,MISMATCH,—,—,—,—,MISMATCH,MISMATCH,MATCH,MISMATCH,MISMATCH,MATCH,MISMATCH,MISMATCH,MISMATCH,MISMATCH,—,—,—,—,19.2%,"Material: beam=""Hempcrete cast in place"" pdf=∅ | Product Brand Name: beam=""Bio Beton Jet"" pdf=∅ | Specifications: beam=""R2.7/inch / 230 kg/m3"" pdf=∅ | Countries of Manufacture: beam=""EU"" pdf=""ITA"" | Markets of Applicability: beam=""EU"" pdf=∅ | Stated EPD kgCO2e / unit: beam=""43.5"" pdf=""3.51"" | GWP units kgCO2e per: beam=""m2 at 30 cm"" pdf=""COMPOSITION OF THE PRODUCTS"" | GWP-bio from EPD: beam=""61.8"" pdf=""-63.5"" | Density: beam=""230"" pdf=""1500"" | R-value / inch: beam=""2.72"" pdf=∅ | k, Thermal Conductivity: beam=""0.053"" pdf=∅ | Length (m): beam=""20 x 50 x 30 cm"" pdf=∅ | Material Type: beam=""Hemp"" pdf=""Brick"" | EPD ID: beam=""SEN-01_22"" pdf=""SEN-01"" | EPD Type: beam=""Product-specific"" pdf=∅ | EPD/LCA Prepared by: beam=""EPDItaly"" pdf=∅ | EPD Program / Operator: beam=""EPDItaly"" pdf=∅ | EPD Verifying Agent: beam=""ICMQ"" pdf=∅ | EPD Standards: beam=""EN ISO 15804/2019"" pdf=""ISO 14025, EN 15804:2012, ISO 14040"" | EPD PCR Guidelines: beam=""PCR ICMQ-001/15 rev. 3"" pdf=""The EN 15804/2019 standard constitutes t"" | LCA Method: beam=""CML (v4.1)"" pdf=∅"
INS014,SEN-01_22,—,—,—,—,—,—,MATCH,—,MISMATCH,MATCH,MISMATCH,MISMATCH,—,MISMATCH,MISMATCH,—,MISMATCH,MISMATCH,—,—,—,—,MISMATCH,—,—,—,—,—,—,—,—,—,MISMATCH,MATCH,—,—,MISMATCH,MISMATCH,—,—,MISMATCH,—,—,—,—,MISMATCH,—,—,—,—,MISMATCH,MISMATCH,MATCH,MISMATCH,MISMATCH,MATCH,MISMATCH,MISMATCH,MISMATCH,MISMATCH,—,—,—,—,19.2%,"Material: beam=""Hempcrete dry fill"" pdf=∅ | Product Brand Name: beam=""Bio Beton Pronto"" pdf=∅ | Specifications: beam=""R2.7-inch / 190 kg/m3"" pdf=∅ | Countries of Manufacture: beam=""EU"" pdf=""ITA"" | Markets of Applicability: beam=""EU"" pdf=∅ | Stated EPD kgCO2e / unit: beam=""33.7"" pdf=""3.51"" | GWP units kgCO2e per: beam=""m2 at 30 cm"" pdf=""COMPOSITION OF THE PRODUCTS"" | GWP-bio from EPD: beam=""60.5"" pdf=""-63.5"" | Density: beam=""190"" pdf=""1500"" | R-value / inch: beam=""2.72"" pdf=∅ | k, Thermal Conductivity: beam=""0.053"" pdf=∅ | Length (m): beam=""20 x 50 x 30 cm"" pdf=∅ | Material Type: beam=""Hemp"" pdf=""Brick"" | EPD ID: beam=""SEN-01_22"" pdf=""SEN-01"" | EPD Type: beam=""Product-specific"" pdf=∅ | EPD/LCA Prepared by: beam=""EPDItaly"" pdf=∅ | EPD Program / Operator: beam=""EPDItaly"" pdf=∅ | EPD Verifying Agent: beam=""ICMQ"" pdf=∅ | EPD Standards: beam=""EN ISO 15804/2019"" pdf=""ISO 14025, EN 15804:2012, ISO 14040"" | EPD PCR Guidelines: beam=""PCR ICMQ-001/15 rev. 3"" pdf=""The EN 15804/2019 standard constitutes t"" | LCA Method: beam=""CML (v4.1)"" pdf=∅"
INS015,SEN-01_22,—,—,—,—,—,—,MATCH,—,MISMATCH,MATCH,MISMATCH,MISMATCH,—,MISMATCH,MISMATCH,—,MISMATCH,MISMATCH,—,—,—,—,MISMATCH,—,—,—,—,—,—,—,—,—,MISMATCH,MATCH,—,—,MISMATCH,MISMATCH,—,—,—,—,—,—,—,MISMATCH,—,—,—,—,MISMATCH,MISMATCH,MATCH,MISMATCH,MISMATCH,MATCH,MISMATCH,MISMATCH,MISMATCH,MISMATCH,—,—,—,—,20.0%,"Material: beam=""Hempcrete block"" pdf=∅ | Product Brand Name: beam=""Blocco Ambiente"" pdf=∅ | Specifications: beam=""20 x 50 x 30 cm"" pdf=∅ | Countries of Manufacture: beam=""EU"" pdf=""ITA"" | Markets of Applicability: beam=""EU"" pdf=∅ | Stated EPD kgCO2e / unit: beam=""71.8"" pdf=""3.51"" | GWP units kgCO2e per: beam=""m2 at 30 cm"" pdf=""COMPOSITION OF THE PRODUCTS"" | GWP-bio from EPD: beam=""65.95"" pdf=""-63.5"" | Density: beam=""330"" pdf=""1500"" | R-value / inch: beam=""2.06"" pdf=∅ | k, Thermal Conductivity: beam=""0.070"" pdf=∅ | Material Type: beam=""Hemp"" pdf=""Brick"" | EPD ID: beam=""SEN-01_22"" pdf=""SEN-01"" | EPD Type: beam=""Product-specific"" pdf=∅ | EPD/LCA Prepared by: beam=""EPDItaly"" pdf=∅ | EPD Program / Operator: beam=""EPDItaly"" pdf=∅ | EPD Verifying Agent: beam=""ICMQ"" pdf=∅ | EPD Standards: beam=""EN ISO 15804/2019"" pdf=""ISO 14025, EN 15804:2012, ISO 14040"" | EPD PCR Guidelines: beam=""PCR ICMQ-001/15 rev. 3"" pdf=""The EN 15804/2019 standard constitutes t"" | LCA Method: beam=""CML (v4.1)"" pdf=∅"
INS005,SmartEPD-2023-003-0010-01,—,—,—,—,—,—,MISMATCH,—,MISMATCH,MISMATCH,MISMATCH,MISMATCH,—,MATCH,MISMATCH,—,MISMATCH,MATCH,—,—,—,—,—,—,—,—,—,—,—,—,—,—,MISMATCH,MATCH,MISMATCH,MISMATCH,MISMATCH,MISMATCH,—,—,—,—,—,—,—,MATCH,—,—,—,—,MATCH,MATCH,MISMATCH,MATCH,MISMATCH,MATCH,MISMATCH,—,MATCH,—,MISMATCH,MATCH,MATCH,—,40.7%,"EPD Expiry: beam=""2028-07-14"" pdf=""2023-04-10"" | Material: beam=""Fiberglass batt"" pdf=∅ | Manufacturer: beam=""NAIMA"" pdf=""all manufacturers. As all the"" | Product Brand Name: beam=""Includes : CertainTeed, Inc. Saint-Gobin"" pdf=∅ | Specifications: beam=""R 4.4/inch"" pdf=∅ | Markets of Applicability: beam=""US & CA"" pdf=∅ | Stated EPD kgCO2e / unit: beam=""1.01"" pdf=""0.988"" | Density: beam=""12.01"" pdf=""23"" | Addn'l factors: beam=""0.033"" pdf=∅ | Addn'l factor units: beam=""m"" pdf=∅ | R-value / inch: beam=""4.37"" pdf=∅ | k, Thermal Conductivity: beam=""0.0330026"" pdf=∅ | EPD Owner: beam=""NAIMA"" pdf=""Smart EPD"" | EPD Program / Operator: beam=""Smart EPD"" pdf=""UL Environment"" | EPD Verifying Agent: beam=""Lindita Bushi"" pdf=∅ | EPD LCA Software: beam=""are: GaBi v."" pdf=""and background LCI datasets may lead to """
INS008,SmartEPD-2023-003-0010-01,—,—,—,—,—,—,MISMATCH,—,MISMATCH,MISMATCH,MISMATCH,MISMATCH,—,MATCH,MISMATCH,—,MATCH,MATCH,—,—,—,—,—,—,—,—,—,—,—,—,—,—,MISMATCH,MATCH,MISMATCH,MISMATCH,MISMATCH,MISMATCH,—,—,—,—,—,—,—,MATCH,—,—,—,—,MATCH,MATCH,MISMATCH,MATCH,MISMATCH,MATCH,MISMATCH,—,MATCH,—,MISMATCH,MATCH,MATCH,—,44.4%,"EPD Expiry: beam=""2028-07-14"" pdf=""2023-04-10"" | Material: beam=""Fiberglass loose fill"" pdf=∅ | Manufacturer: beam=""NAIMA"" pdf=""all manufacturers. As all the"" | Product Brand Name: beam=""Includes : CertainTeed, Inc. Saint-Gobin"" pdf=∅ | Specifications: beam=""R 2.2/inch"" pdf=∅ | Markets of Applicability: beam=""US & CA"" pdf=∅ | Density: beam=""6.89"" pdf=""23"" | Addn'l factors: beam=""0.067"" pdf=∅ | Addn'l factor units: beam=""m"" pdf=∅ | R-value / inch: beam=""2.15"" pdf=∅ | k, Thermal Conductivity: beam=""0.0670796"" pdf=∅ | EPD Owner: beam=""NAIMA"" pdf=""Smart EPD"" | EPD Program / Operator: beam=""Smart EPD"" pdf=""UL Environment"" | EPD Verifying Agent: beam=""Lindita Bushi"" pdf=∅ | EPD LCA Software: beam=""are: GaBi v."" pdf=""and background LCI datasets may lead to """
INS004,SmartEPD-2023-003-0012-01,—,—,—,—,—,—,MISMATCH,—,MISMATCH,MISMATCH,MISMATCH,MISMATCH,—,MISMATCH,MISMATCH,—,MISMATCH,MATCH,—,—,—,—,—,—,—,—,—,—,—,—,—,—,MISMATCH,MATCH,—,—,MISMATCH,—,—,—,—,—,—,—,—,MATCH,—,—,—,—,MATCH,MISMATCH,MISMATCH,MISMATCH,MISMATCH,MISMATCH,MISMATCH,MISMATCH,MISMATCH,MISMATCH,MISMATCH,MISMATCH,MISMATCH,—,15.4%,"EPD Expiry: beam=""2028"" pdf=""2023-04-10"" | Material: beam=""Fiberglass board"" pdf=∅ | Manufacturer: beam=""NAIMA"" pdf=""Average"" | Product Brand Name: beam=""Johns Manville, Knauf, Owens Corning, Ce"" pdf=∅ | Specifications: beam=""57.62 kg/m3"" pdf=∅ | Countries of Manufacture: beam=""US"" pdf=∅ | Markets of Applicability: beam=""US & CA"" pdf=∅ | Stated EPD kgCO2e / unit: beam=""5.0"" pdf=∅ | Density: beam=""57.6"" pdf=""23"" | R-value / inch: beam=""3.20"" pdf=∅ | EPD Type: beam=""Industry average"" pdf=∅ | EPD Owner: beam=""NAIMA"" pdf=""Smart EPD"" | EPD/LCA Prepared by: beam=""TrueNorth Collective"" pdf=""Sphera"" | EPD Program / Operator: beam=""Smart EPD"" pdf=∅ | Internal/External Validation: beam=""External"" pdf=∅ | EPD Verifying Agent: beam=""Lindita Bushi, Athena Sustainable Materi"" pdf=∅ | EPD Standards: beam=""ISO 21930:2020"" pdf=""ISO 14025, ISO 21930:2017"" | EPD PCR Guidelines: beam=""UL Part B: Building Envelope Thermal Ins"" pdf=""Building Envelope Thermal Insulation Pro"" | LCA Method: beam=""TRACI 2.1"" pdf=∅ | EPD LCA Software: beam=""SimaPro 9.8"" pdf=""GaBi"" | EPD LCI Database: beam=""Ecoinvent 3.9.4"" pdf=""GaBi Professional"" | Product Service Life (Years): beam=""75"" pdf=∅"
INS020,SmartEPD-2023-008-0021-01,—,—,—,—,—,—,MISMATCH,—,MISMATCH,MISMATCH,MISMATCH,MISMATCH,—,MISMATCH,MISMATCH,—,MISMATCH,MATCH,—,—,—,—,—,—,—,—,—,—,—,—,—,—,MATCH,MATCH,—,—,MISMATCH,MISMATCH,—,—,—,—,—,—,—,MATCH,—,—,—,—,MATCH,MATCH,MISMATCH,MISMATCH,MISMATCH,MISMATCH,MISMATCH,MISMATCH,MISMATCH,MISMATCH,MATCH,MISMATCH,MISMATCH,—,25.9%,"EPD Expiry: beam=""2028"" pdf=∅ | Material: beam=""Mineral wool loose fill"" pdf=∅ | Manufacturer: beam=""NAIMA"" pdf=""sale on the market."" | Product Brand Name: beam=""USG, American Rockwool"" pdf=∅ | Specifications: beam=""R 3/inch"" pdf=∅ | Countries of Manufacture: beam=""US"" pdf=∅ | Markets of Applicability: beam=""US & CA"" pdf=∅ | Stated EPD kgCO2e / unit: beam=""1.9"" pdf=∅ | R-value / inch: beam=""3.00"" pdf=∅ | k, Thermal Conductivity: beam=""0.04807373333"" pdf=∅ | EPD Owner: beam=""NAIMA"" pdf=""Smart EPD"" | EPD/LCA Prepared by: beam=""TrueNorth Collective"" pdf=∅ | EPD Program / Operator: beam=""Smart EPD"" pdf=∅ | Internal/External Validation: beam=""External"" pdf=∅ | EPD Verifying Agent: beam=""Lindita Bushi, Athena Sustainable Materi"" pdf=∅ | EPD Standards: beam=""ISO 21930:2019"" pdf=""ISO 14025, ISO 21930:2017"" | EPD PCR Guidelines: beam=""UL Part B: Building Envelope Thermal Ins"" pdf=""Building Envelope Thermal Insulation Pro"" | LCA Method: beam=""TRACI 2.1"" pdf=∅ | EPD LCI Database: beam=""Ecoinvent 3.9.3"" pdf=""ecoinvent v3.9.1"" | Product Service Life (Years): beam=""75"" pdf=∅"
INS019,SmartEPD-2023-008-0022-01,—,—,—,—,—,—,MISMATCH,—,MISMATCH,MISMATCH,MISMATCH,MISMATCH,—,MISMATCH,MISMATCH,—,MISMATCH,MATCH,—,—,—,—,—,—,—,—,—,—,—,—,—,—,MATCH,MATCH,—,—,MISMATCH,MISMATCH,—,—,—,—,—,—,—,MATCH,—,—,—,—,MATCH,MATCH,MISMATCH,MISMATCH,MISMATCH,MISMATCH,MISMATCH,MISMATCH,MISMATCH,MISMATCH,MATCH,MISMATCH,MISMATCH,—,25.9%,"EPD Expiry: beam=""2028"" pdf=∅ | Material: beam=""Mineral wool board - light density"" pdf=∅ | Manufacturer: beam=""NAIMA"" pdf=""sale on the market."" | Product Brand Name: beam=""Owens Corning, Johns Manville, Rolan"" pdf=∅ | Specifications: beam=""R 3.9/inch"" pdf=∅ | Countries of Manufacture: beam=""US"" pdf=∅ | Markets of Applicability: beam=""US & CA"" pdf=∅ | Stated EPD kgCO2e / unit: beam=""2.7"" pdf=∅ | R-value / inch: beam=""3.90"" pdf=∅ | k, Thermal Conductivity: beam=""0.03697979487"" pdf=∅ | EPD Owner: beam=""NAIMA"" pdf=""Smart EPD"" | EPD/LCA Prepared by: beam=""TrueNorth Collective"" pdf=∅ | EPD Program / Operator: beam=""Smart EPD"" pdf=∅ | Internal/External Validation: beam=""External"" pdf=∅ | EPD Verifying Agent: beam=""Lindita Bushi, Athena Sustainable Materi"" pdf=∅ | EPD Standards: beam=""ISO 21930:2018"" pdf=""ISO 14025, ISO 21930:2017"" | EPD PCR Guidelines: beam=""UL Part B: Building Envelope Thermal Ins"" pdf=""Building Envelope Thermal Insulation Pro"" | LCA Method: beam=""TRACI 2.1"" pdf=∅ | EPD LCI Database: beam=""Ecoinvent 3.9.2"" pdf=""ecoinvent v3.9.1"" | Product Service Life (Years): beam=""75"" pdf=∅"
INS018,SmartEPD-2023-008-0023-01,—,—,—,—,—,—,MISMATCH,—,MISMATCH,MISMATCH,MISMATCH,MISMATCH,—,MISMATCH,MISMATCH,—,MISMATCH,MATCH,—,—,—,—,—,—,—,—,—,—,—,—,—,—,MATCH,MATCH,—,—,MISMATCH,MISMATCH,—,—,—,—,—,—,—,MATCH,—,—,—,—,MATCH,MATCH,MISMATCH,MISMATCH,MISMATCH,MISMATCH,MISMATCH,MATCH,MISMATCH,MISMATCH,MATCH,MISMATCH,MISMATCH,—,29.6%,"EPD Expiry: beam=""2028"" pdf=∅ | Material: beam=""Mineral wool board - heavy density"" pdf=∅ | Manufacturer: beam=""NAIMA"" pdf=""sale on the market."" | Product Brand Name: beam=""Owens Corning, Johns Manville, Rolan"" pdf=∅ | Specifications: beam=""R 4.4/inch"" pdf=∅ | Countries of Manufacture: beam=""US"" pdf=∅ | Markets of Applicability: beam=""US & CA"" pdf=∅ | Stated EPD kgCO2e / unit: beam=""6.8"" pdf=∅ | R-value / inch: beam=""4.40"" pdf=∅ | k, Thermal Conductivity: beam=""0.03277754545"" pdf=∅ | EPD Owner: beam=""NAIMA"" pdf=""Smart EPD"" | EPD/LCA Prepared by: beam=""TrueNorth Collective"" pdf=∅ | EPD Program / Operator: beam=""Smart EPD"" pdf=∅ | Internal/External Validation: beam=""External"" pdf=∅ | EPD Verifying Agent: beam=""Lindita Bushi, Athena Sustainable Materi"" pdf=∅ | EPD PCR Guidelines: beam=""UL Part B: Building Envelope Thermal Ins"" pdf=""Building Envelope Thermal Insulation Pro"" | LCA Method: beam=""TRACI 2.1"" pdf=∅ | EPD LCI Database: beam=""Ecoinvent 3.9.1"" pdf=""ecoinvent v3.9.1"" | Product Service Life (Years): beam=""75"" pdf=∅"
BAM002,SmartEPD-2023-009-0024-01,—,—,—,—,—,—,MISMATCH,—,MISMATCH,MISMATCH,MISMATCH,MISMATCH,—,MISMATCH,MISMATCH,—,MISMATCH,MISMATCH,—,—,—,—,—,—,—,—,—,—,—,—,—,—,MISMATCH,MATCH,MISMATCH,MISMATCH,—,—,—,—,—,—,MISMATCH,—,—,MISMATCH,—,—,—,—,MATCH,MISMATCH,MISMATCH,MISMATCH,MISMATCH,MISMATCH,MISMATCH,MATCH,MISMATCH,—,MISMATCH,MATCH,—,—,15.4%,"EPD Expiry: beam=""2028"" pdf=""2024-10-21"" | Material: beam=""Bamboo plywood"" pdf=∅ | Manufacturer: beam=""Smith & Fong"" pdf=""Average"" | Product Brand Name: beam=""Plyboo"" pdf=∅ | Specifications: beam=""1/2"" (12.7 mm)"" pdf=∅ | Countries of Manufacture: beam=""China"" pdf=""CHN"" | Markets of Applicability: beam=""US & CA"" pdf=∅ | Stated EPD kgCO2e / unit: beam=""250"" pdf=∅ | GWP units kgCO2e per: beam=""m3"" pdf=∅ | Density: beam=""690"" pdf=""500"" | Addn'l factors: beam=""8.76"" pdf=∅ | Addn'l factor units: beam=""kg/m2 at 1/2"""" pdf=∅ | Depth (m): beam=""0.0127"" pdf=∅ | Material Type: beam=""Bamboo"" pdf=""Plywood"" | EPD Type: beam=""Product-specific"" pdf=∅ | EPD Owner: beam=""Smith & Fong"" pdf=""has sole ownership, liability, and respo"" | EPD/LCA Prepared by: beam=""Maria Amaya"" pdf=∅ | EPD Program / Operator: beam=""Smart EPD"" pdf=∅ | Internal/External Validation: beam=""External"" pdf=∅ | EPD Verifying Agent: beam=""Nicole Kennard"" pdf=∅ | EPD PCR Guidelines: beam=""UL PCR for Building-Related Products and"" pdf=∅ | EPD LCA Software: beam=""openLCA v1.11"" pdf=""and background LCI datasets may lead to """
BAM003,SmartEPD-2023-009-0024-01,—,—,—,—,—,—,MISMATCH,—,MISMATCH,MISMATCH,MISMATCH,MISMATCH,—,MISMATCH,MISMATCH,—,MISMATCH,MISMATCH,—,—,—,—,—,—,—,—,—,—,—,—,—,—,MISMATCH,MATCH,MISMATCH,MISMATCH,—,—,—,—,—,—,MISMATCH,—,—,MISMATCH,—,—,—,—,MATCH,MISMATCH,MISMATCH,MISMATCH,MISMATCH,MISMATCH,MISMATCH,MATCH,MISMATCH,—,MISMATCH,MATCH,—,—,15.4%,"EPD Expiry: beam=""2028"" pdf=""2024-10-21"" | Material: beam=""Bamboo plywood"" pdf=∅ | Manufacturer: beam=""Smith & Fong"" pdf=""Average"" | Product Brand Name: beam=""Plyboo"" pdf=∅ | Specifications: beam=""3/4"" (19 mm)"" pdf=∅ | Countries of Manufacture: beam=""China"" pdf=""CHN"" | Markets of Applicability: beam=""US & CA"" pdf=∅ | Stated EPD kgCO2e / unit: beam=""250"" pdf=∅ | GWP units kgCO2e per: beam=""m3"" pdf=∅ | Density: beam=""690"" pdf=""500"" | Addn'l factors: beam=""13.11"" pdf=∅ | Addn'l factor units: beam=""kg/m2 at 3/4"""" pdf=∅ | Depth (m): beam=""0.019"" pdf=∅ | Material Type: beam=""Bamboo"" pdf=""Plywood"" | EPD Type: beam=""Product-specific"" pdf=∅ | EPD Owner: beam=""Smith & Fong"" pdf=""has sole ownership, liability, and respo"" | EPD/LCA Prepared by: beam=""Maria Amaya"" pdf=∅ | EPD Program / Operator: beam=""Smart EPD"" pdf=∅ | Internal/External Validation: beam=""External"" pdf=∅ | EPD Verifying Agent: beam=""Nicole Kennard"" pdf=∅ | EPD PCR Guidelines: beam=""UL PCR for Building-Related Products and"" pdf=∅ | EPD LCA Software: beam=""openLCA v1.11"" pdf=""and background LCI datasets may lead to """
199253,S-P-00725,—,—,—,—,—,—,MATCH,—,MISMATCH,MATCH,—,MISMATCH,—,—,MISMATCH,—,MISMATCH,MISMATCH,—,—,—,—,—,—,—,—,—,—,—,—,—,—,MISMATCH,MATCH,—,—,MISMATCH,MISMATCH,—,—,—,—,—,—,—,MISMATCH,—,—,—,—,MATCH,MISMATCH,—,MATCH,—,—,—,—,—,—,—,—,—,—,33.3%,"Material: beam=""Aerogel blanket"" pdf=∅ | Specifications: beam=""R9.6/inch, White/Grey blanket"" pdf=∅ | Markets of Applicability: beam=""US"" pdf=""EUR"" | Stated EPD kgCO2e / unit: beam=""12.3"" pdf=""24.98"" | GWP units kgCO2e per: beam=""1m2 @ 10 mm"" pdf=∅ | Density: beam=""150"" pdf=""900"" | R-value / inch: beam=""9.614746667"" pdf=∅ | k, Thermal Conductivity: beam=""0.0150000"" pdf=∅ | Material Type: beam=""Aerogel"" pdf=""Gypsum"" | EPD Type: beam=""Product-specific"" pdf=∅"
21cbc7,S-P-01088,—,—,—,—,—,—,MISMATCH,—,MISMATCH,MISMATCH,—,MISMATCH,—,—,MISMATCH,—,MISMATCH,MISMATCH,—,—,—,—,—,—,—,—,—,—,—,—,—,—,MISMATCH,MISMATCH,—,—,MISMATCH,MISMATCH,—,—,—,—,—,—,—,MISMATCH,—,—,—,—,MATCH,MISMATCH,—,MISMATCH,—,—,—,—,—,—,—,—,—,—,6.7%,"EPD Expiry: beam=""2022"" pdf=∅ | Material: beam=""Foam glass aggregate"" pdf=∅ | Manufacturer: beam=""Hasopor"" pdf=""Silicon"" | Specifications: beam=""R 1.7/inch, 10-60 mm"" pdf=∅ | Markets of Applicability: beam=""EU"" pdf=""Sweden"" | Stated EPD kgCO2e / unit: beam=""7.77"" pdf=∅ | GWP units kgCO2e per: beam=""m3"" pdf=∅ | Density: beam=""180"" pdf=∅ | Density Units: beam=""kg/m3"" pdf=∅ | R-value / inch: beam=""1.802765"" pdf=∅ | k, Thermal Conductivity: beam=""0.0800000"" pdf=∅ | Material Type: beam=""Foam glass"" pdf=∅ | EPD Type: beam=""Product-specific"" pdf=∅ | EPD/LCA Prepared by: beam=""EPD International AB"" pdf=""Box 210 60,"""
bbb025,S-P-01140,—,—,—,—,—,—,MISMATCH,—,MISMATCH,MISMATCH,MISMATCH,MISMATCH,—,MISMATCH,MATCH,—,MATCH,MISMATCH,—,—,—,—,—,—,—,—,—,—,—,—,—,—,MISMATCH,MISMATCH,—,—,—,—,—,—,—,—,—,—,—,MISMATCH,—,—,—,—,MATCH,MISMATCH,MATCH,MISMATCH,MISMATCH,MATCH,MISMATCH,MISMATCH,MISMATCH,—,MISMATCH,MATCH,—,—,26.1%,"EPD Expiry: beam=""2028"" pdf=∅ | Material: beam=""Sheet barrier"" pdf=∅ | Manufacturer: beam=""Isover"" pdf=∅ | Product Brand Name: beam=""Vario KM Duplex"" pdf=∅ | Specifications: beam=""0.2 mm"" pdf=∅ | Countries of Manufacture: beam=""EU"" pdf=""AUT"" | GWP units kgCO2e per: beam=""m²"" pdf=∅ | Density: beam=""80"" pdf=∅ | Density Units: beam=""g/m2"" pdf=∅ | Material Type: beam=""Barrier"" pdf=∅ | EPD Type: beam=""Product-specific"" pdf=∅ | EPD/LCA Prepared by: beam=""Saint-Gobain LCA"" pdf=""Aymeric.Collard (Marketing and Developme"" | EPD Program / Operator: beam=""International EPD System"" pdf=""IBU"" | EPD Verifying Agent: beam=""Marcel Gomez, Consultoria Ambiental"" pdf=""Marcel Gomez (Marcel Gómez Consultoria A"" | EPD Standards: beam=""EN 15804:2012 + A2:2019"" pdf=""ISO 14025:2006, ISO 21930:2017, EN 15804"" | EPD PCR Guidelines: beam=""PCR 2019:14 Construction products 1.2.5"" pdf=∅ | EPD LCA Software: beam=""GaBi 10"" pdf=""from TEAM to LCA for experts (Sphera) as"""
bbb026,S-P-01141,—,—,—,—,—,—,MISMATCH,—,MISMATCH,MISMATCH,MISMATCH,MISMATCH,—,MISMATCH,MATCH,—,MATCH,MISMATCH,—,—,—,—,—,—,—,—,—,—,—,—,—,—,MISMATCH,MISMATCH,—,—,—,—,—,—,—,—,—,—,—,MISMATCH,—,—,—,—,MATCH,MISMATCH,MATCH,MISMATCH,MISMATCH,MATCH,MISMATCH,MISMATCH,MISMATCH,—,MISMATCH,MATCH,—,—,26.1%,"EPD Expiry: beam=""2028"" pdf=∅ | Material: beam=""Sheet barrier"" pdf=∅ | Manufacturer: beam=""Isover"" pdf=∅ | Product Brand Name: beam=""Vario XTRA"" pdf=∅ | Specifications: beam=""0.2 mm"" pdf=∅ | Countries of Manufacture: beam=""EU"" pdf=""AUT"" | GWP units kgCO2e per: beam=""m²"" pdf=∅ | Density: beam=""80"" pdf=∅ | Density Units: beam=""g/m2"" pdf=∅ | Material Type: beam=""Barrier"" pdf=∅ | EPD Type: beam=""Product-specific"" pdf=∅ | EPD/LCA Prepared by: beam=""Saint-Gobain LCA"" pdf=""Aymeric.Collard (Marketing and Developme"" | EPD Program / Operator: beam=""International EPD System"" pdf=""IBU"" | EPD Verifying Agent: beam=""Marcel Gomez, Consultoria Ambiental"" pdf=""Marcel Gomez (Marcel Gómez Consultoria A"" | EPD Standards: beam=""EN 15804:2012 + A2:2019"" pdf=""ISO 14025:2006, ISO 21930:2017, EN 15804"" | EPD PCR Guidelines: beam=""PCR 2019:14 Construction products 1.2.5"" pdf=∅ | EPD LCA Software: beam=""GaBi 10"" pdf=""from TEAM to LCA for experts (Sphera) as"""
HTW000,S-P-01543,—,—,—,—,—,—,MATCH,—,MISMATCH,MATCH,MISMATCH,MISMATCH,—,MISMATCH,MATCH,—,MISMATCH,MISMATCH,—,—,—,—,—,—,—,—,—,—,—,—,—,—,MISMATCH,MATCH,MISMATCH,MISMATCH,—,—,MISMATCH,—,—,—,MISMATCH,—,—,MISMATCH,—,—,—,—,MATCH,MISMATCH,MISMATCH,MATCH,MISMATCH,MATCH,MATCH,—,MISMATCH,—,—,—,—,—,33.3%,"Material: beam=""Heat Treated Wood Cladding"" pdf=∅ | Product Brand Name: beam=""Vulcan - Thermally Modified Timber, Surf"" pdf=∅ | Specifications: beam=""20 mm"" pdf=∅ | Countries of Manufacture: beam=""Aus"" pdf=""NZL"" | Stated EPD kgCO2e / unit: beam=""243"" pdf=""0.105"" | GWP units kgCO2e per: beam=""m3"" pdf=∅ | Density: beam=""420"" pdf=""500"" | Addn'l factors: beam=""11"" pdf=∅ | Addn'l factor units: beam=""kg/m2"" pdf=∅ | Moisture content %: beam=""7"" pdf=∅ | Depth (m): beam=""0.020"" pdf=∅ | Material Type: beam=""Wood"" pdf=""Glulam"" | EPD Type: beam=""Product-specific"" pdf=∅ | EPD Owner: beam=""Abodo wood"" pdf=""has the sole ownership, liability, and r"" | EPD Program / Operator: beam=""EPD Australasia Limited"" pdf=""EPD International AB"" | EPD PCR Guidelines: beam=""PCR 2012:01 Construction Products and Co"" pdf=∅"
d0rk2l,S-P-01928 (registration MR-ENV-EPD-ZDB-20200278-EN),—,—,—,—,—,—,MISMATCH,—,MISMATCH,MISMATCH,MISMATCH,MISMATCH,—,MISMATCH,MATCH,—,MISMATCH,MISMATCH,—,—,—,—,—,—,—,—,—,—,—,—,—,—,MATCH,MATCH,MISMATCH,MISMATCH,—,—,MISMATCH,—,—,—,MISMATCH,—,—,MISMATCH,—,—,—,—,MISMATCH,MISMATCH,MATCH,MISMATCH,MISMATCH,—,MISMATCH,MISMATCH,—,—,MISMATCH,—,—,—,16.7%,"EPD Expiry: beam=""2025-01-04"" pdf=""2025-04-01"" | Material: beam=""Bamboo Cladding"" pdf=∅ | Manufacturer: beam=""Dasso"" pdf=""Zhejiang Daocheng Bamboo Industry Co., L"" | Product Brand Name: beam=""dassoXTR Bamboo RainClad® Siding"" pdf=∅ | Specifications: beam=""Shiplap, 0.75'' (19 mm)"" pdf=∅ | Countries of Manufacture: beam=""China"" pdf=""CHN"" | Stated EPD kgCO2e / unit: beam=""1.049"" pdf=∅ | GWP units kgCO2e per: beam=""kg"" pdf=∅ | Addn'l factors: beam=""21.85"" pdf=∅ | Addn'l factor units: beam=""kg/m2"" pdf=∅ | Moisture content %: beam=""10-14%"" pdf=∅ | Depth (m): beam=""0.019"" pdf=∅ | Material Type: beam=""Bamboo"" pdf=""Plywood"" | EPD ID: beam=""S-P-01928 (registration MR-ENV-EPD-ZDB-2"" pdf=""S-P-01928"" | EPD Type: beam=""Product-specific"" pdf=∅ | EPD/LCA Prepared by: beam=""Institut Bauen und Umwelt e.V. (IBU)"" pdf=∅ | EPD Program / Operator: beam=""The International EPD® System"" pdf=""IBU"" | EPD Verifying Agent: beam=""IVL Swedish Environmental Research Insti"" pdf=""Bill Kung, Ecovane Environmental"" | EPD Standards: beam=""PCR 2012:01 Construction Products and Co"" pdf=""ISO 14025, ISO 21930:2017, EN 15804, ISO"" | EPD LCA Software: beam=""SimaPro9"" pdf=""used:"""
s0glec,S-P-01928 (registration MR-ENV-EPD-ZDB-20200278-EN),—,—,—,—,—,—,MISMATCH,—,MISMATCH,MISMATCH,MISMATCH,MISMATCH,—,MISMATCH,MATCH,—,MISMATCH,MISMATCH,—,—,—,—,—,—,—,—,—,—,—,—,—,—,MISMATCH,MATCH,MISMATCH,MISMATCH,—,—,MISMATCH,—,—,—,MISMATCH,—,—,MISMATCH,—,—,—,—,MISMATCH,MISMATCH,MATCH,MISMATCH,MISMATCH,—,MISMATCH,MISMATCH,—,—,MISMATCH,—,—,—,12.5%,"EPD Expiry: beam=""2025-01-04"" pdf=""2025-04-01"" | Material: beam=""Bamboo Cladding"" pdf=∅ | Manufacturer: beam=""Dasso"" pdf=""Zhejiang Daocheng Bamboo Industry Co., L"" | Product Brand Name: beam=""dassoCTECH outdoor oiled Cladding"" pdf=∅ | Specifications: beam=""Shiplap, 18 mm"" pdf=∅ | Countries of Manufacture: beam=""China"" pdf=""CHN"" | Stated EPD kgCO2e / unit: beam=""1.019"" pdf=∅ | GWP units kgCO2e per: beam=""kg"" pdf=∅ | Density: beam=""1250"" pdf=""1150"" | Addn'l factors: beam=""22.5"" pdf=∅ | Addn'l factor units: beam=""kg/m2"" pdf=∅ | Moisture content %: beam=""8-12%"" pdf=∅ | Depth (m): beam=""0.018"" pdf=∅ | Material Type: beam=""Bamboo"" pdf=""Plywood"" | EPD ID: beam=""S-P-01928 (registration MR-ENV-EPD-ZDB-2"" pdf=""S-P-01928"" | EPD Type: beam=""Product-specific"" pdf=∅ | EPD/LCA Prepared by: beam=""Institut Bauen und Umwelt e.V. (IBU)"" pdf=∅ | EPD Program / Operator: beam=""The International EPD® System"" pdf=""IBU"" | EPD Verifying Agent: beam=""IVL Swedish Environmental Research Insti"" pdf=""Bill Kung, Ecovane Environmental"" | EPD Standards: beam=""PCR 2012:01 Construction Products and Co"" pdf=""ISO 14025, ISO 21930:2017, EN 15804, ISO"" | EPD LCA Software: beam=""SimaPro9"" pdf=""used:"""
INS011,S-P-01961,—,—,—,—,—,—,MATCH,—,MISMATCH,MISMATCH,MISMATCH,MISMATCH,—,MISMATCH,MATCH,—,MISMATCH,MISMATCH,—,—,—,—,MISMATCH,—,—,—,—,—,—,—,—,—,MISMATCH,MATCH,—,—,MISMATCH,MISMATCH,—,—,—,—,—,—,—,MISMATCH,—,—,—,—,MATCH,MISMATCH,MISMATCH,MISMATCH,MATCH,MATCH,MISMATCH,MISMATCH,MISMATCH,—,MISMATCH,MISMATCH,MISMATCH,—,22.2%,"Material: beam=""Hemp fiber batt"" pdf=∅ | Manufacturer: beam=""Ekolution"" pdf=""Thinkstep"" | Product Brand Name: beam=""Hemp fiber insulation"" pdf=∅ | Specifications: beam=""R 3.6/inch"" pdf=∅ | Countries of Manufacture: beam=""EU"" pdf=∅ | Stated EPD kgCO2e / unit: beam=""2.2"" pdf=∅ | GWP units kgCO2e per: beam=""m2 @ 100 mm and 3.5 kg"" pdf=∅ | GWP-bio from EPD: beam=""4.4"" pdf=""12"" | Density: beam=""35"" pdf=""25"" | R-value / inch: beam=""3.61"" pdf=∅ | k, Thermal Conductivity: beam=""0.040"" pdf=""0.04"" | Material Type: beam=""Hemp fiber"" pdf=""EPS Foam"" | EPD Type: beam=""Product-specific"" pdf=∅ | EPD Owner: beam=""Ekolution"" pdf=""has the sole ownership, liability, and r"" | EPD/LCA Prepared by: beam=""EPD International AB"" pdf=""Box 210 60"" | EPD Verifying Agent: beam=""Mats Zackrisson, RISE Research Institute"" pdf=""Mats Zackrisson, RISE Research Institute"" | EPD Standards: beam=""EN 15804:2012+A1:2013"" pdf=""ISO 14025, EN 15804"" | EPD PCR Guidelines: beam=""PCR 2012:01 Construction products and co"" pdf=""Product category rules (PCR): PCR 2012:0"" | EPD LCA Software: beam=""GaBi"" pdf=""used:"" | EPD LCI Database: beam=""Thinkstep"" pdf=∅ | Product Service Life (Years): beam=""75"" pdf=∅"
INS012,S-P-02290,—,—,—,—,—,—,MATCH,—,MISMATCH,MISMATCH,MISMATCH,MISMATCH,—,MISMATCH,MATCH,—,MISMATCH,MISMATCH,—,—,—,—,MISMATCH,—,—,—,—,—,—,—,—,—,MISMATCH,MATCH,—,—,MISMATCH,MISMATCH,—,—,—,—,—,—,—,MISMATCH,—,—,—,—,MATCH,MISMATCH,MISMATCH,—,MATCH,MATCH,MATCH,MISMATCH,MISMATCH,—,MISMATCH,MISMATCH,MISMATCH,—,26.9%,"Material: beam=""Hemp fiber batt"" pdf=∅ | Manufacturer: beam=""KOBE-cz"" pdf=""Thinkstep"" | Product Brand Name: beam=""ECO HempFlex"" pdf=∅ | Specifications: beam=""R 3.6-inch"" pdf=∅ | Countries of Manufacture: beam=""EU"" pdf=∅ | Stated EPD kgCO2e / unit: beam=""2.2"" pdf=∅ | GWP units kgCO2e per: beam=""m2 @ 100 mm and 3.5 kg"" pdf=∅ | GWP-bio from EPD: beam=""4.4"" pdf=∅ | Density: beam=""35"" pdf=""25"" | R-value / inch: beam=""3.61"" pdf=∅ | k, Thermal Conductivity: beam=""0.040"" pdf=""0.04"" | Material Type: beam=""Hemp fiber"" pdf=""EPS Foam"" | EPD Type: beam=""Product-specific"" pdf=∅ | EPD Owner: beam=""KOBE-cz s.r.o."" pdf=""has the sole ownership, liability, and r"" | EPD Standards: beam=""EN 15804:2012+A1:2013"" pdf=""ISO 14025, EN 15804"" | EPD PCR Guidelines: beam=""PCR 2012:01 Construction products and co"" pdf=""Product category rules (PCR): PCR 2012:0"" | EPD LCA Software: beam=""GaBi"" pdf=""used:"" | EPD LCI Database: beam=""Thinkstep"" pdf=∅ | Product Service Life (Years): beam=""50-75"" pdf=∅"
p3m1f1,S-P-03160,—,—,—,—,—,—,MATCH,—,MISMATCH,MISMATCH,MISMATCH,—,—,MISMATCH,MATCH,—,MATCH,MISMATCH,—,—,—,—,—,—,—,—,—,—,—,—,—,—,MISMATCH,MATCH,—,—,—,—,—,—,—,—,MISMATCH,—,—,MISMATCH,—,—,—,—,MATCH,MISMATCH,MISMATCH,MISMATCH,MISMATCH,MATCH,MATCH,MATCH,MATCH,—,—,—,—,—,42.9%,"Material: beam=""Cement Plaster Mortar"" pdf=∅ | Manufacturer: beam=""Beissier S.A.U."" pdf=""EN15804"" | Product Brand Name: beam=""Mortars: BME 12007, BME 12003, BMB 12003"" pdf=∅ | Countries of Manufacture: beam=""Spain"" pdf=∅ | GWP units kgCO2e per: beam=""kg"" pdf=∅ | Density: beam=""1300"" pdf=""25"" | Depth (m): beam=""0.013"" pdf=∅ | Material Type: beam=""Portland Cement"" pdf=""EPS Foam"" | EPD Type: beam=""Product-specific"" pdf=∅ | EPD Owner: beam=""Beissier S.A.U."" pdf=""has the sole ownership, liability, and r"" | EPD/LCA Prepared by: beam=""EPD International AB"" pdf=""of the Life Cycle Assessment:"" | EPD Program / Operator: beam=""The International EPD System"" pdf=""EPD International AB"""
LCP001,S-P-03516,—,—,—,—,—,—,MATCH,—,MISMATCH,MISMATCH,MISMATCH,MISMATCH,—,MISMATCH,MISMATCH,—,MISMATCH,MISMATCH,—,—,—,—,MISMATCH,—,—,—,—,—,—,—,—,—,MISMATCH,MISMATCH,MISMATCH,MISMATCH,MISMATCH,MISMATCH,—,—,—,—,MISMATCH,—,—,MISMATCH,—,—,—,—,MATCH,MISMATCH,MISMATCH,MISMATCH,MISMATCH,MATCH,MATCH,MISMATCH,MATCH,—,MATCH,MATCH,—,—,24.1%,"Material: beam=""Lime/cork"" pdf=∅ | Manufacturer: beam=""Diasen"" pdf=""TDS"" | Product Brand Name: beam=""Diathonite Evolution"" pdf=∅ | Specifications: beam=""3/4"""" pdf=∅ | Countries of Manufacture: beam=""EU"" pdf=""ITA"" | Markets of Applicability: beam=""EU"" pdf=∅ | Stated EPD kgCO2e / unit: beam=""0.793"" pdf=""0.737"" | GWP units kgCO2e per: beam=""kg"" pdf=∅ | GWP-bio from EPD: beam=""0.0495"" pdf=∅ | Density: beam=""360"" pdf=∅ | Density Units: beam=""kg/m3"" pdf=∅ | Addn'l factors: beam=""6.858"" pdf=∅ | Addn'l factor units: beam=""kg/m2 at 0.01905 (3/4"")"" pdf=∅ | R-value / inch: beam=""3.20"" pdf=∅ | k, Thermal Conductivity: beam=""0.045"" pdf=∅ | Depth (m): beam=""0.019"" pdf=∅ | Material Type: beam=""Lime cork"" pdf=∅ | EPD Type: beam=""Product-specific"" pdf=∅ | EPD Owner: beam=""DIASEN"" pdf=""EPD International AB"" | EPD/LCA Prepared by: beam=""University of Perugia – Strada di Pentim"" pdf=∅ | EPD Program / Operator: beam=""International EPD System"" pdf=""EPD International AB"" | EPD Standards: beam=""ISO 14025 and EN 15804:2012+A2:2019"" pdf=""ISO 14025, EN 15804:2012, ISO 14040"""
LCP002,S-P-03516,—,—,—,—,—,—,MATCH,—,MISMATCH,MISMATCH,MISMATCH,MISMATCH,—,MISMATCH,MISMATCH,—,MISMATCH,MISMATCH,—,—,—,—,MISMATCH,—,—,—,—,—,—,—,—,—,MISMATCH,MISMATCH,MISMATCH,MISMATCH,MISMATCH,MISMATCH,—,—,—,—,MISMATCH,—,—,MISMATCH,—,—,—,—,MATCH,MISMATCH,MISMATCH,MISMATCH,MISMATCH,MATCH,MATCH,MISMATCH,MATCH,—,MATCH,MATCH,—,—,24.1%,"Material: beam=""Lime/cork"" pdf=∅ | Manufacturer: beam=""Diasen"" pdf=""TDS"" | Product Brand Name: beam=""Diathonite Thermactive.037"" pdf=∅ | Specifications: beam=""3/4"""" pdf=∅ | Countries of Manufacture: beam=""EU"" pdf=""ITA"" | Markets of Applicability: beam=""EU"" pdf=∅ | Stated EPD kgCO2e / unit: beam=""0.873"" pdf=""0.737"" | GWP units kgCO2e per: beam=""kg"" pdf=∅ | GWP-bio from EPD: beam=""0.0906"" pdf=∅ | Density: beam=""250"" pdf=∅ | Density Units: beam=""kg/m3"" pdf=∅ | Addn'l factors: beam=""4.7625"" pdf=∅ | Addn'l factor units: beam=""kg/m2 at 0.01905 (3/4"")"" pdf=∅ | R-value / inch: beam=""3.90"" pdf=∅ | k, Thermal Conductivity: beam=""0.037"" pdf=∅ | Depth (m): beam=""0.019"" pdf=∅ | Material Type: beam=""Lime cork"" pdf=∅ | EPD Type: beam=""Product-specific"" pdf=∅ | EPD Owner: beam=""DIASEN"" pdf=""EPD International AB"" | EPD/LCA Prepared by: beam=""University of Perugia – Strada di Pentim"" pdf=∅ | EPD Program / Operator: beam=""International EPD System"" pdf=""EPD International AB"" | EPD Standards: beam=""ISO 14025 and EN 15804:2012+A2:2019"" pdf=""ISO 14025, EN 15804:2012, ISO 14040"""
LCP003,S-P-03516,—,—,—,—,—,—,MATCH,—,MISMATCH,MISMATCH,MISMATCH,MISMATCH,—,MISMATCH,MISMATCH,—,MISMATCH,MISMATCH,—,—,—,—,MISMATCH,—,—,—,—,—,—,—,—,—,MISMATCH,MISMATCH,MISMATCH,MISMATCH,MISMATCH,MISMATCH,—,—,—,—,MISMATCH,—,—,MISMATCH,—,—,—,—,MATCH,MISMATCH,MISMATCH,MISMATCH,MISMATCH,MATCH,MATCH,MISMATCH,MATCH,—,MATCH,MATCH,—,—,24.1%,"Material: beam=""Lime/cork"" pdf=∅ | Manufacturer: beam=""Diasen"" pdf=""TDS"" | Product Brand Name: beam=""Diathonite Acoustix"" pdf=∅ | Specifications: beam=""3/4"""" pdf=∅ | Countries of Manufacture: beam=""EU"" pdf=""ITA"" | Markets of Applicability: beam=""EU"" pdf=∅ | Stated EPD kgCO2e / unit: beam=""0.858"" pdf=""0.737"" | GWP units kgCO2e per: beam=""kg"" pdf=∅ | GWP-bio from EPD: beam=""0.0786"" pdf=∅ | Density: beam=""470"" pdf=∅ | Density Units: beam=""kg/m3"" pdf=∅ | Addn'l factors: beam=""8.95"" pdf=∅ | Addn'l factor units: beam=""kg/m2 at 0.01905 (3/4"")"" pdf=∅ | R-value / inch: beam=""1.74"" pdf=∅ | k, Thermal Conductivity: beam=""0.083"" pdf=∅ | Depth (m): beam=""0.019"" pdf=∅ | Material Type: beam=""Lime cork"" pdf=∅ | EPD Type: beam=""Product-specific"" pdf=∅ | EPD Owner: beam=""DIASEN"" pdf=""EPD International AB"" | EPD/LCA Prepared by: beam=""University of Perugia – Strada di Pentim"" pdf=∅ | EPD Program / Operator: beam=""International EPD System"" pdf=""EPD International AB"" | EPD Standards: beam=""ISO 14025 and EN 15804:2012+A2:2019"" pdf=""ISO 14025, EN 15804:2012, ISO 14040"""
b4t02m,S-P-03854,—,—,—,—,—,—,MISMATCH,—,MISMATCH,—,MISMATCH,MISMATCH,—,MISMATCH,MISMATCH,—,MISMATCH,MISMATCH,—,—,—,—,MISMATCH,—,—,—,—,—,—,—,—,—,MISMATCH,MISMATCH,MISMATCH,MISMATCH,MISMATCH,MISMATCH,MISMATCH,—,—,—,—,—,—,MISMATCH,—,—,—,—,MATCH,MISMATCH,MISMATCH,—,MATCH,MISMATCH,—,MISMATCH,—,—,MATCH,MISMATCH,—,—,12.0%,"EPD Expiry: beam=""2026-10-15"" pdf=∅ | Material: beam=""Straw Bale"" pdf=∅ | Product Brand Name: beam=""Wheat & barley straw"" pdf=∅ | Specifications: beam=""R 2.8/inch"" pdf=∅ | Countries of Manufacture: beam=""UK"" pdf=""GBR"" | Markets of Applicability: beam=""EU"" pdf=∅ | Stated EPD kgCO2e / unit: beam=""12.95"" pdf=""0.8815"" | GWP units kgCO2e per: beam=""m3"" pdf=∅ | GWP-bio from EPD: beam=""128.999477"" pdf=""58.0023"" | Density: beam=""100"" pdf=∅ | Density Units: beam=""kg/m3"" pdf=∅ | Addn'l factors: beam=""5.2"" pdf=∅ | Addn'l factor units: beam=""kg/m2•RSI"" pdf=∅ | R-value / inch: beam=""2.773484615"" pdf=∅ | k, Thermal Conductivity: beam=""0.052"" pdf=∅ | Moisture content %: beam=""20%"" pdf=∅ | Material Type: beam=""Straw"" pdf=∅ | EPD Type: beam=""Industry average"" pdf=∅ | EPD Owner: beam=""School of Natural Building (SNaB)"" pdf=""........................................"" | Internal/External Validation: beam=""Internal"" pdf=""External"" | EPD Standards: beam=""EN15804:2019+A2 + EN 16783:2017"" pdf=""ISO 14025, EN 15804:2012, ISO 14040"" | EPD LCI Database: beam=""EcoInvent version 3.6 v3.04 (2021-07-06)"" pdf=""EcoInvent 3.6. its required functional a"""
INS022,S-P-04468,—,—,—,—,—,—,MATCH,—,MISMATCH,MISMATCH,MISMATCH,MISMATCH,—,MISMATCH,MISMATCH,—,MISMATCH,MISMATCH,—,—,—,—,MISMATCH,—,—,—,—,—,—,—,—,—,MISMATCH,MISMATCH,—,—,MISMATCH,MISMATCH,—,—,MISMATCH,—,—,—,—,MATCH,—,—,—,—,MATCH,MISMATCH,MISMATCH,—,MISMATCH,MATCH,MATCH,—,MISMATCH,—,MATCH,MATCH,—,—,28.0%,"Material: beam=""Wool batt"" pdf=∅ | Manufacturer: beam=""Thermafleece"" pdf=""Eden Renewable Innovations Limited"" | Product Brand Name: beam=""Cosywool Slab (batt)"" pdf=∅ | Specifications: beam=""R3.8/inch"" pdf=∅ | Countries of Manufacture: beam=""UK"" pdf=""GBR"" | Markets of Applicability: beam=""UK"" pdf=""EUR"" | Stated EPD kgCO2e / unit: beam=""1.0"" pdf=""0.707"" | GWP units kgCO2e per: beam=""m2•RSI"" pdf=""1 m2 of CosyWool roll or slab, or UltraW"" | GWP-bio from EPD: beam=""0.975"" pdf=∅ | Density: beam=""21"" pdf=∅ | Density Units: beam=""kg/m3"" pdf=∅ | R-value / inch: beam=""3.80"" pdf=∅ | k, Thermal Conductivity: beam=""0.038"" pdf=∅ | Length (m): beam=""50, 75, 100, 140 and 150 mm x 370 and 57"" pdf=∅ | EPD Type: beam=""Product-specific"" pdf=∅ | EPD Owner: beam=""Eden Renewable Innovations Ltd"" pdf=""has the sole ownership, liability, and r"" | EPD Program / Operator: beam=""International EPD System"" pdf=""EPD International AB"" | EPD PCR Guidelines: beam=""EN 15804 PCR C-PCR-005 Thermal insulatio"" pdf=""Product category rules (PCR): PCR 2019:1"""
INS023,S-P-04468,—,—,—,—,—,—,MATCH,—,MISMATCH,MISMATCH,MISMATCH,MISMATCH,—,MISMATCH,MISMATCH,—,MISMATCH,MISMATCH,—,—,—,—,MISMATCH,—,—,—,—,—,—,—,—,—,MISMATCH,MISMATCH,—,—,MISMATCH,MISMATCH,—,—,MISMATCH,—,—,—,—,MATCH,—,—,—,—,MATCH,MISMATCH,MISMATCH,—,MISMATCH,MATCH,MATCH,—,MISMATCH,—,MATCH,MATCH,—,—,28.0%,"Material: beam=""Wool batt"" pdf=∅ | Manufacturer: beam=""Thermafleece"" pdf=""Eden Renewable Innovations Limited"" | Product Brand Name: beam=""Cosywool Roll"" pdf=∅ | Specifications: beam=""R3.7/inch"" pdf=∅ | Countries of Manufacture: beam=""UK"" pdf=""GBR"" | Markets of Applicability: beam=""UK"" pdf=""EUR"" | Stated EPD kgCO2e / unit: beam=""0.9"" pdf=""0.707"" | GWP units kgCO2e per: beam=""m2•RSI"" pdf=""1 m2 of CosyWool roll or slab, or UltraW"" | GWP-bio from EPD: beam=""0.858"" pdf=∅ | Density: beam=""18"" pdf=∅ | Density Units: beam=""kg/m3"" pdf=∅ | R-value / inch: beam=""3.70"" pdf=∅ | k, Thermal Conductivity: beam=""0.039"" pdf=∅ | Length (m): beam=""50, 75, 100, 140 and 150 mm x 370 and 57"" pdf=∅ | EPD Type: beam=""Product-specific"" pdf=∅ | EPD Owner: beam=""Eden Renewable Innovations Ltd"" pdf=""has the sole ownership, liability, and r"" | EPD Program / Operator: beam=""International EPD System"" pdf=""EPD International AB"" | EPD PCR Guidelines: beam=""EN 15804 PCR C-PCR-005 Thermal insulatio"" pdf=""Product category rules (PCR): PCR 2019:1"""
INS024,S-P-04468,—,—,—,—,—,—,MATCH,—,MISMATCH,MISMATCH,MISMATCH,MISMATCH,—,MISMATCH,MISMATCH,—,MISMATCH,MISMATCH,—,—,—,—,MISMATCH,—,—,—,—,—,—,—,—,—,MISMATCH,MISMATCH,—,—,MISMATCH,MISMATCH,—,—,MISMATCH,—,—,—,—,MATCH,—,—,—,—,MATCH,MISMATCH,MISMATCH,—,MISMATCH,MATCH,MATCH,—,MISMATCH,—,MATCH,MATCH,—,—,28.0%,"Material: beam=""Wool batt"" pdf=∅ | Manufacturer: beam=""Thermafleece"" pdf=""Eden Renewable Innovations Limited"" | Product Brand Name: beam=""UltraWool Slab (batt)"" pdf=∅ | Specifications: beam=""R4.1-inch"" pdf=∅ | Countries of Manufacture: beam=""UK"" pdf=""GBR"" | Markets of Applicability: beam=""UK"" pdf=""EUR"" | Stated EPD kgCO2e / unit: beam=""0.7"" pdf=""0.707"" | GWP units kgCO2e per: beam=""m2•RSI"" pdf=""1 m2 of CosyWool roll or slab, or UltraW"" | GWP-bio from EPD: beam=""0.859"" pdf=∅ | Density: beam=""31"" pdf=∅ | Density Units: beam=""kg/m3"" pdf=∅ | R-value / inch: beam=""4.12"" pdf=∅ | k, Thermal Conductivity: beam=""0.035"" pdf=∅ | Length (m): beam=""50, 75, 100, 140 and 150 mm x 370 and 57"" pdf=∅ | EPD Type: beam=""Product-specific"" pdf=∅ | EPD Owner: beam=""Eden Renewable Innovations Ltd"" pdf=""has the sole ownership, liability, and r"" | EPD Program / Operator: beam=""International EPD System"" pdf=""EPD International AB"" | EPD PCR Guidelines: beam=""EN 15804 PCR C-PCR-005 Thermal insulatio"" pdf=""Product category rules (PCR): PCR 2019:1"""
FIB002,S-P-05037,—,—,—,—,—,—,MISMATCH,—,MISMATCH,MISMATCH,MISMATCH,MISMATCH,—,MISMATCH,MISMATCH,—,MISMATCH,MATCH,—,—,—,—,MISMATCH,—,—,—,—,—,—,—,—,—,MISMATCH,MISMATCH,—,—,—,—,—,—,—,—,—,—,—,MISMATCH,—,—,—,—,MATCH,MISMATCH,MISMATCH,MISMATCH,MATCH,MATCH,MISMATCH,MISMATCH,MISMATCH,MISMATCH,MATCH,MATCH,MATCH,—,26.9%,"EPD Expiry: beam=""2027-12-01"" pdf=""2027-12-21"" | Material: beam=""Fiber Cement siding"" pdf=∅ | Manufacturer: beam=""James Hardie"" pdf=""declaration and data, according to ISO a"" | Product Brand Name: beam=""Fiber Cement Siding Hardie Plank HZ10, H"" pdf=∅ | Specifications: beam=""7.85mm"" pdf=∅ | Countries of Manufacture: beam=""US"" pdf=∅ | Markets of Applicability: beam=""US & CA"" pdf=""CAN, USA"" | Stated EPD kgCO2e / unit: beam=""6.84"" pdf=""5.11"" | GWP-bio from EPD: beam=""1.94"" pdf=""-1.36"" | Density: beam=""9.79"" pdf=∅ | Density Units: beam=""kg/m2"" pdf=∅ | Material Type: beam=""Fiber cement"" pdf=""Portland Cement"" | EPD Type: beam=""Product-specific"" pdf=∅ | EPD Owner: beam=""James Hardie"" pdf=""has the sole ownership, liability,"" | EPD/LCA Prepared by: beam=""Edge Environment"" pdf=""Athena Sustainable Materials Institute"" | EPD Verifying Agent: beam=""Lindita Bushi, Athena Sustainable Materi"" pdf=""303 East Wacker Dr, 26th Floor"" | EPD Standards: beam=""--"" pdf=""ISO 14025, EN 15804:2012, ISO 14040"" | EPD PCR Guidelines: beam=""PCR 2019:14 Construction products (EN 15"" pdf=""w: jameshardie.com.au"" | LCA Method: beam=""CML (v4.1)"" pdf=∅"
FIB003,S-P-05037,—,—,—,—,—,—,MISMATCH,—,MISMATCH,MISMATCH,MISMATCH,MISMATCH,—,MISMATCH,MISMATCH,—,MISMATCH,MATCH,—,—,—,—,MISMATCH,—,—,—,—,—,—,—,—,—,MISMATCH,MISMATCH,—,—,—,—,—,—,—,—,—,—,—,MISMATCH,—,—,—,—,MATCH,MISMATCH,MISMATCH,MISMATCH,MATCH,MATCH,MISMATCH,MISMATCH,MISMATCH,MISMATCH,MATCH,MATCH,MATCH,—,26.9%,"EPD Expiry: beam=""2027-12-01"" pdf=""2027-12-21"" | Material: beam=""Fiber Cement siding"" pdf=∅ | Manufacturer: beam=""James Hardie"" pdf=""declaration and data, according to ISO a"" | Product Brand Name: beam=""Fiber Cement Siding Hardie Plank HZ5, Ha"" pdf=∅ | Specifications: beam=""7.85mm"" pdf=∅ | Countries of Manufacture: beam=""US"" pdf=∅ | Markets of Applicability: beam=""US & CA"" pdf=""CAN, USA"" | Stated EPD kgCO2e / unit: beam=""7.63"" pdf=""5.11"" | GWP-bio from EPD: beam=""1.93"" pdf=""-1.36"" | Density: beam=""9.79"" pdf=∅ | Density Units: beam=""kg/m2"" pdf=∅ | Material Type: beam=""Fiber cement"" pdf=""Portland Cement"" | EPD Type: beam=""Product-specific"" pdf=∅ | EPD Owner: beam=""James Hardie"" pdf=""has the sole ownership, liability,"" | EPD/LCA Prepared by: beam=""Edge Environment"" pdf=""Athena Sustainable Materials Institute"" | EPD Verifying Agent: beam=""Lindita Bushi, Athena Sustainable Materi"" pdf=""303 East Wacker Dr, 26th Floor"" | EPD Standards: beam=""--"" pdf=""ISO 14025, EN 15804:2012, ISO 14040"" | EPD PCR Guidelines: beam=""PCR 2019:14 Construction products (EN 15"" pdf=""w: jameshardie.com.au"" | LCA Method: beam=""CML (v4.1)"" pdf=∅"
FIB004,S-P-05037,—,—,—,—,—,—,MISMATCH,—,MISMATCH,MISMATCH,MISMATCH,MISMATCH,—,MISMATCH,MISMATCH,—,MATCH,MATCH,—,—,—,—,MISMATCH,—,—,—,—,—,—,—,—,—,MISMATCH,MISMATCH,—,—,—,—,—,—,—,—,—,—,—,MISMATCH,—,—,—,—,MATCH,MISMATCH,MISMATCH,MISMATCH,MATCH,MATCH,MISMATCH,MISMATCH,MISMATCH,MISMATCH,MATCH,MATCH,MATCH,—,30.8%,"EPD Expiry: beam=""2027-12-01"" pdf=""2027-12-21"" | Material: beam=""Fiber Cement siding"" pdf=∅ | Manufacturer: beam=""James Hardie"" pdf=""declaration and data, according to ISO a"" | Product Brand Name: beam=""Fiber Cement Siding Hardie Shingle HZ10"" pdf=∅ | Specifications: beam=""6.3mm"" pdf=∅ | Countries of Manufacture: beam=""US"" pdf=∅ | Markets of Applicability: beam=""US & CA"" pdf=""CAN, USA"" | GWP-bio from EPD: beam=""1.36"" pdf=""-1.36"" | Density: beam=""7.86"" pdf=∅ | Density Units: beam=""kg/m2"" pdf=∅ | Material Type: beam=""Fiber cement"" pdf=""Portland Cement"" | EPD Type: beam=""Product-specific"" pdf=∅ | EPD Owner: beam=""James Hardie"" pdf=""has the sole ownership, liability,"" | EPD/LCA Prepared by: beam=""Edge Environment"" pdf=""Athena Sustainable Materials Institute"" | EPD Verifying Agent: beam=""Lindita Bushi, Athena Sustainable Materi"" pdf=""303 East Wacker Dr, 26th Floor"" | EPD Standards: beam=""--"" pdf=""ISO 14025, EN 15804:2012, ISO 14040"" | EPD PCR Guidelines: beam=""PCR 2019:14 Construction products (EN 15"" pdf=""w: jameshardie.com.au"" | LCA Method: beam=""CML (v4.1)"" pdf=∅"
FIB005,S-P-05037,—,—,—,—,—,—,MISMATCH,—,MISMATCH,MISMATCH,MISMATCH,MISMATCH,—,MISMATCH,MISMATCH,—,MISMATCH,MATCH,—,—,—,—,MISMATCH,—,—,—,—,—,—,—,—,—,MISMATCH,MISMATCH,—,—,—,—,—,—,—,—,—,—,—,MISMATCH,—,—,—,—,MATCH,MISMATCH,MISMATCH,MISMATCH,MATCH,MATCH,MISMATCH,MISMATCH,MISMATCH,MISMATCH,MATCH,MATCH,MATCH,—,26.9%,"EPD Expiry: beam=""2027-12-01"" pdf=""2027-12-21"" | Material: beam=""Fiber Cement siding"" pdf=∅ | Manufacturer: beam=""James Hardie"" pdf=""declaration and data, according to ISO a"" | Product Brand Name: beam=""Fiber Cement Siding Hardie Shingle HZ5"" pdf=∅ | Specifications: beam=""6.3mm"" pdf=∅ | Countries of Manufacture: beam=""US"" pdf=∅ | Markets of Applicability: beam=""US & CA"" pdf=""CAN, USA"" | Stated EPD kgCO2e / unit: beam=""5.98"" pdf=""5.11"" | GWP-bio from EPD: beam=""1.56"" pdf=""-1.36"" | Density: beam=""7.86"" pdf=∅ | Density Units: beam=""kg/m2"" pdf=∅ | Material Type: beam=""Fiber cement"" pdf=""Portland Cement"" | EPD Type: beam=""Product-specific"" pdf=∅ | EPD Owner: beam=""James Hardie"" pdf=""has the sole ownership, liability,"" | EPD/LCA Prepared by: beam=""Edge Environment"" pdf=""Athena Sustainable Materials Institute"" | EPD Verifying Agent: beam=""Lindita Bushi, Athena Sustainable Materi"" pdf=""303 East Wacker Dr, 26th Floor"" | EPD Standards: beam=""--"" pdf=""ISO 14025, EN 15804:2012, ISO 14040"" | EPD PCR Guidelines: beam=""PCR 2019:14 Construction products (EN 15"" pdf=""w: jameshardie.com.au"" | LCA Method: beam=""CML (v4.1)"" pdf=∅"
GRE000,S-P-05961,—,—,—,—,—,—,MATCH,—,MISMATCH,MISMATCH,MISMATCH,MISMATCH,—,MISMATCH,MISMATCH,—,MISMATCH,MISMATCH,—,—,—,—,—,—,—,—,—,—,—,—,—,—,MISMATCH,MISMATCH,MISMATCH,MISMATCH,—,—,—,—,—,—,—,—,—,MISMATCH,—,—,—,—,MATCH,MISMATCH,MISMATCH,MISMATCH,MISMATCH,MATCH,MATCH,MATCH,MISMATCH,—,—,—,—,—,21.7%,"Material: beam=""Green roof system"" pdf=∅ | Manufacturer: beam=""Knauf"" pdf=""Slovenia and Italy, both"" | Product Brand Name: beam=""Urbanscape Green Roof System"" pdf=∅ | Specifications: beam=""Extensive, min. 40 mm depth, Saturated w"" pdf=∅ | Countries of Manufacture: beam=""EU"" pdf=""BEL"" | Markets of Applicability: beam=""EU"" pdf=""The RMW layer of the"" | Stated EPD kgCO2e / unit: beam=""7.73"" pdf=""3.68"" | GWP units kgCO2e per: beam=""m2"" pdf=""Production process:"" | Density: beam=""57.55"" pdf=""50"" | Density Units: beam=""kg/m2 saturated"" pdf=""kg/m3"" | Addn'l factors: beam=""20.55"" pdf=∅ | Addn'l factor units: beam=""kg/m2 dry"" pdf=∅ | Material Type: beam=""Green roof system"" pdf=""Mineral wool"" | EPD Type: beam=""Product-specific"" pdf=∅ | EPD Owner: beam=""Knauf"" pdf=""has the sole ownership, liability, and r"" | EPD/LCA Prepared by: beam=""International EPD System"" pdf=""EuGeos SRL"" | EPD Program / Operator: beam=""International EPD System"" pdf=""EPD International AB"" | EPD PCR Guidelines: beam=""Construction products, EN 15804+A2:2019"" pdf=""Product category rules (PCR): PCR 2019:1"""
HTW003,S-P-07182,—,—,—,—,—,—,MISMATCH,—,MISMATCH,MISMATCH,MISMATCH,MISMATCH,—,MISMATCH,MISMATCH,—,MISMATCH,MISMATCH,—,—,—,—,MISMATCH,—,—,—,—,—,—,—,—,—,MISMATCH,MISMATCH,—,—,—,—,—,—,—,—,—,—,—,MISMATCH,—,—,—,—,MATCH,MISMATCH,MISMATCH,MATCH,MATCH,MATCH,MATCH,MISMATCH,MISMATCH,MISMATCH,MATCH,MATCH,MATCH,—,30.8%,"EPD Expiry: beam=""2027-11-27"" pdf=∅ | Material: beam=""Heat Treated Wood Cladding"" pdf=∅ | Manufacturer: beam=""Russwood Ltd"" pdf=""Accsys Technologies, release date"" | Product Brand Name: beam=""Accoya®, Profiled Cladding"" pdf=∅ | Specifications: beam=""20mm"" pdf=∅ | Countries of Manufacture: beam=""UK"" pdf=∅ | Markets of Applicability: beam=""EU"" pdf=""covered: UK"" | Stated EPD kgCO2e / unit: beam=""1080"" pdf=∅ | GWP units kgCO2e per: beam=""m3"" pdf=∅ | GWP-bio from EPD: beam=""774"" pdf=∅ | Density: beam=""515"" pdf=∅ | Density Units: beam=""kg/m3"" pdf=∅ | Material Type: beam=""Wood"" pdf=∅ | EPD Type: beam=""Product-specific"" pdf=∅ | EPD Owner: beam=""Russwood Ltd"" pdf=""has the sole ownership, liability, and r"" | EPD Standards: beam=""--"" pdf=""ISO 14025, EN 15804:2012"" | EPD PCR Guidelines: beam=""C-PCR-006 (TO PCR 2019:14) Wood and Wood"" pdf=∅ | LCA Method: beam=""---"" pdf=∅"
BAM000,S-P-08118,—,—,—,—,—,—,MATCH,—,MISMATCH,MATCH,MISMATCH,MISMATCH,—,MISMATCH,MISMATCH,—,MATCH,MISMATCH,—,—,—,—,MISMATCH,—,—,—,—,—,—,—,—,—,MISMATCH,MATCH,MISMATCH,MISMATCH,—,—,—,—,MISMATCH,MISMATCH,MISMATCH,MISMATCH,—,MISMATCH,—,—,—,—,MATCH,MISMATCH,MISMATCH,MISMATCH,MATCH,MATCH,MATCH,MISMATCH,MISMATCH,MISMATCH,MISMATCH,MISMATCH,MISMATCH,—,25.0%,"Material: beam=""Bamboo Cladding"" pdf=∅ | Product Brand Name: beam=""Rainscreen™ Facing System"" pdf=∅ | Specifications: beam=""11/16"""" pdf=∅ | Countries of Manufacture: beam=""China"" pdf=""USA"" | Markets of Applicability: beam=""US & CA"" pdf=""CAN, USA"" | GWP units kgCO2e per: beam=""kg"" pdf=∅ | GWP-bio from EPD: beam=""1.56"" pdf=∅ | Density: beam=""689"" pdf=""500"" | Addn'l factors: beam=""12.03"" pdf=∅ | Addn'l factor units: beam=""kg/m2 at 11/16"""" pdf=∅ | Length (m): beam=""1.000"" pdf=∅ | Width (m): beam=""1.000"" pdf=∅ | Depth (m): beam=""0.018"" pdf=∅ | Unit Volume (m3): beam=""0.0175"" pdf=∅ | Material Type: beam=""Bamboo"" pdf=""Plywood"" | EPD Type: beam=""Product-specific"" pdf=∅ | EPD Owner: beam=""Jeran Hammann/ Lamboo"" pdf=""has the sole ownership, liability, and r"" | EPD/LCA Prepared by: beam=""Katie Soulliere LCA Design Corporation"" pdf=""Sphera"" | EPD Standards: beam=""--"" pdf=""ISO 14025, EN 15804, ISO 14040"" | EPD PCR Guidelines: beam=""Construction Products’ Product Category "" pdf=""Product category rules (PCR): ‘Construct"" | LCA Method: beam=""-"" pdf=∅ | EPD LCA Software: beam=""GaBi LCA Software Version 8.0"" pdf=""used:"" | EPD LCI Database: beam=""Sphera Database Version 2022"" pdf=""– LCA Database."" | Product Service Life (Years): beam=""--"" pdf=∅"
BAM001,S-P-08118,—,—,—,—,—,—,MATCH,—,MISMATCH,MATCH,MISMATCH,—,—,MISMATCH,MATCH,—,MATCH,MISMATCH,—,—,—,—,MISMATCH,—,—,—,—,—,—,—,—,—,MISMATCH,MATCH,—,—,—,—,—,—,MISMATCH,MISMATCH,MISMATCH,MISMATCH,—,MISMATCH,—,—,—,—,MATCH,MISMATCH,MISMATCH,MISMATCH,MATCH,MATCH,MATCH,MISMATCH,MISMATCH,MISMATCH,MISMATCH,MISMATCH,MISMATCH,—,31.0%,"Material: beam=""Lamboo- Bamboo Panel Product"" pdf=∅ | Product Brand Name: beam=""Structural Grade Product Systems"" pdf=∅ | Countries of Manufacture: beam=""China/US"" pdf=""USA"" | GWP units kgCO2e per: beam=""kg"" pdf=∅ | GWP-bio from EPD: beam=""1.56"" pdf=∅ | Density: beam=""689"" pdf=""500"" | Length (m): beam=""1.000"" pdf=∅ | Width (m): beam=""1.000"" pdf=∅ | Depth (m): beam=""1.000"" pdf=∅ | Unit Volume (m3): beam=""1"" pdf=∅ | Material Type: beam=""Bamboo"" pdf=""Plywood"" | EPD Type: beam=""Product-specific"" pdf=∅ | EPD Owner: beam=""Jeran Hammann/ Lamboo"" pdf=""has the sole ownership, liability, and r"" | EPD/LCA Prepared by: beam=""Katie Soulliere LCA Design Corporation"" pdf=""Sphera"" | EPD Standards: beam=""--"" pdf=""ISO 14025, EN 15804, ISO 14040"" | EPD PCR Guidelines: beam=""Construction Products’ Product Category "" pdf=""Product category rules (PCR): ‘Construct"" | LCA Method: beam=""-"" pdf=∅ | EPD LCA Software: beam=""GaBi LCA Software Version 8.1"" pdf=""used:"" | EPD LCI Database: beam=""Sphera Database Version 2023"" pdf=""– LCA Database."" | Product Service Life (Years): beam=""--"" pdf=∅"
Cel000,S-P-08315,—,—,—,—,—,—,MATCH,—,MISMATCH,MATCH,MISMATCH,MISMATCH,—,MISMATCH,MISMATCH,—,MISMATCH,MISMATCH,—,—,—,—,MISMATCH,—,—,—,—,—,—,—,—,—,MISMATCH,MISMATCH,—,—,MISMATCH,MISMATCH,—,—,—,—,—,—,—,MATCH,—,—,—,—,MATCH,MISMATCH,MISMATCH,MISMATCH,MATCH,MATCH,MATCH,MATCH,MISMATCH,—,—,—,MATCH,—,36.0%,"Material: beam=""Cellulose - batt"" pdf=∅ | Product Brand Name: beam=""Ekovilla Slab"" pdf=∅ | Specifications: beam=""R 3.7/inch"" pdf=∅ | Countries of Manufacture: beam=""EU"" pdf=""FIN"" | Markets of Applicability: beam=""EU"" pdf=∅ | Stated EPD kgCO2e / unit: beam=""1.36"" pdf=∅ | GWP units kgCO2e per: beam=""m2•RSI"" pdf=""Thermal insulation of 1m with Slab, with"" | GWP-bio from EPD: beam=""1.91"" pdf=∅ | Density: beam=""40"" pdf=∅ | Density Units: beam=""kg/m3"" pdf=∅ | R-value / inch: beam=""3.70"" pdf=∅ | k, Thermal Conductivity: beam=""0.0390000"" pdf=""0.039"" | EPD Type: beam=""Product-specific"" pdf=∅ | EPD Owner: beam=""Ekovilla"" pdf=""has the sole ownership, liability, and r"" | EPD/LCA Prepared by: beam=""Environdec"" pdf=∅ | EPD PCR Guidelines: beam=""C-PCR-005 Thermal insulation products"" pdf=""Product Category Rules (PCR): Constructi"""
WRT000,S-P-10277,—,—,—,—,—,—,MATCH,—,MISMATCH,MISMATCH,MISMATCH,MISMATCH,—,MISMATCH,MISMATCH,—,MISMATCH,MISMATCH,—,—,—,—,MISMATCH,—,—,—,—,—,—,—,—,—,MISMATCH,MISMATCH,MISMATCH,MISMATCH,—,—,—,—,MISMATCH,MISMATCH,MISMATCH,MISMATCH,—,MISMATCH,—,—,—,—,MATCH,MISMATCH,MISMATCH,MISMATCH,MISMATCH,MATCH,MATCH,MATCH,MISMATCH,—,—,—,—,—,17.9%,"Material: beam=""Recycled paper"" pdf=∅ | Manufacturer: beam=""Wood Tube Sweden"" pdf=""Sweden across the Nordics."" | Product Brand Name: beam=""Wood Tube"" pdf=∅ | Specifications: beam=""1.5 x 2.5"""" pdf=∅ | Countries of Manufacture: beam=""EU"" pdf=∅ | Markets of Applicability: beam=""EU"" pdf=∅ | Stated EPD kgCO2e / unit: beam=""0.168"" pdf=""-0.898"" | GWP units kgCO2e per: beam=""m"" pdf=""1 m of wood tube. It weighs 0.685 kg."" | GWP-bio from EPD: beam=""1.7"" pdf=∅ | Density: beam=""0.625"" pdf=""900"" | Density Units: beam=""kg/m li."" pdf=""kg/m3"" | Addn'l factors: beam=""258.33"" pdf=∅ | Addn'l factor units: beam=""kg/ m3 of tube"" pdf=∅ | Length (m): beam=""1.000"" pdf=∅ | Width (m): beam=""0.0381"" pdf=∅ | Depth (m): beam=""0.0635"" pdf=∅ | Unit Volume (m3): beam=""0.002419"" pdf=∅ | Material Type: beam=""Recylced Paper"" pdf=""Gypsum"" | EPD Type: beam=""Product-specific"" pdf=∅ | EPD Owner: beam=""Wood Tube Sweden"" pdf=""has the sole ownership, liability, and r"" | EPD/LCA Prepared by: beam=""CarbonZero AB"" pdf=""Part of CarbonZero"" | EPD Program / Operator: beam=""International EPD System"" pdf=""EPD International AB"" | EPD PCR Guidelines: beam=""Construction products, 2019:14, v1.3.0"" pdf=""Product Category Rules (PCR): Constructi"""
INS003,S-P-10940,—,—,—,—,—,—,MATCH,—,MISMATCH,MISMATCH,MISMATCH,MISMATCH,—,MATCH,MATCH,—,MISMATCH,MISMATCH,—,—,—,—,MISMATCH,—,—,—,—,—,—,—,—,—,—,—,—,—,MISMATCH,MATCH,—,—,—,—,MISMATCH,—,—,MISMATCH,—,—,—,—,MATCH,MISMATCH,MATCH,MISMATCH,MISMATCH,MATCH,MISMATCH,—,—,—,—,—,—,—,33.3%,"Material: beam=""Straw panel"" pdf=∅ | Manufacturer: beam=""Durra Panel"" pdf=""Ecoinvent"" | Product Brand Name: beam=""Durra Wall & Ceiling Panels"" pdf=∅ | Specifications: beam=""50 mm"" pdf=∅ | Stated EPD kgCO2e / unit: beam=""5.7"" pdf=∅ | GWP units kgCO2e per: beam=""m2"" pdf=∅ | GWP-bio from EPD: beam=""25.00"" pdf=∅ | R-value / inch: beam=""1.78"" pdf=∅ | Depth (m): beam=""0.050"" pdf=""0.05"" | Material Type: beam=""Straw"" pdf=""Steel"" | EPD Type: beam=""Product-specific"" pdf=∅ | EPD/LCA Prepared by: beam=""Life Cycle Strategies"" pdf=∅ | EPD Program / Operator: beam=""EPD Australasia"" pdf=""EPD International AB"" | EPD Verifying Agent: beam=""ADDERE"" pdf=""Contents"""
WAL001,S-P-10940,—,—,—,—,—,—,MATCH,—,MISMATCH,MISMATCH,MISMATCH,MISMATCH,—,MATCH,MATCH,—,MISMATCH,MISMATCH,—,—,—,—,MISMATCH,—,—,—,—,—,—,—,—,—,MISMATCH,MISMATCH,—,—,—,—,—,—,—,—,—,—,—,MISMATCH,—,—,—,—,MATCH,MISMATCH,MATCH,MISMATCH,MISMATCH,MATCH,MISMATCH,—,—,—,—,—,—,—,30.0%,"Material: beam=""Straw panel"" pdf=∅ | Manufacturer: beam=""Durra Panel"" pdf=""Ecoinvent"" | Product Brand Name: beam=""Durra Wall & Ceiling Panels"" pdf=∅ | Specifications: beam=""50 mm"" pdf=∅ | Stated EPD kgCO2e / unit: beam=""5.7"" pdf=∅ | GWP units kgCO2e per: beam=""m2"" pdf=∅ | GWP-bio from EPD: beam=""25"" pdf=∅ | Density: beam=""18.5"" pdf=""7800"" | Density Units: beam=""kg/m2"" pdf=""kg/m3"" | Material Type: beam=""Straw"" pdf=""Steel"" | EPD Type: beam=""Product-specific"" pdf=∅ | EPD/LCA Prepared by: beam=""Life Cycle Strategies"" pdf=∅ | EPD Program / Operator: beam=""EPD Australasia"" pdf=""EPD International AB"" | EPD Verifying Agent: beam=""ADDERE"" pdf=""Contents"""
