beam_id,epd_id_raw,ID,Display Name,Listed,Do Not List,Industry Avg,BEAM Avg,EPD Expiry,Footnote,Material,Manufacturer,Product Brand Name,Specifications,Notes,Countries of Manufacture,Markets of Applicability,Data added or modified,Stated EPD kgCO2e / unit,GWP units kgCO2e per,GWP kgCO2e/(common unit),Common Unit: kgCO2e / _,Metric Units,Imperial Units,GWP-bio from EPD,Biogenic carbon factor,% Carbon content (kgC/kg),Biogenic Storage,(common-unit repeat),WWF Storage Factor,Carbon content kgC/unit,(units kgC repeat),Biogenic CO2 full C value,Storage % Reduction,Density,Density Units,Addn'l factors,Addn'l factor units,R-value / inch,"k, Thermal Conductivity",Moisture content %,Mass (kg),Length (m),Width (m),Depth (m),Unit Volume (m3),Units/m2,Material Type,Material Subtype,Product Type,Product Subtype,(classification code — excluded §9),EPD ID,EPD Type,EPD Owner,EPD/LCA Prepared by,EPD Program / Operator,Internal/External Validation,EPD Verifying Agent,EPD Standards,EPD PCR Guidelines,LCA Method,EPD LCA Software,EPD LCI Database,Product Service Life (Years),Source document URL
9d6057,075/2018,,,,,,,2023-08-30,,Reflective roof coating,Selena Group,COOL-R,SRI 107,,Poland,EU,,1.12,kg,,,,,,,,,,,,,,,,,2.300,kg/m2,,,,,,,,,,,,,,,075/2018,Product-specific,,Instytut Techniki Budowlanej (ITB),,,,,,,,,,
541b20,11345278.101.1,,,,,,,2021,,Helical pier,Generic,,"3"" Nominal Pipe, 3.5 x 3/16"" (89 x 5.5 mm), 10"" Helix, Sched 40 STD Galvanized steel",,,,,1.48,kg,,,,,,,,,,,,,,,7800,kg/m3,11.908,kg/m,,,,,,,,,,,,,,,11345278.101.1,Industry average,,UL Environment,,,,,,,,,,
CMU007,176277033092021,,,,,,,2026-10-01,,Compressed earth block wall,Briques Technic Concept - Cycle terre,Stabilized with 0.2% NHL - 2.2% CEM III,"100mm (4"") width, incl. mortar",,EU,EU,,4.5,m2,,,,,,,,,,,,,,,160.053,kg/m2 @ 0.1m width,,20.277,kg of mortar/m2 blocks@ 0.1m width,,,,,,0.100,,,Earth Block,,,,,176277033092021,Industry average,BRIQUES TECHNIC CONCEPT,Esteana,Agence Française de Normalisation (AFNOR),External,"Sébastien Lasvaux, LESBAT","NF EN ISO 14025, NF EN 15804+A1, NF EN 15804/CN",Norme NF EN 15804+A1 - NF EN 15804/CN.,,,,100,
www118,200,,,,,,,2026,,"Window, aluminum frame",Arcadia,"CV200, T200",Double pane,,US,US & CA,,125,m2,,,,,,,,,,,,,,,,,,,,,,,,,,,,Double pane window,,,,,200,Product-specific,Arcadia,Four Elements Consulting,ASTM,External,"Tom Gloria, Industrial Ecology Consultants",ISO 21930,Earthsure cradle to gate window product category rule 30171600-2016,TRACI 2.1,SimaPro,"US LCI, DATASMART, EcoInvent",,
bbb000,2021M20141,,,,,,,2026,,Sheet barrier,Rothoblaas,Vapor in Green 200,,,EU,EU,,0.4,m²,,,,,0.178,,,,,,,,,,200,g/m2,,,,,,,,,,,,Barrier,,,,,2021M20141,Product-specific,Rotho Blaas SRL,EPDITALY,Sphera,External,ICMQ SpA,EN 15804,PCR ICMQ-001/15 rev 3.0,,GaBi 10,GaBi DB 2021.1,,
bbb001,2021M20141,,,,,,,2026,,Sheet barrier,Rothoblaas,Clima Control Net 160,,,EU,EU,,0.9,m²,,,,,,,,,,,,,,,160,g/m2,,,,,,,,,,,,Barrier,,,,,2021M20141,Product-specific,Rotho Blaas SRL,EPDITALY,Sphera,External,ICMQ SpA,EN 15804,PCR ICMQ-001/15 rev 3.0,,GaBi 10,GaBi DB 2021.1,,
bbb002,2021M20141,,,,,,,2026,,Sheet barrier,Rothoblaas,Traspir EVO 160,,,EU,EU,,0.6,m²,,,,,,,,,,,,,,,160,g/m2,,,,,,,,,,,,Barrier,,,,,2021M20141,Product-specific,Rotho Blaas SRL,EPDITALY,Sphera,External,ICMQ SpA,EN 15804,PCR ICMQ-001/15 rev 3.0,,GaBi 10,GaBi DB 2021.1,,
bbb003,2021M20141,,,,,,,2026,,Sheet barrier,Rothoblaas,Traspir Vapor 225,,,EU,EU,,0.7,m²,,,,,,,,,,,,,,,225,g/m2,,,,,,,,,,,,Barrier,,,,,2021M20141,Product-specific,Rotho Blaas SRL,EPDITALY,Sphera,External,ICMQ SpA,EN 15804,PCR ICMQ-001/15 rev 3.0,,GaBi 10,GaBi DB 2021.1,,
bbb004,2021M20141,,,,,,,2026,,Sheet barrier,Rothoblaas,Traspir 110,,,EU,EU,,0.3,m²,,,,,,,,,,,,,,,112,g/m2,,,,,,,,,,,,Barrier,,,,,2021M20141,Product-specific,Rotho Blaas SRL,EPDITALY,Sphera,External,ICMQ SpA,EN 15804,PCR ICMQ-001/15 rev 3.0,,GaBi 10,GaBi DB 2021.1,,
bbb005,2021M20141,,,,,,,2026,,Sheet barrier,Rothoblaas,Traspir EVO UV 210,,,EU,EU,,1.4,m²,,,,,,,,,,,,,,,210,g/m2,,,,,,,,,,,,Barrier,,,,,2021M20141,Product-specific,Rotho Blaas SRL,EPDITALY,Sphera,External,ICMQ SpA,EN 15804,PCR ICMQ-001/15 rev 3.0,,GaBi 10,GaBi DB 2021.1,,
bbb006,2021M20141,,,,,,,2026,,Sheet barrier,Rothoblaas,Traspir Weld EVO 360,,,EU,EU,,1.6,m²,,,,,,,,,,,,,,,360,g/m2,,,,,,,,,,,,Barrier,,,,,2021M20141,Product-specific,Rotho Blaas SRL,EPDITALY,Sphera,External,ICMQ SpA,EN 15804,PCR ICMQ-001/15 rev 3.0,,GaBi 10,GaBi DB 2021.1,,
bbb029,2021M20141,,,,,,,2026,,Sheet barrier,Rothoblaas,Clima Control 80,,,EU,EU,,0.7,m²,,,,,,,,,,,,,,,80,g/m2,,,,,,,,,,,,Barrier,,,,,2021M20141,Product-specific,Rotho Blaas SRL,EPDITALY,Sphera,External,ICMQ SpA,EN 15804,PCR ICMQ-001/15 rev 3.0,,GaBi 10,GaBi DB 2021.1,,
bbb030,2021M20141,,,,,,,2026,,Sheet barrier,Rothoblaas,Vapor in NET 140,,,EU,EU,,0.4,m²,,,,,,,,,,,,,,,140,g/m2,,,,,,,,,,,,Barrier,,,,,2021M20141,Product-specific,Rotho Blaas SRL,EPDITALY,Sphera,External,ICMQ SpA,EN 15804,PCR ICMQ-001/15 rev 3.0,,GaBi 10,GaBi DB 2021.1,,
CMU006,20220329507,,,,,,,2026-10-01,,Compressed earth block wall,Briques Technic Concept - Cycle terre,Stabilized with 3.7% NH,"300mm (11 13/16"") width, incl. mortar",,EU,EU,,27.8,m2,,,,,,,,,,,,,,,535.695,kg/m2 @ 0.3m width,,43.114,kg of mortar/m2 blocks@ 0.3m width,,,,,,0.300,,,Earth Block,,,,,20220329507,Industry average,BRIQUES TECHNIC CONCEPT,Esteana,Agence Française de Normalisation (AFNOR),External,"Sébastien Lasvaux, LESBAT","NF EN ISO 14025, NF EN 15804+A1, NF EN 15804/CN",Norme NF EN 15804+A1 - NF EN 15804/CN.,,,,100,
CAR005,4029-8012,,,,,,,2023-11-18,,Carpet,Venture Carpet,Average Product - Nylon 2520 Yarn System,3.5 mm nylon 6 yarn Modular Carpet,,CA,US & CA,,13.38,m2,,,,,,,,,,,,,,,3.765,kg/m2,,,,,,,0.500,0.500,0.004,,,Nylon,,,,,4029-8012,Product-specific,Venture Carpets,Vertima Inc.,CSA Group,External,"Lindita Bushi, Ph.D., Athena Sustainable Materials Institute",,"Flooring: Carpet, Resilient, Laminate, Ceramic, Wood, Version2 NSF International Valid through May 21, 2019",CML baseline v.4.4,,,15,
CAR006,4029-8012,,,,,,,2023-11-18,,Carpet,Venture Carpet,Average Product - Polypropylene Yarn System,3.5 mm Modular Carpet,,CA,US & CA,,6.83,m2,,,,,,,,,,,,,,,3.621,kg/m2,,,,,,,0.500,0.500,0.004,,,Polypropylene,,,,,4029-8012,Product-specific,Venture Carpets,Vertima Inc.,CSA Group,External,"Lindita Bushi, Ph.D., Athena Sustainable Materials Institute",,"Flooring: Carpet, Resilient, Laminate, Ceramic, Wood, Version2 NSF International Valid through May 21, 2019",CML baseline v.4.4,,,15,
CAR007,4029-8012,,,,,,,2023-11-18,,Carpet,Venture Carpet,Polyester Yarn System,10.0 mm Modular Carpet,,CA,US & CA,,9.88,m2,,,,,,,,,,,,,,,4.44,kg/m2,,,,,,,0.500,0.500,0.010,,,Polyester,,,,,4029-8012,Product-specific,Venture Carpets,Vertima Inc.,CSA Group,External,"Lindita Bushi, Ph.D., Athena Sustainable Materials Institute",,"Flooring: Carpet, Resilient, Laminate, Ceramic, Wood, Version2 NSF International Valid through May 21, 2019",CML baseline v.4.4,,,15,
CAR008,4029-8012,,,,,,,2023-11-18,,Carpet,Venture Carpet,Recycled nylon 6 yarn system,3.5 mm Modular Carpet,,CA,US & CA,,7.8,m2,,,,,,,,,,,,,,,3.77,kg/m2,,,,,,,0.500,0.500,0.004,,,Recycled Nylon,,,,,4029-8012,Product-specific,Venture Carpets,Vertima Inc.,CSA Group,External,"Lindita Bushi, Ph.D., Athena Sustainable Materials Institute",,"Flooring: Carpet, Resilient, Laminate, Ceramic, Wood, Version2 NSF International Valid through May 21, 2019",CML baseline v.4.4,,,15,
MPS002,4078-8004,,,,,,,2027,,Metal Panels - Steel,Canadian Sheet Steel Building Institute,"Includes: Agway, Bailey, Behlen, Canam,DASS, DCM, Duchesne, EB, Exsteel, Ideal Roofing, Imperial, LKME, Manugypse, Metal Up, Scotia, Steel Tile Co, Steelway, Trebor, Vicwest, Vulcraft, Westform, Westman",24 gauge,,CAN,US & CA,,2.434,kg,,,,,,,,,,,,,,,7800,kg/m3,4.88,kg/m2,,,,,,,0.001,,,Metal,,,,,4078-8004,Industry average,Canadian Sheet Steel Building Institute,ArcelorMittal Global R&D,CSA,External,Groupe AGECO,ISO 14044,"Designated steel construction product EPD requirements, v2.0",TRACI 2.1,GaBi 10.6,GaBi 10.6 & Ecoinvent 3.6,75,
676103,4786842353.103.1,,,,,,,2022,,EPDM Roofing Membrane,"Mfrs included: Carlisle SynTec Systems, Firestone Building Products, Johns Manville",,,,US,US,,6.69,m²,,,,,,,,,,,,,,,2.07,kg/m2,,,,,,,,,,,,,,,,,4786842353.103.1,Industry average,Single Ply Roofing Industry (SPRI),UL Environment,UL Environment,External,,,,,,,,
PLY004,4786969381.102.1,,,,,,,2024,,Plywood,Roseburg,softwood ply,"1/2""",,US,US & CA,,1.5,"m2 at 3/8""",,,,,,,,,,,,,,,4.38,"kg/m2 at 3/8""",,,,,,,,,,,,Plywood,,,,,4786969381.102.1,Product-specific,Roseburg Forest Products,UL Environment,UL Environment,External,Industrial Ecology Consultants,ISO 21930:2017,"North American structural and architectural wood products, v2",,,,,
PLY005,4786969381.102.1,,,,,,,2024,,Plywood,Roseburg,softwood ply,"3/4""",,US,US & CA,,1.5,"m2 at 3/8""",,,,,,,,,,,,,,,4.38,"kg/m2 at 3/8""",,,,,,,,,,,,Plywood,,,,,4786969381.102.1,Product-specific,Roseburg Forest Products,UL Environment,UL Environment,External,Industrial Ecology Consultants,ISO 21930:2017,"North American structural and architectural wood products, v2",,,,,
237e64,4787168709.104.1,,,,,,,2021,,SBS Modified Bitumen Roofing,ARMA,"Includes: CertainTeed, Firestone, GAF, Henry, IKO, Johns Mansville, Malarkey, Siplast, Soprema",,,,US & CA,,6.7,m²,,,,,,,,,,,,,,,8.4,kg/m2,,,,,,,,,,,,,,,,,4787168709.104.1,Industry average,,UL Environment,,,,,,,,,,
b8e3dc,4787352797.110.1,,,,,,,2024,,Gypsum panels - glass mat,USG,Securock ExoAir 430,"1/2""",,,US,,568,92.9m2,,,,,,,,,,,,,,,,,,,,,,,,,,,,Gypsum,,,,,4787352797.110.1,Product-specific,,UL Environment,,,,,,,,,,
LVT005,4787521006.133.1,,,,,,,2025,,Luxury vinyl tile (LVT),Interface,All tile & plank models,3.0 mm,,US,US & CA,,10.4,m2,,,,,,,,,,,,,,,5.44,kg/m2,,,,,,,,,,,,Luxury vinyl tile,,,,,4787521006.133.1,Product-specific,Interface,,,,,,,TRACI 2.1,,,,
68328c,4788424634.101.1,,,,,,,2025,,OSB sheathing,American Wood Council & Canadian Wood Council,,"5/8""",,,US & CA,,242.58,m3,,,,,,,,,,,,,,,620,kg/m3,9.8456,"kg/m2 at 5/8""",,,,,,,,,,,,,,,4788424634.101.1,Industry average,,UL Environment,,,,,,,,,,
69ac20,4788424634.101.1,,,,,,,2025,,OSB sheathing,American Wood Council & Canadian Wood Council,,"3/4""",,,US & CA,,242.58,m3,,,,,,,,,,,,,,,620,kg/m3,11.811,"kg/m2 at 3/4""",,,,,,,,,,,,,,,4788424634.101.1,Industry average,,UL Environment,,,,,,,,,,
d14a8f,4788424634.101.1,,,,,,,2025,,OSB sheathing,American Wood Council & Canadian Wood Council,,"7/8""",,,US & CA,,242.58,m3,,,,,,,,,,,,,,,620,kg/m3,13.7795,"kg/m2 at 7/8""",,,,,,,,,,,,,,,4788424634.101.1,Industry average,,UL Environment,,,,,,,,,,
edcc0d,4788424634.101.1,,,,,,,2025,,OSB sheathing,American Wood Council & Canadian Wood Council,,"1/2""",,,US & CA,,242.58,m3,,,,,,,,,,,,,,,620,kg/m3,7.874,"kg/m2 at 1/2""",,,,,,,,,,,,,,,4788424634.101.1,Industry average,,UL Environment,,,,,,,,,,
f0c8ce,4788424634.101.1,,,,,,,2025,,OSB sheathing,American Wood Council & Canadian Wood Council,,"7/16""",,,US & CA,,242.58,m3,,,,,,,,,,,,,,,620,kg/m3,6.88975,"kg/m2 at 7/16""",,,,,,,,,,,,,,,4788424634.101.1,Industry average,,UL Environment,,,,,,,,,,
12dc8t,4788424634.102.1,,,,,,,2025,,Wood - SPF,American Wood Council & Canadian Wood Council,,"by area (m2) (i.e. solid 2.5"" x area x framing %)",,,US & CA,,63.12,m3,,,,,,,,,,,,,,,460,kg/m3,,,,,,,1.000,0.0381,0.0635,0.002419,,,,,,,4788424634.102.1,Industry average,,UL Environment,,,,,,,,,,
1k46tl,4788424634.102.1,,,,,,,2025,,Wood - SPF,American Wood Council & Canadian Wood Council,,by length (m),,,US & CA,,63.12,m3,,,,,,,,,,,,,,,460,kg/m3,,,,,,,1.000,0.0191,0.1842,0.003508,,,,,,,4788424634.102.1,Industry average,,UL Environment,,,,,,,,,,
2m3nf4,4788424634.102.1,,,,,,,2025,,Wood - SPF,American Wood Council & Canadian Wood Council,,"by area (m2) (i.e. solid 3.5"" x area x framing %)",,,US & CA,,63.12,m3,,,,,,,,,,,,,,,460,kg/m3,,,,,,,1.000,0.0381,0.0889,0.003387,,,,,,,4788424634.102.1,Industry average,,UL Environment,,,,,,,,,,
4f140x,4788424634.102.1,,,,,,,2025,,Wood - SPF,American Wood Council & Canadian Wood Council,,by length (m),,,US & CA,,63.12,m3,,,,,,,,,,,,,,,460,kg/m3,,,,,,,1.000,0.0191,0.2350,0.004476,,,,,,,4788424634.102.1,Industry average,,UL Environment,,,,,,,,,,
4ld02f,4788424634.102.1,,,,,,,2025,,Wood - SPF,American Wood Council & Canadian Wood Council,,"3/8"" boards",,,US & CA,,63.12,m3,,,,,,,,,,,,,,,460,kg/m3,,,,,,,1.000,0.0095,,,,,,,,,4788424634.102.1,Industry average,,UL Environment,,,,,,,,,,
4lv9wd,4788424634.102.1,,,,,,,2025,,Wood - SPF,American Wood Council & Canadian Wood Council,,"by area (m2) (i.e. solid 7.25"" x area x framing %)",,,US & CA,,63.12,m3,,,,,,,,,,,,,,,460,kg/m3,,,,,,,1.000,0.0381,0.1842,0.007016,,,,,,,4788424634.102.1,Industry average,,UL Environment,,,,,,,,,,
4scwf3,4788424634.102.1,,,,,,,2025,,Wood - SPF,American Wood Council & Canadian Wood Council,,"3/4"" boards",,,US & CA,,63.12,m3,,,,,,,,,,,,,,,460,kg/m3,,,,,,,1.000,0.0191,,,,,,,,,4788424634.102.1,Industry average,,UL Environment,,,,,,,,,,
8vkef3,4788424634.102.1,,,,,,,2025,,Wood - SPF,American Wood Council & Canadian Wood Council,,"by area (m2) (i.e. solid 7.25"" x area x framing %)",,,US & CA,,63.12,m3,,,,,,,,,,,,,,,460,kg/m3,,,,,,,1.000,0.0381,0.2350,0.008952,,,,,,,4788424634.102.1,Industry average,,UL Environment,,,,,,,,,,
9219e5,4788424634.102.1,,,,,,,2025,,Wood - SPF,American Wood Council & Canadian Wood Council,,by volume (m3),,,US & CA,,63.12,m3,,,,,,,,,,,,,,,460,kg/m3,,,,,,,1.000,1.000,1.000,1.000000,,,,,,,4788424634.102.1,Industry average,,UL Environment,,,,,,,,,,
92d24d,4788424634.102.1,,,,,,,2025,,Wood - SPF,American Wood Council & Canadian Wood Council,,by length (m),,,US & CA,,63.12,m3,,,,,,,,,,,,,,,460,kg/m3,,,,,,,1.000,0.0191,0.1397,0.002661,,,,,,,4788424634.102.1,Industry average,,UL Environment,,,,,,,,,,
c309dk,4788424634.102.1,,,,,,,2025,,Wood - SPF,American Wood Council & Canadian Wood Council,,"by area (m2) (i.e. solid 5.5"" x area x framing %)",,,US & CA,,63.12,m3,,,,,,,,,,,,,,,460,kg/m3,,,,,,,1.000,0.0381,0.1397,0.005323,,,,,,,4788424634.102.1,Industry average,,UL Environment,,,,,,,,,,
k2f2dm,4788424634.102.1,,,,,,,2025,,Wood - SPF,American Wood Council & Canadian Wood Council,,by length (m),,,US & CA,,63.12,m3,,,,,,,,,,,,,,,460,kg/m3,,,,,,,1.000,0.0191,0.0381,0.000726,,,,,,,4788424634.102.1,Industry average,,UL Environment,,,,,,,,,,
l2kgs9,4788424634.102.1,,,,,,,2025,,Wood - SPF,American Wood Council & Canadian Wood Council,,"1/2"" boards",,,US & CA,,63.12,m3,,,,,,,,,,,,,,,460,kg/m3,,,,,,,1.000,0.0127,,,,,,,,,4788424634.102.1,Industry average,,UL Environment,,,,,,,,,,
o3kwx9,4788424634.102.1,,,,,,,2025,,Wood - SPF,American Wood Council & Canadian Wood Council,,"by area (m2) (i.e. solid 7.25"" x area x framing %)",,,US & CA,,63.12,m3,,,,,,,,,,,,,,,460,kg/m3,,,,,,,1.000,0.0381,0.2858,0.010887,,,,,,,4788424634.102.1,Industry average,,UL Environment,,,,,,,,,,
p2v3x5,4788424634.102.1,,,,,,,2025,,Wood - SPF,American Wood Council & Canadian Wood Council,,"5/8"" boards",,,US & CA,,63.12,m3,,,,,,,,,,,,,,,460,kg/m3,,,,,,,1.000,0.0159,,,,,,,,,4788424634.102.1,Industry average,,UL Environment,,,,,,,,,,
s029f2,4788424634.102.1,,,,,,,2025,,Wood - SPF,American Wood Council & Canadian Wood Council,,by length (m),,,US & CA,,63.12,m3,,,,,,,,,,,,,,,460,kg/m3,,,,,,,1.000,0.0191,0.0889,0.001694,,,,,,,4788424634.102.1,Industry average,,UL Environment,,,,,,,,,,
t2c9ss,4788424634.102.1,,,,,,,2025,,Wood - SPF,American Wood Council & Canadian Wood Council,,"1/4"" boards",,,US & CA,,63.12,m3,,,,,,,,,,,,,,,460,kg/m3,,,,,,,1.000,0.0064,,,,,,,,,4788424634.102.1,Industry average,,UL Environment,,,,,,,,,,
w93kcl,4788424634.102.1,,,,,,,2025,,Wood - SPF,American Wood Council & Canadian Wood Council,,by length (m),,,US & CA,,63.12,m3,,,,,,,,,,,,,,,460,kg/m3,,,,,,,1.000,0.0191,0.0635,0.001210,,,,,,,4788424634.102.1,Industry average,,UL Environment,,,,,,,,,,
x3fk2s,4788424634.102.1,,,,,,,2025,,Wood - SPF,American Wood Council & Canadian Wood Council,,"7/8"" boards",,,US & CA,,63.12,m3,,,,,,,,,,,,,,,460,kg/m3,,,,,,,1.000,0.0222,,,,,,,,,4788424634.102.1,Industry average,,UL Environment,,,,,,,,,,
61a79e,4788424634.103.1,,,,,,,2025,,Plywood,American Wood Council & Canadian Wood Council,,"3/4""",,,US & CA,,219.32,m3,,,,,,,,,,,,,,,484,kg/m3,9.2202,"kg/m2 at 3/4""",,,,,,,,,,,,,,,4788424634.103.1,Industry average,,UL Environment,,,,,,,,,,
c41283,4788424634.103.1,,,,,,,2025,,Plywood,American Wood Council & Canadian Wood Council,,"1/2""",,,US & CA,,219.32,m3,,,,,,,,,,,,,,,484,kg/m3,6.1468,"kg/m2 at 1/2""",,,,,,,,,,,,,,,4788424634.103.1,Industry average,,UL Environment,,,,,,,,,,
d88aad,4788424634.103.1,,,,,,,2025,,Plywood,American Wood Council & Canadian Wood Council,,"5/8""",,,US & CA,,219.32,m3,,,,,,,,,,,,,,,484,kg/m3,7.6956,"kg/m2 at 5/8""",,,,,,,,,,,,,,,4788424634.103.1,Industry average,,UL Environment,,,,,,,,,,
f92a05,4788424634.104.1,,,,,,,2025,,Glued Laminated Timber (Glulam),American Wood Council & Canadian Wood Council,,,,US & CA,US & CA,,137.19,m3,,,,,,,,,,,,,,,548,kg/m3,,,,,,,,,0.089,,,,,,,,4788424634.104.1,Industry average,,UL Environment,,,,,,,,,,
vd92kd,4788424634.104.1,,,,,,,2025,,Glued Laminated Timber (Glulam),American Wood Council & Canadian Wood Council,,,,US & CA,US & CA,,137.19,m3,,,,,,,,,,,,,,,548,kg/m3,,,,,,,,,0.089,,,,,,,,4788424634.104.1,Industry average,,UL Environment,,,,,,,,,,
ebd574,4788424634.105.1,,,,,,,2025,,Laminated veneer lumber,American Wood Council & Canadian Wood Council,,,,,US & CA,,361.45,m3,,,,,,,,,,,,,,,548,kg/m3,,,,,,,,,,,,Wood,,,,,4788424634.105.1,Industry average,,UL Environment,UL Environment,,,,,,,,,
a6h0p2,4788424634.106.1,,,,,,,2025,,Wood I joist,American Wood Council & Canadian Wood Council,,TJI 230/360,,,US & CA,,1.97,m at avg depth,,,,,0,,,,,,,,,,4.911,kg/m at depth,1.132,ratio to avg,,,,,,,,,,,,,,,4788424634.106.1,Industry average,,UL Environment,,,,,,,,,,
cec541,4788424634.106.1,,,,,,,2025,,Wood I joist,American Wood Council & Canadian Wood Council,,TJI 230/360,,,US & CA,,1.97,m at avg depth,,,,,0,,,,,,,,,,4.464,kg/m at depth,1.029,ratio to avg,,,,,,,,,,,,,,,4788424634.106.1,Industry average,,UL Environment,,,,,,,,,,
d92kl5,4788424634.106.1,,,,,,,2025,,Wood I joist,American Wood Council & Canadian Wood Council,,TJI 230/360,,,US & CA,,1.97,m at avg depth,,,,,0,,,,,,,,,,4.018,kg/m at depth,0.926,ratio to avg,,,,,,,,,,,,,,,4788424634.106.1,Industry average,,UL Environment,,,,,,,,,,
dk02lm,4788424634.106.1,,,,,,,2025,,Wood I joist,American Wood Council & Canadian Wood Council,,TJI 230/360,,,,,1.97,m at avg depth,,,,,8.65,,,,,,,,,,4.34,kg/m at avg depth,1,ratio to avg,,,,,,,,,,,,,,,4788424634.106.1,Industry average,,UL Environment,,,,,,,,,,
f53d9a,4788424634.106.1,,,,,,,2025,,Wood I joist,American Wood Council & Canadian Wood Council,,TJI 230/360,,,US & CA,,1.97,m at avg depth,,,,,0,,,,,,,,,,5.209,kg/m at depth,1.2,ratio to avg,,,,,,,,,,,,,,,4788424634.106.1,Industry average,,UL Environment,,,,,,,,,,
10d47f,4788424634.107.1,,,,,,,2025,,Wood - Redwood,American Wood Council & Canadian Wood Council,,Lumber by volume (m3),,,US,,37.97,m3,,,,,,,,,,,,,,,456,kg/m3,,,,,,,,,,,,,,,,,4788424634.107.1,Industry average,,UL Environment,,,,,,,,,,
31ckd0,4788424634.107.1,,,,,,,2025,,Wood - Redwood,American Wood Council & Canadian Wood Council,,by length (m),,,US,,37.97,m3,,,,,,,,,,,,,,,456,kg/m3,,,,,,,,0.0191,0.0889,,,,,,,,4788424634.107.1,Industry average,,UL Environment,,,,,,,,,,
iv303x,4788424634.107.1,,,,,,,2025,,Wood - Redwood,American Wood Council & Canadian Wood Council,,by length (m),,,US,,37.97,m3,,,,,,,,,,,,,,,456,kg/m3,,,,,,,,0.0191,0.0635,,,,,,,,4788424634.107.1,Industry average,,UL Environment,,,,,,,,,,
jk29kd,4788424634.107.1,,,,,,,2025,,Wood - Redwood,American Wood Council & Canadian Wood Council,,by length (m),,,US,,37.97,m3,,,,,,,,,,,,,,,456,kg/m3,,,,,,,,0.0191,0.0381,,,,,,,,4788424634.107.1,Industry average,,UL Environment,,,,,,,,,,
pd92mn,4788424634.107.1,,,,,,,2025,,Wood - Redwood,American Wood Council & Canadian Wood Council,,by surface area (m2),,,US,,37.97,m3,,,,,,,,,,,,,,,456,kg/m3,,,,,,,,0.0191,,,,,,,,,4788424634.107.1,Industry average,,UL Environment,,,,,,,,,,
1f3cc3,4788647002.101.1,,,,,,,2024,,Fiberglass batt,CertainTeed,Sustainable Insulation,R 3.6/inch,,,US,,0.94,m2•RSI,,,,,,,,,,,,,,,0.488,kg/m2 at RSI 1,,,3.64,0.0396212,,,,,,,,Fiberglass,,,,,4788647002.101.1,Product-specific,,UL Environment,,,,,,,,,,
f33e5e,4788647002.102.1,,,,,,,2024,,Fiberglass loose fill,CertainTeed,"InsulSafe, Optima, TruComfort",R 2.6/inch,,,US,,1.29,m2•RSI,,,,,,,,,,,,,,,0.574,kg/m2 at RSI 1,,,2.6,0.0554697,,,,,,,,Fiberglass,,,,,4788647002.102.1,Product-specific,,UL Environment,,,,,,,,,,
9cd566,4788721182.101.1,,,,,,,2024,,XPS foam board,Owens Corning,Foamular 250  (Legacy),R 5.0/inch,,Mexico,Mexico,,50.5,m2•RSI,,,,,,,,,,,,,,,24.8,kg/m3,,,5,0.02884424,,,,,,,,XPS Foam,,,,,4788721182.101.1,Product-specific,,UL Environment,,,,,,,,,,
MPA001,4788736474.105.1,,,,,,,2025,,Aluminum,CENTRIA,RZR,,,US,US & CA,,6020,100 m2,,,,,,,,,,,,,,,10.49,kg/m2,,,,,,,,,,,,Aluminum,,,,,4788736474.105.1,Product-specific,CENTRIA,UL Environment,UL Environment,External,Industrial Ecology Consultants,ISO 21930:2017,"Insulated metal panels, metal composite panels and metal cladding: roof and wall panels, UL 2018",TRACI 2.1,GaBi ts 9,GaBi 2019,,
MPA002,4788736474.105.1,,,,,,,2025,,Aluminum,CENTRIA,LVLZ,,,US,US & CA,,7700,100 m2,,,,,,,,,,,,,,,13.62,kg/m2,,,,,,,,,,,,Aluminum,,,,,4788736474.105.1,Product-specific,CENTRIA,UL Environment,UL Environment,External,Industrial Ecology Consultants,ISO 21930:2017,"Insulated metal panels, metal composite panels and metal cladding: roof and wall panels, UL 2019",TRACI 2.1,GaBi ts 10,GaBi 2020,,
LVT014,4788753451.101.1,,,,,,,2024,,Vinyl flooring,Resilient Floor Covering Institute,Heterogeneous,1.1 - 5.5mm,,,US & CA,,7.04,m²,,,,,,,,,,,,,,,2.1,kg/m2,,,,,,,,,0.0011-0.0055,,,Vinyl,,,,,4788753451.101.1,Industry average,Resilient Floor Covering Institute,"Thinkstep, Inc.",UL Environment,External,"Thomas P. Gloria, Ph.D., Industrial Ecology Consultants,",,"Part B: Part B: Flooring EPD Requirements UL, v. 2.0 September 2018",TRACI 2.1,GaBi ts 8.7,GaBi 2018 (service pack 36),30,
LVT000,4788753451.103.1,,,,,,,2024,,Rigid core vinyl flooring,Resilient Floor Covering Institute,,2 - 12mm,,,US & CA,,20.5,m²,,,,,,,,,,,,,,,9.2,kg/m2,,,,,,,,,0.002 - 0.012,,,Vinyl,,,,,4788753451.103.1,Industry average,Resilient Floor Covering Institute,"Thinkstep, Inc.",UL Environment,External,"Thomas P. Gloria, Ph.D., Industrial Ecology Consultants,",,"Part B: Part B: Flooring EPD Requirements UL, v. 2.0 September 2018",TRACI 2.1,GaBi ts 8.7,GaBi 2018 (service pack 36),30,
891444,4788753451.104.1,,,,,,,2024,,Rubber flooring,Resilient Floor Covering Institute,"Includes tiles and rolls from American Biltrite, Armstrong, Burke, FLEXCO, Johnsonite, Mannington, Roppe, Tarkett",,,,US & CA,,15.6,m²,,,,,,,,,,,,,,,5.6,kg/m2,,,,,,,,,0.002,,,,,,,,4788753451.104.1,Industry average,,UL Environment,,,,,,,,,,
LVT001,4788753451.106.1,,,,,,,2024,,Luxury vinyl tile,Resilient Floor Covering Institute,,2 - 5mm,,,US & CA,,11.9,m²,,,,,,,,,,,,,,,5.9,kg/m2,,,,,,,,,0.002-0.005,,,Vinyl,,,,,4788753451.106.1,Industry average,Resilient Floor Covering Institute,"Thinkstep, Inc.",UL Environment,External,"Thomas P. Gloria, Ph.D., Industrial Ecology Consultants,",,"Part B: Part B: Flooring EPD Requirements UL, v. 2.0 September 2018",TRACI 2.1,GaBi ts 8.7,GaBi 2018 (service pack 36),30,
LIN000,4788756650.101.1,,,,,,,2025-10-01,,Linoleum flooring,Gerflor,DLW Linoleum Acousticplus,4.0 mm sheet style linoleum,,Germany,US,,10.116,m²,,,,,6.99,,,,,,,,,,3.5,kg/m2,,,,,,,,,0.0040,,,Linoleum,,,,,4788756650.101.1,Product-specific,Gerflor,EVEA,UL Environment,External,Maria José Monteagudo Arrebola,,"UL Environment PCR Part B: Flooring EPD Requirements, v2.0 (September 28, 2018)",TRACI 2.1,Simapro 10,Ecoinvent 3.6,25,
LIN003,4788756650.102.1,,,,,,,2025-10-01,,Linoleum flooring,Gerflor,DLW Linoleum Compact,2.5 mm sheet style linoleum,,Germany,US,,6.901,m²,,,,,6.38,,,,,,,,,,2.94,kg/m2,,,,,,,,,0.0025,,,Linoleum,,,,,4788756650.102.1,Product-specific,Gerflor,EVEA,UL Environment,External,Maria José Monteagudo Arrebola,,"UL Environment PCR Part B: Flooring EPD Requirements, v2.0 (September 28, 2018)",TRACI 2.1,Simapro 9,Ecoinvent 3.5,25,
4dadb7,4788863727.101.1,,,,,,,2024,,Ceramic tile,Crossville,Porcelain,Standard grade,,,US,,23.9,m²,,,,,,,,,,,,,,,24.41,kg/m2,,,,,,,,,,,,,,,,,4788863727.101.1,Product-specific,,UL Environment,,,,,,,,,,
5a9ecd,4788873607.102.1,,,,,,,2025,,Carpet,Interface,Cquest BioX,1.5 mm Modular tile carpet,,,US,,-0.256,m²,,,,,4.67,,,,,,,,,,2.8,kg/m2,,,,,,,,,,,,,,,,,4788873607.102.1,Product-specific,,UL Environment,,,,,,,,,15,
MWB006,4789092768.101.1,,,,,,,2024,,Mineral wool batt,Rockwool,Safe'n'Sound,R 4.0-inch,,,US & CA,,1.31,m2•RSI,,,,,,,,,,,,,,,,,2.64000,RSI (m2K/W),4.00,0.0360553,,,,0.089,,,,Mineral wool,,,,,4789092768.101.1,Product-specific,,UL Environment,,,,,,,,,,
MWB008,4789092768.101.1,,,,,,,2024,,Mineral wool board,Rockwool,Cavityrock,R 4.3-inch,,,US & CA,,2.1,m2•RSI,,,,,,,,,,,,,,,,,,,4.30,0.03353981395,,,,,,,,Mineral wool,,,,,4789092768.101.1,Product-specific,,UL Environment,,,,,,,,,,
MWB009,4789092768.101.1,,,,,,,2024,,Mineral wool board,Rockwool,Comfortboard 80,R 4.2-inch,,,US & CA,,4.061,m2•RSI,,,,,,,,,,,,,,,128,kg/m3,,,4.20,0.03433838095,,,,,,,,Mineral wool,,,,,4789092768.101.1,Product-specific,,UL Environment,,,,,,,,,,
MWB010,4789092768.101.1,,,,,,,2024,,Mineral wool board,Rockwool,Comfortboard 110,R 4.0-inch,,,US & CA,,5.63,m2•RSI,,,,,,,,,,,,,,,,,,,4.00,0.0360553,,,,,,,,Mineral wool,,,,,4789092768.101.1,Product-specific,,UL Environment,,,,,,,,,,
MWB011,4789092768.101.1,,,,,,,2024,,Mineral wool board,Rockwool,Toprock DD,R 4.3-inch,,,US & CA,,5.63,m2•RSI,,,,,,,,,,,,,,,,,,,4.30,0.03353981395,,,,,,,,Mineral wool,,,,,4789092768.101.1,Product-specific,,UL Environment,,,,,,,,,,
MWB014,4789092768.101.1,,,,,,,2024,,Mineral wool batt,Rockwool,ComfortBatt R-24 (Wood Studs),R 4.4-inch,,,US & CA,,1.70,m2•RSI,,,,,,,,,,,,,,,,,,,4.40,0.0327775,,,,,,,,Mineral wool,,,,,4789092768.101.1,Product-specific,Rockwool,,UL Environment,External,IBU – Institut Bauen und Umwelt e.V.,per /ISO 14025/ and /EN 15804/,"Product Category Rules Part A: Calculation Rules for the Life Cycle Assessment
and Requirements on the Background Report, 03.2018
Product Category Rules Part B: Mineral insulating materials, 12.2018",TRACI 2.1,GaBi 8.0.1.257,,75,
MWB017,4789092768.101.1,,,,,,,2024,,Mineral wool batt,Rockwool,ComfortBatt R-23,R 4.2-inch,,,US & CA,,1.44,m2•RSI,,,,,,,,,,,,,,,,,,,4.18,0.0345027,,,,,,,,Mineral wool,,,,,4789092768.101.1,Product-specific,Rockwool,,UL Environment,External,IBU – Institut Bauen und Umwelt e.V.,per /ISO 14025/ and /EN 15804/,"Product Category Rules Part A: Calculation Rules for the Life Cycle Assessment
and Requirements on the Background Report, 03.2018
Product Category Rules Part B: Mineral insulating materials, 12.2018",TRACI 2.1,GaBi 8.0.1.257,,75,
MWB018,4789092768.101.1,,,,,,,2024,,Mineral wool batt,Rockwool,ComfortBatt R-15,R 4.3-inch,,,US & CA,,1.31,m2•RSI,,,,,,,,,,,,,,,,,,,4.30,0.0335398,,,,,,,,Mineral wool,,,,,4789092768.101.1,Product-specific,Rockwool,,UL Environment,External,IBU – Institut Bauen und Umwelt e.V.,per /ISO 14025/ and /EN 15804/,"Product Category Rules Part A: Calculation Rules for the Life Cycle Assessment
and Requirements on the Background Report, 03.2018
Product Category Rules Part B: Mineral insulating materials, 12.2018",TRACI 2.1,GaBi 8.0.1.257,,75,
MWB019,4789092768.101.1,,,,,,,2024,,Mineral wool batt,Rockwool,"ComfortBatt R-10, R-14, R-22, R-28, R-30, R-32",R 4.0-inch,,,US & CA,,1.18,m2•RSI,,,,,,,,,,,,,,,,,,,4.00,0.0360553,,,,,,,,Mineral wool,,,,,4789092768.101.1,Product-specific,Rockwool,,UL Environment,External,IBU – Institut Bauen und Umwelt e.V.,per /ISO 14025/ and /EN 15804/,"Product Category Rules Part A: Calculation Rules for the Life Cycle Assessment
and Requirements on the Background Report, 03.2018
Product Category Rules Part B: Mineral insulating materials, 12.2018",TRACI 2.1,GaBi 8.0.1.257,,75,
MWB020,4789092768.101.1,,,,,,,2024,,Mineral wool batt,Rockwool,ComfortBatt R-24 (Steel Studs),R 4.0-inch,,,US & CA,,1.18,m2•RSI,,,,,,,,,,,,,,,,,,,4.00,0.0360553,,,,,,,,Mineral wool,,,,,4789092768.101.1,Product-specific,Rockwool,,UL Environment,External,IBU – Institut Bauen und Umwelt e.V.,per /ISO 14025/ and /EN 15804/,"Product Category Rules Part A: Calculation Rules for the Life Cycle Assessment
and Requirements on the Background Report, 03.2018
Product Category Rules Part B: Mineral insulating materials, 12.2018",TRACI 2.1,GaBi 8.0.1.257,,75,
CER000,4789101745.101.1,,,,,,,2025,,Ceramic tile,Tile Council of North America,"Includes: American Wonder, Arto, Crossville, Dal-Tile, Del Conca USA, Florida Tile, Interceramic, Ironrock, Porcelanite-Lamosa, Portobello Tile, Quarry Tile, StonePeak Ceramics, Vitromex USA",Industry average.,,US,US & CA,,14.1,m²,,,,,,,,,,,,,,,18.8,kg/m2,,,,,,,,,,,,Ceramic tile,,,,,4789101745.101.1,Industry average,Tile Council of North America,UL Environment,UL Environment,External,Ramboll,ISO 21930:2017,"Flooring EPD requirements, UL 10010-7, v2.0",TRACI 2.1,GaBi 9.2.0.58,GaBi 9.2.0.58,75,
OSB000,4789103593.101.1,,,,,,,2025-07-01,,OSB sheathing,Huber,AdvanTech,"1/2"" Sheathing",,,US,,420,m3,,,,,,,,,,,,,,,662,kg/m3,8.407,"kg/m2 at 1/2""",78.74,m2 @ 1/2'' / m3,,,,,,,,,,,,,4789103593.101.1,Product-specific,Huber,UL,UL,External,"Thomas P. Gloria, Ph.D., Industrial Ecology Consultants,",,,SimaPro v9,,,,
OSB006,4789103593.101.1,,,,,,,2025-07-01,,OSB subflooring,Huber,AdvanTech,"19/32"" Subflooring",,,US,,470,m3,,,,,,,,,,,,,,,670,kg/m3,10.12,"kg/m2 at 1/2""",66.31,m2 @ 19/32'' / m3,,,,,,,,,,,,,4789103593.101.1,Product-specific,Huber,UL,UL,External,"Thomas P. Gloria, Ph.D., Industrial Ecology Consultants,",,,,,,,
2fg4um,4789103593.102.1,,,,,,,2025-07-01,,OSB roof & wall sheathing & barrier system,Huber,ZIP System - Wall and Roof Sheathing,"7/16"" sheathing and protective barrier",,US,US & CA,,380,m³,,,,,,,,,,,,,,,660,kg/m3,10.494,"kg/m2 at  5/8""",,,,,,,0.0159,,,,,,,,4789103593.102.1,Product-specific,Huber,UL,UL,External,"Thomas P. Gloria, Ph.D., Industrial Ecology Consultants,",,,TRACI,SimaPro v9,ecoinvent v3.5,75,
2gy8rd,4789103593.102.1,,,,,,,2025-06-30,,Insulated OSB sheathing & barrier system,Huber,ZIP System - R-12 Insulated Sheathing,"7/16"" osb sheathing, 1"" foam insulation, and protective barrier",,US,US & CA,,260,m³,,,,,,,,,,,,,,,223,kg/m3,,,12,,,,,,0.0619,,,,,,,,4789103593.102.1,Product-specific,Huber,UL Environment,,Internal,"Grant R Martin, UL Environment",,,TRACI,SimaPro v9,ecoinvent v3.5,75,
3lkfm3,4789103593.102.1,,,,,,,2025-06-30,,Insulated OSB sheathing & barrier system,Huber,ZIP System - R-6 Insulated Sheathing,"7/16"" osb sheathing, 1"" foam insulation, and protective barrier",,US,US & CA,,280,m³,,,,,,,,,,,,,,,223,kg/m3,,,6,,,,,,0.0365,,,,,,,,4789103593.102.1,Product-specific,Huber,UL Environment,,Internal,"Grant R Martin, UL Environment",,,TRACI,SimaPro v9,ecoinvent v3.5,75,
7vi3jf,4789103593.102.1,,,,,,,2025-07-01,,OSB roof & wall sheathing & barrier system,Huber,ZIP System - Wall and Roof Sheathing,"7/16"" sheathing and protective barrier",,US,US & CA,,380,m³,,,,,,,,,,,,,,,660,kg/m3,7.26,"kg/m2 at  7/16""",,,,,,,0.0110,,,,,,,,4789103593.102.1,Product-specific,Huber,UL,UL,External,"Thomas P. Gloria, Ph.D., Industrial Ecology Consultants,",,,TRACI,SimaPro v9,ecoinvent v3.5,75,
dsa30i,4789103593.102.1,,,,,,,2025-06-30,,Insulated OSB sheathing & barrier system,Huber,ZIP System - R-3 Insulated Sheathing,"7/16"" osb sheathing, 1/2"" foam insulation, and protective barrier",,US,US & CA,,310,m³,,,,,,,,,,,,,,,325,kg/m3,,,3,,,,,,0.0238,,,,,,,,4789103593.102.1,Product-specific,Huber,UL Environment,,Internal,"Grant R Martin, UL Environment",,,TRACI,SimaPro v9,ecoinvent v3.5,75,
g83od3,4789103593.102.1,,,,,,,2025-07-01,,OSB roof & wall sheathing & barrier system,Huber,ZIP System - Wall and Roof Sheathing,"7/16"" sheathing and protective barrier",,US,US & CA,,380,m³,,,,,,,,,,,,,,,660,kg/m3,8.382,"kg/m2 at  1/2""",,,,,,,0.0127,,,,,,,,4789103593.102.1,Product-specific,Huber,UL,UL,External,"Thomas P. Gloria, Ph.D., Industrial Ecology Consultants,",,,TRACI,SimaPro v9,ecoinvent v3.5,75,
t5ydsd,4789103593.102.1,,,,,,,2025-06-30,,Insulated OSB sheathing & barrier system,Huber,ZIP System - R-9 Insulated Sheathing,"7/16"" osb sheathing, 1"" foam insulation, and protective barrier",,US,US & CA,,260,m³,,,,,,,,,,,,,,,223,kg/m3,,,9,,,,,,0.0492,,,,,,,,4789103593.102.1,Product-specific,Huber,UL Environment,,Internal,"Grant R Martin, UL Environment",,,TRACI,SimaPro v9,ecoinvent v3.5,75,
34db3d,4789289084.103.1,,,,,,,2026,,Metal Panels - Aluminum,Metal Construction Assn.,"Includes: ATAS, DMI, Englert, Fabral,McElroy, Pac-Clad",22 gauge,,,US,,1860,100m2,,,,,,,,,,,,,,,2720,kg/m3,,,,,,,,,0.001,,,,,,,,4789289084.103.1,Industry average,,UL Environment,,,,,,,,,,
98a9cd,4789289084.103.1,,,,,,,2025,,Metal Panels - Steel,Metal Construction Assn.,"Includes: ATAS, DMI, Englert, Fabral,McElroy, Pac-Clad",24 gauge,,,US,,1530,100m2,,,,,,,,,,,,,,,8030,kg/m3,,,,,,,,,0.001,,,,,,,,4789289084.103.1,Industry average,,UL Environment,,External,,,,,,,,
LIN001,4789356590.101.2,,,,,,,2025-10-01,,Linoleum flooring,Tarkett,Lino Acoustic,3.8 mm sheet style linoleum,,EU,US & CA,,2.36,m²,,,,,,,,,,,,,,,3.66,kg/m3,,,,,,,,,0.0038,,,Linoleum,,,,,4789356590.101.2,Product-specific,Tarkett,"Sphera Solutions, Inc.",UL Environment,External,Cooper McCollum,,"EN 16810: Resilient, textile and laminate floor coverings - Environmental product  declarations - Product category rules, August 2017","CML, April 2016",GaBi 10,GaBi 2019.3 (service pack 39),30,
LIN002,4789356590.101.2,,,,,,,2025-10-01,,Linoleum flooring,Tarkett,Veneto Acoustic Cork,4.4 mm sheet style linoleum,,EU,US & CA,,-0.413,m²,,,,,,,,,,,,,,,4.88,kg/m3,,,,,,,,,0.0038,,,Linoleum,,,,,4789356590.101.2,Product-specific,Tarkett,"Sphera Solutions, Inc.",UL Environment,External,Cooper McCollum,,"EN 16810: Resilient, textile and laminate floor coverings - Environmental product  declarations - Product category rules, August 2017","CML, April 2016",GaBi 10,GaBi 2019.3 (service pack 39),30,
LIN004,4789356590.101.2,,,,,,,2025-10-01,,Linoleum flooring,Tarkett,Lino,2.5 mm sheet style linoleum,,EU,US & CA,,-0.6,m²,,,,,,,,,,,,,,,3.18,kg/m2,,,,,,,,,0.0025,,,Linoleum,,,,,4789356590.101.2,Product-specific,Tarkett,"Sphera Solutions, Inc.",UL Environment,External,Cooper McCollum,,"EN 16810: Resilient, textile and laminate floor coverings - Environmental product  declarations - Product category rules, August 2017","CML, April 2016",GaBi 10,GaBi 2019.3 (service pack 39),30,
MPA000,4789365778.101.1,,,,,,,2025,,Metal Panels - Aluminum,Petersen Aluminum Corp,Pac-Clad,20EQ gauge,,US,US & CA,,3840,100m2,,,,,,,,,,,,,,,2.07,kg/m2,207,kg/100m2,,,,,,,,,,Aluminum,,,,,4789365778.101.1,Product-specific,Petersen Aluminum Corp,UL Environment,UL Environment,External,Industrial Ecology Consultants,ISO 21930:2017,"Insulated metal panels, metal composite panels and metal cladding: roof and wall panels, UL 2018",TRACI 2.1,GaBi 8.7,GaBi 2019,75,
MPS000,4789365778.101.1,,,,,,,2025,,Metal Panels - Steel,Petersen Aluminum Corp,Pac-Clad,24EQ gauge,,US,US & CA,,1580,100m2,,,,,,,,,,,,,,,2.07,kg/m2,207,kg/100m2,,,,,,,,,,Steel,,,,,4789365778.101.1,Product-specific,Petersen Aluminum Corp,UL Environment,UL Environment,External,Industrial Ecology Consultants,ISO 21930:2017,"Insulated metal panels, metal composite panels and metal cladding: roof and wall panels, UL 2018",TRACI 2.1,GaBi 8.7,GaBi 2019,75,
s0gp3f,4789365778.101.1,,,,,,,2025-10-01,,Metal Panels - Aluminum,Petersen Aluminum Corp,"Pac-Clad (new, don't use until EPD concern about 5x lower GWP resolved)",20EQ gauge,,US,N.A. & EU,,384,100m2,,,,,,,,,,,,,,,4.91,kg/m2,,,,,,,,,,,,,,,,,4789365778.101.1,Product-specific,,UL Environment,UL Environment,,,,,,,,,
61aa40,4789400789.101.1,,,,,,,2025,,Asphalt Shingles,Owens Corning,Supreme,,,,US,,2.75,m²,,,,,,,,,,,,,,,9.26,kg/m2,,,,,,,,,,,,,,,,,4789400789.101.1,Product-specific,,UL Environment,,,,,,,,,,
G60979,4789400789.101.1,,,,,,,2025,,Asphalt Shingles,Owens Corning,Duration,,,,US,,3.49,m²,,,,,,,,,,,,,,,10.12,kg/m2,,,,,,,,,,,,,,,,,4789400789.101.1,Product-specific,,UL Environment,,,,,,,,,,
e7ab5a,4789400789.101.1,,,,,,,2025,,Asphalt Shingles,Owens Corning,Oakridge,,,,US,,3.21,m²,,,,,,,,,,,,,,,9.93,kg/m2,,,,,,,,,,,,,,,,,4789400789.101.1,Product-specific,,UL Environment,,,,,,,,,,
f4l2kx,4789410886.101.1,,,,,,,2026-01-01,,Wood fiber board,North American Fiberboard Association,"Includes: Georgia Pacific, Louisville, BPC, Temple-Inland, Blue Ridge, Int'l Bildrite",R 2.7/inch,,,US & CA,,196.13,m3,,,,,437.62,,,,,,,,,,254,kg/m3,13.77212865,kg/m2•RSI,2.66,0.05422097895,,,,,,,,Wood fibre,,,,,4789410886.101.1,Industry average,,UL Environment,,,,,,,,,,
ac0e7f,4789456400.101.1,,,,,,,2025,,Hardwood flooring,mafi,Natural Hardwood Planks,"3/4"", 3 ply laminated solid, oil pre-finished",,,EU,,-8.09,m²,,,,,,,,,,,,,,,12.287,"kg/m2 at 3/4""",,,,,,,,,0.019,,,,,,,,4789456400.101.1,Product-specific,,UL Environment,,,,,,,,,,
GYP000,4789532059.140.1,,,,,,,2026-01-01,,Gypsum panels - glass mat,CertainTeed,GlasRoc Sheathing gypsum board,"5/8""",,,US,,310,92.9m2,,,,,,,,,,,,,,,1165,kg/92.9m2,12.54,kg/m2,,,,,,0.059,,,,Gypsum,,,,,4789532059.140.1,Product-specific,CertainTeed,,UL Environment,External,"Thomas P. Gloria, Ph.D., Industrial Ecology Consultants,",,NSF International PCR for Gypsum Panel Products v. 1e October 2019,,,,,
STR000,4789556099.102.1,,,,,,,2026,,Structural Steel - L-Angle,American Institute of Steel Construction,Hot-rolled strucutural steel,"Angle L 3.5"" x 3.5"" x 1/4""",,US,US & CA,,1.22,kg,,,,,,,,,,,,,,,7800,kg/m3,8.55,kg/m,,,,,,,,,,Steel,,,,,4789556099.102.1,Industry average,American Institute of Steel Construction,UL Environment,UL Environment,External,Industrial Ecology Consultants,ISO 21930:2017,"Designated Steel Construction Product, UL 2020",TRACI 2.1,GaBi v10,GaBi 2020,,
STR001,4789556099.102.1,,,,,,,2026,,Structural Steel / Rectangular HSS,American Institute of Steel Construction,Hot-rolled strucutural steel,"Rectangular HSS 8"" x 6"" x 5/16""",,US,US & CA,,1.22,kg,,,,,,,,,,,,,,,7800,kg/m3,41.1,kg/m,,,,,,,,,,Steel,,,,,4789556099.102.1,Industry average,American Institute of Steel Construction,UL Environment,UL Environment,External,Industrial Ecology Consultants,ISO 21930:2017,"Designated Steel Construction Product, UL 2021",TRACI 2.2,GaBi v11,GaBi 2021,,
STR002,4789556099.102.1,,,,,,,2026,,Structural Steel / Square HSS,American Institute of Steel Construction,Hot-rolled strucutural steel,"Square HSS 3"" x 3"" x 3/16""",,US,US & CA,,1.22,kg,,,,,,,,,,,,,,,7800,kg/m3,10.3,kg/m,,,,,,,,,,Steel,,,,,4789556099.102.1,Industry average,American Institute of Steel Construction,UL Environment,UL Environment,External,Industrial Ecology Consultants,ISO 21930:2017,"Designated Steel Construction Product, UL 2022",TRACI 2.3,GaBi v12,GaBi 2022,,
STR003,4789556099.102.1,,,,,,,2026,,Structural Steel / Square HSS,American Institute of Steel Construction,Hot-rolled strucutural steel,"Square HSS 4"" x 4"" x 1/4""",,US,US & CA,,1.22,kg,,,,,,,,,,,,,,,7800,kg/m3,32.2,kg/m,,,,,,,,,,Steel,,,,,4789556099.102.1,Industry average,American Institute of Steel Construction,UL Environment,UL Environment,External,Industrial Ecology Consultants,ISO 21930:2017,"Designated Steel Construction Product, UL 2023",TRACI 2.4,GaBi v13,GaBi 2023,,
STR004,4789556099.102.1,,,,,,,2026,,Structural Steel / Square HSS,American Institute of Steel Construction,Hot-rolled strucutural steel,"Square HSS 5"" x 5"" x 1/4""",,US,US & CA,,1.22,kg,,,,,,,,,,,,,,,7800,kg/m3,23.2,kg/m,,,,,,,,,,Steel,,,,,4789556099.102.1,Industry average,American Institute of Steel Construction,UL Environment,UL Environment,External,Industrial Ecology Consultants,ISO 21930:2017,"Designated Steel Construction Product, UL 2024",TRACI 2.5,GaBi v14,GaBi 2024,,
STR005,4789556099.102.1,,,,,,,2026,,Structural Steel / Square HSS,American Institute of Steel Construction,Hot-rolled strucutural steel,"Square HSS 5"" x 5"" x 1/2""",,US,US & CA,,1.22,kg,,,,,,,,,,,,,,,7800,kg/m3,42.3,kg/m,,,,,,,,,,Steel,,,,,4789556099.102.1,Industry average,American Institute of Steel Construction,UL Environment,UL Environment,External,Industrial Ecology Consultants,ISO 21930:2017,"Designated Steel Construction Product, UL 2025",TRACI 2.6,GaBi v15,GaBi 2025,,
STR006,4789556099.102.1,,,,,,,2026,,Structural Steel / Square HSS,American Institute of Steel Construction,Hot-rolled strucutural steel,"Square HSS 8"" x 8"" x 1/4""",,US,US & CA,,1.22,kg,,,,,,,,,,,,,,,7800,kg/m3,37.9,kg/m,,,,,,,,,,Steel,,,,,4789556099.102.1,Industry average,American Institute of Steel Construction,UL Environment,UL Environment,External,Industrial Ecology Consultants,ISO 21930:2017,"Designated Steel Construction Product, UL 2026",TRACI 2.7,GaBi v16,GaBi 2026,,
STR007,4789556099.102.1,,,,,,,2026,,Structural Steel / Wide Flange,American Institute of Steel Construction,Hot-rolled strucutural steel,W150x22 (W6x15),,US,US & CA,,1.22,kg,,,,,,,,,,,,,,,7800,kg/m3,22.50,kg/m,,,,,,,,,,Steel,,,,,4789556099.102.1,Industry average,American Institute of Steel Construction,UL Environment,UL Environment,External,Industrial Ecology Consultants,ISO 21930:2017,"Designated Steel Construction Product, UL 2027",TRACI 2.8,GaBi v17,GaBi 2027,,
STR008,4789556099.102.1,,,,,,,2026,,Structural Steel / Wide Flange,American Institute of Steel Construction,Hot-rolled strucutural steel,W150x30 (W6x20),,US,US & CA,,1.22,kg,,,,,,,,,,,,,,,7800,kg/m3,29.8,kg/m,,,,,,,,,,Steel,,,,,4789556099.102.1,Industry average,American Institute of Steel Construction,UL Environment,UL Environment,External,Industrial Ecology Consultants,ISO 21930:2017,"Designated Steel Construction Product, UL 2028",TRACI 2.9,GaBi v18,GaBi 2028,,
STR009,4789556099.102.1,,,,,,,2026,,Structural Steel / Wide Flange,American Institute of Steel Construction,Hot-rolled strucutural steel,W200x22 (W8x15),,US,US & CA,,1.22,kg,,,,,,,,,,,,,,,7800,kg/m3,22.5,kg/m,,,,,,,,,,Steel,,,,,4789556099.102.1,Industry average,American Institute of Steel Construction,UL Environment,UL Environment,External,Industrial Ecology Consultants,ISO 21930:2017,"Designated Steel Construction Product, UL 2029",TRACI 2.10,GaBi v19,GaBi 2029,,
STR010,4789556099.102.1,,,,,,,2026,,Structural Steel / Wide Flange,American Institute of Steel Construction,Hot-rolled strucutural steel,W200x27 (W8x18),,US,US & CA,,1.22,kg,,,,,,,,,,,,,,,7800,kg/m3,26.6000,kg/m,,,,,,,,,,Steel,,,,,4789556099.102.1,Industry average,American Institute of Steel Construction,UL Environment,UL Environment,External,Industrial Ecology Consultants,ISO 21930:2017,"Designated Steel Construction Product, UL 2030",TRACI 2.11,GaBi v20,GaBi 2030,,
STR011,4789556099.102.1,,,,,,,2026,,Structural Steel / Wide Flange,American Institute of Steel Construction,Hot-rolled strucutural steel,W200x31 (W8x21),,US,US & CA,,1.22,kg,,,,,,,,,,,,,,,7800,kg/m3,31.3000,kg/m,,,,,,,,,,Steel,,,,,4789556099.102.1,Industry average,American Institute of Steel Construction,UL Environment,UL Environment,External,Industrial Ecology Consultants,ISO 21930:2017,"Designated Steel Construction Product, UL 2031",TRACI 2.12,GaBi v21,GaBi 2031,,
STR012,4789556099.102.1,,,,,,,2026,,Structural Steel / Wide Flange,American Institute of Steel Construction,Hot-rolled strucutural steel,W200x36 (W8x24),,US,US & CA,,1.22,kg,,,,,,,,,,,,,,,7800,kg/m3,35.9,kg/m,,,,,,,,,,Steel,,,,,4789556099.102.1,Industry average,American Institute of Steel Construction,UL Environment,UL Environment,External,Industrial Ecology Consultants,ISO 21930:2017,"Designated Steel Construction Product, UL 2032",TRACI 2.13,GaBi v22,GaBi 2032,,
STR013,4789556099.102.1,,,,,,,2026,,Structural Steel / Wide Flange,American Institute of Steel Construction,Hot-rolled strucutural steel,W200x42 (W8x28),,US,US & CA,,1.22,kg,,,,,,,,,,,,,,,7800,kg/m3,41.7,kg/m,,,,,,,,,,Steel,,,,,4789556099.102.1,Industry average,American Institute of Steel Construction,UL Environment,UL Environment,External,Industrial Ecology Consultants,ISO 21930:2017,"Designated Steel Construction Product, UL 2033",TRACI 2.14,GaBi v23,GaBi 2033,,
STR014,4789556099.102.1,,,,,,,2026,,Structural Steel / Wide Flange,American Institute of Steel Construction,Hot-rolled strucutural steel,W200x59 (W8x40),,US,US & CA,,1.22,kg,,,,,,,,,,,,,,,7800,kg/m3,59,kg/m,,,,,,,,,,Steel,,,,,4789556099.102.1,Industry average,American Institute of Steel Construction,UL Environment,UL Environment,External,Industrial Ecology Consultants,ISO 21930:2017,"Designated Steel Construction Product, UL 2034",TRACI 2.15,GaBi v24,GaBi 2034,,
STR015,4789556099.102.1,,,,,,,2026,,Structural Steel / Wide Flange,American Institute of Steel Construction,Hot-rolled strucutural steel,W200x71 (W8x48),,US,US & CA,,1.22,kg,,,,,,,,,,,,,,,7800,kg/m3,71,kg/m,,,,,,,,,,Steel,,,,,4789556099.102.1,Industry average,American Institute of Steel Construction,UL Environment,UL Environment,External,Industrial Ecology Consultants,ISO 21930:2017,"Designated Steel Construction Product, UL 2035",TRACI 2.16,GaBi v25,GaBi 2035,,
STR016,4789556099.102.1,,,,,,,2026,,Structural Steel / Wide Flange,American Institute of Steel Construction,Hot-rolled strucutural steel,W250x18 (W10x12),,US,US & CA,,1.22,kg,,,,,,,,,,,,,,,7800,kg/m3,17.9,kg/m,,,,,,,,,,Steel,,,,,4789556099.102.1,Industry average,American Institute of Steel Construction,UL Environment,UL Environment,External,Industrial Ecology Consultants,ISO 21930:2017,"Designated Steel Construction Product, UL 2036",TRACI 2.17,GaBi v26,GaBi 2036,,
STR017,4789556099.102.1,,,,,,,2026,,Structural Steel / Wide Flange,American Institute of Steel Construction,Hot-rolled strucutural steel,W250x22 (W10x15),,US,US & CA,,1.22,kg,,,,,,,,,,,,,,,7800,kg/m3,22.3,kg/m,,,,,,,,,,Steel,,,,,4789556099.102.1,Industry average,American Institute of Steel Construction,UL Environment,UL Environment,External,Industrial Ecology Consultants,ISO 21930:2017,"Designated Steel Construction Product, UL 2037",TRACI 2.18,GaBi v27,GaBi 2037,,
STR018,4789556099.102.1,,,,,,,2026,,Structural Steel / Wide Flange,American Institute of Steel Construction,Hot-rolled strucutural steel,W250x25 (W10x17),,US,US & CA,,1.22,kg,,,,,,,,,,,,,,,7800,kg/m3,25.3,kg/m,,,,,,,,,,Steel,,,,,4789556099.102.1,Industry average,American Institute of Steel Construction,UL Environment,UL Environment,External,Industrial Ecology Consultants,ISO 21930:2017,"Designated Steel Construction Product, UL 2038",TRACI 2.19,GaBi v28,GaBi 2038,,
STR019,4789556099.102.1,,,,,,,2026,,Structural Steel / Wide Flange,American Institute of Steel Construction,Hot-rolled strucutural steel,W250x28 (W10x19),,US,US & CA,,1.22,kg,,,,,,,,,,,,,,,7800,kg/m3,28.4,kg/m,,,,,,,,,,Steel,,,,,4789556099.102.1,Industry average,American Institute of Steel Construction,UL Environment,UL Environment,External,Industrial Ecology Consultants,ISO 21930:2017,"Designated Steel Construction Product, UL 2039",TRACI 2.20,GaBi v29,GaBi 2039,,
STR020,4789556099.102.1,,,,,,,2026,,Structural Steel / Wide Flange,American Institute of Steel Construction,Hot-rolled strucutural steel,W250x33 (W10x22),,US,US & CA,,1.22,kg,,,,,,,,,,,,,,,7800,kg/m3,32.7,kg/m,,,,,,,,,,Steel,,,,,4789556099.102.1,Industry average,American Institute of Steel Construction,UL Environment,UL Environment,External,Industrial Ecology Consultants,ISO 21930:2017,"Designated Steel Construction Product, UL 2040",TRACI 2.21,GaBi v30,GaBi 2040,,
STR021,4789556099.102.1,,,,,,,2026,,Structural Steel / Wide Flange,American Institute of Steel Construction,Hot-rolled strucutural steel,W250x39 (W10x26),,US,US & CA,,1.22,kg,,,,,,,,,,,,,,,7800,kg/m3,38.5,kg/m,,,,,,,,,,Steel,,,,,4789556099.102.1,Industry average,American Institute of Steel Construction,UL Environment,UL Environment,External,Industrial Ecology Consultants,ISO 21930:2017,"Designated Steel Construction Product, UL 2041",TRACI 2.22,GaBi v31,GaBi 2041,,
STR022,4789556099.102.1,,,,,,,2026,,Structural Steel / Wide Flange,American Institute of Steel Construction,Hot-rolled strucutural steel,W250x45 (W10x30),,US,US & CA,,1.22,kg,,,,,,,,,,,,,,,7800,kg/m3,44.8,kg/m,,,,,,,,,,Steel,,,,,4789556099.102.1,Industry average,American Institute of Steel Construction,UL Environment,UL Environment,External,Industrial Ecology Consultants,ISO 21930:2017,"Designated Steel Construction Product, UL 2042",TRACI 2.23,GaBi v32,GaBi 2042,,
STR023,4789556099.102.1,,,,,,,2026,,Structural Steel / Wide Flange,American Institute of Steel Construction,Hot-rolled strucutural steel,W250x50 (W10x33),,US,US & CA,,1.22,kg,,,,,,,,,,,,,,,7800,kg/m3,49.1,kg/m,,,,,,,,,,Steel,,,,,4789556099.102.1,Industry average,American Institute of Steel Construction,UL Environment,UL Environment,External,Industrial Ecology Consultants,ISO 21930:2017,"Designated Steel Construction Product, UL 2043",TRACI 2.24,GaBi v33,GaBi 2043,,
STR024,4789556099.102.1,,,,,,,2026,,Structural Steel / Wide Flange,American Institute of Steel Construction,Hot-rolled strucutural steel,W250x58 (W10x38),,US,US & CA,,1.22,kg,,,,,,,,,,,,,,,7800,kg/m3,58,kg/m,,,,,,,,,,Steel,,,,,4789556099.102.1,Industry average,American Institute of Steel Construction,UL Environment,UL Environment,External,Industrial Ecology Consultants,ISO 21930:2017,"Designated Steel Construction Product, UL 2044",TRACI 2.25,GaBi v34,GaBi 2044,,
STR025,4789556099.102.1,,,,,,,2026,,Structural Steel / Wide Flange,American Institute of Steel Construction,Hot-rolled strucutural steel,W250x67 (W10x45),,US,US & CA,,1.22,kg,,,,,,,,,,,,,,,7800,kg/m3,67,kg/m,,,,,,,,,,Steel,,,,,4789556099.102.1,Industry average,American Institute of Steel Construction,UL Environment,UL Environment,External,Industrial Ecology Consultants,ISO 21930:2017,"Designated Steel Construction Product, UL 2045",TRACI 2.26,GaBi v35,GaBi 2045,,
STR026,4789556099.102.1,,,,,,,2026,,Structural Steel / Wide Flange,American Institute of Steel Construction,Hot-rolled strucutural steel,W250x73 (W10x49),,US,US & CA,,1.22,kg,,,,,,,,,,,,,,,7800,kg/m3,73,kg/m,,,,,,,,,,Steel,,,,,4789556099.102.1,Industry average,American Institute of Steel Construction,UL Environment,UL Environment,External,Industrial Ecology Consultants,ISO 21930:2017,"Designated Steel Construction Product, UL 2046",TRACI 2.27,GaBi v36,GaBi 2046,,
STR027,4789556099.102.1,,,,,,,2026,,Structural Steel / Wide Flange,American Institute of Steel Construction,Hot-rolled strucutural steel,W250x80 (W10x54),,US,US & CA,,1.22,kg,,,,,,,,,,,,,,,7800,kg/m3,80,kg/m,,,,,,,,,,Steel,,,,,4789556099.102.1,Industry average,American Institute of Steel Construction,UL Environment,UL Environment,External,Industrial Ecology Consultants,ISO 21930:2017,"Designated Steel Construction Product, UL 2047",TRACI 2.28,GaBi v37,GaBi 2047,,
STR028,4789556099.102.1,,,,,,,2026,,Structural Steel / Wide Flange,American Institute of Steel Construction,Hot-rolled strucutural steel,W250x131 (W10x88),,US,US & CA,,1.22,kg,,,,,,,,,,,,,,,7800,kg/m3,131,kg/m,,,,,,,,,,Steel,,,,,4789556099.102.1,Industry average,American Institute of Steel Construction,UL Environment,UL Environment,External,Industrial Ecology Consultants,ISO 21930:2017,"Designated Steel Construction Product, UL 2048",TRACI 2.29,GaBi v38,GaBi 2048,,
STR029,4789556099.102.1,,,,,,,2026,,Structural Steel / Wide Flange,American Institute of Steel Construction,Hot-rolled strucutural steel,W310x129 (W12x87),,US,US & CA,,1.22,kg,,,,,,,,,,,,,,,7800,kg/m3,129,kg/m,,,,,,,,,,Steel,,,,,4789556099.102.1,Industry average,American Institute of Steel Construction,UL Environment,UL Environment,External,Industrial Ecology Consultants,ISO 21930:2017,"Designated Steel Construction Product, UL 2049",TRACI 2.30,GaBi v39,GaBi 2049,,
STR030,4789556099.102.1,,,,,,,2026,,Structural Steel / Wide Flange,American Institute of Steel Construction,Hot-rolled strucutural steel,W310x21 (W12x14),,US,US & CA,,1.22,kg,,,,,,,,,,,,,,,7800,kg/m3,21,kg/m,,,,,,,,,,Steel,,,,,4789556099.102.1,Industry average,American Institute of Steel Construction,UL Environment,UL Environment,External,Industrial Ecology Consultants,ISO 21930:2017,"Designated Steel Construction Product, UL 2050",TRACI 2.31,GaBi v40,GaBi 2050,,
STR031,4789556099.102.1,,,,,,,2026,,Structural Steel / Wide Flange,American Institute of Steel Construction,Hot-rolled strucutural steel,W310x33 (W12x22),,US,US & CA,,1.22,kg,,,,,,,,,,,,,,,7800,kg/m3,32.7,kg/m,,,,,,,,,,Steel,,,,,4789556099.102.1,Industry average,American Institute of Steel Construction,UL Environment,UL Environment,External,Industrial Ecology Consultants,ISO 21930:2017,"Designated Steel Construction Product, UL 2051",TRACI 2.32,GaBi v41,GaBi 2051,,
STR032,4789556099.102.1,,,,,,,2026,,Structural Steel / Wide Flange,American Institute of Steel Construction,Hot-rolled strucutural steel,W310x39 (W12x26),,US,US & CA,,1.22,kg,,,,,,,,,,,,,,,7800,kg/m3,38.5,kg/m,,,,,,,,,,Steel,,,,,4789556099.102.1,Industry average,American Institute of Steel Construction,UL Environment,UL Environment,External,Industrial Ecology Consultants,ISO 21930:2017,"Designated Steel Construction Product, UL 2052",TRACI 2.33,GaBi v42,GaBi 2052,,
STR033,4789556099.102.1,,,,,,,2026,,Structural Steel / Wide Flange,American Institute of Steel Construction,Hot-rolled strucutural steel,W310x45 (W12x30),,US,US & CA,,1.22,kg,,,,,,,,,,,,,,,7800,kg/m3,44.5,kg/m,,,,,,,,,,Steel,,,,,4789556099.102.1,Industry average,American Institute of Steel Construction,UL Environment,UL Environment,External,Industrial Ecology Consultants,ISO 21930:2017,"Designated Steel Construction Product, UL 2053",TRACI 2.34,GaBi v43,GaBi 2053,,
STR034,4789556099.102.1,,,,,,,2026,,Structural Steel / Wide Flange,American Institute of Steel Construction,Hot-rolled strucutural steel,W310x52 (W12x35),,US,US & CA,,1.22,kg,,,,,,,,,,,,,,,7800,kg/m3,52,kg/m,,,,,,,,,,Steel,,,,,4789556099.102.1,Industry average,American Institute of Steel Construction,UL Environment,UL Environment,External,Industrial Ecology Consultants,ISO 21930:2017,"Designated Steel Construction Product, UL 2054",TRACI 2.35,GaBi v44,GaBi 2054,,
STR035,4789556099.102.1,,,,,,,2026,,Structural Steel / Wide Flange,American Institute of Steel Construction,Hot-rolled strucutural steel,W310x79 (W12x53),,US,US & CA,,1.22,kg,,,,,,,,,,,,,,,7800,kg/m3,79,kg/m,,,,,,,,,,Steel,,,,,4789556099.102.1,Industry average,American Institute of Steel Construction,UL Environment,UL Environment,External,Industrial Ecology Consultants,ISO 21930:2017,"Designated Steel Construction Product, UL 2055",TRACI 2.36,GaBi v45,GaBi 2055,,
STR036,4789556099.102.1,,,,,,,2026,,Structural Steel / Wide Flange,American Institute of Steel Construction,Hot-rolled strucutural steel,W360x33 (W14x22),,US,US & CA,,1.22,kg,,,,,,,,,,,,,,,7800,kg/m3,32.736,kg/m,,,,,,,,,,Steel,,,,,4789556099.102.1,Industry average,American Institute of Steel Construction,UL Environment,UL Environment,External,Industrial Ecology Consultants,ISO 21930:2017,"Designated Steel Construction Product, UL 2056",TRACI 2.37,GaBi v46,GaBi 2056,,
STR037,4789556099.102.1,,,,,,,2026,,Structural Steel / Wide Flange,American Institute of Steel Construction,Hot-rolled strucutural steel,W360x45 (W14x30),,US,US & CA,,1.22,kg,,,,,,,,,,,,,,,7800,kg/m3,44.64,kg/m,,,,,,,,,,Steel,,,,,4789556099.102.1,Industry average,American Institute of Steel Construction,UL Environment,UL Environment,External,Industrial Ecology Consultants,ISO 21930:2017,"Designated Steel Construction Product, UL 2057",TRACI 2.38,GaBi v47,GaBi 2057,,
STR038,4789556099.102.1,,,,,,,2026,,Structural Steel / Wide Flange,American Institute of Steel Construction,Hot-rolled strucutural steel,W360x51 (W14x34),,US,US & CA,,1.22,kg,,,,,,,,,,,,,,,7800,kg/m3,50.59,kg/m,,,,,,,,,,Steel,,,,,4789556099.102.1,Industry average,American Institute of Steel Construction,UL Environment,UL Environment,External,Industrial Ecology Consultants,ISO 21930:2017,"Designated Steel Construction Product, UL 2058",TRACI 2.39,GaBi v48,GaBi 2058,,
STR039,4789556099.102.1,,,,,,,2026,,Structural Steel / Wide Flange,American Institute of Steel Construction,Hot-rolled strucutural steel,W360x57 (W14x38),,US,US & CA,,1.22,kg,,,,,,,,,,,,,,,7800,kg/m3,56.544,kg/m,,,,,,,,,,Steel,,,,,4789556099.102.1,Industry average,American Institute of Steel Construction,UL Environment,UL Environment,External,Industrial Ecology Consultants,ISO 21930:2017,"Designated Steel Construction Product, UL 2059",TRACI 2.40,GaBi v49,GaBi 2059,,
STR040,4789556099.102.1,,,,,,,2026,,Structural Steel / Wide Flange,American Institute of Steel Construction,Hot-rolled strucutural steel,W410x74 (W16x50),,US,US & CA,,1.22,kg,,,,,,,,,,,,,,,7800,kg/m3,74,kg/m,,,,,,,,,,Steel,,,,,4789556099.102.1,Industry average,American Institute of Steel Construction,UL Environment,UL Environment,External,Industrial Ecology Consultants,ISO 21930:2017,"Designated Steel Construction Product, UL 2060",TRACI 2.41,GaBi v50,GaBi 2060,,
STR041,4789556099.102.1,,,,,,,2026,,Structural Steel / Wide Flange,American Institute of Steel Construction,Hot-rolled strucutural steel,W530x72 (W21x48),,US,US & CA,,1.22,kg,,,,,,,,,,,,,,,7800,kg/m3,72,kg/m,,,,,,,,,,Steel,,,,,4789556099.102.1,Industry average,American Institute of Steel Construction,UL Environment,UL Environment,External,Industrial Ecology Consultants,ISO 21930:2017,"Designated Steel Construction Product, UL 2061",TRACI 2.42,GaBi v51,GaBi 2061,,
STR042,4789556099.102.1,,,,,,,2026,,Structural Steel / Wide Flange,American Institute of Steel Construction,Hot-rolled strucutural steel,W530x85 (W21x55),,US,US & CA,,1.22,kg,,,,,,,,,,,,,,,7800,kg/m3,85,kg/m,,,,,,,,,,Steel,,,,,4789556099.102.1,Industry average,American Institute of Steel Construction,UL Environment,UL Environment,External,Industrial Ecology Consultants,ISO 21930:2017,"Designated Steel Construction Product, UL 2062",TRACI 2.43,GaBi v52,GaBi 2062,,
19e71c,4789559274.101.1,,,,,,,2026-01-01,,XPS foam board,DuPont,Styrofoam (Blue) (Legacy),R 5.6/inch,,,US & CA,,60.8,m2•RSI,,,,,,,,,,,,,,,,,,,5.6,0.02575378571,,,,,,,,XPS Foam,,,,,4789559274.101.1,Product-specific,,UL Environment,,,,,,,,,,
175f1a,4789559274.102.1,,,,,,,2026-01-01,,XPS foam board,DuPont,"Styrofoam (Grey, Reduced GWP)",R 5.6/inch,,,US & CA,,36.5,m2•RSI,,,,,,,,,,,,,,,,,,,5.6,0.02575378571,,,,,,,,XPS Foam,,,,,4789559274.102.1,Product-specific,,UL Environment,,,,,,,,,,
c630d2,4789559274.103.1,,,,,,,2026-01-01,,Polyiso - wall boards,DuPont,Thermax,R 6.5/inch,,,US & CA,,2.39,m2•RSI,,,,,,,,,,,,,,,29.53,kg/m3,,,6.5,0.02218787692,,,,,,,,Polyisocyanurate,,,,,4789559274.103.1,Product-specific,,UL Environment,UL Environment,,,,,,,,,
4k2v0s,4789710952.101.1,,,,,,,2026-01-04,,Laminated strand lumber,American Wood Council & Canadian Wood Council,,,,,US & CA,,274.9,m3,,,,,,,,,,,,,,,570.22,kg/m3,,,,,,,,,,,,Wood,,,,,4789710952.101.1,Industry average,,UL Environment,UL Environment,External,,ISO 21930:2017,,,,"USLCI (2019), Ecoinvent v3.5, Datasmart (2019)",,
www115,4789733794.104.1,,,,,,,2026,,"Window, aluminum frame",Kawneer,"OptiQ AA5450, TR-9100, 8400TL, AA6400|6500|6600",Double pane,,US,US & CA,,188,m2,,,,,,,,,,,,,,,,,,,,,,,,,,,,Double pane window,,,,,4789733794.104.1,Product-specific,Kawneer North America,Thrive ESG,UL Environment,External,"James Mellentine, Thrive ESG",ISO 21930:2017,"Requirements on the EPD for Windows and Doors, IBU V1.7",TRACI 2.1,GaBi v10,GaBi 2021,,
www116,4789733794.106.1,,,,,,,2026,,"Window, aluminum frame",Kawneer,"Optiq AA4325, 8225TL|TLF, 526, AA 6400|6500, NX-300|3000",Double pane,,US,US & CA,,222,m2,,,,,,,,,,,,,,,,,,,,,,,,,,,,Double pane window,,,,,4789733794.106.1,Product-specific,Kawneer North America,Thrive ESG,UL Environment,External,"James Mellentine, Thrive ESG",ISO 21930:2017,"Requirements on the EPD for Windows and Doors, IBU V1.7",TRACI 2.1,GaBi v10,GaBi 2021,,
MPS001,4789771662.103.1,,,,,,,2026,,Metal Panels - Steel,Metal Building Manufacturers Assn,List of participating members: https://www.mbma.com/System_Members.html,24 gauge,,US,US & CA,,1233,100 m2,,,,,,,,,,,,,,,4.73,kg/m2,,,,,,,,,0.001,,,Steel,,,,,4789771662.103.1,Industry average,Metal Building Manufacturers Association,Athena Sustainable Materials Institute,UL Environment,External,Industrial Ecology Consultants,ISO 21930:2017,"Metal panels, metal composite panels and metal cladding: roof and wall panels, UL v2.0",TRACI 2.1,SimaPro 9.1.1.1,Ecoinvent 3.6,75,
rnd601,4789773836.101.1,,,,,,,2026-01-01,,Spray polyurethane foam - Closed Cell (HFO),Huntsman Building Solutions,Heatlok HFO & Heatlok Soya HFO,,,,US & CA,,2.5026,m2•RSI,,,,,,,,,,,,,,,38.4,kg/m3,,,6.5,0.02218787692,,,,,,,,Polyurethane,,,,,4789773836.101.1,Product-specific,Huntsman Building Solutions,UL Environment,UL Environment,External,UL PRR Review Panel,,,TRACI 2.1,GaBi v9.2,GaBi 2020 sp 40,75,
1cgews,4789793365.101.1,,,,,,,2026-01-01,,Rebar,Nucor Corporation,US sizes,#5,,,US & CA,,0.863,kg,,,,,,,,,,,,,,,7800,kg/m3,1.556,kg/m,,,,,,,,,,,,,,,4789793365.101.1,Product-specific,"Nucor Corporation, North Carolina",UL Environment,UL Environment,External,UL Environment,ISO 14025: 2006,,,GaBi v10,GaBi 2020.2,,
3fxswa,4789793365.101.1,,,,,,,2026-01-01,,Rebar,Nucor Corporation,US sizes,#8,,,US & CA,,0.863,kg,,,,,,,,,,,,,,,7800,kg/m3,3.982,kg/m,,,,,,,,,,,,,,,4789793365.101.1,Product-specific,"Nucor Corporation, North Carolina",UL Environment,UL Environment,External,UL Environment,ISO 14025: 2006,,,GaBi v10,GaBi 2020.2,,
3vwqxf,4789793365.101.1,,,,,,,2026-01-01,,Rebar,Nucor Corporation,US sizes,#6,,,US & CA,,0.863,kg,,,,,,,,,,,,,,,7800,kg/m3,2.24,kg/m,,,,,,,,,,,,,,,4789793365.101.1,Product-specific,"Nucor Corporation, North Carolina",UL Environment,UL Environment,External,UL Environment,ISO 14025: 2006,,,GaBi v10,GaBi 2020.2,,
a03cls,4789793365.101.1,,,,,,,2026-01-01,,Rebar,Nucor Corporation,Canadian sizes,15M,,,US & CA,,0.863,kg,,,,,,,,,,,,,,,7800,kg/m3,1.57,kg/m,,,,,,,,,,,,,,,4789793365.101.1,Product-specific,"Nucor Corporation, North Carolina",UL Environment,UL Environment,External,UL Environment,ISO 14025: 2006,,,GaBi v10,GaBi 2020.2,,
bomxc2,4789793365.101.1,,,,,,,2026-01-01,,Rebar,Nucor Corporation,US sizes,#4,,,US & CA,,0.863,kg,,,,,,,,,,,,,,,7800,kg/m3,0.996,kg/m,,,,,,,,,,,,,,,4789793365.101.1,Product-specific,"Nucor Corporation, North Carolina",UL Environment,UL Environment,External,UL Environment,ISO 14025: 2006,,,GaBi v10,GaBi 2020.2,,
fdk49v,4789793365.101.1,,,,,,,2026-01-01,,Rebar,Nucor Corporation,US sizes,#3,,,US & CA,,0.863,kg,,,,,,,,,,,,,,,7800,kg/m3,0.561,kg/m,,,,,,,,,,,,,,,4789793365.101.1,Product-specific,"Nucor Corporation, North Carolina",UL Environment,UL Environment,External,UL Environment,ISO 14025: 2006,,,GaBi v10,GaBi 2020.2,,
g42xas,4789793365.101.1,,,,,,,2026-01-01,,Rebar,Nucor Corporation,US sizes,#7,,,US & CA,,0.863,kg,,,,,,,,,,,,,,,7800,kg/m3,3.049,kg/m,,,,,,,,,,,,,,,4789793365.101.1,Product-specific,"Nucor Corporation, North Carolina",UL Environment,UL Environment,External,UL Environment,ISO 14025: 2006,,,GaBi v10,GaBi 2020.2,,
l2jfis,4789793365.101.1,,,,,,,2026-01-01,,Rebar,Nucor Corporation,Canadian sizes,10M,,,US & CA,,0.863,kg,,,,,,,,,,,,,,,7800,kg/m3,0.785,kg/m,,,,,,,,,,,,,,,4789793365.101.1,Product-specific,"Nucor Corporation, North Carolina",UL Environment,UL Environment,External,UL Environment,ISO 14025: 2006,,,GaBi v10,GaBi 2020.2,,
sdf38s,4789793365.101.1,,,,,,,2026-01-01,,Rebar,Nucor Corporation,Canadian sizes,20M,,,US & CA,,0.863,kg,,,,,,,,,,,,,,,7800,kg/m3,2.355,kg/m,,,,,,,,,,,,,,,4789793365.101.1,Product-specific,"Nucor Corporation, North Carolina",UL Environment,UL Environment,External,UL Environment,ISO 14025: 2006,,,GaBi v10,GaBi 2020.2,,
CAR001,4789796942.139.1,,,,,,,2026,,Carpet,Shaw Flooring,Residential Broadloom,,,US,US & CA,,30.5,m2,,,,,,,,,,,,,,,3.16,kg/m2,,,,,,,,,,,,,,,,,4789796942.139.1,Product-specific,Shaw Flooring,UL Environment,UL Environment,External,"Thomas Gloria, Industrial Ecology Consultants",,UL PCR Part B: Flooring EPD Requirements,TRAC! 2.2,GaBi 9.3,GaBi Sphera Service Pack 41,5,
CAR002,4789796942.140.1.1,,,,,,,2026,,Carpet,Shaw Flooring,Residential Broadloom with ClearTouch Platinum,,,US,US & CA,,7.2,m2,,,,,,,,,,,,,,,2.38,kg/m2,,,,,,,,,,,,,,,,,4789796942.140.1.1,Product-specific,Shaw Flooring,UL Environment,UL Environment,External,"Thomas Gloria, Industrial Ecology Consultants",,UL PCR Part B: Flooring EPD Requirements,TRAC! 2.3,GaBi 9.4,GaBi Sphera Service Pack 42,5,
CAR003,4789796942.141.1,,,,,,,2026,,Carpet,Shaw Flooring,Strataworx,Carpet tile,,US,US & CA,,18.1,m2,,,,,,,,,,,,,,,2.71,kg/m2,,,,,,,,,,,,Nylon,,,,,4789796942.141.1,Product-specific,Shaw Flooring,UL Environment,UL Environment,External,"Thomas Gloria, Industrial Ecology Consultants",,UL PCR Part B: Flooring EPD Requirements,TRAC! 2.1,GaBi 9.2,GaBi Sphera Service Pack 40,5,
CAR004,4789796942.141.1,,,,,,,2026-04-01,,Carpet,Shaw,StrataWorx Carpet tile witn Nylon-6 Face Fiber,5.7 mm,,US,US & CA,,18.1,m2,,,,,,,,,,,,,,,2.71,kg/m2,,,,,,,,,,,,Nylon-6,,,,,4789796942.141.1,Product-specific,Shaw,"Sphera Solutions, Inc.",UL Environment,External,"Thomas P. Gloria, Ph.D., Industrial Ecology Consultants,",,"UL Environment PCR Part B: Flooring EPD Requirements, V2.0 (September 28, 2018)",TRACI 2.1,Gabi 9.2,"Gabi Sphera Database, Service Pack 41",15,
RRR110,4789862118.111.1,,,,,,,2028,,Asphalt Shingles,"Includes: Atlas, CertainTeed, GAF, IKO, Pabco, Tamko",Fiberglass Asphalt Shingles,,,US & CA,US & CA,,4.38,m²,,,,,,,,,,,,,,,12.39,kg/m2,,,,,,,,,,,,Asphalt Shingle,,,,,4789862118.111.1,Industry average,Asphalt Roofing Manufacturers Association,UL Environment,UL Environment,External,Industrial Ecology Consultants,ISO 14044,"Asphalt shingles, ULE 2021",TRACI 2.1,LCA for Experts v10.7,"Managed LCA Content, 2022.2",,
1a16ad,4789868895.101.1,,,,,,,2026-07-01,,XPS foam board,DuPont,Styrofoam ST-100,R 5.0/inch,,,US & CA,,4.67,m2•RSI,,,,,,,,,,,,,,,,,,,5,0.02884424,,,,,,,,XPS Foam,,,,,4789868895.101.1,Product-specific,,UL Environment,,,,,,,,,,
9ee6d0,4789883337.101.1,,,,,,,2028-01-01,,"Cement mortar, tile",Tile Council of North America,"Includes Mfrs: Ardex, Bostik, Cemenquin/Cement Pro LLC, Crest, Custom Building Products, HB Fuller, Interceramic, Laticrete, Mapei, Parex, Schluter",Amount of mortar required to install 1 m2 of 450mm x 450mm tile with a 3mm joint width,,,US & CA,,2.18,m² of tile,,,,,,,,,,,,,,,,,,,,,,,,,,,,,,,,,4789883337.101.1,Industry average,Tile Council of North America,UL Environment,,,,,,,,,75,
INS009,4789973160.110.1,,,,,,,2028-10-01,,Fiberglass loose fill,Johns Manville,"Climate Pro, Attic Protector, JM Spider PLUS (Canada)","R 2.8/inch, Formaldehyde-free",,US & CA,US & CA,,0.551,m2•RSI,,,,,,,,,,,,,,,0.46,kg/m2,,,,,,,,,,,,Fiberglass,,,,,4789973160.110.1,Product-specific,Johns Manville,"Sphera Solutions, Inc.",UL Environment,External,Cooper McCollum,,"Building Envelope Thermal Insulation EPD Requirements, UL 10010-1",TRACI 2.1,GaBi 10.5,GaBi 2021.2 (CUP 2021.2),75,
SSS004,4789985166.101.1,,,,,,,2027,,"Steel joist, open web",Steel Joist Institute,"Includes: Canam Steel, New Millenium Building Systems, Vulcraft/Nucor","12"" 12K3 joist",,US,US & CA,,1.43,kg,,,,,,,,,,,,,,,7800,kg/m3,8.480979592,kg/m,,,,,,,,,,Steel,,,,,4789985166.101.1,Industry average,Steel Joist Institute,Sphera Solutions,UL Environment,External,Industrial Ecology Consultants,ISO 21930:2017,"Designated Steel Construction Product, UL 2020",TRACI 2.1,GaBi v10,GaBi 2021,75,
LVT012,4789992969.101.1,,,,,,,2027,,Luxury Vinyl Tile,Jiangsu Fuhua,FloraFloor,4.0 mm,,China,US & CA,,5.63,m²,,,,,,,,,,,,,,,7094.7,g/m2,,,,,,,,,,,,Vinyl,,,,,4789992969.101.1,Product-specific,Jiangsu Fuhua,UL,UL,External,"Tom Gloria, PhD, Industrial Ecology Consultants",EN 15804 & ISO 21930:2017,"Part B: Flooring EPD Requirements, UL 10010-7, v2",TRACI 2.0,SimaPro 9,Ecoinvent 3,15,
SSS001,4789995390.101.1,,,,,,,2026-07-01,,Steel studs - Load bearing,MarinoWARE,Structural stud and track,"600-S-137-54, 16 gauge, ""2x6""",,,US,,2.48,kg,,,,,,,,,,,,,,,7800,kg/m3,2.604,kg/m,,,,,,,,,,Steel,,,,,4789995390.101.1,Product-specific,MarinoWare,UL,UL,External,"Thomas P. Gloria, Ph.D., Industrial Ecology Consultants,",,"UL Part B: Designated Steel Construction Products v2.0 (August 26, 2020)",TRACI 2.1,GaBi 10,GaBi 2021.1,,
SSS003,4789995390.101.1,,,,,,,2026-07-01,,Steel studs - Non-loadbearing,MarinoWARE,Viper Stud Viper 20,"362-S-125-18, 20EQ gauge, ""2x4""",,,US,,2.48,kg,,,,,,,,,,,,,,,7850,kg/m3,0.6293817,kg/m,,,,,,,,,,Steel,,,,,4789995390.101.1,Product-specific,MarinoWare,UL,UL,External,"Thomas P. Gloria, Ph.D., Industrial Ecology Consultants,",,"UL Part B: Designated Steel Construction Products v2.0 (August 26, 2020)",TRACI 2.1,GaBi 10,GaBi 2021.1,,
RRR116,4790050198.101.1,,,,,,,2026-12-23,,Asphalt Shingles,Malarkey Roofing,Legacy,,,US,US & CA,,343.0,100m2,,,,,,,,,,,,,,,,,,,,,,,,,,,,Asphalt Shingles,,,,,4790050198.101.1,Product-specific,Malarkey Roofing Products,Sustainable Solutions Corporation,UL Environment,External,"James Mellentine, Thrive ESG,","ISO 14025,
EN 15804 and ISO 21930:2017","Part B: Asphalt Shingles, Built-up Asphalt membrance Roofing and Modified Bituminous Membrane
Roofing EPD Requirements",TRACI 2.1,,GaBi database Schema 8007 Content version 2021.2,35,
RRR117,4790050198.102.1,,,,,,,2026-12-23,,Asphalt Shingles,Malarkey Roofing,Vista,,,US,US & CA,,299.0,100m2,,,,,,,,,,,,,,,,,,,,,,,,,,,,Asphalt Shingles,,,,,4790050198.102.1,Product-specific,Malarkey Roofing Products,Sustainable Solutions Corporation,UL Environment,External,"James Mellentine, Thrive ESG,","ISO 14025,
EN 15804 and ISO 21930:2017","Part B: Asphalt Shingles, Built-up Asphalt membrance Roofing and Modified Bituminous Membrane
Roofing EPD Requirements",TRACI 2.1,,GaBi database Schema 8007 Content version 2021.2,30,
RRR118,4790050198.103.1,,,,,,,2026-12-23,,Asphalt Shingles,Malarkey Roofing,Windsor,,,US,US & CA,,453.0,100m2,,,,,,,,,,,,,,,,,,,,,,,,,,,,Asphalt Shingles,,,,,4790050198.103.1,Product-specific,Malarkey Roofing Products,Sustainable Solutions Corporation,UL Environment,External,"James Mellentine, Thrive ESG,","ISO 14025,
EN 15804 and ISO 21930:2017","Part B: Asphalt Shingles, Built-up Asphalt membrance Roofing and Modified Bituminous Membrane
Roofing EPD Requirements",TRACI 2.1,,GaBi database Schema 8007 Content version 2021.2,35,
RRR115,4790050198.104.1,,,,,,,2026-12-23,,Asphalt Shingles,Malarkey Roofing,Highlander NEX,,,US,US & CA,,277.0,100m2,,,,,,,,,,,,,,,,,,,,,,,,,,,,Asphalt Shingles,,,,,4790050198.104.1,Product-specific,Malarkey Roofing Products,Sustainable Solutions Corporation,UL Environment,External,"James Mellentine, Thrive ESG,","ISO 14025,
EN 15804 and ISO 21930:2017","Part B: Asphalt Shingles, Built-up Asphalt membrance Roofing and Modified Bituminous Membrane
Roofing EPD Requirements",TRACI 2.1,,Thinkstep database schema v8007 Content Version 2021.2,25,
RRR112,4790050198.105.1,,,,,,,2026-12-23,,Asphalt Shingles,Malarkey Roofing,Ecoasis NEX,,,US,US & CA,,282.0,100m2,,,,,,,,,,,,,,,,,,,,,,,,,,,,Asphalt Shingles,,,,,4790050198.105.1,Product-specific,Malarkey Roofing Products,Sustainable Solutions Corporation,UL Environment,External,"James Mellentine, Thrive ESG,","ISO 14025,
EN 15804 and ISO 21930:2017","Part B: Asphalt Shingles, Built-up Asphalt membrance Roofing and Modified Bituminous Membrane
Roofing EPD Requirements",TRACI 2.1,,Thinkstep database schema v8007 Content Version 2021.2,25,
RRR113,4790050198.105.1,,,,,,,2026-12-23,,Asphalt Shingles,Malarkey Roofing,Ecoasis Premium,,,US,US & CA,,373.0,100m2,,,,,,,,,,,,,,,,,,,,,,,,,,,,Asphalt Shingles,,,,,4790050198.105.1,Product-specific,Malarkey Roofing Products,Sustainable Solutions Corporation,UL Environment,External,"James Mellentine, Thrive ESG,","ISO 14025,
EN 15804 and ISO 21930:2017","Part B: Asphalt Shingles, Built-up Asphalt membrance Roofing and Modified Bituminous Membrane
Roofing EPD Requirements",TRACI 2.1,,Thinkstep database schema v8007 Content Version 2021.2,25,
RRR114,4790050198.106.1,,,,,,,2026-12-23,,Asphalt Shingles,Malarkey Roofing,Dura-Seal,,,US,US & CA,,225.0,100m2,,,,,,,,,,,,,,,,,,,,,,,,,,,,Asphalt Shingles,,,,,4790050198.106.1,Product-specific,Malarkey Roofing Products,Sustainable Solutions Corporation,UL Environment,External,"James Mellentine, Thrive ESG,","ISO 14025,
EN 15804 and ISO 21930:2017","Part B: Asphalt Shingles, Built-up Asphalt membrance Roofing and Modified Bituminous Membrane
Roofing EPD Requirements",TRACI 2.1,,Thinkstep database schema v8007 Content Version 2021.2,25,
LVT007,4790050503.103.1,,,,,,,2026-01-10,,Vinyl flooring,Shaw - Patcraft,Luxury Vinyl Tile,2 - 5 mm,,US,US & CA,,9.59,m2,,,,,,,,,,,,,,,0.00576,g/mm2,,,,,,5.76,,,,,,Vinyl,,,,,4790050503.103.1,Product-specific,Patcraft,"Sphera Solutions, Inc.",UL Environment,External,"Thomas P. Gloria, Industrial Ecology Consultants",,"UL Environment PCR Part B: Flooring EPD Requirements, v2.0 (September 28, 2018)",TRACI 2.1,GaBi 10,"GaBi Sphera database, content update 2021.1",15,
INS041,4790550934-101.1,,,,,,,2027,,Spray polyurethane foam,Carlisle,SealTite PRO Closed Cell (HFC),R7.0-inch,,US,US & CA,,9.01,m2•RSI,,,,,,,,,,,,,,,32,kg/m3,,,7.00,,,,,,,,,Spray polyurethane foam,,,,,4790550934-101.1,Product-specific,Carlisle Spray Foam Insulation,Thrive ESG,UL Environment,External,UL Environment,ISO 21930:2017,"Building Envelope Thermal Insulation, UL 2018",TRACI 2.1,GaBi 10,GaBi 2022,75,
INS042,4790550934-101.1,,,,,,,2027,,Spray polyurethane foam,Carlisle,"SealTite PRO HFO, SealTite One",R7.0-inch,,US,US & CA,,2.67,m2•RSI,,,,,,,,,,,,,,,32,kg/m3,,,7.00,,,,,,,,,Spray polyurethane foam,,,,,4790550934-101.1,Product-specific,Carlisle Spray Foam Insulation,Thrive ESG,UL Environment,External,UL Environment,ISO 21930:2017,"Building Envelope Thermal Insulation, UL 2018",TRACI 2.1,GaBi 10,GaBi 2022,75,
INS044,4790550934-101.1,,,,,,,2027,,Spray polyurethane foam,Carlisle,"SealTite PRO Open Cell, SealTite PRO High Yield, SealTite PRO No Mix, SealTite PRO OCX",R3.7-inch,,US,US & CA,,1.12,m2•RSI,,,,,,,,,,,,,,,48,kg/m3,,,6.50,,,,,,,,,Spray polyurethane foam,,,,,4790550934-101.1,Product-specific,Carlisle Spray Foam Insulation,Thrive ESG,UL Environment,External,UL Environment,ISO 21930:2017,"Building Envelope Thermal Insulation, UL 2018",TRACI 2.1,GaBi 10,GaBi 2022,75,
INS046,4790550934-101.1,,,,,,,2027,,Spray polyurethane foam,Carlisle,PremiSEAL,R6.5-inch,,US,US & CA,,12.99,m2•RSI,,,,,,,,,,,,,,,48,kg/m3,,,6.50,,,,,,,,,Spray polyurethane foam,,,,,4790550934-101.1,Product-specific,Carlisle Spray Foam Insulation,Thrive ESG,UL Environment,External,UL Environment,ISO 21930:2017,"Building Envelope Thermal Insulation, UL 2018",TRACI 2.1,GaBi 10,GaBi 2022,75,
INS047,4790550934-101.1,,,,,,,2027,,Spray polyurethane foam,Carlisle,PremiR + EVO,R6.5-inch,,US,US & CA,,4.44,m2•RSI,,,,,,,,,,,,,,,48,kg/m3,,,6.50,,,,,,,,,Spray polyurethane foam,,,,,4790550934-101.1,Product-specific,Carlisle Spray Foam Insulation,Thrive ESG,UL Environment,External,UL Environment,ISO 21930:2017,"Building Envelope Thermal Insulation, UL 2018",TRACI 2.1,GaBi 10,GaBi 2022,75,
EPS000,4790678084.101.1,,,,,,,2028,,EPS foam board,EPS Industry Alliance,"Includes: Atlas Molded Products, Beaver Plastics, Insulfoam, Insulation Technology, Groupe Isolofoam, Le Groupe Legerlite, Plasti-Fab EPS, Polar Industries, Progressive Foam Technologies, Thermal Foams","R 4.3/inch, Type XV, 60 psi (400 kPa)",,US & CA,US & CA,,7.04,m2•RSI,,,,,,,,,,,,,,,48.1,kg/m3,0.76,KM2/w,4.3,0.0335398,,,,,,,,EPS Foam,,,,,4790678084.101.1,Industry average,EPS Industry Alliance,UL Environment,UL Environment,External,Thrive ESG,ISO 21930:2017,Building Envelope Thermal Insulation EPD Requirements UL v2.3,TRACI 2.1 & CML-IA v4.10,SimaPro 9.7,Ecoinvent 3.11,75,
EPS001,4790678084.101.1,,,,,,,2028,,EPS foam board,EPS Industry Alliance,"Includes: Atlas Molded Products, Beaver Plastics, Insulfoam, Insulation Technology, Groupe Isolofoam, Le Groupe Legerlite, Plasti-Fab EPS, Polar Industries, Progressive Foam Technologies, Thermal Foams","R 4.2/inch, Type IX, 25 psi (170 kPa)",,US & CA,US & CA,,4.33,m2•RSI,,,,,,,,,,,,,,,28.8,kg/m3,0.74,KM2/w,4.2,0.0343384,,,,,,,,EPS Foam,,,,,4790678084.101.1,Industry average,EPS Industry Alliance,UL Environment,UL Environment,External,Thrive ESG,ISO 21930:2017,Building Envelope Thermal Insulation EPD Requirements UL v2.2,TRACI 2.1 & CML-IA v4.9,SimaPro 9.6,Ecoinvent 3.10,75,
EPS002,4790678084.101.1,,,,,,,2028,,EPS foam board,EPS Industry Alliance,"Includes: Atlas Molded Products, Beaver Plastics, Insulfoam, Insulation Technology, Groupe Isolofoam, Le Groupe Legerlite, Plasti-Fab EPS, Polar Industries, Progressive Foam Technologies, Thermal Foams","R 4.0/inch, Type II, 15 psi (100 kPa)",,US & CA,US & CA,,3.43,m2•RSI,,,,,,,,,,,,,,,21.6,kg/m3,0.7,KM2/w,4.0,0.0360553,,,,,,,,EPS Foam,,,,,4790678084.101.1,Industry average,EPS Industry Alliance,UL Environment,UL Environment,External,Thrive ESG,ISO 21930:2017,Building Envelope Thermal Insulation EPD Requirements UL v2.1,TRACI 2.1 & CML-IA v4.8,SimaPro 9.5,Ecoinvent 3.9,75,
EPS003,4790678084.101.1,,,,,,,2028,,EPS foam board,EPS Industry Alliance,"Includes: Atlas Molded Products, Beaver Plastics, Insulfoam, Insulation Technology, Groupe Isolofoam, Le Groupe Legerlite, Plasti-Fab EPS, Polar Industries, Progressive Foam Technologies, Thermal Foams","R 3.6/inch, Type I, 10 psi (70 kPa)",,US & CA,US & CA,,2.53,m2•RSI,,,,,,,,,,,,,,,14.4,kg/m3,,,3.6,0.0400614,,,,,,,,EPS Foam,,,,,4790678084.101.1,Industry average,EPS Industry Alliance,UL Environment,UL Environment,External,Thrive ESG,ISO 21930:2017,Building Envelope Thermal Insulation EPD Requirements UL v2.0,TRACI 2.1 & CML-IA v4.7,SimaPro 9.4,Ecoinvent 3.8,75,
LIN005,4790690881.101.1,,,,,,,2028,,Linoleum flooring,Forbo,Marmoleum,2.0 mm sheet,,EU,US & CAN,,2.62,m²,,,,,2.73,,,,,,,,,,2.4,kg/m2,,,,,,,,,,,,Linoleum,,,,,4790690881.101.1,Product-specific,Forbo Floorng,UL Environment,UL Environment,External,Industrial Ecology Consultants,EN 15804 + A2,,,,,,
e075b4,4790690881.101.1,,,,,,,2028,,Linoleum flooring,Forbo,Marmoleum,2.5 mm sheet,,EU,US & CAN,,3.73,m²,,,,,4.17,,,,,,,,,,3,kg/m2,,,,,,,,,,,,Linoleum,,,,,4790690881.101.1,Product-specific,Forbo Floorng,UL Environment,UL Environment,External,Industrial Ecology Consultants,,,,,,,
b8ldec,4937-6316,,,,,,,2024-03-25,,Rebar,ArcelorMittal Long Products Canada,Canadian sizes,10M,,Canada,Canada,,1.29,kg,,,,,,,,,,,,,,,7850,kg/m3,0.785,kg/m,,,,,,,,,,,,,,,4937-6316,Product-specific,ArcelorMittal Long Products Canada,Vertima Inc.,CSA Groups,External,Athena Sustainable Materials Institute,ISO 14025: 2006. ISO 21930:2007,,,,,,
kb2gox,4937-6316,,,,,,,2024-03-25,,Rebar,ArcelorMittal Long Products Canada,Canadian sizes,15M,,Canada,Canada,,1.29,kg,,,,,,,,,,,,,,,7850,kg/m3,1.57,kg/m,,,,,,,,,,,,,,,4937-6316,Product-specific,ArcelorMittal Long Products Canada,Vertima Inc.,CSA Groups,External,Athena Sustainable Materials Institute,ISO 14025: 2006. ISO 21930:2007,,,,,,
l29vks,4937-6316,,,,,,,2024-03-25,,Rebar,ArcelorMittal Long Products Canada,Canadian sizes,20M,,Canada,Canada,,1.29,kg,,,,,,,,,,,,,,,7850,kg/m3,2.355,kg/m,,,,,,,,,,,,,,,4937-6316,Product-specific,ArcelorMittal Long Products Canada,Vertima Inc.,CSA Groups,External,Athena Sustainable Materials Institute,ISO 14025: 2006. ISO 21930:2007,,,,,,
www119,494,,,,,,,2028,,"Window, aluminum frame",EFCO,"Xtherm, 5FXT, FX45, 6615, 6621, 6715, FX32, OG32, OG45",Double pane,,US,US & CA,,94.38,m2,,,,,,,,,,,,,,,,,,,,,,,,,,,,Double pane window,,,,,494,Product-specific,EFCO,Four Elements Consulting,ASTM,External,"Lindita Bushi, Athena Sustainable Materials Institute",ISO 21930,Earthsure cradle to gate window product category rule 30171600-2017,TRACI 2.1,SimaPro 9.4,,,
www120,494,,,,,,,2028,,"Window, aluminum frame",EFCO,"Xtherm, 875V, 2700, 2701, 450G, 590X, 6725, PG32, PX32, WV410, WV430",Double pane,,US,US & CA,,146.28,m2,,,,,,,,,,,,,,,,,,,,,,,,,,,,Double pane window,,,,,494,Product-specific,EFCO,Four Elements Consulting,ASTM,External,"Lindita Bushi, Athena Sustainable Materials Institute",ISO 21930,Earthsure cradle to gate window product category rule 30171600-2017,TRACI 2.1,SimaPro 9.4,,,
LAM010,5915-5885,,,,,,,2028,,Cross Laminated Timber,Nordic,Nordic Lam,"3-1/2""",,CAN,US & CA,,136.34,m3,,,,,,,,,,,,,,,486,kg/m3,0.09,m thickness,,,,,,,,,,Wood,,,,,5915-5885,Product-specific,Nordic Structures,FPInnovations,CSA,External,Jean-Francois Menard,ISO 21930,"Structural and architectural wood products, v1.1",TRACI 2.1,SimaPro 9.0003,US-EI 2.2,,
LAM011,5960-4998,,,,,,,2028,,Cross Laminated Timber,Nordic,X-Lam,"3-1/2""",,CAN,US & CA,,69.96,m3,,,,,,,,,,,,,,,456,kg/m3,0.09,m thickness,,,,,,,,,,Wood,,,,,5960-4998,Product-specific,Nordic Structures,FPInnovations,CSA,External,Jean-Francois Menard,ISO 21930,"Structural and architectural wood products, v1.1",TRACI 2.1,SimaPro 9.0003,US-EI 2.2,,
EWF001,6742-7944,,,,,,,2027,,Engineered Wood Flooring,Wickham,Engineered hardwood flooring,16 mm,,CAN,US & CA,,10.5,m2,,,,,13.490,,,,,,,,,,9.97,kg/m2,,,,,,,,,,,,Engineered wood,,,,,6742-7944,Product-specific,Wickham Hardwood Flooring,Vertima Inc,CSA,External,CIRAIG,ISO 14044:2006,Flooring EPD requirements v2.0,TRACI 2.1,OpenLCA 1.10.3,Ecoinvent 3.7,,
WWF001,6742-7944,,,,,,,2027,,Hardwood flooring,Wickham,Solid Hardwood,"3/4""",,CAN,US & CA,,3.2,m2,,,,,20.95,,,,,,,,,,12.35,kg/m2,,,,,,,,,,,,Hardwood,,,,,6742-7944,Product-specific,Wickham Hardwood Flooring,Vertima Inc,CSA,External,CIRAIG,ISO 14044:2006,Flooring EPD requirements v2.0,TRACI 2.1,OpenLCA 1.10.3,Ecoinvent 3.7,,
8b5828,#7730-2734,,,,,,,2024-12-23,,Window - average,AluQuébec,,Aluminum frame,,Canada,CAN,,136,m²,,,,,,,,,,,,,,,,,,,,,,,,,,,,Aluminum,,,,,#7730-2734,Product-specific,,"Groupe AGECO, CSA",,,,,,,,,,
www117,7730-2734,,,,,,,2024,,"Window, aluminum frame",AluQuebec,"Avg of fixed, casement, slider, hung, tilt & turn, awning",Double pane,,CA,US & CA,,136,m2,,,,,,,,,,,,,,,,,,,,,,,,,,,,Double pane window,,,,,7730-2734,Product-specific,AluQuebec,Groupe AGECO,CSA,External,"Tom Gloria, Industrial Ecology Consultants",ISO 21930,Earthsure cradle to gate window product category rule 30171600-2015,TRACI 2.1,,Ecoinvent 3.5,,
MPS003,7740-1109,,,,,,,2028,,Metal Panels - Steel,ArcelorMittal,XCarb RRP,24 gauge,,CAN,US & CA,,1.36,kg,,,,,,,,,,,,,,,7800,kg/m3,4.88,kg/m2,,,,,,,,,,Steel,,,,,7740-1109,Product-specific,ArcelorMittal Dofasco,ArcelorMittal Global R&D,CSA,External,Groupe AGECO,ISO 14044,"Designated steel construction product EPD requirements, v2.0",TRACI 2.1,GaBi 10.7,"AISI, 2020",,
Cel001,AFT-20200701-001,,,,,,,2025,,Cellulose - dense pack,Advanced Fiber Technology,AFT Carbon Smart,R 3.8-inch,,US,US & CA,,0.389,m2•RSI,,,,,,,,,,,,,,,56,kg/m3,2.13,kg/m2 at RSI1,3.80,0.0379529,,,,,,,,Cellulose,,,,,AFT-20200701-001,Product-specific,Advanced Fiber Technology,Sustainable Minds,NSF,External,NSF Certification,ISO 21930:2017,UL Building Envelope Thermal Insulation 02/23,TRACI 2.1,SimaPro 8.5.2,"Ecoinvent 3.1, 2.2",,
Cel003,AFT-20200701-001,,,,,,,2025,,Cellulose - loose fill,Advanced Fiber Technology,AFT Carbon Smart,R 3.8-inch,,US,US & CA,,0.389,m2•RSI,,,,,,,,,,,,,,,25.214,kg/m3,0.957,kg/m2 at RSI1,3.80,0.0379529,,,,,,,,Cellulose,,,,,AFT-20200701-001,Product-specific,Advanced Fiber Technology,Sustainable Minds,NSF,External,NSF Certification,ISO 21930:2017,UL Building Envelope Thermal Insulation 02/23,TRACI 2.1,SimaPro 8.5.2,"Ecoinvent 3.1, 2.2",,
Cel002,AGG-20221209-001,,,,,,,2027,,Cellulose - dense pack,Greenfiber,Sanctuary,Avg of all facilties / R3.8/inch / 56.1 kg/m3,,US,US & CA,,0.24,m²•RSI,,,,,,,,,,,,,,,56.1,kg/m3,2.171,kg/m2 at RSI1,3.80,0.0387000,,,,,,,,Cellulose,,,,,AGG-20221209-001,Product-specific,Greenfiber,Sustainable Minds,"Ecoform, LLC",External,"Jack Gelbig, Ecoform",ISO 21930:2017,ULE PCR Part B: Building envelope thermal insulation v2.0,Traci 2.1,Simapro 9.4,Ecoinvent v3.9,75,
cel004,AGG-20221209-001,,,,,,,2027,,Cellulose - loose fill,Greenfiber,Sanctuary,Avg of all facilties / R3.8/inch / 17.1 kg/m3,,US,US & CA,,0.24,m²•RSI,,,,,,,,,,,,,,,17.1,kg/m3,0.662,kg/m2 at RSI1,3.80,0.0387000,,,,,,,,Cellulose,,,,,AGG-20221209-001,Product-specific,Greenfiber,Sustainable Minds,"Ecoform, LLC",External,"Jack Gelbig, Ecoform",ISO 21930:2017,ULE PCR Part B: Building envelope thermal insulation v2.0,Traci 2.1,Simapro 9.4,Ecoinvent v3.9,75,
TPO000,ASTM-EPD425,,,,,,,2028,,TPO Roofing Membrane,Carlisle,Sure-Weld,60 mils,,US,US & CA,,3.77,m²,,,,,,,,,,,,,,,1.62,kg/m2,,,,,,,,,,,,TPO,,,,,ASTM-EPD425,Product-specific,Carlisle,ASTM International,ASTM International,External,Athena Sustainable Materials Institute,ISO 21930:2017,"Single Ply Roofing Membranes, NSF, 2019",TRACI 2.1,GaBi v10,GaBi 2022,,
INS021,BAU-EPD-FASBA-2019-01-GABI,,,,,,,2024-10-10,,Straw Bale,FASBA (Germany),Wheat & rye straw,R 2.8/inch,,EU,EU,,6.58,m3,,,,,134,,,,,,,,,,100,kg/m3,4.300,kg/m2•RSI,3.35,0.0430,11.8,,0.5-3,0.3-0.9,0.2-0.7,,,Straw,,,,,BAU-EPD-FASBA-2019-01-GABI,Industry average,Fachverband Straw Ball Construction Germany (FASBA ),Markus Worm  IBO - Austrian Institute for Building and ecology,Bau-EPD,External,"DI Dr. sc ETHZ Florian Gschösser, University of Innsbruck",,Requirements for an EPD for insulating materials made from renewable raw materials PKR-Code: 2.22.5  Version: 07.06.2019,,Umberto LCA+ (Version 10.0),GaBi Database 2016,50,
CCF001,BAU-EPD-Perlmooser-2022-1-Ecoinvent,,,,,,,1905-07-19,,Cementitious foam,Perlmooser,Airium Spray,R3.43/inch / 70 kg/m3,,EU,EU,,31.4,m3,,,,,,,,,,,,,,,70,kg/m3,,,3.43,0.042,,,,,,,,Cementitious foam,,,,,BAU-EPD-Perlmooser-2022-1-Ecoinvent,Product-specific,Perlmooser,Bau EPD GmbH,Bau EPD GmbH,External,Florian Gschosser & Hanna Schreiber,EN 15804,Andorderungen an eine EPD fur mineralische schaume v1,,Simapro 9.3,Ecoinvent v3.8,50,
INS000,B-EPD n° 21-0123-002-00.00-EN,,,,,,,2026-03-17,,Straw board,VestaEco COMPOSITES Sp. Z o.o,VestaEco Straw Insulation Boards 140,40 - 200 mm / R4-inch,,EU,EU,,5.7,m2•RSI,,,,,8.53,,,,,,,,,,140,kg/m3,,,3.35,0.043,,,,,,,,Straw,,,,,B-EPD n° 21-0123-002-00.00-EN,Product-specific,VestaEco COMPOSITES Sp. z o.o.,"Stella LAPALUS
Dr Carolina SZABLEWSKI
Dr Naeem ADIBI","Federal Public Service of Health, Food Chain Safety
and Environment",External,Evert Vermaut Vinçotte,--,"EN 15804+A2:2019
NBN/DTD B 08-001 and its complement
EN 16783",----,SimaPro version 9.1.0.7,Ecoinvent database version 3.6,60,
INT009,B-EPD n° 21-0123-002-00.00-EN,,,,,,,2026-03-17,,Straw Board Sheathing,VestaEco COMPOSITES Sp. Z o.o,VestaEco Straw Insulation Boards 140,30 mm,,EU,EU,,262.9,m3,,,,,397,,,,,,,,,,280,kg/m3,,,,,,,,,,,,Straw,,,,,B-EPD n° 21-0123-002-00.00-EN,Product-specific,VestaEco COMPOSITES Sp. z o.o.,"Stella LAPALUS
Dr Carolina SZABLEWSKI
Dr Naeem ADIBI","Federal Public Service of Health, Food Chain Safety
and Environment",External,Evert Vermaut Vinçotte,--,"EN 15804+A2:2019
NBN/DTD B 08-001 and its complement
EN 16783",----,SimaPro version 9.1.0.7,Ecoinvent database version 3.6,60,
INS002,CENIA 01.03.2023,,,,,,,2028,,Compressed straw board,Ekopanely,Ekopanel E40-800 / 40 mm,40 mm x 800 mm x 1200-3200 mm,,EU,EU,,5.0,m2 @ 40mm,,,,,9.44,,,,,,,,,,379,kg/m3,,,1.46,0.099,,,,,0.040,,,Straw,,,,,CENIA 01.03.2023,Product-specific,Ekopanely,Ecopanely,None,Internal,,--,EN 15804:2012 + A2:2019 Sustainability of construction works - environmental product declarations,CML (v4.1),,,75,
1ca576,CIM – 20191223 – 001,,,,,,,2024-12-23,,Cellulose - loose fill,CIMA,"Includes: AFT, Applegate, Can-Cell, Cell-Pak, Cleanfiber, Climatizer, Fiberlite, Igloo, ICC, Mason City, Nu-Wool, Soprema, Thermo-Kool",R 3.7/inch,,,US & CA,,0.487,m2•RSI,,,,,,,,,,,,,,,24.4,kg/m3,0.951,kg/m2 at RSI1,3.7,0.0389787,,,,,,,,Cellulose,,,,,CIM – 20191223 – 001,Industry average,CIMA - Cellulose Insulation Manufacturers Association,Sustainable Minds,UL Environment,External,NSF Certification,,,TRACI 2.1,"SimaPro Analyst 8.5.2.0, EcoInvent 3.1, 2.2",,75,
967ad6,CIM – 20191223 – 001,,,,,,,2024,,Cellulose - batt,CMS,EcoCell,R 3.6/inch,,,US,,0.487,m2•RSI,,,,,,,,,,,,,,,40,kg/m3,1.6,kg/m2 at RSI1,3.6,0.0400614,,,,,,,,Cellulose,,,,,CIM – 20191223 – 001,Product-specific,,Sustainable Minds,,,,,,,,,,
fc7d3a,CIM – 20191223 – 001,,,,,,,2024-12-23,,Cellulose - dense pack,CIMA,"Includes AFT, Applegate, Can-Cell, Cell-Pak, Cleanfiber, Climatizer, Fiberlite, Igloo, ICC, Mason City, Nu-Wool, Soprema, Thermo-Kool",R 3.7/inch,,US & CA,US & CA,,0.487,m2•RSI,,,,,,,,,,,,,,,56,kg/m3,2.184,kg/m2 at RSI1,3.7,0.0389787,,,,,,,,Cellulose,,,,,CIM – 20191223 – 001,Industry average,CIMA - Cellulose Insulation Manufacturers Association,Sustainable Minds,,,,,,,,,,
PLY000,EP397,,,,,,,2028-02-20,,Softwood Plywood Produced in British Columbia,"West Fraser Mills, Thompson River Veneer Products",Softwood Plywood Produced in British Columbia,"1/2""",,CA,US & CA,,131.68,m3,,,,,680.99,,,,,,,,,,477.33,kg/m3,,,,,,,,,,,,Sheathing,,,,,EP397,Industry average,Forestry Innovation Investment Ltd.,Athena Sustainable Materials Institute,ASTM International,External,"Dr. Thomas Gloria
Industrial Ecology Consultants",--,"Part B: Structural and Architectural Wood Products EPD Requirements, v1.0 [12]",TRACI 2.1,SimaPro v8.5,"USLCI [9], ecoinvent 3.5 [15], Datasmart [8",--,
PLY001,EP397,,,,,,,2028-02-20,,Softwood Plywood Produced in British Columbia,"West Fraser Mills, Thompson River Veneer Products",Softwood Plywood Produced in British Columbia,"3/4""",,CA,US & CA,,131.68,m3,,,,,680.99,,,,,,,,,,477.33,kg/m3,,,,,,,,,,,,Sheathing,,,,,EP397,Industry average,Forestry Innovation Investment Ltd.,Athena Sustainable Materials Institute,ASTM International,External,"Dr. Thomas Gloria
Industrial Ecology Consultants",--,"Part B: Structural and Architectural Wood Products EPD Requirements, v1.0 [12]",TRACI 2.1,SimaPro v8.5,"USLCI [9], ecoinvent 3.5 [15], Datasmart [8",--,
PLY002,EP397,,,,,,,2028-02-20,,Softwood Plywood Produced in British Columbia,"West Fraser Mills, Thompson River Veneer Products",Softwood Plywood Produced in British Columbia,"5/8""",,CA,US & CA,,131.68,m3,,,,,680.99,,,,,,,,,,477.33,kg/m3,,,,,,,,,,,,Sheathing,,,,,EP397,Industry average,Forestry Innovation Investment Ltd.,Athena Sustainable Materials Institute,ASTM International,External,"Dr. Thomas Gloria
Industrial Ecology Consultants",--,"Part B: Structural and Architectural Wood Products EPD Requirements, v1.0 [12]",TRACI 2.1,SimaPro v8.5,"USLCI [9], ecoinvent 3.5 [15], Datasmart [8",--,
SPF000,EP398,,,,,,,2028-02-20,,Wood - SPF,"Canfor, Interfor, West Fraser Mills, Western Forest Products",Surfaced Dry Softwood Lumber Produced in British Columbia,2x4,,CA,US & CA,,45.86,m3,,,,,785.7,,,,,,,,,,462.91,kg/m3,,,,,,,1.000,0.0381,0.0889,0.003387,,Framing,,,,,EP398,Industry average,Forestry Innovation Investment Ltd.,Athena Sustainable Materials Institute,ASTM International,External,"Dr. Thomas Gloria
Industrial Ecology Consultants",--,"Part B: Structural and Architectural Wood Products EPD Requirements, v1.0 [12]",TRACI 2.1,SimaPro v8.5,"USLCI [9], ecoinvent 3.5 [15], Datasmart [8",--,
SPF001,EP398,,,,,,,2028-02-20,,Wood - SPF,"Canfor, Interfor, West Fraser Mills, Western Forest Products",Surfaced Dry Softwood Lumber Produced in British Columbia,2x6,,CA,US & CA,,45.86,m3,,,,,785.7,,,,,,,,,,462.91,kg/m3,,,,,,,1.000,0.0381,0.1397,0.005323,,Framing,,,,,EP398,Industry average,Forestry Innovation Investment Ltd.,Athena Sustainable Materials Institute,ASTM International,External,"Dr. Thomas Gloria
Industrial Ecology Consultants",--,"Part B: Structural and Architectural Wood Products EPD Requirements, v1.0 [12]",TRACI 2.1,SimaPro v8.5,"USLCI [9], ecoinvent 3.5 [15], Datasmart [8",--,
SPF002,EP398,,,,,,,2028-02-20,,Wood - SPF,"Canfor, Interfor, West Fraser Mills, Western Forest Products",Surfaced Dry Softwood Lumber Produced in British Columbia,2x4,,CA,US & CA,,45.86,m3,,,,,785.7,,,,,,,,,,462.91,kg/m3,,,,,,,1.000,0.0381,0.1842,0.007016,,Framing,,,,,EP398,Industry average,Forestry Innovation Investment Ltd.,Athena Sustainable Materials Institute,ASTM International,External,"Dr. Thomas Gloria
Industrial Ecology Consultants",--,"Part B: Structural and Architectural Wood Products EPD Requirements, v1.0 [12]",TRACI 2.1,SimaPro v8.5,"USLCI [9], ecoinvent 3.5 [15], Datasmart [8",--,
2014f0,EPD-003,,,,,,,2024,,BioBased Tile,Armstrong,BioBased Tile,"Non-PVC with BioStride polyester binder, Striations BBT and Migrations BBT",,,US,,4.55,m²,,,,,,,,,,,,,,,7.03,kg/m2,,,,,,,,,0.003,,,,,,,,EPD-003,Product-specific,,ASTM International,,,,,,,,,,
a3d86b,EPD‐009,,,,,,,2019-08-15,,PVC Roofing Membrane,CIFA,"Includes: Canadian General-Tower, Duro-Last, FiberTite",48 mils,,US & CA,US & CA,,5.39,m²,,,,,,,,,,,,,,,1.463,kg/m2,,,,,,,,,,,,,,,,,EPD‐009,Industry average,Chemical Fabrics and Film Association (CFFA),Athena Sustainable Materials Institute,ASTM International,,Groupe AGÉCO (François Charron Doucet),,ASTM PCR Rules For Preparing an Environmental Product Declaration For Single Ply Roofing Membranes,,,,30,
1a89c6,EPD-038,,,,,,,2021,,Gypsum panels - glass mat,,"Includes American Gypsum, CertainTeed, Continental, Georgia-Pacific, National Gypsum, Pabco, USG, CGC","1/2""",,,US & CA,,358,92.9m2,,,,,,,,,,,,,,,,,,,,,,,,,,,,Gypsum,,,,,EPD-038,Industry average,,ASTM International,,,,,,,,,,
b23a5c,EPD-038,,,,,,,2021,,Gypsum panels - glass mat,,"Includes American Gypsum, CertainTeed, Continental, Georgia-Pacific, National Gypsum, Pabco, USG, CGC","5/8""",,,US & CA,,417,92.9m2,,,,,,,,,,,,,,,,,,,,,,,,,,,,Gypsum,,,,,EPD-038,Industry average,,ASTM International,,,,,,,,,,
21a5bb,EPD-054,,,,,,,2021,,Dimensional Stone,Arriscraft,Natural Limestone Masonry,Weighted average product profile,,CAN,CAN,,441,100sf (9.29m2),,,,,,,,,,,,,,,,,,,,,,,,,,,,,,,,,EPD-054,Product-specific,,ASTM International,,,,,,,,,,
INS040,EPD 070,,,,,,,2027-09-22,,Spray polyurethane foam - Closed Cell - HFO gas filled,SPFA,"Includes: Accella, BASF, DAP, Demilec, Dupont, Gaco Western, General Coatings, ICP, Icynene Lapolla, Johns Manville, NCFI, SES",R 6.6/inch,,,US & CA,,3.47,m2•RSI,,,,,,,,,,,,,,,31.2,kg/m3,,,6.60,0.02185169697,,,,,,,,Polyurethane,,,,,EPD 070,Industry average,SPFA,ASTM,ASTM,External,Timothy S. Brooke,ISO 21930:2017,"Building envelope thermal insulation, UL 2018",,GaBi ts,GaBi 2018,75,
INS043,EPD 070,,,,,,,2027-09-22,,Spray polyurethane foam - Open Cell - HFO gas,SPFA,"Includes: Accella, BASF, DAP, Demilec, Dupont, Gaco Western, General Coatings, ICP, Icynene Lapolla, Johns Manville, NCFI, SES",R 4.1/inch,,,US & CA,,1.42,m2•RSI,,,,,,,,,,,,,,,9.6,kg/m3,,,4.1,0.03517590244,,,,,,,,Polyurethane,,,,,EPD 070,Industry average,SPFA,ASTM,ASTM,External,Timothy S. Brooke,ISO 21930:2019,"Building envelope thermal insulation, UL 2020",,GaBi ts,GaBi 2020,75,
INS045,EPD 070,,,,,,,2027-09-22,,Spray polyurethane foam - High Density - HFO gas filled,SPFA,"Includes: Accella, BASF, DAP, Demilec, Dupont, Gaco Western, General Coatings, ICP, Icynene Lapolla, Johns Manville, NCFI, SES",R 6.5/inch,,,US & CA,,4.05,m2•RSI,,,,,,,,,,,,,,,52,kg/m3,,,6.50,0.02218787692,,,,,,,,Polyurethane,,,,,EPD 070,Industry average,SPFA,ASTM,ASTM,External,Timothy S. Brooke,ISO 21930:2018,"Building envelope thermal insulation, UL 2019",,GaBi ts,GaBi 2019,75,
7f7bd8,EPD-073,,,,,,,2022,,Waterproofing membrane adhesive,GCP,Bituthene,,,,,,2.4,m²,,,,,,,,,,,,,,,,,,,,,,,,,,,,,,,,,EPD-073,Product-specific,,ASTM International,,,,,,,,,,
8ded24,EPD-087,,,,,,,2023,,Spray polyurethane foam - Closed Cell - HFC gas filled,SPFA,,R 6.6/inch,,,US & CA,,13.16,m2•RSI,,,,,,,,,,,,,,,31.2,kg/m3,,,6.6,0.02185169697,,,,,,,,Polyurethane,,,,,EPD-087,Industry average,,ASTM International,,,,,,,,,,
dc197c,EPD-087,,,,,,,2023,,Spray polyurethane foam - High Density - HFC gas filled,SPFA,,R 6.3/inch,,,US & CA,,17.02,m2•RSI,,,,,,,,,,,,,,,52,kg/m3,,,6.3,0.02289225397,,,,,,,,Polyurethane,,,,,EPD-087,Industry average,,ASTM International,,,,,,,,,,
CMU004,EPD-088,,,,,,,2024-01-07,,CMU - Normal weight,Brampton Brick (Boehmers),"8"" CarboClave Block",8 x 8 x 16,,CA,US & CA,,256,m3,,,,,,,,,,,,,,,1750,kg/m3,186,kg/m2 of wall,,,,,0.390,0.190,0.190,,,,,,,,EPD-088,Product-specific,Boehmers,Athena Sustainable Materials Institute,ASTM International,External,Timothy S. Brooke,,"ASTM International, Product Category Rules For Preparing an Environmental Product Declaration For Manufactured Concrete and Concrete Masonry Products",,"TRACI, version 2.1)",,ND,
CMU005,EPD-088,,,,,,,2024-01-07,,CMU - Normal weight,Brampton Brick (Boehmers),"8"" CarboClave Block",8 x 8 x 16,,CA,US & CA,,196,m3,,,,,,,,,,,,,,,2100,kg/m3,223,kg/m2 of wall,,,,,0.390,0.190,0.190,,,,,,,,EPD-088,Product-specific,Boehmers,Athena Sustainable Materials Institute,ASTM International,External,Timothy S. Brooke,,"ASTM International, Product Category Rules For Preparing an Environmental Product Declaration For Manufactured Concrete and Concrete Masonry Products",,"TRACI, version 2.1)",,ND,
1ea5e4,EPD10092,,,,,,,01-2022,,"CONCRETE – 31-35 MPa – CANADA, 35-50% Slag, GU",CRMCA,Can. Avg.,,,,CAN,,307.8,m3,,,,,,,,,,,,,,,2305,kg/m3,,,,,,,,,,,,,,,,,EPD10092,Industry average,,NSF,,,,,,,,,,
38d491,EPD10092,,,,,,,01-2022,,"Concrete – 26-30 MPa, 15-29% Fly Ash, GU",CRMCA,Can. Avg.,,,,CAN,,324.5,m3,,,,,,,,,,,,,,,2305,kg/m3,,,,,,,,,,,,,,,,,EPD10092,Industry average,,NSF,,,,,,,,,,
43fc51,EPD10092,,,,,,,01-2022,,"CONCRETE – 31-35 MPa – CANADA, 25-34% Slag, GU",CRMCA,Can. Avg.,,,,CAN,,339.3,m3,,,,,,,,,,,,,,,2305,kg/m3,,,,,,,,,,,,,,,,,EPD10092,Industry average,,NSF,,,,,,,,,,
4e0f8a,EPD10092,,,,,,,01-2022,,"Concrete - 0-25 MPa, 0-14% FA/SL, GU",CRMCA,Can. Avg.,,,,CAN,,320.4,m3,,,,,,,,,,,,,,,2305,kg/m3,,,,,,,,,,,,,,,,,EPD10092,Industry average,,NSF,,,,,,,,,,
6ed061,EPD10092,,,,,,,01-2022,,"Concrete - 0-25 MPa, 25-34% Slag, GU",CRMCA,Can. Avg.,,,,CAN,,262.2,m3,,,,,,,,,,,,,,,2305,kg/m3,,,,,,,,,,,,,,,,,EPD10092,Industry average,,NSF,,,,,,,,,,
7de1da,EPD10092,,,,,,,01-2022,,"Concrete - 0-25 MPa, Canadian Benchmark Average",CRMCA,Can. Avg.,,,,CAN,,304.5,m3,,,,,,,,,,,,,,,2305,kg/m3,,,,,,,,,,,,,,,,,EPD10092,Industry average,,NSF,,,,,,,,,,
814de3,EPD10092,,,,,,,01-2022,,"Concrete – 26-30 MPa, 30-40% Fly Ash, GU",CRMCA,Can. Avg.,,,,CAN,,285.8,m3,,,,,,,,,,,,,,,2305,kg/m3,,,,,,,,,,,,,,,,,EPD10092,Industry average,,NSF,,,,,,,,,,
897eab,EPD10092,,,,,,,01-2022,,"Concrete – 26-30 MPa, Canadian Benchmark Average",CRMCA,Can. Avg.,,,,CAN,,349.7,m3,,,,,,,,,,,,,,,2305,kg/m3,,,,,,,,,,,,,,,,,EPD10092,Industry average,,NSF,,,,,,,,,,
a6839d,EPD10092,,,,,,,01-2022,,"Concrete – 26-30 MPa, 25-34% Slag, GU",CRMCA,Can. Avg.,,,,CAN,,293.7,m3,,,,,,,,,,,,,,,2305,kg/m3,,,,,,,,,,,,,,,,,EPD10092,Industry average,,NSF,,,,,,,,,,
ad41fc,EPD10092,,,,,,,01-2022,,"CONCRETE – 31-35 MPa – CANADA, 0-14% FA/SL, GU",CRMCA,Can. Avg.,,,,CAN,,418.2,m3,,,,,,,,,,,,,,,2305,kg/m3,,,,,,,,,,,,,,,,,EPD10092,Industry average,,NSF,,,,,,,,,,
b069b6,EPD10092,,,,,,,01-2022,,"Concrete - 0-25 MPa, 35-50% Slag, GU",CRMCA,Can. Avg.,,,,CAN,,239.0,m3,,,,,,,,,,,,,,,2305,kg/m3,,,,,,,,,,,,,,,,,EPD10092,Industry average,,NSF,,,,,,,,,,
b1d6d5,EPD10092,,,,,,,01-2022,,"Concrete – 26-30 MPa, 35-50% Slag, GU",CRMCA,Can. Avg.,,,,CAN,,267.1,m3,,,,,,,,,,,,,,,2305,kg/m3,,,,,,,,,,,,,,,,,EPD10092,Industry average,,NSF,,,,,,,,,,
be7b88,EPD10092,,,,,,,01-2022,,"Concrete – 26-30 MPa, 0-14% FA/SL, GU",CRMCA,Can. Avg.,,,,CAN,,360.3,m3,,,,,,,,,,,,,,,2305,kg/m3,,,,,,,,,,,,,,,,,EPD10092,Industry average,,NSF,,,,,,,,,,
cfa664,EPD10092,,,,,,,01-2022,,"CONCRETE – 31-35 MPa – CANADA, 15-29% Fly Ash, GU",CRMCA,Can. Avg.,,,,CAN,,375.8,m3,,,,,,,,,,,,,,,2305,kg/m3,,,,,,,,,,,,,,,,,EPD10092,Industry average,,NSF,,,,,,,,,,
d873ca,EPD10092,,,,,,,01-2022,,"Concrete - 0-25 MPa, 30-40% Fly Ash, GU",CRMCA,Can. Avg.,,,,CAN,,255.3,m3,,,,,,,,,,,,,,,2305,kg/m3,,,,,,,,,,,,,,,,,EPD10092,Industry average,,NSF,,,,,,,,,,
dac0ae,EPD10092,,,,,,,01-2022,,"CONCRETE – 31-35 MPa – CANADA, 30-40% Fly Ash, GU",CRMCA,Can. Avg.,,,,CAN,,329.9,m3,,,,,,,,,,,,,,,2305,kg/m3,,,,,,,,,,,,,,,,,EPD10092,Industry average,,NSF,,,,,,,,,,
dad6dc,EPD10092,,,,,,,01-2022,,"CONCRETE – 31-35 MPa – CANADA, Canadian Benchmark Average",CRMCA,Can. Avg.,,,,CAN,,417.1,m3,,,,,,,,,,,,,,,2305,kg/m3,,,,,,,,,,,,,,,,,EPD10092,Industry average,,NSF,,,,,,,,,,
e72bcd,EPD10092,,,,,,,01-2022,,"Concrete - 0-25 MPa, 15-29% Fly Ash, GU",CRMCA,Can. Avg.,,,,CAN,,289.1,m3,,,,,,,,,,,,,,,2305,kg/m3,,,,,,,,,,,,,,,,,EPD10092,Industry average,,NSF,,,,,,,,,,
LVT004,EPD10156,,,,,,,2024-06-02,,Luxury Vinyl Tile,Parterre Flooring,Dryback LVT,Tile or plank - 5mm,,US,US & CA,,10.9,m²,,,,,,,,,,,,,,,10.3,kg/m2,,,,,,10.1,,,0.005,,,Vinyl,,,,,EPD10156,Product-specific,Parterre Flooring,WAP Sustainability Consulting,NSF International,External,Jenny Oorbeck,,"Part B: Flooring EPD Requirements. UL 10010-7, September 28, 2019",TRACI 2.1,GaBi 8.7.0.18,"GaBi Database Version 8.7, Service Pack 36",30,
LVT009,EPD10158,,,,,,,2024-06-02,,Rigid core vinyl flooring,Parterre Flooring,Rigid Core Click,Tile or plank - 5mm,,US,US & CA,,6.52,m²,,,,,,,,,,,,,,,6.71,kg/m2,,,,,,6.54,1.213,0.177,0.005,,,Vinyl,,,,,EPD10158,Product-specific,Parterre Flooring,WAP Sustainability Consulting,NSF International,External,Jenny Oorbeck,,"Part B: Flooring EPD Requirements. UL 10010-7, September 28, 2019",TRACI 2.1,GaBi 8.7.0.18,"GaBi Database Version 8.7, Service Pack 36",30,
GYP002,EPD10268,,,,,,,2024-10-07,,Gypsum panels - glass mat,Georgia-Pacific Gypsum LLC,"5/8"" DensGlass® Fireguard® Sheathing Gypsum Panel","5/8""",,US,US & CA,,454,92.9m2,,,,,,,,,,,,,,,12.68,kg/m2,,,,,,,,,,,,Gypsum,,,,,EPD10268,Product-specific,Georgia-Pacific Gypsum LLC,Georgia-Pacific LLC,"NSF Certification, LLC",External,Jenny Oorbeck & Jack Geibig – EcoForm,--,"Product Category Rules for North American
Gypsum Boards – Gypsum PCR-2019: v1.
ISO 21930 Sustainability in building construction",TRACI 2.1,GaBi 9.5.2.49,"GaBi Database, Service Pack 42",60,
CER001,EPD10277,,,,,,,2024-12-06,,Ceramic tile,American Wonder Porcelain,Procelain - recycled content,Standard and Second grade,,US,US & CA,,11.5,m²,,,,,,,,,,,,,,,20.105,kg/m2,,,,,,,,,0.0089,,,Porcelain,,,,,EPD10277,Product-specific,American Wonder Porcelain,,NSF,External,Jack Geibig - EcoForm,,"Part B: Flooring EPD Requirements. UL 10010-7, September 28, 2018",TRACI 2.1,GaBi 9,GaBi Service Pack 39,75,
1a5a48,EPD10294,,,,,,,2024,,"Concrete - 0-2500 psi, >50% SCM mix",NRMCA,N.A. Avg.,,,,US,,178.7,m3,,,,,,,,,,,,,,,2305,kg/m3,,,,,,,,,,,,,,,,,EPD10294,Industry average,,NSF,,,,,,,,,,
43fe24,EPD10294,,,,,,,2024,,"Concrete - 2501-3000 psi, Standard mix",NRMCA,N.A. Avg.,,,,US,,311.39,m3,,,,,,,,,,,,,,,2305,kg/m3,,,,,,,,,,,,,,,,,EPD10294,Industry average,,NSF,,,,,,,,,,
809f93,EPD10294,,,,,,,2024,,"Concrete - 2501-3000 psi, 30-39% FA/SL",NRMCA,N.A. Avg.,,,,US,,244.3,m3,,,,,,,,,,,,,,,2305,kg/m3,,,,,,,,,,,,,,,,,EPD10294,Industry average,,NSF,,,,,,,,,,
900b85,EPD10294,,,,,,,2024,,"Concrete - 2501-3000 psi, >50% SCM mix",NRMCA,N.A. Avg.,,,,US,,197.1,m3,,,,,,,,,,,,,,,2305,kg/m3,,,,,,,,,,,,,,,,,EPD10294,Industry average,,NSF,,,,,,,,,,
921b8b,EPD10294,,,,,,,2024,,"Concrete - 0-2500 psi, 40-49% FA/SL mix",NRMCA,N.A. Avg.,,,,US,,199.73,m3,,,,,,,,,,,,,,,2305,kg/m3,,,,,,,,,,,,,,,,,EPD10294,Industry average,,NSF,,,,,,,,,,
949348,EPD10294,,,,,,,2024,,"Concrete - 0-2500 psi, Standard mix",NRMCA,N.A. Avg.,,,,US,,279.56,m3,,,,,,,,,,,,,,,2305,kg/m3,,,,,,,,,,,,,,,,,EPD10294,Industry average,,NSF,,,,,,,,,,
a7c43b,EPD10294,,,,,,,2024,,"Concrete - 2501-3000 psi, 20-29% Fly Ash",NRMCA,N.A. Avg.,,,,US,,268.4,m3,,,,,,,,,,,,,,,2305,kg/m3,,,,,,,,,,,,,,,,,EPD10294,Industry average,,NSF,,,,,,,,,,
b7e1fe,EPD10294,,,,,,,2024,,"Concrete - 0-2500 psi, 20-29% Fly Ash",NRMCA,N.A. Avg.,,,,US,,241.6,m3,,,,,,,,,,,,,,,2305,kg/m3,,,,,,,,,,,,,,,,,EPD10294,Industry average,,NSF,,,,,,,,,,
c50635,EPD10294,,,,,,,2024,,"Concrete - 2501-3000 psi, 40-49% FA/SL mix",NRMCA,N.A. Avg.,,,,US,,220.82,m3,,,,,,,,,,,,,,,2305,kg/m3,,,,,,,,,,,,,,,,,EPD10294,Industry average,,NSF,,,,,,,,,,
d6132a,EPD10294,,,,,,,2024,,"Concrete - 0-2500 psi, 30-39% FA/SL",NRMCA,N.A. Avg.,,,,US,,220.4,m3,,,,,,,,,,,,,,,2305,kg/m3,,,,,,,,,,,,,,,,,EPD10294,Industry average,,NSF,,,,,,,,,,
s33333,EPD10294,,,,,,,2024,,"Concrete - 3001-4000 psi, Standard mix",NRMCA,N.A. Avg.,,,,US,,383.6,m3,,,,,,,,,,,,,,,2305,kg/m3,,,,,,,,,,,,,,,,,EPD10294,Industry average,,NSF,,,,,,,,,,
s33334,EPD10294,,,,,,,2024,,"Concrete - 3001-4000 psi, 20-29% Fly Ash",NRMCA,N.A. Avg.,,,,US,,329.2,m3,,,,,,,,,,,,,,,2305,kg/m3,,,,,,,,,,,,,,,,,EPD10294,Industry average,,NSF,,,,,,,,,,
s33335,EPD10294,,,,,,,2024,,"Concrete - 3001-4000 psi, 30-39% FA/SL",NRMCA,N.A. Avg.,,,,US,,298.6,m3,,,,,,,,,,,,,,,2305,kg/m3,,,,,,,,,,,,,,,,,EPD10294,Industry average,,NSF,,,,,,,,,,
s33336,EPD10294,,,,,,,2024,,"Concrete - 3001-4000 psi, 40-49% FA/SL mix",NRMCA,N.A. Avg.,,,,US,,268.9,m3,,,,,,,,,,,,,,,2305,kg/m3,,,,,,,,,,,,,,,,,EPD10294,Industry average,,NSF,,,,,,,,,,
s33337,EPD10294,,,,,,,2024,,"Concrete - 3001-4000 psi, >50% SCM mix",NRMCA,N.A. Avg.,,,,US,,238.7,m3,,,,,,,,,,,,,,,2305,kg/m3,,,,,,,,,,,,,,,,,EPD10294,Industry average,,NSF,,,,,,,,,,
s33338,EPD10294,,,,,,,2024,,"Concrete - 4001-5000 psi, Standard mix",NRMCA,N.A. Avg.,,,,US,,468.9,m3,,,,,,,,,,,,,,,2305,kg/m3,,,,,,,,,,,,,,,,,EPD10294,Industry average,,NSF,,,,,,,,,,
s33339,EPD10294,,,,,,,2024,,"Concrete - 4001-5000 psi, 20-29% Fly Ash",NRMCA,N.A. Avg.,,,,US,,401.0,m3,,,,,,,,,,,,,,,2305,kg/m3,,,,,,,,,,,,,,,,,EPD10294,Industry average,,NSF,,,,,,,,,,
s33340,EPD10294,,,,,,,2024,,"Concrete - 4001-5000 psi, 30-39% FA/SL",NRMCA,N.A. Avg.,,,,US,,363.0,m3,,,,,,,,,,,,,,,2305,kg/m3,,,,,,,,,,,,,,,,,EPD10294,Industry average,,NSF,,,,,,,,,,
s33341,EPD10294,,,,,,,2024,,"Concrete - 4001-5000 psi, 40-49% FA/SL mix",NRMCA,N.A. Avg.,,,,US,,325.8,m3,,,,,,,,,,,,,,,2305,kg/m3,,,,,,,,,,,,,,,,,EPD10294,Industry average,,NSF,,,,,,,,,,
s33342,EPD10294,,,,,,,2024,,"Concrete - 4001-5000 psi, >50% SCM mix",NRMCA,N.A. Avg.,,,,US,,288.1,m3,,,,,,,,,,,,,,,2305,kg/m3,,,,,,,,,,,,,,,,,EPD10294,Industry average,,NSF,,,,,,,,,,
1742d8,EPD10310,,,,,,,2024,,"Drywall 1/2"" Type C",Georgia-Pacific,ToughRock Fireguard C,Type C,,,US,,285,1000 ft2,,,,,,,,,,,,,,,8.128,kg/m2,,,,,,,,,,,,,,,,,EPD10310,Product-specific,,NSF,,,,,,,,,,
INT004,EPD10312,,,,,,,2024-12-19,,"Drywall 5/8""",Georgia-Pacific,"5/8"" ToughRock® Fireguard C® Gypsum Panel
5/8” Type C (Generic name)",5/8'' type X,,US,US & CA,,296,1000 ft2,,,,,,,,,,,,,,,,,,,,,,,,,,,,Gypsum,,,,,EPD10312,Product-specific,Georgia-Pacific Gypsum LLC,Georgia-Pacific LLC,"NSF Certification, LLC",External,Jenny Oorbeck & Jack Geibig – EcoForm,--,"Product Category Rules
for North American Gypsum Panel Products – Gypsum PCR-2019: v1.",TRACI 2.1,GaBi 9.5.2.49,"GaBi Database, Service Pack 40",60,
CER002,EPD10355,,,,,,,2025-05-22,,Ceramic tile,Fireclay Tile,Ceramic - recycled content,Standard and Second grade,,US,US & CA,,45.9,m²,,,,,,,,,,,,,,,17.58,kg/m2,,,,,,,,,0.0079,,,Ceramic,,,,,EPD10355,Product-specific,Fireclay Tile,,NSF,External,"Terrie Boguski, Harmony Environmental, LLC",,"Part B: Flooring EPD Requirements.UL 10010-7, September 28, 2018",TRACI 2.1,GaBi 9,GaBi Service Pack 39,75,
GYP001,EPD10358,,,,,,,2025-05-21,,Gypsum panels - glass mat,Georgia-Pacific Gypsum LLC,"1/2"" DensGlass® Sheathing Gypsum Pane","1/2""",,US,US & CA,,400,92.9m2,,,,,,,,,,,,,,,9.96,kg/m2,,,,,,,,,,,,Gypsum,,,,,EPD10358,Product-specific,Georgia-Pacific Gypsum LLC,Georgia-Pacific LLC,"NSF Certification, LLC",External,Jenny Oorbeck & Jack Geibig – EcoForm,--,"Product Category Rules for North American
Gypsum Boards – Gypsum PCR-2019: v1.
ISO 21930 Sustainability in building construction",TRACI 2.1,GaBi 9.5.2.49,"GaBi Database, Service Pack 41",60,
INT003,EPD10360,,,,,,,2025-05-21,,"Drywall 1/2""",Georgia-Pacific,ToughRock Mold-Guard,"1/2"" (12.7 mm)",,US,US & CA,,237,92.9m2,,,,,,,,,,,,,,,774,kg/92.9m2,8.33,kg/m2,,,,,,,0.0127,,,,,,,,EPD10360,Product-specific,Georgia-Pacific,,NSF,External,Jack Geibig - EcoForm,,"NSF International, Product Category Rules for North American Gypsum Boards – Gypsum PCR-2019: v1.",TRACI 2.1,GaBi 9,GaBi Service Pack 40,,
LIN006,EPD10362,,,,,,,2025-11-05,,Linoleum flooring,Mannington,Legato Flooring,liquid applied,,US,US & CA,,2.65,m²,,,,,,,,,,,,,,,0.9,kg/dm3,1.98,kg/m2,,,,,,,0.0022,,,Linoleum,,,,,EPD10362,Product-specific,Mannington,,NSF,External,"Terrie Boguski, Harmony Environmental, LLC",,"PCR for Resinous Flooring Coatings, Version 1, NSF International 
 National Center for Sustainability Standards, valid through December 17, 2023",TRACI 2.1,GaBi 9,GaBi Service Pack 39,30,
RRR111,EPD10396,,,,,,,2025-07-29,,Asphalt Shingles,GAF,Timberline Cool Series,,,US,US & CA,,4.34,m²,,,,,,,,,,,,,,,10.12,kg/m2,Excl. Fasteners,,,,,,,,,,,Asphalt Shingles,,,,,EPD10396,Product-specific,GAF,,NSF,External,Jack Geibig - EcoForm,,"UL PCR Part B: Asphalt Shingles, Built-up Asphalt Membrane Roofingand Modified Bituminous Membrane Roofing EPD Requirements (UL10010-11)",TRACI 2.1,GaBi 9,GaBi Service Pack 40,,
2b19ae,EPD10397,,,,,,,2025,,Asphalt Shingles,GAF,Timberline,Timberline,,,US,,3.88,m²,,,,,,,,,,,,,,,9.83,kg/m2,,,,,,,,,,,,,,,,,EPD10397,Product-specific,,NSF,,,,,,,,,,
84c2b6,EPD10447,,,,,,,2025-10-06,,"Brick, Clay, Generic Modular",Brick Industry Association,US-Canada Industry Average,GWP by volume,,,US & CA,,503,m3 of brick,,,,,,,,,,,,,,,2120,kg/m3,,,,,,,,,,,,,,,,,EPD10447,Industry average,Brick Industry Association,PRé Consultants,NSF,,"Terrie Boguski, Harmony Environmental",,,,,,,
e73378,EPD10447,,,,,,,2025-10-06,,"Brick, Clay, Generic Modular",Brick Industry Association,US-Canada Industry Average,"3-5/8"" x 2-3/4"" x 7-5/8"" incl. 3/8"" mortar",,,US & CA,,503,m3 of brick,,,,,,,,,,,,,,,269,kgCO2/m3 mortar,,"83% brick, 17% mortar",,,,,0.203,0.102,0.070,0.00144942,,,,,,,EPD10447,Industry average,Brick Industry Association,PRé Consultants,NSF,,"Terrie Boguski, Harmony Environmental",,,,,,,
d0rm3c,EPD10465,,,,,,,2025-11-04,,Polyiso - roof boards / GRF facer,PIMA,"Atlas, Firestone, GAF, Johns Manville, Rmax, Carlisle, Iko, Soprema",R 5.8/inch,,US & CA,US & CA,,2.1086,m2•RSI,,,,,,,,,,,,,,,37.64,kg/m3,,,5.6,0.02575378571,,,,,,,,Polyisocyanurate,,,,,EPD10465,Industry average,,NSF,,,,,,,,,,
f2l0sm,EPD10465,,,,,,,2025-11-04,,Polyiso - roof boards / CGF facer,PIMA,"Atlas, Firestone, GAF, Johns Manville, Rmax, Carlisle, Iko, Soprema",R 5.8/inch,,US & CA,US & CA,,2.9486,m2•RSI,,,,,,,,,,,,,,,37.64,kg/m3,,,5.6,0.02575378571,,,,,,,,Polyisocyanurate,,,,,EPD10465,Industry average,,NSF,,,,,,,,,,
n9cx2a,EPD10466,,,,,,,2025-11-04,,Polyiso - wall boards,PIMA,"Includes: Atlas, Firestone, GAF, Johns Manville, Rmax, Carlisle, Iko, Soprema",R 6.5/inch,,,US,,4.0959,m2•RSI,,,,,,,,,,,,,,,49.09,kg/m3,,,6.5,0.02218787692,,,,,,,,Polyisocyanurate,,,,,EPD10466,Industry average,,Long Trail Sustainability,NSF,External,Harmony Environmental,ISO 21930:2017,,,,"US LCI (2015), Ecoinvent v3.5, Datasmart (2018)",,
l2j0sa,EPD10467,,,,,,,2025-11-04,,Polyiso - roof boards / CGF facer,PIMA,"Atlas, Firestone, GAF, Johns Manville, Carlisle, Iko, Soprema",R 5.8/inch,,US & CA,US & CA,,10.678,m2•RSI,,,,,,,,,,,,,,,37.64,kg/m3,,,5.0,0.02884424,,,,,,,,Polyisocyanurate,,,,,EPD10467,Industry average,,NSF,,,,,,,,,,
bbb008,EPD10568,,,,,,,2026,,Liquid applied barrier,Carlisle,Barrithane VP,40 mils,,US,US & CA,,5.2,m²,,,,,,,,,,,,,,,1.498,m2/kg,,,,,,,,,,,,Barrier,,,,,EPD10568,Product-specific,Carlisle Coatings & Waterproofing,intertek sustainability,NSF,External,"Jack Geibig, Ecoform",ISO 14044,Water-resistive and air barriers,Traci 2.1,Simapro 9.01,Ecoinvent 3.6,,
bbb024,EPD10568,,,,,,,2026,,Liquid applied waterproofing,Carlisle,MiraSEAL & MiraTITE,,,US,US & CA,,8.4,m²,,,,,,,,,,,,,,,0.484,m2/kg,,,,,,,,,,,,Barrier,,,,,EPD10568,Product-specific,Carlisle Coatings & Waterproofing,intertek sustainability,NSF,External,"Jack Geibig, Ecoform",ISO 14044,Water-resistive and air barriers,Traci 2.1,Simapro 9.01,Ecoinvent 3.6,,
bbb023,EPD10572,,,,,,,2026,,Adhesive,Carlisle,MirPLY V,,,US,US & CA,,8.6,m²,,,,,,,,,,,,,,,0.471,m2/kg,,,,,,,,,,,,Barrier,,,,,EPD10572,Product-specific,Carlisle Coatings & Waterproofing,intertek sustainability,NSF,External,"Jack Geibig, Ecoform",ISO 14044,Water-resistive and air barriers,Traci 2.1,Simapro 9.01,Ecoinvent 3.6,,
LVT006,EPD10668,,,,,,,2026,,Luxury vinyl tile (LVT),Mannington,All tile & plank models,4.0 mm,,US,US & CA,,10.1,m2,,,,,,,,,,,,,,,5.45,kg/m2,,,,,,,,,,,,Luxury vinyl tile,,,,,EPD10668,Product-specific,Mannington Mills,,,,,,,TRACI 2.1,,,,
LVT011,EPD10668,,,,,,,2026-10-29,,Vinyl flooring,Mannington,Luxury Vinyl Tile,2.5 mm Tile and Plank,,US,US & CA,,6.51,m²,,,,,,,,,,,,,,,2.79,kg/m2,,,,,,,,,0.003,,,Vinyl,,,,,EPD10668,Product-specific,Mannington,,NSF,External,Jack Geibig - EcoForm,,"Part B: Flooring EPD Requirements. UL 10010-7, September 28, 2018",TRACI 2.1,GaBi 10,GaBi 2021.2,30,
bbb016,EPD10786,,,,,,,2027-09-26,,Liquid applied barrier,GCP,Perm-a-Barrier NPL 10,1 mm,,US,US & CA,,4.8,m²,,,,,,,,,,,,,,,1.4,g/cm3,,,,,,,,,0.001,,,,,,,,EPD10786,Product-specific,GCP,,NSF,External,Jack Geibig - EcoForm,,ASTM International Water-Resistive and Air Barriers,TRACI 2.1,GaBi 10,GaBi 2021.2,NA,
bbb017,EPD10786,,,,,,,2027-09-26,,Liquid applied barrier,GCP,Perm-a-Barrier VPL,0.64 mm,,US,US & CA,,4.01,m²,,,,,,,,,,,,,,,1.4,g/cm3,,,,,,,,,0.001,,,,,,,,EPD10786,Product-specific,GCP,,NSF,External,Jack Geibig - EcoForm,,ASTM International Water-Resistive and Air Barriers,TRACI 2.1,GaBi 10,GaBi 2021.2,NA,
bbb018,EPD10786,,,,,,,2027-09-26,,Liquid applied barrier,GCP,Perm-a-Barrier VPL 50 RS,0.51 mm,,US,US & CA,,1.53,m²,,,,,,,,,,,,,,,1.4,g/cm3,,,,,,,,,0.001,,,,,,,,EPD10786,Product-specific,GCP,,NSF,External,Jack Geibig - EcoForm,,ASTM International Water-Resistive and Air Barriers,TRACI 2.1,GaBi 10,GaBi 2021.2,NA,
bbb019,EPD10786,,,,,,,2027-09-26,,Sheet barrier,GCP,Perm-a-Barrier NPS,1 mm,,US,US & CA,,1.12,m²,,,,,,,,,,,,,,,1.4,g/cm3,,,,,,,,,0.001,,,,,,,,EPD10786,Product-specific,GCP,,NSF,External,Jack Geibig - EcoForm,,ASTM International Water-Resistive and Air Barriers,ASTM International Water-Resistive and Air Barriers,ASTM International Water-Resistive and Air Barriers,ASTM International Water-Resistive and Air Barriers,NA,
bbb011,EPD10787,,,,,,,2027,,Adhesive barrier,GCP,Perm-a-Barrier,1 mm,,US,US & CA,,1.94,m²,,,,,,,,,,,,,,,,,,,,,,,,,,,,,,,,,EPD10787,Product-specific,GCP,WAP Sustainability,NSF,External,"Tony Favilla, NSF",,ASTM International Water-Resistive and Air Barriers,ASTM International Water-Resistive and Air Barriers,ASTM International Water-Resistive and Air Barriers,ASTM International Water-Resistive and Air Barriers,,
INT000,EPD10792,,,,,,,2027-10-21,,"Drywall 1/2""",National Gypsum,Gold Bond XP Gypsum Board,"1/2"" (12.7 mm)",,US,US & CA,,428.0,92.9m2,,,,,0.549,,,,,,,,,,859,kg/92.9m2,9.25,kg/m2,,,,859,,,,,,Gypsum,,,,,EPD10792,Product-specific,National Gypsum,,NSF,External,Jack Geibig - EcoForm,,"NSF PCR for Gypsum Panel Products (Version 1.1, 2020)",TRACI 2.1,GaBi 10,GaBi 2021.2,75,
INT005,EPD10792,,,,,,,2027-10-21,,"Drywall 5/8""",National Gypsum,Gold Bond XP Fire-Shield Gypsum Board,5/8'' type X,,US,US & CA,,481.0,92.9m2,,,,,0.527,,,,,,,,,,1195,kg/92.9m2,12.86,kg/m2,,,,1195,,,,,,Gypsum,,,,,EPD10792,Product-specific,National Gypsum,,NSF,External,Jack Geibig - EcoForm,,"NSF PCR for Gypsum Panel Products (Version 1.1, 2020)",TRACI 2.1,GaBi 10,GaBi 2021.2,75,
EPS004,EPD10841,,,,,,,2028,,EPS foam board with graphite,BASF,Neopor F 5200 Plus,"R 4.7-inch, Type IX, 25 psi",,US & CA,US & CA,,2.944,m2•RSI,,,,,,,,,,,,,,,21.62,kg/m3,,,4.7,0.0306854,,,,,,,,EPS Foam,,,,,EPD10841,Product-specific,BASF Corporation,Intertek Deutschland,NSF,External,Ecoform,ISO 21930:2017,"Sub-category Part B: Building Envelope Thermal Insulation EPD
Requirements, Version 2.0 (2018",TRACI 2.1,SimaPro 9.4.0.2,Ecoinvent 3.11,,
EPS005,EPD10841,,,,,,,2028,,EPS foam board with graphite,BASF,Neopor F 5200 Plus,"R 4.7/inch, Type II, 15 psi (Type 2, 110 kPa)",,US & CA,US & CA,,2.275,m2•RSI,,,,,,,,,,,,,,,14.42,kg/m3,,,4.7,0.0306854,,,,,,,,EPS Foam,,,,,EPD10841,Product-specific,BASF Corporation,Intertek Deutschland,NSF,External,Ecoform,ISO 21930:2017,"Building envelope thermal insulation, v2.1",TRACI 2.1,SimaPro 9.4.0.3,Ecoinvent 3.10,,
EPS006,EPD10842,,,,,,,2028-06-01,,EPS foam board with graphite,BASF,"Neopor® Plus BMB  Atlas Molded Products, Beaver Plastic, Insulfoam, Polar Central, Progressive Foam, Plastifab","R 4.7/inch, Type IX, 25 psi (Type 9, 175 kPa)",,US & CA,US & CA,,3.084,m2•RSI,,,,,,,,,,,,,,,28.8,kg/m3,,,4.70,,,,,,,,,EPS Foam,,,,,EPD10842,Product-specific,BASF Corporation,Intertek Sustainability,NSF Certification LLC,External,"Jack Geibig, Ecoform",--,"Sub-category Part B: Building Envelope Thermal Insulation EPD
Requirements, Version 2.0 (2018",TRACI v2.1 (July 2012),SimaPro 9.4.0.2 Multiuser,Ecoinvent 3.9,75,
EPS007,EPD10842,,,,,,,2028-06-01,,EPS foam board with graphite,BASF,"Neopor® Plus BMB  Atlas Molded Products, Beaver Plastic, Insulfoam, Polar Central, Progressive Foam, Plastifab","R 4.7/inch, Type II, 15 psi (Type 2, 110 kPa)",,US & CA,US & CA,,2.313,m2•RSI,,,,,,,,,,,,,,,21.6,kg/m3,,,4.70,,,,,,,,,EPS Foam,,,,,EPD10842,Product-specific,BASF Corporation,Intertek Sustainability,NSF Certification LLC,External,"Jack Geibig, Ecoform",--,"Sub-category Part B: Building Envelope Thermal Insulation EPD
Requirements, Version 2.0 (2018",TRACI v2.1 (July 2012),SimaPro 9.4.0.2 Multiuser,Ecoinvent 3.8,75,
4s1lp2,EPD-117,,,,,,,09-2024,,Structural Precast Concrete,CPCI - PCI,North American Average,10'' Hollow core slab,,,US & CA,,256.3,1000 kg,,,,,,,,,,,,,,,71,lb/ft2,,,,,,,,,,,,,,,,,EPD-117,Industry average,,ASTM International,ASTM International,,,,,,,,,
134c8d,EPD124,,,,,,,2025,,Cross Laminated Timber,Structurlam,CrossLam,"3-1/2""",,,CAN,,124.02,m3,,,,,,,,,,,,,,,481,kg/m3,0.09,m thickness,,,,,,,,,,Wood,,,,,EPD124,Product-specific,,ASTM International,,,,,,,,,,
da1134,EPD125,,,,,,,2025,,Glued Laminated Timber (Glulam),Structurlam,Glulam Plus,,,CAN,US & CA,,115.32,m3,,,,,,,,,,,,,,,544,kg/m3,,,,,,,,,0.089,,,,,,,,EPD125,Product-specific,,ASTM International,,,,,,,,,,
2d7548,EPD-131,,,,,,,2025,,"Brick, Clay",Interstate,Avg Face Brick,"3-5/8"" x 2-3/4"" x 7-5/8"" (92 x 70 x 194 mm) incl. 3/8"" mortar",,,US,,566.85,m3,,,,,,,,,,,,,,,269,kgCO2/m3 mortar,,"83% brick, 17% mortar",,,,,0.194,0.092,0.070,0.001247,,,,,,,EPD-131,Product-specific,,ASTM International,,,,,,,,,,
c9a7f3,EPD-131,,,,,,,2025,,"Brick, Clay",Interstate,Avg Thin Face Brick,"3-9/16"" x 5/8"" x 11-5/8"" (90 x 16 mm x 295) incl. 3/8"" mortar",,,US,,755.85,m3,,,,,,,,,,,,,,,269,kgCO2/m3 mortar,,"87% brick, 13% mortar, plus 100% surface mortar @ 10mm",,,,,0.295,0.016,0.090,0.000425196,,Clay Brick,,,,,EPD-131,Product-specific,,ASTM International,,,,,,,,,,
cfd454,EPD-132,,,,,,,2025,,Cement board,"USG (Baltimore, MD plant)",Durock with EdgeGuard,"1/2"" (13 mm)",,,US,,912.19,92.9m2,,,,,,,,,,,,,,,921,kg/m3,,,,,,,,,,,,,,,,,EPD-132,Product-specific,,ASTM International,,,,,,,,,,
f034jf,EPD-132,,,,,,,2025,,Cement board,"USG (Baltimore, MD plant)",Durock with EdgeGuard,"1/4"" (6 mm)",,,US,,636.49,92.9m2,,,,,,,,,,,,,,,"1,139",kg/m3,,,,,,,,,,,,,,,,,EPD-132,Product-specific,,ASTM International,,,,,,,,,,
m210vf,EPD-132,,,,,,,2025,,Cement board,"USG (Baltimore, MD plant)",Durock with EdgeGuard,"5/8"" (16 mm)",,,US,,1112.3,92.9m2,,,,,,,,,,,,,,,927,kg/m3,,,,,,,,,,,,,,,,,EPD-132,Product-specific,,ASTM International,,,,,,,,,,
d00294,EPD 142,,,,,,,2025-04-17,,Gypsum concrete floor underlayment,USG,Levelrock 2500 Green,30 mm,,,US,,165,1000 kg,,,,,,,,,,,,,,,1906,kg/m3,,,,,,,,,0.030,,,,,,,,EPD 142,Product-specific,,ASTM International,,,,,,,,,,
bc703d,EPD-156,,,,,,,2025,,"Drywall 1/2""",Pabco,QuietRock,"QuietRock 1/2""",,,US,,451,92.9m2,,,,,,,,,,,,,,,10.3,kg/m2,,,,,,,,,,,,,,,,,EPD-156,Product-specific,,ASTM International,,,,,,,,,,
c930d2,EPD157,,,,,,,2025,,Dowel Laminated Timber,StructureCraft,DowelLam,"3-1/2""",,,CAN,,121.4,m3,,,,,924.01,,,,,,,,,,449,kg/m3,0.09,m thickness,,,,,,,0.089,,,Structure,,,,,EPD157,Product-specific,StructureCraft Builder Inc,Athena Sustainable Materials Institute,ASTM International,External,"Dr. Thomas Gloria
Industrial Ecology Consultants",--,"Part B: Structural and Architectural Wood Products EPD Requirements, v1.0 [16]",TRACI 2.1,SimaPro v9.0 [12],"USLCI [11], Ecoinvent 3.5 [17], Datasmart [10], Athena [2]",---,
LAM012,EPD160,,,,,,,2025-11-04,,Mass Ply Panels,Freres Lumber Company Inc.,Mass Ply Panels,,,US,US & CA,,259.16,m3,,,,,2105.83,,,,,,,,,,546,kg/m3,,,,,,,,,,,,Wood,,,,,EPD160,Product-specific,Freres Lumber Company Inc,"CORRIM, Consortium for Research on Renewable Industrial Materials",ASTM International,External,"Thomas P. Gloria, Ph.D.
ndustrial Ecology Consultants",--,"Part B: Structural and Architectural Wood Products EPD Requirements, v1.0 [14]",TRACI 2.1,SimaPro v9.0.0.49,"USLCI [9], Ecoinvent 3.5 [14], Datasmart [8]",--,
LAM002,EPD 168,,,,,,,2026,,Glued Laminated Timber (Glulam),Vaagen Timbers,Glulam,,,US,US & CA,,147.99,m3,,,,,1014.99,,,,,,,,,,442.1,kg/m3,,,,,,,,,,,,Structure,,,,,EPD 168,Product-specific,Vaagen Timbers,Athena Sustainable Materials Institute,ASTM,External,"Tom Gloria, Industrial Ecology Consultants",ISO 21930:2017,Structural and Architectural Wood Products EPD Requirements v1.0,TRACI 2.1,SimaPro 8.5,"US LCI, DATASMART, EcoInvent",,
LAM009,EPD 168,,,,,,,2026,,Cross Laminated Timber,Vaagen Timbers,Crosslam CLT,"3-1/2""",,US,US & CA,,136.11,m3,,,,,850.23,,,,,,,,,,442.5,kg/m3,,,,,,,,,0.089,,,Wood,,,,,EPD 168,Product-specific,Vaagen Timbers,Athena Sustainable Materials Institute,ASTM,External,"Tom Gloria, Industrial Ecology Consultants",ISO 21930:2017,Structural and Architectural Wood Products EPD Requirements v1.0,TRACI 2.1,SimaPro 8.5,"US LCI, DATASMART, EcoInvent",,
LAM000,EPD 169,,,,,,,2026-04-01,,LVL - Versa-Lam,"Boise Cascade Wood Products, LLC",Laminated Veneer Lumber (LVL); Brand name: Versa-Lam®,,,US,US & CA,,239.47,m³,,,,,-777.59,,,,,,,,,,483.4,kg/m3,,,,,,,,,,,,LVL,,,,,EPD 169,Product-specific,"Boise Cascade Wood Products, LLC",Athena Sustainable Materials Institute,ASTM International,External,"Dr. Thomas Gloria
Industrial Ecology Consultants",--,"Part B: Structural and Architectural Wood Products EPD Requirements, v1.0 [12]",TRACI 2.1,SimaPro v8.5,"USLCI [9], Ecoinvent 3.5 [15], Datasmart [8",75,
LAM013,EPD 169,,,,,,,2026-03-31,,VLT - VersaWorks,"Boise Cascade Wood Products, LLC",Veneer Laminated Timber (VLT); Brand name: VersaWorks™,,,US,US & CA,,239.47,m³,,,,,-777.59,,,,,,,,,,483.4,kg/m3,,,,,,,,,,,,VLT,,,,,EPD 169,Product-specific,"Boise Cascade Wood Products, LLC",Athena Sustainable Materials Institute,ASTM International,External,"Dr. Thomas Gloria
Industrial Ecology Consultants",--,"Part B: Structural and Architectural Wood Products EPD Requirements, v1.0 [12]",TRACI 2.1,SimaPro v8.5,"USLCI [9], Ecoinvent 3.5 [15], Datasmart [8",75,
2480d6,EPD 1725-6769,,,,,,,2022,,Wood floor truss - prefabricated,Quebec Wood Export Bureau,"Common (Warren, 45 deg) web pattern","Top chord bearing, variable depth",,CA,US & CA,,181.6,m3,,,,,,,,,,,,,,,417,kg/m3,0.01135,m3/linear m,,,,,,,,,,,,,,,EPD 1725-6769,Industry average,,CSA Group,,,,,,,,,,
2fe063,EPD-197,,,,,,,2026-03-01,,Hemp fiber batt,NaturFibre,Hemp Wool,R 3.7/inch,,,CAN,,-0.8019,m2 RSI,,,,,1.9,,,,,,,,,,35,kg/m3,1.36,kg/m2 at 0.039 m,3.7065,0.038911,BioCarbon value from EPD,,3.870,,1.220,,,Hemp fiber,,,,,EPD-197,Product-specific,,ASTM/CT Consultant / Vertima,,,,,,,,,,
g93fwm,EPD-2022-7601,,,,,,,2027-11-07,,Straw Wall Panels,EcoCocon,Standard and Brace Panels,"40 cm thickness / R35, panel only",,Lithuania,EU,,14.30,m²,,,,,94.41666667,,,,,,,,,,110,kg/m2,44,kg/m2 at 40cm,2.92,0.04939082192,,,,,0.400,,,Straw,,,,,EPD-2022-7601,Product-specific,EcoCocon s.r.o.,Hedgehog Company B.V.,N.A.,External,"Pieter Stadhouders, EcoReview NL B.V.",,EN15804+A2 / NMD Assessment Method,,,,75,
LVT008,EPD 207,,,,,,,2026-05-18,,2.5 mm Luxury Vinyl Tile ( LVT),"Armstrong Flooring, Inc","2.5 mm Luxury Vinyl Tile ( LVT) Biome™, Coalesce™, Duo™, Exchange™, Parallel® USA,
Terra™ & Theorem™",2.5mm,,US,US & CA,,6.88,m2,,,,,,,,,,,,,,,4363,g/m2,,,,,,,,,,,,Vinyl,,,,,EPD 207,Product-specific,"Armstrong Flooring, Inc",---,ASTM International,External,Tom Gloria,--,"Part B: Flooring EPD Requirements [UL Environment], v2.0 September, 2018",TRACI 2.1,GaBi v8.7.1.30,GaBi 2017,30,
INT002,EPD211,,,,,,,2026-06-04,,"Drywall 1/2""",USG - CGC,Drywall 1/2 Sheetrock Ultralight panels,"1/2""",,US & CA,US & CA,,161,1000 ft2,,,,,,,,,,,,,,,6.5,kg/m2,,,,,,,,,,,,Gypsum,,,,,EPD211,Product-specific,USG Corporation,---,ASTM International,External,"Tim Brooke, ASTM International",--,"NSF International - Product Category Rule for Environmental Product Declarations, PCR for Gypsum Panel Products, v1.1, April",TRACI 2.1,"GaBi Software-
System and Database for Life Cycle Engineering 1992-
2019",GaBi Database,75,
INT001,EPD215,,,,,,,2026-06-04,,"Drywall 1/2""",USG - CGC,"1/2 in. (12.7 mm) Sheetrock® Brand UltraLight
Sag-Resistant Interior Ceiling Board","1/2""",,US & CA,US & CA,,157,1000 ft2,,,,,,,,,,,,,,,6.7,kg/m2,,,,,,,,,,,,Gypsum,,,,,EPD215,Product-specific,USG Corporation,---,ASTM International,External,"Tim Brooke, ASTM International",--,"NSF, Product Category Rules for Gypsum Panel Products, v1.1, April 2020",TRACI 2.1,"GaBi Software-
System and Database for Life Cycle Engineering 1992-
2019",GaBi Database,75,
INT006,EPD 216,,,,,,,2026-04-06,,"Drywall 5/8"" Type X",USG,5/8 in. (15.9 mm) Sheetrock ® Brand EcoSmart Panels Firecode® X,5/8'' type X,,US,US & CA,,219,1000 ft2,,,,,,,,,,,,,,,8.8,kg/m2,,,,,,,,,,,,Gypsum,,,,,EPD 216,Product-specific,USG Corporation,"Thomas P. Gloria, Industrial Ecology
Consultants",ASTM International,External,"Tim Brooke, ASTM International",--,"NSF International - Product Category Rule for Environmental Product Declarations, PCR for Gypsum Panel Products,
v1.1, April 2020. UL Environment - Product Category Rule (PCR) Guidance for Building-Related Products and Services Part B: Joint
Compound EPD Requirements, ULE 10010-30, v.1, August 3, 2016",TRACI 2.1,Gabi version unspecified,---,75,
EWF003,EPD-234,,,,,,,07-2026,,Engineered Wood Flooring,CRAFT Artisan Wood Floors,Engineered Wood Flooring,"5/8"",  SFI Certified",,,CAN,,15.4,m²,,,,,,,,,,,,,,,8.44,"kg/m2 at 5/8""",,,,,,,,,0.019,,,,,,,,EPD-234,Product-specific,,ASTM International,ASTM International,,,,,,,,,
LAM004,EPD246,,,,,,,2026-08-19,,Glued Laminated Timber (Glulam),Western Archrib,Glued Laminated Timber,Manitoba,,CA,US & CA,,169.48,m³,,,,,784.53,,,,,,,,,,,,,,,,,,,,,,,Glulam,,,,,EPD246,Plant-specific,WA Enterprises Ltd,Athena Sustainable Materials Institute,ASTM International,External,"Dr. Thomas Gloria
Industrial Ecology Consultants",--,"Part B: Structural and Architectural Wood Products EPD Requirements, v1.0 [16",TRACI 2.1,SimaPro v8.6,"USLCI [13], Ecoinvent 3.5 [17], Datasmart [12]",--,
LAM005,EPD247,,,,,,,2026-08-19,,Glued Laminated Timber (Glulam),Western Archrib,Glued Laminated Timber,Alberta,,CA,US & CA,,369.8,m³,,,,,784.53,,,,,,,,,,,,,,,,,,,,,,,Glulam,,,,,EPD247,Plant-specific,WA Enterprises Ltd,Athena Sustainable Materials Institute,ASTM International,External,"Dr. Thomas Gloria
Industrial Ecology Consultants",--,"Part B: Structural and Architectural Wood Products EPD Requirements, v1.0 [16",TRACI 2.1,SimaPro v8.6,"USLCI [13], Ecoinvent 3.5 [17], Datasmart [12]",--,
POLY10,EPD 253,,,,,,,2026-09-17,,Polyiso - wall boards,Hunter,Polysio Wall insulation boards,"R 6.5/inch, 20 psi",,US,US & CA,,4.25,m2•RSI,,,,,,,,,,,,,,,33.73,kg/m3,,,6.30,0.02289225397,,,,,,,,Polyisocyanurate,,,,,EPD 253,Product-specific,Hunter,"Shelly Severinghaus, LCACP",ASTM International,External,"Terrie Boguski, P.E. – Harmony Environmental",,"Part B: Building ThermalInsulation EPD Requirements (UL10010-1, Version 2.0), and ISO 21930:2017",TRACI 2.1 version 1.06,SimaPro (Version 9.0.0.35),"ecoinvent v3.5, Cut-off at Classification (ecoinvent centre, 2018), US LCI(NREL, 2015) and DATASMART v2018.1 (Long Trail Sustainability, 2018)",75,
POLY00,EPD254,,,,,,,2026-09-17,,Polyiso - roof boards,Carlisle SynTec Systems,High density cover boards,"Type II, R 5.0-inch, 80 psi",,US,US & CA,,10.95,m2•RSI,,,,,,,,,,,,,,,,,,,5.00,,,,,,,,,Polyisocyanurate,,,,,EPD254,Product-specific,Carlisle SynTec Systems,"Shelly Severinghaus, LCACP
Long Trail Sustainability",ASTM International,External,"Terrie Boguski, P.E. – Harmony Environmenta",--,"Part B: Building Thermal
Insulation EPD Requirements (UL10010-1, Version 2.0), and ISO 21930:
2017",TRACI 2.1 version 1.05,SimaPro (Version 9.0.0.35),ecoinvent v3.5,40,
POLY03,EPD255,,,,,,,2026-09-17,,Polyiso - roof boards,Carlisle SynTec Systems,CGF facer,"Type II R 5.6-inch, 16 psi",,US,US & CA,,3.02,m2•RSI,,,,,,,,,,,,,,,,,,,5.60,,,,,,,,,Polyisocyanurate,,,,,EPD255,Product-specific,Carlisle SynTec Systems,"Shelly Severinghaus, LCACP
Long Trail Sustainability",ASTM International,External,"Terrie Boguski, P.E. – Harmony Environmenta",--,"Part B: Building Thermal
Insulation EPD Requirements (UL10010-1, Version 2.0), and ISO 21930:
2017",TRACI 2.1 version 1.05,SimaPro (Version 9.0.0.35),ecoinvent v3.5,40,
POLY06,EPD 255,,,,,,,2026-09-17,,Polyiso - roof boards,Carlisle,GRF cellulosic facer,"Type II R 5.6-inch, 16 psi",,US,US & CA,,2.18,m2•RSI,,,,,,,,,,,,,,,28.92,kg/m3,,,5.60,0.02575378571,,,,,,,,Polyisocyanurate,,,,,EPD 255,Product-specific,Carlisle,"Shelly Severinghaus, LCACP",ASTM International,External,"Terrie Boguski, P.E. – Harmony Environmental",,"Part B: Building Thermal Insulation EPD Requirements (UL10010-1, Version 2.0), and ISO 21930: 2017",TRACI 2.1 version 1.05,SimaPro (Version 9.0.0.35),"ecoinvent v3.5, Cut-off at Classification (ecoinvent centre, 2018), US LCI (NREL, 2015) and DATASMART v2018.1 (Long Trail Sustainability, 2018)",40,
s76tf2,EPD 266,,,,,,,2026-10-29,,Window - double-glazed,Inline Fiberglass,"300 Series Tilt and Turn, 300 Series Fixed, 325 Series Awning/Casement, 325 Series Fixed, and 400 Series",Fiberglass frame,,Canada,CAN,,75.7,m²,,,,,,,,,,,,,,,,,31.02564103,kg/m2 window,,,,60.5,1.300,1.500,,,,,,,,,EPD 266,Product-specific,Inline,ASTM International,ASTM International,External,ASTM International,ISO 14025,ISO 21930; Earthsure Cradle to Gate Window Product Category Rule 30171600-2015,,,,,
POLY02,EPD 267,,,,,,,2026-11-12,,Polyiso - roof boards,Hunter,High density cover boards,"Type II, R 5.0-inch, 80 psi",,US,US & CA,,10.95,m2•RSI,,,,,,,,,,,,,,,28.92,kg/m3,,,5.00,0.02884424,,,,,,,,Polyisocyanurate,,,,,EPD 267,Product-specific,Hunter,"Shelly Severinghaus, LCACP",ASTM International,External,"Terrie Boguski, P.E. – Harmony Environmental",,"Part B: Building ThermalInsulation EPD Requirements (UL10010-1, Version 2.0), and ISO 21930:2017",TRACI 2.1 version 1.05,SimaPro (Version 9.0.0.35),"ecoinvent v3.5, Cut-off at Classification (ecoinvent centre, 2018), US LCI(NREL, 2015) and DATASMART v2018.1 (Long Trail Sustainability, 2018)",40,
POLY01,EPD 268,,,,,,,2026-11-12,,Polyiso - roof boards,Versico,High density cover boards,"Type II, R 5.0-inch, 80 psi",,US,US & CA,,10.95,m2•RSI,,,,,,,,,,,,,,,28.92,kg/m3,,,5.00,0.02884424,,,,,,,,Polyisocyanurate,,,,,EPD 268,Product-specific,Versico,"Shelly Severinghaus, LCACP",ASTM International,External,"Terrie Boguski, P.E. – Harmony Environmental",,"Part B: Building ThermalInsulation EPD Requirements (UL10010-1, Version 2.0), and ISO 21930:2017",TRACI 2.1 version 1.05,SimaPro (Version 9.0.0.35),"ecoinvent v3.5, Cut-off at Classification (ecoinvent centre, 2018), US LCI(NREL, 2015) and DATASMART v2018.1 (Long Trail Sustainability, 2018)",40,
POLY04,EPD 270,,,,,,,2026-11-12,,Polyiso - roof boards,Versico,"VersiCore, SecurShield, DuraFaceR","Type II R 5.6-inch, 16 psi",,US,US & CA,,3.02,m2•RSI,,,,,,,,,,,,,,,28.92,kg/m3,,,5.60,0.02575378571,,,,,,,,Polyisocyanurate,,,,,EPD 270,Product-specific,Versico,"Shelly Severinghaus, LCACP",ASTM International,External,"Terrie Boguski, P.E. – Harmony Environmental",,"Part B: Building ThermalInsulation EPD Requirements (UL10010-1, Version 2.0), and ISO 21930:2017",TRACI 2.1 version 1.05,SimaPro (Version 9.0.0.35),"ecoinvent v3.5, Cut-off at Classification (ecoinvent centre, 2018), US LCI(NREL, 2015) and DATASMART v2018.1 (Long Trail Sustainability, 2018)",40,
POLY08,EPD 270,,,,,,,2026-11-12,,Polyiso - roof boards,Versico,"VersiCore, SecurShield, DuraFaceR","Type II R 5.6-inch, 16 psi",,US,US & CA,,2.176,m2•RSI,,,,,,,,,,,,,,,28.92,kg/m3,,,5.60,0.02575378571,,,,,,,,Polyisocyanurate,,,,,EPD 270,Product-specific,Versico,"Shelly Severinghaus, LCACP",ASTM International,External,"Terrie Boguski, P.E. – Harmony Environmental",,"Part B: Building ThermalInsulation EPD Requirements (UL10010-1, Version 2.0), and ISO 21930:2017",TRACI 2.1 version 1.05,SimaPro (Version 9.0.0.35),"ecoinvent v3.5, Cut-off at Classification (ecoinvent centre, 2018), US LCI(NREL, 2015) and DATASMART v2018.1 (Long Trail Sustainability, 2018)",40,
POLY05,EPD 271,,,,,,,2026-11-12,,Polyiso - roof boards,Hunter,H-Shield CG,"Type II R 5.6-inch, 16 psi",,US,US & CA,,3.02,m2•RSI,,,,,,,,,,,,,,,28.92,kg/m3,,,5.60,0.02575378571,,,,,,,,Polyisocyanurate,,,,,EPD 271,Product-specific,Hunter,"Shelly Severinghaus, LCACP",ASTM International,External,"Terrie Boguski, P.E. – Harmony Environmental",,"Part B: Building ThermalInsulation EPD Requirements (UL10010-1, Version 2.0), and ISO 21930:2017",TRACI 2.1 version 1.05,SimaPro (Version 9.0.0.35),"ecoinvent v3.5, Cut-off at Classification (ecoinvent centre, 2018), US LCI(NREL, 2015) and DATASMART v2018.1 (Long Trail Sustainability, 2018)",40,
POLY07,EPD 271,,,,,,,2026-11-12,,Polyiso - roof boards,Hunter,H-Shield,"Type II R 5.6-inch, 16 psi",,US,US & CA,,2.18,m2•RSI,,,,,,,,,,,,,,,28.92,kg/m3,,,5.60,0.02575378571,,,,,,,,Polyisocyanurate,,,,,EPD 271,Product-specific,Hunter,"Shelly Severinghaus, LCACP",ASTM International,External,"Terrie Boguski, P.E. – Harmony Environmental",,"Part B: Building ThermalInsulation EPD Requirements (UL10010-1, Version 2.0), and ISO 21930:2017",TRACI 2.1 version 1.05,SimaPro (Version 9.0.0.35),"ecoinvent v3.5, Cut-off at Classification (ecoinvent centre, 2018), US LCI(NREL, 2015) and DATASMART v2018.1 (Long Trail Sustainability, 2018)",40,
POLY09,EPD273,,,,,,,2026-11-12,,Polyiso - wall boards,Carlisle Coatings and Waterproofing (CCW),R2®+ Wall Polyiso,"R 6.3/inch, 20 psi",,US,US & CA,,4.25,m2•RSI,,,,,,,,,,,,,,,,,,,6.30,,,,,,,,,Polyisocyanurate,,,,,EPD273,Product-specific,Carlisle Coatings and Waterproofing (CCW),"Shelly Severinghaus, LCACP
Long Trail Sustainability",ASTM International,External,"Terrie Boguski, P.E. – Harmony Environmental",--,"Part B: Building Thermal
Insulation EPD Requirements (UL10010-1, Version 2.0), and ISO 21930:
2017",TRACI 2.1 version 1.05,SimaPro (Version 9.0.0.35),"ecoinvent v3.5, Cut-off at Classification (ecoinvent centre, 2018), US LCI
(NREL, 2015) and DATASMART v2018.1 (Long Trail Sustainability, 2018",75,
3kglse,EPD-283,,,,,,,2026-12-15,,XPS foam board,Soprema,SOPRA-XPS (entire product line),R 5.0/inch,,Canada,US & CA,,1.92588,m2•RSI,,,,,,,,,,,,,,,32.8,kg/m3,1.102,kg/m2 at RSI1,5,0.02884424,,,2.438,0.610,,,,XPS Foam,,,,,EPD-283,Product-specific,SOPREMA,CT Consultant,ASTM International,External,MB Service Conseil (Marie Bellemare),,,TRACI version 2.1,OpenLCA version 1.10.3,ecoinvent version 3.6,,
LAM008,EPD295,,,,,,,2027-03-16,,Cross Laminated Timber,Kalesnikoff Lumber Co.,Cross Laminated Timber CLT,"3-1/2""",,CA,US & CA,,124.5,m3,,,,,1045.63,,,,,,,,,,446,kg/m3,,,,,,,,,0.089,,,Wood,,,,,EPD295,Product-specific,Kalesnikoff Lumber Co.,Athena Sustainable Materials Institute,ASTM International,External,"Dr. Thomas Gloria
Industrial Ecology Consultants",--,"Part B: Structural and Architectural Wood Products EPD Requirement 10010-9 (Version
1.1).",TRACI 2.1,SimaPro v8.5,"USLCI [9], Ecoinvent 3.5 [15], Datasmart [8]",75,
LAM003,EPD296,,,,,,,2027-03-16,,Glued Laminated Timber (Glulam),Kalesnikoff Lumber Co.,Glulam,BC,,CA,US & CA,,124.5,m³,,,,,817.67,,,,,,,,,,481.68,kg/m3,,,,,,,,,,,,Glulam,,,,,EPD296,Product-specific,Kalesnikoff Lumber Co.,Athena Sustainable Materials Institute,ASTM International,External,"Dr. Thomas Gloria
Industrial Ecology Consultants",--,"Part B: Structural and Architectural Wood Products EPD Requirement 10010-9 (Version
1.1).",TRACI 2.1,SimaPro v8.5,"USLCI [9], Ecoinvent 3.5 [15], Datasmart [8]",75,
VIN001,EPD 325,,,,,,,2027-07-15,,Vinyl Siding,Vinyl Siding Institute,"Double 4.5"" products from: American Original, Associated Materials, CertainTeed, Novik, Ply Gem","0.040"" Double 4.5""",,,US & CA,,4.71,m2,,,,,,,,,,,,,,,1430,kg/m3,,,,,,,,,,,,,,,,,EPD 325,Industry average,Vinyl Siding Institute,ASTM,ASTM,External,"Lindita Bushi, Ph.D,",,,,,,,
VIN002,EPD 326,,,,,,,2027,,Insulated Vinyl Siding,Vinyl Siding Institute,"CertainTeed, Cornerstone, Associated Materials, Progressive Foam, ProVia, Westlake Royal",38.1 mm,,US & CA,US & CA,,6.1,m2,,,,,,,,,,,,,,,2.53,kg/m2,,,0.47,0.3100000,,,,,,,,Vinyl,,,,,EPD 326,Industry average,Vinyl Siding Institute,ASTM,ASTM,External,"Lindita Bushi, Athena Sustainable Materials Institute",ISO 21930:2017,"Part B: Cladding Product Systems EPD Requirements, 2nd ed.",TRACI 2.1,SimaPro 9.2.0.2,,50,
VIN000,EPD 327,,,,,,,2027-07-15,,Polypropylene siding,Vinyl Siding Institute,,"0.085"" Single 7"" ""Cedar"" Shake",,US & CA,US & CA,,9.81,m2,,,,,,,,,,,,,,,1025,kg/m3,9.29,m2/100ft2,,,,,,,0.002,,,Polypropylene,,,,,EPD 327,Industry average,Vinyl Siding Institute,ASTM,,External,"Lindita Bushi, Ph.D,",,,,,,50,
CMU000,EPD-338,,,,,,,2027-09-06,,CMU - Light weight,"Canadian Concrete Masonry Producers Assn, East Region","8"" Light weight blocks",390 x 190 x 190 mm,,CAN,US & CA,,177,m3,,,,,,,,,,,,,,,1722.56,kg/m3,186,kg/m2 of wall,,,,,0.390,0.190,0.190,,,Concrete,,,,,EPD-338,Industry average,Canadian Concrete Masonry Producers Assn,Athena,ASTM,External,Timothy S. Brooke,ISO 21930:2017,Concrete masonry and segmental concrete paving product v1.0,,Athena Concrete LCA Calculator v2,SimaPro 8.5,,
CMU001,EPD-338,,,,,,,2027-09-06,,CMU - Light weight,"Canadian Concrete Masonry Producers Assn, West Region","8"" Light weight blocks",390 x 190 x 190 mm,,CAN,US & CA,,214,m3,,,,,,,,,,,,,,,1722.56,kg/m3,186,kg/m2 of wall,,,,,0.390,0.190,0.190,,,Concrete,,,,,EPD-338,Industry average,Canadian Concrete Masonry Producers Assn,Athena,ASTM,External,Timothy S. Brooke,ISO 21930:2017,Concrete masonry and segmental concrete paving product v1.0,,Athena Concrete LCA Calculator v2,SimaPro 8.5,,
CMU002,EPD-338,,,,,,,2027,,CMU - Normal weight,"Canadian Concrete Masonry Producers Assn, East Region","8"" Normal weight blocks",390 x 190 x 190 mm,,CAN,US & CA,,205,m3,,,,,,,,,,,,,,,2186.12,kg/m3,223,kg/m2 of wall,,,,,0.390,0.190,0.190,,,Concrete,,,,,EPD-338,Industry average,Canadian Concrete Masonry Producers Assn,Athena,ASTM,External,ASTM,ISO 21930:2017,Concrete masonry and segmental concrete paving product v1.1,,Athena Concrete LCA Calculator v3,SimaPro 8.6,,
CMU003,EPD-338,,,,,,,2027,,CMU - Normal weight,"Canadian Concrete Masonry Producers Assn, West Region","8"" Normal weight blocks",390 x 190 x 190 mm,,CAN,US & CA,,252,m3,,,,,,,,,,,,,,,2186.12,kg/m3,223,kg/m2 of wall,,,,,0.390,0.190,0.190,,,Concrete,,,,,EPD-338,Industry average,Canadian Concrete Masonry Producers Assn,Athena,ASTM,External,ASTM,ISO 21930:2017,Concrete masonry and segmental concrete paving product v1.1,,Athena Concrete LCA Calculator v3,SimaPro 8.6,,
91617a,EPD 3409-8229,,,,,,,2022,,Wood roof truss,Quebec Wood Export Bureau,Common (Double Howe) Gable Roof,"2x6 Chords, 2x4 Webs, 4:12 Pitch, 40 ft span, 20"" overhang",,,CAN,,178,m3,,,,,,,,,,,,,,,417,kg/m3,0.0142,m3/linear m,,,,,,,,,,,,,,,EPD 3409-8229,Composite of EPDs,,CSA Group,,,,,,,,,,
A12363,EPD 346,,,,,,,2027-07-27,,"Concrete - 25 MPa, 20% FA, GUL",Concrete Alberta,Can. Alberta Avg.,,,CA,CA,,255.8,m3,,,,,,,,,,,,,,,2305,kg/m3,,,,,,,,,,,,,,,,,EPD 346,Industry average,Concrete Alberta,Athena Sustainable Materials Institute,ASTM,External,"Thomas P. Gloria, Ph.D., Industrial Ecology Consultants,",,"NSF International Product Category Rule (PCR) for Concrete Version 2.1 (August 2021),",TRACI 2.1 V1.02,,,,
A12364,EPD 346,,,,,,,2027-07-27,,"Concrete - 30 MPa, 20% FA, GUL",Concrete Alberta,Can. Alberta Avg.,,,CA,CA,,292.0,m3,,,,,,,,,,,,,,,2305,kg/m3,,,,,,,,,,,,,,,,,EPD 346,Industry average,Concrete Alberta,Athena Sustainable Materials Institute,ASTM,External,"Thomas P. Gloria, Ph.D., Industrial Ecology Consultants,",,"NSF International Product Category Rule (PCR) for Concrete Version 2.1 (August 2021),",TRACI 2.1 V1.02,,,,
A12365,EPD 346,,,,,,,2027-07-27,,"Concrete - 35 MPa, 20% FA, GUL",Concrete Alberta,Can. Alberta Avg.,,,CA,CA,,323.72,m3,,,,,,,,,,,,,,,2305,kg/m3,,,,,,,,,,,,,,,,,EPD 346,Industry average,Concrete Alberta,Athena Sustainable Materials Institute,ASTM,External,"Thomas P. Gloria, Ph.D., Industrial Ecology Consultants,",,"NSF International Product Category Rule (PCR) for Concrete Version 2.1 (August 2021),",TRACI 2.1 V1.02,,,,
aaacc100,EPD 346,,,,,,,2027-07-27,,"Concrete - 35 MPa, 10% FA, GU",Concrete Alberta,Can. Alberta Avg.,,,CA,CA,,397.06,m3,,,,,,,,,,,,,,,2305,kg/m3,,,,,,,,,,,,,,,,,EPD 346,Industry average,Concrete Alberta,Athena Sustainable Materials Institute,ASTM,External,"Thomas P. Gloria, Ph.D., Industrial Ecology Consultants,",,"NSF International Product Category Rule (PCR) for Concrete Version 2.1 (August 2021),",TRACI 2.1 V1.02,,,,
aaacc101,EPD 346,,,,,,,2027-07-27,,"Concrete - 35 MPa, 20% FA, GU",Concrete Alberta,Can. Alberta Avg.,,,CA,CA,,358.54,m3,,,,,,,,,,,,,,,2305,kg/m3,,,,,,,,,,,,,,,,,EPD 346,Industry average,Concrete Alberta,Athena Sustainable Materials Institute,ASTM,External,"Thomas P. Gloria, Ph.D., Industrial Ecology Consultants,",,"NSF International Product Category Rule (PCR) for Concrete Version 2.1 (August 2021),",TRACI 2.1 V1.02,,,,
aaacc93,EPD 346,,,,,,,2027-07-27,,"Concrete - 25 MPa, GU",Concrete Alberta,Can. Alberta Avg.,,,CA,CA,,341.8,m3,,,,,,,,,,,,,,,2305,kg/m3,,,,,,,,,,,,,,,,,EPD 346,Industry average,Concrete Alberta,Athena Sustainable Materials Institute,ASTM,External,"Thomas P. Gloria, Ph.D., Industrial Ecology Consultants,",,"NSF International Product Category Rule (PCR) for Concrete Version 2.1 (August 2021),",TRACI 2.1 V1.02,,,,
aaacc94,EPD 346,,,,,,,2027-07-27,,"Concrete - 25 MPa, 10% FA, GU",Concrete Alberta,Can. Alberta Avg.,,,CA,CA,,312.37,m3,,,,,,,,,,,,,,,2305,kg/m3,,,,,,,,,,,,,,,,,EPD 346,Industry average,Concrete Alberta,Athena Sustainable Materials Institute,ASTM,External,"Thomas P. Gloria, Ph.D., Industrial Ecology Consultants,",,"NSF International Product Category Rule (PCR) for Concrete Version 2.1 (August 2021),",TRACI 2.1 V1.02,,,,
aaacc95,EPD 346,,,,,,,2027-07-27,,"Concrete - 25 MPa, 20% FA, GU",Concrete Alberta,Can. Alberta Avg.,,,CA,CA,,282.5,m3,,,,,,,,,,,,,,,2305,kg/m3,,,,,,,,,,,,,,,,,EPD 346,Industry average,Concrete Alberta,Athena Sustainable Materials Institute,ASTM,External,"Thomas P. Gloria, Ph.D., Industrial Ecology Consultants,",,"NSF International Product Category Rule (PCR) for Concrete Version 2.1 (August 2021),",TRACI 2.1 V1.02,,,,
aaacc96,EPD 346,,,,,,,2027-07-27,,"Concrete - 30 MPa, GU",Concrete Alberta,Can. Alberta Avg.,,,CA,CA,,384.98,m3,,,,,,,,,,,,,,,2305,kg/m3,,,,,,,,,,,,,,,,,EPD 346,Industry average,Concrete Alberta,Athena Sustainable Materials Institute,ASTM,External,"Thomas P. Gloria, Ph.D., Industrial Ecology Consultants,",,"NSF International Product Category Rule (PCR) for Concrete Version 2.1 (August 2021),",TRACI 2.1 V1.02,,,,
aaacc97,EPD 346,,,,,,,2027-07-27,,"Concrete - 30 MPa, 10% FA, GU",Concrete Alberta,Can. Alberta Avg.,,,CA,CA,,351.67,m3,,,,,,,,,,,,,,,2305,kg/m3,,,,,,,,,,,,,,,,,EPD 346,Industry average,Concrete Alberta,Athena Sustainable Materials Institute,ASTM,External,"Thomas P. Gloria, Ph.D., Industrial Ecology Consultants,",,"NSF International Product Category Rule (PCR) for Concrete Version 2.1 (August 2021),",TRACI 2.1 V1.02,,,,
aaacc98,EPD 346,,,,,,,2027-07-27,,"Concrete - 30 MPa, 20% FA, GU",Concrete Alberta,Can. Alberta Avg.,,,CA,CA,,317.9,m3,,,,,,,,,,,,,,,2305,kg/m3,,,,,,,,,,,,,,,,,EPD 346,Industry average,Concrete Alberta,Athena Sustainable Materials Institute,ASTM,External,"Thomas P. Gloria, Ph.D., Industrial Ecology Consultants,",,"NSF International Product Category Rule (PCR) for Concrete Version 2.1 (August 2021),",TRACI 2.1 V1.02,,,,
aaacc99,EPD 346,,,,,,,2027-07-27,,"Concrete - 35 MPa, GU",Concrete Alberta,Can. Alberta Avg.,,,CA,CA,,435.13,m3,,,,,,,,,,,,,,,2305,kg/m3,,,,,,,,,,,,,,,,,EPD 346,Industry average,Concrete Alberta,Athena Sustainable Materials Institute,ASTM,External,"Thomas P. Gloria, Ph.D., Industrial Ecology Consultants,",,"NSF International Product Category Rule (PCR) for Concrete Version 2.1 (August 2021),",TRACI 2.1 V1.02,,,,
A12361,EPD 347,,,,,,,2027-07-27,,"Concrete - 25 MPa, 40% FA, GUL",Atlantic Concrete Association,Can. Atlantic Avg.,,,CA,CA,,252.18,m3,,,,,,,,,,,,,,,2305,kg/m3,,,,,,,,,,,,,,,,,EPD 347,Industry average,Atlantic Concrete Association,Athena Sustainable Materials Institute,ASTM,External,"Thomas P. Gloria, Ph.D., Industrial Ecology Consultants,",,"NSF International Product Category Rule (PCR) for Concrete Version 2.1 (August 2021),",TRACI 2.1 V1.02,,,,
A12362,EPD 347,,,,,,,2027-07-27,,"Concrete - 30 MPa, 40% FA, GUL",Atlantic Concrete Association,Can. Atlantic Avg.,,,CA,CA,,270.08,m3,,,,,,,,,,,,,,,2305,kg/m3,,,,,,,,,,,,,,,,,EPD 347,Industry average,Atlantic Concrete Association,Athena Sustainable Materials Institute,ASTM,External,"Thomas P. Gloria, Ph.D., Industrial Ecology Consultants,",,"NSF International Product Category Rule (PCR) for Concrete Version 2.1 (August 2021),",TRACI 2.1 V1.02,,,,
A12368,EPD 347,,,,,,,2027-07-27,,"Concrete - 35 MPa, 40% FA, GUL",Atlantic Concrete Association,Can. Atlantic Avg.,,,CA,CA,,300.26,m3,,,,,,,,,,,,,,,2305,kg/m3,,,,,,,,,,,,,,,,,EPD 347,Industry average,Atlantic Concrete Association,Athena Sustainable Materials Institute,ASTM,External,"Thomas P. Gloria, Ph.D., Industrial Ecology Consultants,",,"NSF International Product Category Rule (PCR) for Concrete Version 2.1 (August 2021),",TRACI 2.1 V1.02,,,,
aaacc78,EPD 347,,,,,,,2027-07-27,,"Concrete - 25 MPa, GU",Atlantic Concrete Association,Can. Atlantic Avg.,,,CA,CA,,387.2,m3,,,,,,,,,,,,,,,2305,kg/m3,,,,,,,,,,,,,,,,,EPD 347,Industry average,Atlantic Concrete Association,Athena Sustainable Materials Institute,ASTM,External,"Thomas P. Gloria, Ph.D., Industrial Ecology Consultants,",,"NSF International Product Category Rule (PCR) for Concrete Version 2.1 (August 2021),",TRACI 2.1 V1.02,,,,
aaacc79,EPD 347,,,,,,,2027-07-27,,"Concrete - 25 MPa, 10% FA, GU",Atlantic Concrete Association,Can. Atlantic Avg.,,,CA,CA,,357.51,m3,,,,,,,,,,,,,,,2305,kg/m3,,,,,,,,,,,,,,,,,EPD 347,Industry average,Atlantic Concrete Association,Athena Sustainable Materials Institute,ASTM,External,"Thomas P. Gloria, Ph.D., Industrial Ecology Consultants,",,"NSF International Product Category Rule (PCR) for Concrete Version 2.1 (August 2021),",TRACI 2.1 V1.02,,,,
aaacc80,EPD 347,,,,,,,2027-07-27,,"Concrete - 25 MPa, 20% FA, GU",Atlantic Concrete Association,Can. Atlantic Avg.,,,CA,CA,,327.82,m3,,,,,,,,,,,,,,,2305,kg/m3,,,,,,,,,,,,,,,,,EPD 347,Industry average,Atlantic Concrete Association,Athena Sustainable Materials Institute,ASTM,External,"Thomas P. Gloria, Ph.D., Industrial Ecology Consultants,",,"NSF International Product Category Rule (PCR) for Concrete Version 2.1 (August 2021),",TRACI 2.1 V1.02,,,,
aaacc81,EPD 347,,,,,,,2027-07-27,,"Concrete - 25 MPa, 30% FA, GU",Atlantic Concrete Association,Can. Atlantic Avg.,,,CA,CA,,298.12,m3,,,,,,,,,,,,,,,2305,kg/m3,,,,,,,,,,,,,,,,,EPD 347,Industry average,Atlantic Concrete Association,Athena Sustainable Materials Institute,ASTM,External,"Thomas P. Gloria, Ph.D., Industrial Ecology Consultants,",,"NSF International Product Category Rule (PCR) for Concrete Version 2.1 (August 2021),",TRACI 2.1 V1.02,,,,
aaacc82,EPD 347,,,,,,,2027-07-27,,"Concrete - 25 MPa, 40% FA, GU",Atlantic Concrete Association,Can. Atlantic Avg.,,,CA,CA,,268.43,m3,,,,,,,,,,,,,,,2305,kg/m3,,,,,,,,,,,,,,,,,EPD 347,Industry average,Atlantic Concrete Association,Athena Sustainable Materials Institute,ASTM,External,"Thomas P. Gloria, Ph.D., Industrial Ecology Consultants,",,"NSF International Product Category Rule (PCR) for Concrete Version 2.1 (August 2021),",TRACI 2.1 V1.02,,,,
aaacc83,EPD 347,,,,,,,2027-07-27,,"Concrete - 30 MPa, GU",Atlantic Concrete Association,Can. Atlantic Avg.,,,CA,CA,,419.64,m3,,,,,,,,,,,,,,,2305,kg/m3,,,,,,,,,,,,,,,,,EPD 347,Industry average,Atlantic Concrete Association,Athena Sustainable Materials Institute,ASTM,External,"Thomas P. Gloria, Ph.D., Industrial Ecology Consultants,",,"NSF International Product Category Rule (PCR) for Concrete Version 2.1 (August 2021),",TRACI 2.1 V1.02,,,,
aaacc84,EPD 347,,,,,,,2027-07-27,,"Concrete - 30 MPa, 10% FA, GU",Atlantic Concrete Association,Can. Atlantic Avg.,,,CA,CA,,386.75,m3,,,,,,,,,,,,,,,2305,kg/m3,,,,,,,,,,,,,,,,,EPD 347,Industry average,Atlantic Concrete Association,Athena Sustainable Materials Institute,ASTM,External,"Thomas P. Gloria, Ph.D., Industrial Ecology Consultants,",,"NSF International Product Category Rule (PCR) for Concrete Version 2.1 (August 2021),",TRACI 2.1 V1.02,,,,
aaacc85,EPD 347,,,,,,,2027-07-27,,"Concrete - 30 MPa, 20% FA, GU",Atlantic Concrete Association,Can. Atlantic Avg.,,,CA,CA,,353.86,m3,,,,,,,,,,,,,,,2305,kg/m3,,,,,,,,,,,,,,,,,EPD 347,Industry average,Atlantic Concrete Association,Athena Sustainable Materials Institute,ASTM,External,"Thomas P. Gloria, Ph.D., Industrial Ecology Consultants,",,"NSF International Product Category Rule (PCR) for Concrete Version 2.1 (August 2021),",TRACI 2.1 V1.02,,,,
aaacc86,EPD 347,,,,,,,2027-07-27,,"Concrete - 30 MPa, 30% FA, GU",Atlantic Concrete Association,Can. Atlantic Avg.,,,CA,CA,,320.97,m3,,,,,,,,,,,,,,,2305,kg/m3,,,,,,,,,,,,,,,,,EPD 347,Industry average,Atlantic Concrete Association,Athena Sustainable Materials Institute,ASTM,External,"Thomas P. Gloria, Ph.D., Industrial Ecology Consultants,",,"NSF International Product Category Rule (PCR) for Concrete Version 2.1 (August 2021),",TRACI 2.1 V1.02,,,,
aaacc87,EPD 347,,,,,,,2027-07-27,,"Concrete - 30 MPa, 40% FA, GU",Atlantic Concrete Association,Can. Atlantic Avg.,,,CA,CA,,288.08,m3,,,,,,,,,,,,,,,2305,kg/m3,,,,,,,,,,,,,,,,,EPD 347,Industry average,Atlantic Concrete Association,Athena Sustainable Materials Institute,ASTM,External,"Thomas P. Gloria, Ph.D., Industrial Ecology Consultants,",,"NSF International Product Category Rule (PCR) for Concrete Version 2.1 (August 2021),",TRACI 2.1 V1.02,,,,
aaacc88,EPD 347,,,,,,,2027-07-27,,"Concrete - 35 MPa, GU",Atlantic Concrete Association,Can. Atlantic Avg.,,,CA,CA,,487.53,m3,,,,,,,,,,,,,,,2305,kg/m3,,,,,,,,,,,,,,,,,EPD 347,Industry average,Atlantic Concrete Association,Athena Sustainable Materials Institute,ASTM,External,"Thomas P. Gloria, Ph.D., Industrial Ecology Consultants,",,"NSF International Product Category Rule (PCR) for Concrete Version 2.1 (August 2021),",TRACI 2.1 V1.02,,,,
aaacc89,EPD 347,,,,,,,2027-07-27,,"Concrete - 35 MPa, 10% FA, GU",Atlantic Concrete Association,Can. Atlantic Avg.,,,CA,CA,,448.25,m3,,,,,,,,,,,,,,,2305,kg/m3,,,,,,,,,,,,,,,,,EPD 347,Industry average,Atlantic Concrete Association,Athena Sustainable Materials Institute,ASTM,External,"Thomas P. Gloria, Ph.D., Industrial Ecology Consultants,",,"NSF International Product Category Rule (PCR) for Concrete Version 2.1 (August 2021),",TRACI 2.1 V1.02,,,,
aaacc90,EPD 347,,,,,,,2027-07-27,,"Concrete - 35 MPa, 20% FA, GU",Atlantic Concrete Association,Can. Atlantic Avg.,,,CA,CA,,408.96,m3,,,,,,,,,,,,,,,2305,kg/m3,,,,,,,,,,,,,,,,,EPD 347,Industry average,Atlantic Concrete Association,Athena Sustainable Materials Institute,ASTM,External,"Thomas P. Gloria, Ph.D., Industrial Ecology Consultants,",,"NSF International Product Category Rule (PCR) for Concrete Version 2.1 (August 2021),",TRACI 2.1 V1.02,,,,
aaacc91,EPD 347,,,,,,,2027-07-27,,"Concrete - 35 MPa, 30% FA, GU",Atlantic Concrete Association,Can. Atlantic Avg.,,,CA,CA,,369.67,m3,,,,,,,,,,,,,,,2305,kg/m3,,,,,,,,,,,,,,,,,EPD 347,Industry average,Atlantic Concrete Association,Athena Sustainable Materials Institute,ASTM,External,"Thomas P. Gloria, Ph.D., Industrial Ecology Consultants,",,"NSF International Product Category Rule (PCR) for Concrete Version 2.1 (August 2021),",TRACI 2.1 V1.02,,,,
aaacc92,EPD 347,,,,,,,2027-07-27,,"Concrete - 35 MPa, 40% FA, GU",Atlantic Concrete Association,Can. Atlantic Avg.,,,CA,CA,,330.39,m3,,,,,,,,,,,,,,,2305,kg/m3,,,,,,,,,,,,,,,,,EPD 347,Industry average,Atlantic Concrete Association,Athena Sustainable Materials Institute,ASTM,External,"Thomas P. Gloria, Ph.D., Industrial Ecology Consultants,",,"NSF International Product Category Rule (PCR) for Concrete Version 2.1 (August 2021),",TRACI 2.1 V1.02,,,,
A12359,EPD 348,,,,,,,2027-07-27,,"Concrete - 25 MPa, 40% SCM, GUL",Concrete BC,Can. BC Avg.,,,CA,CA,,174.8,m3,,,,,,,,,,,,,,,2305,kg/m3,,,,,,,,,,,,,,,,,EPD 348,Industry average,Concrete BC,Athena Sustainable Materials Institute,ASTM,External,"Thomas P. Gloria, Ph.D., Industrial Ecology Consultants,",,"NSF International Product Category Rule (PCR) for Concrete Version 2.1 (August 2021),",TRACI 2.1 V1.02,,,,
A12360,EPD 348,,,,,,,2027-07-27,,"Concrete - 30 MPa, 40% SCM, GUL",Concrete BC,Can. BC Avg.,,,CA,CA,,204.4,m3,,,,,,,,,,,,,,,2305,kg/m3,,,,,,,,,,,,,,,,,EPD 348,Industry average,Concrete BC,Athena Sustainable Materials Institute,ASTM,External,"Thomas P. Gloria, Ph.D., Industrial Ecology Consultants,",,"NSF International Product Category Rule (PCR) for Concrete Version 2.1 (August 2021),",TRACI 2.1 V1.02,,,,
A12366,EPD 348,,,,,,,2027-07-27,,"Concrete - 35 MPa, 40% SCM, GUL",Concrete BC,Can. BC Avg.,,,CA,CA,,232.935,m3,,,,,,,,,,,,,,,2305,kg/m3,,,,,,,,,,,,,,,,,EPD 348,Industry average,Concrete BC,Athena Sustainable Materials Institute,ASTM,External,"Thomas P. Gloria, Ph.D., Industrial Ecology Consultants,",,"NSF International Product Category Rule (PCR) for Concrete Version 2.1 (August 2021),",TRACI 2.1 V1.02,,,,
aaacc66,EPD 348,,,,,,,2027-07-27,,"Concrete - 25 MPa, GU",Concrete BC,Can. BC Avg.,,,CA,CA,,263.94,m3,,,,,,,,,,,,,,,2305,kg/m3,,,,,,,,,,,,,,,,,EPD 348,Industry average,Concrete BC,Athena Sustainable Materials Institute,ASTM,External,"Thomas P. Gloria, Ph.D., Industrial Ecology Consultants,",,"NSF International Product Category Rule (PCR) for Concrete Version 2.1 (August 2021),",TRACI 2.1 V1.02,,,,
aaacc67,EPD 348,,,,,,,2027-07-27,,"Concrete - 25 MPa, 15% SCM, GU",Concrete BC,Can. BC Avg.,,,CA,CA,,234.65,m3,,,,,,,,,,,,,,,2305,kg/m3,,,,,,,,,,,,,,,,,EPD 348,Industry average,Concrete BC,Athena Sustainable Materials Institute,ASTM,External,"Thomas P. Gloria, Ph.D., Industrial Ecology Consultants,",,"NSF International Product Category Rule (PCR) for Concrete Version 2.1 (August 2021),",TRACI 2.1 V1.02,,,,
aaacc68,EPD 348,,,,,,,2027-07-27,,"Concrete - 25 MPa, 25% SCM, GU",Concrete BC,Can. BC Avg.,,,CA,CA,,215.66,m3,,,,,,,,,,,,,,,2305,kg/m3,,,,,,,,,,,,,,,,,EPD 348,Industry average,Concrete BC,Athena Sustainable Materials Institute,ASTM,External,"Thomas P. Gloria, Ph.D., Industrial Ecology Consultants,",,"NSF International Product Category Rule (PCR) for Concrete Version 2.1 (August 2021),",TRACI 2.1 V1.02,,,,
aaacc69,EPD 348,,,,,,,2027-07-27,,"Concrete - 25 MPa, 40% SCM, GU",Concrete BC,Can. BC Avg.,,,CA,CA,,186.29,m3,,,,,,,,,,,,,,,2305,kg/m3,,,,,,,,,,,,,,,,,EPD 348,Industry average,Concrete BC,Athena Sustainable Materials Institute,ASTM,External,"Thomas P. Gloria, Ph.D., Industrial Ecology Consultants,",,"NSF International Product Category Rule (PCR) for Concrete Version 2.1 (August 2021),",TRACI 2.1 V1.02,,,,
aaacc70,EPD 348,,,,,,,2027-07-27,,"Concrete - 30 MPa, GU",Concrete BC,Can. BC Avg.,,,CA,CA,,310.69,m3,,,,,,,,,,,,,,,2305,kg/m3,,,,,,,,,,,,,,,,,EPD 348,Industry average,Concrete BC,Athena Sustainable Materials Institute,ASTM,External,"Thomas P. Gloria, Ph.D., Industrial Ecology Consultants,",,"NSF International Product Category Rule (PCR) for Concrete Version 2.1 (August 2021),",TRACI 2.1 V1.02,,,,
aaacc71,EPD 348,,,,,,,2027-07-27,,"Concrete - 30 MPa, 15% SCM, GU",Concrete BC,Can. BC Avg.,,,CA,CA,,275.96,m3,,,,,,,,,,,,,,,2305,kg/m3,,,,,,,,,,,,,,,,,EPD 348,Industry average,Concrete BC,Athena Sustainable Materials Institute,ASTM,External,"Thomas P. Gloria, Ph.D., Industrial Ecology Consultants,",,"NSF International Product Category Rule (PCR) for Concrete Version 2.1 (August 2021),",TRACI 2.1 V1.02,,,,
aaacc72,EPD 348,,,,,,,2027-07-27,,"Concrete - 30 MPa, 25% SCM, GU",Concrete BC,Can. BC Avg.,,,CA,CA,,252.8,m3,,,,,,,,,,,,,,,2305,kg/m3,,,,,,,,,,,,,,,,,EPD 348,Industry average,Concrete BC,Athena Sustainable Materials Institute,ASTM,External,"Thomas P. Gloria, Ph.D., Industrial Ecology Consultants,",,"NSF International Product Category Rule (PCR) for Concrete Version 2.1 (August 2021),",TRACI 2.1 V1.02,,,,
aaacc73,EPD 348,,,,,,,2027-07-27,,"Concrete - 30 MPa, 40% SCM, GU",Concrete BC,Can. BC Avg.,,,CA,CA,,218.06,m3,,,,,,,,,,,,,,,2305,kg/m3,,,,,,,,,,,,,,,,,EPD 348,Industry average,Concrete BC,Athena Sustainable Materials Institute,ASTM,External,"Thomas P. Gloria, Ph.D., Industrial Ecology Consultants,",,"NSF International Product Category Rule (PCR) for Concrete Version 2.1 (August 2021),",TRACI 2.1 V1.02,,,,
aaacc74,EPD 348,,,,,,,2027-07-27,,"Concrete - 35 MPa, GU",Concrete BC,Can. BC Avg.,,,CA,CA,,355.26,m3,,,,,,,,,,,,,,,2305,kg/m3,,,,,,,,,,,,,,,,,EPD 348,Industry average,Concrete BC,Athena Sustainable Materials Institute,ASTM,External,"Thomas P. Gloria, Ph.D., Industrial Ecology Consultants,",,"NSF International Product Category Rule (PCR) for Concrete Version 2.1 (August 2021),",TRACI 2.1 V1.02,,,,
aaacc75,EPD 348,,,,,,,2027-07-27,,"Concrete - 35 MPa, 15% SCM, GU",Concrete BC,Can. BC Avg.,,,CA,CA,,315.41,m3,,,,,,,,,,,,,,,2305,kg/m3,,,,,,,,,,,,,,,,,EPD 348,Industry average,Concrete BC,Athena Sustainable Materials Institute,ASTM,External,"Thomas P. Gloria, Ph.D., Industrial Ecology Consultants,",,"NSF International Product Category Rule (PCR) for Concrete Version 2.1 (August 2021),",TRACI 2.1 V1.02,,,,
aaacc76,EPD 348,,,,,,,2027-07-27,,"Concrete - 35 MPa, 25% SCM, GU",Concrete BC,Can. BC Avg.,,,CA,CA,,288.94,m3,,,,,,,,,,,,,,,2305,kg/m3,,,,,,,,,,,,,,,,,EPD 348,Industry average,Concrete BC,Athena Sustainable Materials Institute,ASTM,External,"Thomas P. Gloria, Ph.D., Industrial Ecology Consultants,",,"NSF International Product Category Rule (PCR) for Concrete Version 2.1 (August 2021),",TRACI 2.1 V1.02,,,,
aaacc77,EPD 348,,,,,,,2027-07-27,,"Concrete - 35 MPa, 40% SCM, GU",Concrete BC,Can. BC Avg.,,,CA,CA,,248.67,m3,,,,,,,,,,,,,,,2305,kg/m3,,,,,,,,,,,,,,,,,EPD 348,Industry average,Concrete BC,Athena Sustainable Materials Institute,ASTM,External,"Thomas P. Gloria, Ph.D., Industrial Ecology Consultants,",,"NSF International Product Category Rule (PCR) for Concrete Version 2.1 (August 2021),",TRACI 2.1 V1.02,,,,
A12355,EPD 349,,,,,,,2027-07-27,,"Concrete - 25 MPa, 40% FA, GUL",Concrete Manitoba,Can. Manitoba Avg.,,,CA,CA,,161.6,m3,,,,,,,,,,,,,,,2305,kg/m3,,,,,,,,,,,,,,,,,EPD 349,Industry average,Concrete Manitoba,Athena Sustainable Materials Institute,ASTM,External,"Thomas P. Gloria, Ph.D., Industrial Ecology Consultants,",,"NSF International Product Category Rule (PCR) for Concrete Version 2.1 (August 2021),",TRACI 2.1 V1.02,,,,
A12356,EPD 349,,,,,,,2027-07-27,,"Concrete - 30 MPa, 40% FA, GUL",Concrete Manitoba,Can. Manitoba Avg.,,,CA,CA,,176.915,m3,,,,,,,,,,,,,,,2305,kg/m3,,,,,,,,,,,,,,,,,EPD 349,Industry average,Concrete Manitoba,Athena Sustainable Materials Institute,ASTM,External,"Thomas P. Gloria, Ph.D., Industrial Ecology Consultants,",,"NSF International Product Category Rule (PCR) for Concrete Version 2.1 (August 2021),",TRACI 2.1 V1.02,,,,
A12358,EPD 349,,,,,,,2027-07-27,,"Concrete - 35 MPa, 40% FA, GUL",Concrete Manitoba,Can. Manitoba Avg.,,,CA,CA,,199.9,m3,,,,,,,,,,,,,,,2305,kg/m3,,,,,,,,,,,,,,,,,EPD 349,Industry average,Concrete Manitoba,Athena Sustainable Materials Institute,ASTM,External,"Thomas P. Gloria, Ph.D., Industrial Ecology Consultants,",,"NSF International Product Category Rule (PCR) for Concrete Version 2.1 (August 2021),",TRACI 2.1 V1.02,,,,
aaacc51,EPD 349,,,,,,,2027-07-27,,"Concrete - 25 MPa, GU",Concrete Manitoba,Can. Manitoba Avg.,,,CA,CA,,270.73,m3,,,,,,,,,,,,,,,2305,kg/m3,,,,,,,,,,,,,,,,,EPD 349,Industry average,Concrete Manitoba,Athena Sustainable Materials Institute,ASTM,External,"Thomas P. Gloria, Ph.D., Industrial Ecology Consultants,",,"NSF International Product Category Rule (PCR) for Concrete Version 2.1 (August 2021),",TRACI 2.1 V1.02,,,,
aaacc52,EPD 349,,,,,,,2027-07-27,,"Concrete - 25 MPa, 10% FA, GU",Concrete Manitoba,Can. Manitoba Avg.,,,CA,CA,,249.17,m3,,,,,,,,,,,,,,,2305,kg/m3,,,,,,,,,,,,,,,,,EPD 349,Industry average,Concrete Manitoba,Athena Sustainable Materials Institute,ASTM,External,"Thomas P. Gloria, Ph.D., Industrial Ecology Consultants,",,"NSF International Product Category Rule (PCR) for Concrete Version 2.1 (August 2021),",TRACI 2.1 V1.02,,,,
aaacc53,EPD 349,,,,,,,2027-07-27,,"Concrete - 25 MPa, 20% FA, GU",Concrete Manitoba,Can. Manitoba Avg.,,,CA,CA,,226.64,m3,,,,,,,,,,,,,,,2305,kg/m3,,,,,,,,,,,,,,,,,EPD 349,Industry average,Concrete Manitoba,Athena Sustainable Materials Institute,ASTM,External,"Thomas P. Gloria, Ph.D., Industrial Ecology Consultants,",,"NSF International Product Category Rule (PCR) for Concrete Version 2.1 (August 2021),",TRACI 2.1 V1.02,,,,
aaacc54,EPD 349,,,,,,,2027-07-27,,"Concrete - 25 MPa, 30% FA, GU",Concrete Manitoba,Can. Manitoba Avg.,,,CA,CA,,205.07,m3,,,,,,,,,,,,,,,2305,kg/m3,,,,,,,,,,,,,,,,,EPD 349,Industry average,Concrete Manitoba,Athena Sustainable Materials Institute,ASTM,External,"Thomas P. Gloria, Ph.D., Industrial Ecology Consultants,",,"NSF International Product Category Rule (PCR) for Concrete Version 2.1 (August 2021),",TRACI 2.1 V1.02,,,,
aaacc55,EPD 349,,,,,,,2027-07-27,,"Concrete - 25 MPa, 40% FA, GU",Concrete Manitoba,Can. Manitoba Avg.,,,CA,CA,,182.54,m3,,,,,,,,,,,,,,,2305,kg/m3,,,,,,,,,,,,,,,,,EPD 349,Industry average,Concrete Manitoba,Athena Sustainable Materials Institute,ASTM,External,"Thomas P. Gloria, Ph.D., Industrial Ecology Consultants,",,"NSF International Product Category Rule (PCR) for Concrete Version 2.1 (August 2021),",TRACI 2.1 V1.02,,,,
aaacc56,EPD 349,,,,,,,2027-07-27,,"Concrete - 30 MPa, GU",Concrete Manitoba,Can. Manitoba Avg.,,,CA,CA,,298.23,m3,,,,,,,,,,,,,,,2305,kg/m3,,,,,,,,,,,,,,,,,EPD 349,Industry average,Concrete Manitoba,Athena Sustainable Materials Institute,ASTM,External,"Thomas P. Gloria, Ph.D., Industrial Ecology Consultants,",,"NSF International Product Category Rule (PCR) for Concrete Version 2.1 (August 2021),",TRACI 2.1 V1.02,,,,
aaacc57,EPD 349,,,,,,,2027-07-27,,"Concrete - 30 MPa, 10% FA, GU",Concrete Manitoba,Can. Manitoba Avg.,,,CA,CA,,273.77,m3,,,,,,,,,,,,,,,2305,kg/m3,,,,,,,,,,,,,,,,,EPD 349,Industry average,Concrete Manitoba,Athena Sustainable Materials Institute,ASTM,External,"Thomas P. Gloria, Ph.D., Industrial Ecology Consultants,",,"NSF International Product Category Rule (PCR) for Concrete Version 2.1 (August 2021),",TRACI 2.1 V1.02,,,,
aaacc58,EPD 349,,,,,,,2027-07-27,,"Concrete - 30 MPa, 20% FA, GU",Concrete Manitoba,Can. Manitoba Avg.,,,CA,CA,,249.23,m3,,,,,,,,,,,,,,,2305,kg/m3,,,,,,,,,,,,,,,,,EPD 349,Industry average,Concrete Manitoba,Athena Sustainable Materials Institute,ASTM,External,"Thomas P. Gloria, Ph.D., Industrial Ecology Consultants,",,"NSF International Product Category Rule (PCR) for Concrete Version 2.1 (August 2021),",TRACI 2.1 V1.02,,,,
aaacc59,EPD 349,,,,,,,2027-07-27,,"Concrete - 30 MPa, 30% FA, GU",Concrete Manitoba,Can. Manitoba Avg.,,,CA,CA,,224.77,m3,,,,,,,,,,,,,,,2305,kg/m3,,,,,,,,,,,,,,,,,EPD 349,Industry average,Concrete Manitoba,Athena Sustainable Materials Institute,ASTM,External,"Thomas P. Gloria, Ph.D., Industrial Ecology Consultants,",,"NSF International Product Category Rule (PCR) for Concrete Version 2.1 (August 2021),",TRACI 2.1 V1.02,,,,
aaacc60,EPD 349,,,,,,,2027-07-27,,"Concrete - 30 MPa, 40% FA, GU",Concrete Manitoba,Can. Manitoba Avg.,,,CA,CA,,200.24,m3,,,,,,,,,,,,,,,2305,kg/m3,,,,,,,,,,,,,,,,,EPD 349,Industry average,Concrete Manitoba,Athena Sustainable Materials Institute,ASTM,External,"Thomas P. Gloria, Ph.D., Industrial Ecology Consultants,",,"NSF International Product Category Rule (PCR) for Concrete Version 2.1 (August 2021),",TRACI 2.1 V1.02,,,,
aaacc61,EPD 349,,,,,,,2027-07-27,,"Concrete - 35 MPa, GU",Concrete Manitoba,Can. Manitoba Avg.,,,CA,CA,,339.35,m3,,,,,,,,,,,,,,,2305,kg/m3,,,,,,,,,,,,,,,,,EPD 349,Industry average,Concrete Manitoba,Athena Sustainable Materials Institute,ASTM,External,"Thomas P. Gloria, Ph.D., Industrial Ecology Consultants,",,"NSF International Product Category Rule (PCR) for Concrete Version 2.1 (August 2021),",TRACI 2.1 V1.02,,,,
aaacc62,EPD 349,,,,,,,2027-07-27,,"Concrete - 35 MPa, 10% FA, GU",Concrete Manitoba,Can. Manitoba Avg.,,,CA,CA,,311.66,m3,,,,,,,,,,,,,,,2305,kg/m3,,,,,,,,,,,,,,,,,EPD 349,Industry average,Concrete Manitoba,Athena Sustainable Materials Institute,ASTM,External,"Thomas P. Gloria, Ph.D., Industrial Ecology Consultants,",,"NSF International Product Category Rule (PCR) for Concrete Version 2.1 (August 2021),",TRACI 2.1 V1.02,,,,
aaacc63,EPD 349,,,,,,,2027-07-27,,"Concrete - 35 MPa, 20% FA, GU",Concrete Manitoba,Can. Manitoba Avg.,,,CA,CA,,283,m3,,,,,,,,,,,,,,,2305,kg/m3,,,,,,,,,,,,,,,,,EPD 349,Industry average,Concrete Manitoba,Athena Sustainable Materials Institute,ASTM,External,"Thomas P. Gloria, Ph.D., Industrial Ecology Consultants,",,"NSF International Product Category Rule (PCR) for Concrete Version 2.1 (August 2021),",TRACI 2.1 V1.02,,,,
aaacc64,EPD 349,,,,,,,2027-07-27,,"Concrete - 35 MPa, 30% FA, GU",Concrete Manitoba,Can. Manitoba Avg.,,,CA,CA,,255.31,m3,,,,,,,,,,,,,,,2305,kg/m3,,,,,,,,,,,,,,,,,EPD 349,Industry average,Concrete Manitoba,Athena Sustainable Materials Institute,ASTM,External,"Thomas P. Gloria, Ph.D., Industrial Ecology Consultants,",,"NSF International Product Category Rule (PCR) for Concrete Version 2.1 (August 2021),",TRACI 2.1 V1.02,,,,
aaacc65,EPD 349,,,,,,,2027-07-27,,"Concrete - 35 MPa, 40% FA, GU",Concrete Manitoba,Can. Manitoba Avg.,,,CA,CA,,226.66,m3,,,,,,,,,,,,,,,2305,kg/m3,,,,,,,,,,,,,,,,,EPD 349,Industry average,Concrete Manitoba,Athena Sustainable Materials Institute,ASTM,External,"Thomas P. Gloria, Ph.D., Industrial Ecology Consultants,",,"NSF International Product Category Rule (PCR) for Concrete Version 2.1 (August 2021),",TRACI 2.1 V1.02,,,,
A12352,EPD 350,,,,,,,2027-07-27,,"Concrete - 25 MPa, 40% FA, GUL",Concrete Sask,Can. Sask Avg.,,,CA,CA,,218.345,m3,,,,,,,,,,,,,,,2305,kg/m3,,,,,,,,,,,,,,,,,EPD 350,Industry average,Concrete Sask,Athena Sustainable Materials Institute,ASTM,External,"Thomas P. Gloria, Ph.D., Industrial Ecology Consultants,",,"NSF International Product Category Rule (PCR) for Concrete Version 2.1 (August 2021),",TRACI 2.1 V1.02,,,,
A12353,EPD 350,,,,,,,2027-07-27,,"Concrete - 30 MPa, 40% FA, GUL",Concrete Sask,Can. Sask Avg.,,,CA,CA,,236.235,m3,,,,,,,,,,,,,,,2305,kg/m3,,,,,,,,,,,,,,,,,EPD 350,Industry average,Concrete Sask,Athena Sustainable Materials Institute,ASTM,External,"Thomas P. Gloria, Ph.D., Industrial Ecology Consultants,",,"NSF International Product Category Rule (PCR) for Concrete Version 2.1 (August 2021),",TRACI 2.1 V1.02,,,,
A12354,EPD 350,,,,,,,2027-07-27,,"Concrete - 35 MPa, 40% FA, GUL",Concrete Sask,Can. Sask Avg.,,,CA,CA,,287.515,m3,,,,,,,,,,,,,,,2305,kg/m3,,,,,,,,,,,,,,,,,EPD 350,Industry average,Concrete Sask,Athena Sustainable Materials Institute,ASTM,External,"Thomas P. Gloria, Ph.D., Industrial Ecology Consultants,",,"NSF International Product Category Rule (PCR) for Concrete Version 2.1 (August 2021),",TRACI 2.1 V1.02,,,,
aaacc36,EPD 350,,,,,,,2027-07-27,,"Concrete - 25 MPa, GU",Concrete Sask,Can. Sask Avg.,,,CA,CA,,345.28,m3,,,,,,,,,,,,,,,2305,kg/m3,,,,,,,,,,,,,,,,,EPD 350,Industry average,Concrete Sask,Athena Sustainable Materials Institute,ASTM,External,"Thomas P. Gloria, Ph.D., Industrial Ecology Consultants,",,"NSF International Product Category Rule (PCR) for Concrete Version 2.1 (August 2021),",TRACI 2.1 V1.02,,,,
aaacc37,EPD 350,,,,,,,2027-07-27,,"Concrete - 25 MPa, 10% FA, GU",Concrete Sask,Can. Sask Avg.,"Tabs, Categories, SubCategories",,CA,CA,,318.05,m3,,,,,,,,,,,,,,,2305,kg/m3,,,,,,,,,,,,,,,,,EPD 350,Industry average,Concrete Sask,Athena Sustainable Materials Institute,ASTM,External,"Thomas P. Gloria, Ph.D., Industrial Ecology Consultants,",,"NSF International Product Category Rule (PCR) for Concrete Version 2.1 (August 2021),",TRACI 2.1 V1.02,,,,
aaacc38,EPD 350,,,,,,,2027-07-27,,"Concrete - 25 MPa, 20% FA, GU",Concrete Sask,Can. Sask Avg.,,,CA,CA,,290.83,m3,,,,,,,,,,,,,,,2305,kg/m3,,,,,,,,,,,,,,,,,EPD 350,Industry average,Concrete Sask,Athena Sustainable Materials Institute,ASTM,External,"Thomas P. Gloria, Ph.D., Industrial Ecology Consultants,",,"NSF International Product Category Rule (PCR) for Concrete Version 2.1 (August 2021),",TRACI 2.1 V1.02,,,,
aaacc39,EPD 350,,,,,,,2027-07-27,,"Concrete - 25 MPa, 30% FA, GU",Concrete Sask,Can. Sask Avg.,,,CA,CA,,263.61,m3,,,,,,,,,,,,,,,2305,kg/m3,,,,,,,,,,,,,,,,,EPD 350,Industry average,Concrete Sask,Athena Sustainable Materials Institute,ASTM,External,"Thomas P. Gloria, Ph.D., Industrial Ecology Consultants,",,"NSF International Product Category Rule (PCR) for Concrete Version 2.1 (August 2021),",TRACI 2.1 V1.02,,,,
aaacc40,EPD 350,,,,,,,2027-07-27,,"Concrete - 25 MPa, 40% FA, GU",Concrete Sask,Can. Sask Avg.,,,CA,CA,,236.39,m3,,,,,,,,,,,,,,,2305,kg/m3,,,,,,,,,,,,,,,,,EPD 350,Industry average,Concrete Sask,Athena Sustainable Materials Institute,ASTM,External,"Thomas P. Gloria, Ph.D., Industrial Ecology Consultants,",,"NSF International Product Category Rule (PCR) for Concrete Version 2.1 (August 2021),",TRACI 2.1 V1.02,,,,
aaacc41,EPD 350,,,,,,,2027-07-27,,"Concrete - 30 MPa, GU",Concrete Sask,Can. Sask Avg.,,,CA,CA,,376.92,m3,,,,,,,,,,,,,,,2305,kg/m3,,,,,,,,,,,,,,,,,EPD 350,Industry average,Concrete Sask,Athena Sustainable Materials Institute,ASTM,External,"Thomas P. Gloria, Ph.D., Industrial Ecology Consultants,",,"NSF International Product Category Rule (PCR) for Concrete Version 2.1 (August 2021),",TRACI 2.1 V1.02,,,,
aaacc42,EPD 350,,,,,,,2027-07-27,,"Concrete - 30 MPa, 10% FA, GU",Concrete Sask,Can. Sask Avg.,,,CA,CA,,346.99,m3,,,,,,,,,,,,,,,2305,kg/m3,,,,,,,,,,,,,,,,,EPD 350,Industry average,Concrete Sask,Athena Sustainable Materials Institute,ASTM,External,"Thomas P. Gloria, Ph.D., Industrial Ecology Consultants,",,"NSF International Product Category Rule (PCR) for Concrete Version 2.1 (August 2021),",TRACI 2.1 V1.02,,,,
aaacc43,EPD 350,,,,,,,2027-07-27,,"Concrete - 30 MPa, 20% FA, GU",Concrete Sask,Can. Sask Avg.,,,CA,CA,,316.58,m3,,,,,,,,,,,,,,,2305,kg/m3,,,,,,,,,,,,,,,,,EPD 350,Industry average,Concrete Sask,Athena Sustainable Materials Institute,ASTM,External,"Thomas P. Gloria, Ph.D., Industrial Ecology Consultants,",,"NSF International Product Category Rule (PCR) for Concrete Version 2.1 (August 2021),",TRACI 2.1 V1.02,,,,
aaacc44,EPD 350,,,,,,,2027-07-27,,"Concrete - 30 MPa, 30% FA, GU",Concrete Sask,Can. Sask Avg.,,,CA,CA,,286.65,m3,,,,,,,,,,,,,,,2305,kg/m3,,,,,,,,,,,,,,,,,EPD 350,Industry average,Concrete Sask,Athena Sustainable Materials Institute,ASTM,External,"Thomas P. Gloria, Ph.D., Industrial Ecology Consultants,",,"NSF International Product Category Rule (PCR) for Concrete Version 2.1 (August 2021),",TRACI 2.1 V1.02,,,,
aaacc45,EPD 350,,,,,,,2027-07-27,,"Concrete - 30 MPa, 40% FA, GU",Concrete Sask,Can. Sask Avg.,,,CA,CA,,256.24,m3,,,,,,,,,,,,,,,2305,kg/m3,,,,,,,,,,,,,,,,,EPD 350,Industry average,Concrete Sask,Athena Sustainable Materials Institute,ASTM,External,"Thomas P. Gloria, Ph.D., Industrial Ecology Consultants,",,"NSF International Product Category Rule (PCR) for Concrete Version 2.1 (August 2021),",TRACI 2.1 V1.02,,,,
aaacc46,EPD 350,,,,,,,2027-07-27,,"Concrete - 35 MPa, GU",Concrete Sask,Can. Sask Avg.,,,CA,CA,,442.03,m3,,,,,,,,,,,,,,,2305,kg/m3,,,,,,,,,,,,,,,,,EPD 350,Industry average,Concrete Sask,Athena Sustainable Materials Institute,ASTM,External,"Thomas P. Gloria, Ph.D., Industrial Ecology Consultants,",,"NSF International Product Category Rule (PCR) for Concrete Version 2.1 (August 2021),",TRACI 2.1 V1.02,,,,
aaacc47,EPD 350,,,,,,,2027-07-27,,"Concrete - 35 MPa, 10% FA, GU",Concrete Sask,Can. Sask Avg.,,,CA,CA,,406.22,m3,,,,,,,,,,,,,,,2305,kg/m3,,,,,,,,,,,,,,,,,EPD 350,Industry average,Concrete Sask,Athena Sustainable Materials Institute,ASTM,External,"Thomas P. Gloria, Ph.D., Industrial Ecology Consultants,",,"NSF International Product Category Rule (PCR) for Concrete Version 2.1 (August 2021),",TRACI 2.1 V1.02,,,,
aaacc48,EPD 350,,,,,,,2027-07-27,,"Concrete - 35 MPa, 20% FA, GU",Concrete Sask,Can. Sask Avg.,,,CA,CA,,369.44,m3,,,,,,,,,,,,,,,2305,kg/m3,,,,,,,,,,,,,,,,,EPD 350,Industry average,Concrete Sask,Athena Sustainable Materials Institute,ASTM,External,"Thomas P. Gloria, Ph.D., Industrial Ecology Consultants,",,"NSF International Product Category Rule (PCR) for Concrete Version 2.1 (August 2021),",TRACI 2.1 V1.02,,,,
aaacc49,EPD 350,,,,,,,2027-07-27,,"Concrete - 35 MPa, 30% FA, GU",Concrete Sask,Can. Sask Avg.,,,CA,CA,,333.63,m3,,,,,,,,,,,,,,,2305,kg/m3,,,,,,,,,,,,,,,,,EPD 350,Industry average,Concrete Sask,Athena Sustainable Materials Institute,ASTM,External,"Thomas P. Gloria, Ph.D., Industrial Ecology Consultants,",,"NSF International Product Category Rule (PCR) for Concrete Version 2.1 (August 2021),",TRACI 2.1 V1.02,,,,
aaacc50,EPD 350,,,,,,,2027-07-27,,"Concrete - 35 MPa, 40% FA, GU",Concrete Sask,Can. Sask Avg.,,,CA,CA,,296.84,m3,,,,,,,,,,,,,,,2305,kg/m3,,,,,,,,,,,,,,,,,EPD 350,Industry average,Concrete Sask,Athena Sustainable Materials Institute,ASTM,External,"Thomas P. Gloria, Ph.D., Industrial Ecology Consultants,",,"NSF International Product Category Rule (PCR) for Concrete Version 2.1 (August 2021),",TRACI 2.1 V1.02,,,,
A12349,EPD 351,,,,,,,2027-07-27,,"Concrete - 25 MPa, 50% SL, GUL",RMCAO,Can. Ontario Avg.,,,CA,CA,,168.58,m3,,,,,,,,,,,,,,,2305,kg/m3,,,,,,,,,,,,,,,,,EPD 351,Industry average,Concrete Ontario RMCAO,Athena Sustainable Materials Institute,ASTM,External,"Thomas P. Gloria, Ph.D., Industrial Ecology Consultants,",,"NSF International Product Category Rule (PCR) for Concrete Version 2.1 (August 2021),",TRACI 2.1 V1.02,,,,
A12350,EPD 351,,,,,,,2027-07-27,,"Concrete - 30 MPa, 50% SL, GUL",RMCAO,Can. Ontario Avg.,,,CA,CA,,188.23,m3,,,,,,,,,,,,,,,2305,kg/m3,,,,,,,,,,,,,,,,,EPD 351,Industry average,Concrete Ontario RMCAO,Athena Sustainable Materials Institute,ASTM,External,"Thomas P. Gloria, Ph.D., Industrial Ecology Consultants,",,"NSF International Product Category Rule (PCR) for Concrete Version 2.1 (August 2021),",TRACI 2.1 V1.02,,,,
A12351,EPD 351,,,,,,,2027-07-27,,"Concrete - 35 MPa, 50% SL, GUL",RMCAO,Can. Ontario Avg.,,,CA,CA,,211.34,m3,,,,,,,,,,,,,,,2305,kg/m3,,,,,,,,,,,,,,,,,EPD 351,Industry average,Concrete Ontario RMCAO,Athena Sustainable Materials Institute,ASTM,External,"Thomas P. Gloria, Ph.D., Industrial Ecology Consultants,",,"NSF International Product Category Rule (PCR) for Concrete Version 2.1 (August 2021),",TRACI 2.1 V1.02,,,,
aaacc21,EPD 351,,,,,,,2027-07-27,,"Concrete - 25 MPa, GU",RMCAO,Can. Ontario Avg.,,,CA,CA,,273.67,m3,,,,,,,,,,,,,,,2305,kg/m3,,,,,,,,,,,,,,,,,EPD 351,Industry average,Concrete Ontario RMCAO,Athena Sustainable Materials Institute,ASTM,External,"Thomas P. Gloria, Ph.D., Industrial Ecology Consultants,",,"NSF International Product Category Rule (PCR) for Concrete Version 2.1 (August 2021),",TRACI 2.1 V1.02,,,,
aaacc22,EPD 351,,,,,,,2027-07-27,,"Concrete - 25 MPa, 15% SL, GU",RMCAO,Can. Ontario Avg.,,,CA,CA,,244.24,m3,,,,,,,,,,,,,,,2305,kg/m3,,,,,,,,,,,,,,,,,EPD 351,Industry average,Concrete Ontario RMCAO,Athena Sustainable Materials Institute,ASTM,External,"Thomas P. Gloria, Ph.D., Industrial Ecology Consultants,",,"NSF International Product Category Rule (PCR) for Concrete Version 2.1 (August 2021),",TRACI 2.1 V1.02,,,,
aaacc23,EPD 351,,,,,,,2027-07-27,,"Concrete - 25 MPa, 25% SL, GU",RMCAO,Can. Ontario Avg.,,,CA,CA,,224.62,m3,,,,,,,,,,,,,,,2305,kg/m3,,,,,,,,,,,,,,,,,EPD 351,Industry average,Concrete Ontario RMCAO,Athena Sustainable Materials Institute,ASTM,External,"Thomas P. Gloria, Ph.D., Industrial Ecology Consultants,",,"NSF International Product Category Rule (PCR) for Concrete Version 2.1 (August 2021),",TRACI 2.1 V1.02,,,,
aaacc24,EPD 351,,,,,,,2027-07-27,,"Concrete - 25 MPa, 35% SL, GU",RMCAO,Can. Ontario Avg.,,,CA,CA,,205.01,m3,,,,,,,,,,,,,,,2305,kg/m3,,,,,,,,,,,,,,,,,EPD 351,Industry average,Concrete Ontario RMCAO,Athena Sustainable Materials Institute,ASTM,External,"Thomas P. Gloria, Ph.D., Industrial Ecology Consultants,",,"NSF International Product Category Rule (PCR) for Concrete Version 2.1 (August 2021),",TRACI 2.1 V1.02,,,,
aaacc25,EPD 351,,,,,,,2027-07-27,,"Concrete - 25 MPa, 50% SL, GU",RMCAO,Can. Ontario Avg.,,,CA,CA,,175.58,m3,,,,,,,,,,,,,,,2305,kg/m3,,,,,,,,,,,,,,,,,EPD 351,Industry average,Concrete Ontario RMCAO,Athena Sustainable Materials Institute,ASTM,External,"Thomas P. Gloria, Ph.D., Industrial Ecology Consultants,",,"NSF International Product Category Rule (PCR) for Concrete Version 2.1 (August 2021),",TRACI 2.1 V1.02,,,,
aaacc26,EPD 351,,,,,,,2027-07-27,,"Concrete - 30 MPa, GU",RMCAO,Can. Ontario Avg.,,,CA,CA,,296.62,m3,,,,,,,,,,,,,,,2305,kg/m3,,,,,,,,,,,,,,,,,EPD 351,Industry average,Concrete Ontario RMCAO,Athena Sustainable Materials Institute,ASTM,External,"Thomas P. Gloria, Ph.D., Industrial Ecology Consultants,",,"NSF International Product Category Rule (PCR) for Concrete Version 2.1 (August 2021),",TRACI 2.1 V1.02,,,,
aaacc27,EPD 351,,,,,,,2027-07-27,,"Concrete - 30 MPa, 15% SL, GU",RMCAO,Can. Ontario Avg.,,,CA,CA,,264.38,m3,,,,,,,,,,,,,,,2305,kg/m3,,,,,,,,,,,,,,,,,EPD 351,Industry average,Concrete Ontario RMCAO,Athena Sustainable Materials Institute,ASTM,External,"Thomas P. Gloria, Ph.D., Industrial Ecology Consultants,",,"NSF International Product Category Rule (PCR) for Concrete Version 2.1 (August 2021),",TRACI 2.1 V1.02,,,,
aaacc28,EPD 351,,,,,,,2027-07-27,,"Concrete - 30 MPa, 25% SL, GU",RMCAO,Can. Ontario Avg.,,,CA,CA,,242.88,m3,,,,,,,,,,,,,,,2305,kg/m3,,,,,,,,,,,,,,,,,EPD 351,Industry average,Concrete Ontario RMCAO,Athena Sustainable Materials Institute,ASTM,External,"Thomas P. Gloria, Ph.D., Industrial Ecology Consultants,",,"NSF International Product Category Rule (PCR) for Concrete Version 2.1 (August 2021),",TRACI 2.1 V1.02,,,,
aaacc29,EPD 351,,,,,,,2027-07-27,,"Concrete - 30 MPa, 35% SL, GU",RMCAO,Can. Ontario Avg.,,,CA,CA,,221.39,m3,,,,,,,,,,,,,,,2305,kg/m3,,,,,,,,,,,,,,,,,EPD 351,Industry average,Concrete Ontario RMCAO,Athena Sustainable Materials Institute,ASTM,External,"Thomas P. Gloria, Ph.D., Industrial Ecology Consultants,",,"NSF International Product Category Rule (PCR) for Concrete Version 2.1 (August 2021),",TRACI 2.1 V1.02,,,,
aaacc30,EPD 351,,,,,,,2027-07-27,,"Concrete - 30 MPa, 50% SL, GU",RMCAO,Can. Ontario Avg.,,,CA,CA,,189.14,m3,,,,,,,,,,,,,,,2305,kg/m3,,,,,,,,,,,,,,,,,EPD 351,Industry average,Concrete Ontario RMCAO,Athena Sustainable Materials Institute,ASTM,External,"Thomas P. Gloria, Ph.D., Industrial Ecology Consultants,",,"NSF International Product Category Rule (PCR) for Concrete Version 2.1 (August 2021),",TRACI 2.1 V1.02,,,,
aaacc31,EPD 351,,,,,,,2027-07-27,,"Concrete - 35 MPa, GU",RMCAO,Can. Ontario Avg.,,,CA,CA,,354.3,m3,,,,,,,,,,,,,,,2305,kg/m3,,,,,,,,,,,,,,,,,EPD 351,Industry average,Concrete Ontario RMCAO,Athena Sustainable Materials Institute,ASTM,External,"Thomas P. Gloria, Ph.D., Industrial Ecology Consultants,",,"NSF International Product Category Rule (PCR) for Concrete Version 2.1 (August 2021),",TRACI 2.1 V1.02,,,,
aaacc32,EPD 351,,,,,,,2027-07-27,,"Concrete - 35 MPa, 15% SL, GU",RMCAO,Can. Ontario Avg.,,,CA,CA,,314.98,m3,,,,,,,,,,,,,,,2305,kg/m3,,,,,,,,,,,,,,,,,EPD 351,Industry average,Concrete Ontario RMCAO,Athena Sustainable Materials Institute,ASTM,External,"Thomas P. Gloria, Ph.D., Industrial Ecology Consultants,",,"NSF International Product Category Rule (PCR) for Concrete Version 2.1 (August 2021),",TRACI 2.1 V1.02,,,,
aaacc33,EPD 351,,,,,,,2027-07-27,,"Concrete - 35 MPa, 25% SL, GU",RMCAO,Can. Ontario Avg.,,,CA,CA,,288.76,m3,,,,,,,,,,,,,,,2305,kg/m3,,,,,,,,,,,,,,,,,EPD 351,Industry average,Concrete Ontario RMCAO,Athena Sustainable Materials Institute,ASTM,External,"Thomas P. Gloria, Ph.D., Industrial Ecology Consultants,",,"NSF International Product Category Rule (PCR) for Concrete Version 2.1 (August 2021),",TRACI 2.1 V1.02,,,,
aaacc34,EPD 351,,,,,,,2027-07-27,,"Concrete - 35 MPa, 35% SL, GU",RMCAO,Can. Ontario Avg.,,,CA,CA,,262.54,m3,,,,,,,,,,,,,,,2305,kg/m3,,,,,,,,,,,,,,,,,EPD 351,Industry average,Concrete Ontario RMCAO,Athena Sustainable Materials Institute,ASTM,External,"Thomas P. Gloria, Ph.D., Industrial Ecology Consultants,",,"NSF International Product Category Rule (PCR) for Concrete Version 2.1 (August 2021),",TRACI 2.1 V1.02,,,,
aaacc35,EPD 351,,,,,,,2027-07-27,,"Concrete - 35 MPa, 50% SL, GU",RMCAO,Can. Ontario Avg.,,,CA,CA,,223.22,m3,,,,,,,,,,,,,,,2305,kg/m3,,,,,,,,,,,,,,,,,EPD 351,Industry average,Concrete Ontario RMCAO,Athena Sustainable Materials Institute,ASTM,External,"Thomas P. Gloria, Ph.D., Industrial Ecology Consultants,",,"NSF International Product Category Rule (PCR) for Concrete Version 2.1 (August 2021),",TRACI 2.1 V1.02,,,,
A12345,EPD 352,,,,,,,2027-07-27,,"Concrete - 25 MPa, 30% FA, GUL",ABQ,Can. Quebec Avg.,,,CA,CA,,209.43,m3,,,,,,,,,,,,,,,2305,kg/m3,,,,,,,,,,,,,,,,,EPD 352,Industry average,Association Beton Quebec,Athena Sustainable Materials Institute,ASTM,External,"Thomas P. Gloria, Ph.D., Industrial Ecology Consultants,",,"NSF International Product Category Rule (PCR) for Concrete Version 2.1 (August 2021),",TRACI 2.1 V1.02,,,,
A12346,EPD 352,,,,,,,2027-07-27,,"Concrete - 30 MPa, 30% FA, GUL",ABQ,Can. Quebec Avg.,,,CA,CA,,233.1,m3,,,,,,,,,,,,,,,2305,kg/m3,,,,,,,,,,,,,,,,,EPD 352,Industry average,Association Beton Quebec,Athena Sustainable Materials Institute,ASTM,External,"Thomas P. Gloria, Ph.D., Industrial Ecology Consultants,",,"NSF International Product Category Rule (PCR) for Concrete Version 2.1 (August 2021),",TRACI 2.1 V1.02,,,,
A12348,EPD 352,,,,,,,2027-07-27,,"Concrete - 35 MPa, 30% FA, GUL",ABQ,Can. Quebec Avg.,,,CA,CA,,262.155,m3,,,,,,,,,,,,,,,2305,kg/m3,,,,,,,,,,,,,,,,,EPD 352,Industry average,Association Beton Quebec,Athena Sustainable Materials Institute,ASTM,External,"Thomas P. Gloria, Ph.D., Industrial Ecology Consultants,",,"NSF International Product Category Rule (PCR) for Concrete Version 2.1 (August 2021),",TRACI 2.1 V1.02,,,,
aaacc1,EPD 352,,,,,,,2027-07-27,,"Concrete - 25 MPa, 10% SL, GU",ABQ,Can. Quebec Avg.,,,CA,CA,,280.57,m3,,,,,,,,,,,,,,,2305,kg/m3,,,,,,,,,,,,,,,,,EPD 352,Industry average,Association Beton Quebec,Athena Sustainable Materials Institute,ASTM,External,"Thomas P. Gloria, Ph.D., Industrial Ecology Consultants,",,"NSF International Product Category Rule (PCR) for Concrete Version 2.1 (August 2021),",TRACI 2.1 V1.02,,,,
aaacc10,EPD 352,,,,,,,2027-07-27,,"Concrete - 30 MPa, 20% SL, GU",ABQ,Can. Quebec Avg.,,,CA,CA,,289.05,m3,,,,,,,,,,,,,,,2305,kg/m3,,,,,,,,,,,,,,,,,EPD 352,Industry average,Association Beton Quebec,Athena Sustainable Materials Institute,ASTM,External,"Thomas P. Gloria, Ph.D., Industrial Ecology Consultants,",,"NSF International Product Category Rule (PCR) for Concrete Version 2.1 (August 2021),",TRACI 2.1 V1.02,,,,
aaacc11,EPD 352,,,,,,,2027-07-27,,"Concrete - 30 MPa, 20% FA, GU",ABQ,Can. Quebec Avg.,,,CA,CA,,279.28,m3,,,,,,,,,,,,,,,2305,kg/m3,,,,,,,,,,,,,,,,,EPD 352,Industry average,Association Beton Quebec,Athena Sustainable Materials Institute,ASTM,External,"Thomas P. Gloria, Ph.D., Industrial Ecology Consultants,",,"NSF International Product Category Rule (PCR) for Concrete Version 2.1 (August 2021),",TRACI 2.1 V1.02,,,,
aaacc12,EPD 352,,,,,,,2027-07-27,,"Concrete - 30 MPa, 30% SL, GU",ABQ,Can. Quebec Avg.,,,CA,CA,,264.86,m3,,,,,,,,,,,,,,,2305,kg/m3,,,,,,,,,,,,,,,,,EPD 352,Industry average,Association Beton Quebec,Athena Sustainable Materials Institute,ASTM,External,"Thomas P. Gloria, Ph.D., Industrial Ecology Consultants,",,"NSF International Product Category Rule (PCR) for Concrete Version 2.1 (August 2021),",TRACI 2.1 V1.02,,,,
aaacc13,EPD 352,,,,,,,2027-07-27,,"Concrete - 30 MPa, 30% FA, GU",ABQ,Can. Quebec Avg.,,,CA,CA,,250.16,m3,,,,,,,,,,,,,,,2305,kg/m3,,,,,,,,,,,,,,,,,EPD 352,Industry average,Association Beton Quebec,Athena Sustainable Materials Institute,ASTM,External,"Thomas P. Gloria, Ph.D., Industrial Ecology Consultants,",,"NSF International Product Category Rule (PCR) for Concrete Version 2.1 (August 2021),",TRACI 2.1 V1.02,,,,
aaacc14,EPD 352,,,,,,,2027-07-27,,"Concrete - 35 MPa, Quebec Baseline Average",ABQ,Can. Quebec Avg.,,,CA,CA,,369.32,m3,,,,,,,,,,,,,,,2305,kg/m3,,,,,,,,,,,,,,,,,EPD 352,Industry average,Association Beton Quebec,Athena Sustainable Materials Institute,ASTM,External,"Thomas P. Gloria, Ph.D., Industrial Ecology Consultants,",,"NSF International Product Category Rule (PCR) for Concrete Version 2.1 (August 2021),",TRACI 2.1 V1.02,,,,
aaacc15,EPD 352,,,,,,,2027-07-27,,"Concrete - 35 MPa, 10% SL, GU",ABQ,Can. Quebec Avg.,,,CA,CA,,353.75,m3,,,,,,,,,,,,,,,2305,kg/m3,,,,,,,,,,,,,,,,,EPD 352,Industry average,Association Beton Quebec,Athena Sustainable Materials Institute,ASTM,External,"Thomas P. Gloria, Ph.D., Industrial Ecology Consultants,",,"NSF International Product Category Rule (PCR) for Concrete Version 2.1 (August 2021),",TRACI 2.1 V1.02,,,,
aaacc16,EPD 352,,,,,,,2027-07-27,,"Concrete - 35 MPa, 10% FA, GU",ABQ,Can. Quebec Avg.,,,CA,CA,,348.16,m3,,,,,,,,,,,,,,,2305,kg/m3,,,,,,,,,,,,,,,,,EPD 352,Industry average,Association Beton Quebec,Athena Sustainable Materials Institute,ASTM,External,"Thomas P. Gloria, Ph.D., Industrial Ecology Consultants,",,"NSF International Product Category Rule (PCR) for Concrete Version 2.1 (August 2021),",TRACI 2.1 V1.02,,,,
aaacc17,EPD 352,,,,,,,2027-07-27,,"Concrete - 35 MPa, 20% SL, GU",ABQ,Can. Quebec Avg.,,,CA,CA,,326.4,m3,,,,,,,,,,,,,,,2305,kg/m3,,,,,,,,,,,,,,,,,EPD 352,Industry average,Association Beton Quebec,Athena Sustainable Materials Institute,ASTM,External,"Thomas P. Gloria, Ph.D., Industrial Ecology Consultants,",,"NSF International Product Category Rule (PCR) for Concrete Version 2.1 (August 2021),",TRACI 2.1 V1.02,,,,
aaacc18,EPD 352,,,,,,,2027-07-27,,"Concrete - 35 MPa, 20% FA, GU",ABQ,Can. Quebec Avg.,,,CA,CA,,315.15,m3,,,,,,,,,,,,,,,2305,kg/m3,,,,,,,,,,,,,,,,,EPD 352,Industry average,Association Beton Quebec,Athena Sustainable Materials Institute,ASTM,External,"Thomas P. Gloria, Ph.D., Industrial Ecology Consultants,",,"NSF International Product Category Rule (PCR) for Concrete Version 2.1 (August 2021),",TRACI 2.1 V1.02,,,,
aaacc19,EPD 352,,,,,,,2027-07-27,,"Concrete - 35 MPa, 30% SL, GU",ABQ,Can. Quebec Avg.,,,CA,CA,,298.49,m3,,,,,,,,,,,,,,,2305,kg/m3,,,,,,,,,,,,,,,,,EPD 352,Industry average,Association Beton Quebec,Athena Sustainable Materials Institute,ASTM,External,"Thomas P. Gloria, Ph.D., Industrial Ecology Consultants,",,"NSF International Product Category Rule (PCR) for Concrete Version 2.1 (August 2021),",TRACI 2.1 V1.02,,,,
aaacc2,EPD 352,,,,,,,2027-07-27,,"Concrete - 25 MPa, 10% FA, GU",ABQ,Can. Quebec Avg.,,,CA,CA,,276.22,m3,,,,,,,,,,,,,,,2305,kg/m3,,,,,,,,,,,,,,,,,EPD 352,Industry average,Association Beton Quebec,Athena Sustainable Materials Institute,ASTM,External,"Thomas P. Gloria, Ph.D., Industrial Ecology Consultants,",,"NSF International Product Category Rule (PCR) for Concrete Version 2.1 (August 2021),",TRACI 2.1 V1.02,,,,
aaacc20,EPD 352,,,,,,,2027-07-27,,"Concrete - 35 MPa, 30% FA, GU",ABQ,Can. Quebec Avg.,,,CA,CA,,281.66,m3,,,,,,,,,,,,,,,2305,kg/m3,,,,,,,,,,,,,,,,,EPD 352,Industry average,Association Beton Quebec,Athena Sustainable Materials Institute,ASTM,External,"Thomas P. Gloria, Ph.D., Industrial Ecology Consultants,",,"NSF International Product Category Rule (PCR) for Concrete Version 2.1 (August 2021),",TRACI 2.1 V1.02,,,,
aaacc3,EPD 352,,,,,,,2027-07-27,,"Concrete - 25 MPa, 20% SL, GU",ABQ,Can. Quebec Avg.,,,CA,CA,,258.8,m3,,,,,,,,,,,,,,,2305,kg/m3,,,,,,,,,,,,,,,,,EPD 352,Industry average,Association Beton Quebec,Athena Sustainable Materials Institute,ASTM,External,"Thomas P. Gloria, Ph.D., Industrial Ecology Consultants,",,"NSF International Product Category Rule (PCR) for Concrete Version 2.1 (August 2021),",TRACI 2.1 V1.02,,,,
aaacc4,EPD 352,,,,,,,2027-07-27,,"Concrete - 25 MPa, 20% FA, GU",ABQ,Can. Quebec Avg.,,,CA,CA,,250.12,m3,,,,,,,,,,,,,,,2305,kg/m3,,,,,,,,,,,,,,,,,EPD 352,Industry average,Association Beton Quebec,Athena Sustainable Materials Institute,ASTM,External,"Thomas P. Gloria, Ph.D., Industrial Ecology Consultants,",,"NSF International Product Category Rule (PCR) for Concrete Version 2.1 (August 2021),",TRACI 2.1 V1.02,,,,
aaacc5,EPD 352,,,,,,,2027-07-27,,"Concrete - 25 MPa, 30% SL, GU",ABQ,Can. Quebec Avg.,,,CA,CA,,237.5,m3,,,,,,,,,,,,,,,2305,kg/m3,,,,,,,,,,,,,,,,,EPD 352,Industry average,Association Beton Quebec,Athena Sustainable Materials Institute,ASTM,External,"Thomas P. Gloria, Ph.D., Industrial Ecology Consultants,",,"NSF International Product Category Rule (PCR) for Concrete Version 2.1 (August 2021),",TRACI 2.1 V1.02,,,,
aaacc6,EPD 352,,,,,,,2027-07-27,,"Concrete - 25 MPa, 30% FA, GU",ABQ,Can. Quebec Avg.,,,CA,CA,,224.48,m3,,,,,,,,,,,,,,,2305,kg/m3,,,,,,,,,,,,,,,,,EPD 352,Industry average,Association Beton Quebec,Athena Sustainable Materials Institute,ASTM,External,"Thomas P. Gloria, Ph.D., Industrial Ecology Consultants,",,"NSF International Product Category Rule (PCR) for Concrete Version 2.1 (August 2021),",TRACI 2.1 V1.02,,,,
aaacc7,EPD 352,,,,,,,2027-07-27,,"Concrete - 30 MPa, Quebec Baseline Average",ABQ,Can. Quebec Avg.,,,CA,CA,,326.97,m3,,,,,,,,,,,,,,,2305,kg/m3,,,,,,,,,,,,,,,,,EPD 352,Industry average,Association Beton Quebec,Athena Sustainable Materials Institute,ASTM,External,"Thomas P. Gloria, Ph.D., Industrial Ecology Consultants,",,"NSF International Product Category Rule (PCR) for Concrete Version 2.1 (August 2021),",TRACI 2.1 V1.02,,,,
aaacc8,EPD 352,,,,,,,2027-07-27,,"Concrete - 30 MPa, 10% SL, GU",ABQ,Can. Quebec Avg.,,,CA,CA,,312.78,m3,,,,,,,,,,,,,,,2305,kg/m3,,,,,,,,,,,,,,,,,EPD 352,Industry average,Association Beton Quebec,Athena Sustainable Materials Institute,ASTM,External,"Thomas P. Gloria, Ph.D., Industrial Ecology Consultants,",,"NSF International Product Category Rule (PCR) for Concrete Version 2.1 (August 2021),",TRACI 2.1 V1.02,,,,
aaacc9,EPD 352,,,,,,,2027-07-27,,"Concrete - 30 MPa, 10% FA, GU",ABQ,Can. Quebec Avg.,,,CA,CA,,307.94,m3,,,,,,,,,,,,,,,2305,kg/m3,,,,,,,,,,,,,,,,,EPD 352,Industry average,Association Beton Quebec,Athena Sustainable Materials Institute,ASTM,External,"Thomas P. Gloria, Ph.D., Industrial Ecology Consultants,",,"NSF International Product Category Rule (PCR) for Concrete Version 2.1 (August 2021),",TRACI 2.1 V1.02,,,,
fdsj68,EPD 352,,,,,,,2027-07-27,,"Concrete - 25 MPa, Quebec Baseline Average",ABQ,Can. Quebec Avg.,,,CA,CA,,293.15,m3,,,,,,,,,,,,,,,2305,kg/m3,,,,,,,,,,,,,,,,,EPD 352,Industry average,Association Beton Quebec,Athena Sustainable Materials Institute,ASTM,External,"Thomas P. Gloria, Ph.D., Industrial Ecology Consultants,",,"NSF International Product Category Rule (PCR) for Concrete Version 2.1 (August 2021),",TRACI 2.1 V1.02,,,,
INT008,EPD 354,,,,,,,2027,,Wood wool boards,Armstrong,Tectum,"2""",,US,US & CA,,1.33,ft2,,,,,,,,,,,,,,,17.09,kg/m2,,,,,,,,,,,,Wood wool board,,,,,EPD 354,Product-specific,Armstrong,ASTM,ASTM,External,"Tom Gloria, Industrial Ecology Consultants",ISO 21930,"PCR for building-related products, 2021",TRACI 2.1,GaBi 10.6.1.35,GaBi 2022.1,30,
BRI005,EPD 359,,,,,,,2027-09-20,,"Brick, Clay",SHAW,Avg Face Brick,"3-5/8"" x 2-3/4"" x 7-5/8"" (92 x 70 x 194 mm) incl. 3/8"" mortar",,CA,US & CA,,721,m3,,,,,,,,,,,,,,,269,kgCO2/m3 mortar,,"83% brick, 17% mortar",,,,,0.070,0.194,0.092,0.001247,,Brick,,,,,EPD 359,Product-specific,Shaw,,ASTM,External,Timothy S. Brooke,,"Clay Brick, Clay Brick Pavers, and Structural Clay Tile (UNCPC 3731 and 3735)",TRACI 2.1,,,,
BRI006,EPD 359,,,,,,,2027-09-20,,"Brick, Clay",SHAW,Slender - Thin Face Brick,"2 1/4"" x 1/2"" x 7-1/2"" (57 x 12.7 mm x 190) incl. 3/8"" mortar",,CA,US & CA,,721,m3,,,,,,,,,,,,,,,269,kgCO2/m3 mortar,,"83% brick, 17% mortar",,,,,0.190,0.013,0.057,0.000000,,Clay Brick,,,,,EPD 359,Product-specific,Shaw,,ASTM,External,Timothy S. Brooke,,"Clay Brick, Clay Brick Pavers, and Structural Clay Tile (UNCPC 3731 and 3735)",TRACI 2.1,,,,
HWF000,EPD 360,,,,,,,2027-08-31,,Hempwood,"Fibonacci, LLC,",HempWood® Natural Flooring,16 mm,,US,US & CA,,11.2,m2,,,,,,,,,,,,,,,10.5,kg/m2,,,,,,,,,,,,Wood,,,,,EPD 360,Product-specific,"Fibonacci, LLC,","Four Elements Consulting, LLC, Life Cycle Assessment","ASTM International,",External,"Tom Gloria, PhD, Industrial Ecology Consultants",--,"Part B: PCR for Flooring EPD Requirements, UL 10010–7, Second
Edition, dated September 28, 2018.",TRACI 2.1,SimaPro 9.3,"DATASMART 2020, ecoinvent 3.8, US LCI database 2015",25,
REB000,EPD 362,,,,,,,2027,,Rebar,Concrete Reinforcing Steel Institute,Canadian sizes,10M,,US & CA,US & CA,,0.854,kg,,,,,,,,,,,,,,,7850,kg/m3,0.785,kg/m,,,,,,,,,,Steel,,,,,EPD 362,Industry average,Concrete Reinforcing Steel Institute,ASTM International,ASTM International,External,Industrial Ecology Consultants,ISO 21930:2017,"Designated Steel Construction Product, UL 2020",TRACI 2.1,,GaBi 2021,,
REB001,EPD 362,,,,,,,2027,,Rebar,Concrete Reinforcing Steel Institute,Canadian sizes,15M,,US & CA,US & CA,,0.854,kg,,,,,,,,,,,,,,,7850,kg/m3,1.57,kg/m,,,,,,,,,,Steel,,,,,EPD 362,Industry average,Concrete Reinforcing Steel Institute,ASTM International,ASTM International,External,Industrial Ecology Consultants,ISO 21930:2017,"Designated Steel Construction Product, UL 2020",TRACI 2.1,,GaBi 2021,,
REB002,EPD 362,,,,,,,2027,,Rebar,Concrete Reinforcing Steel Institute,Canadian sizes,20M,,US & CA,US & CA,,0.854,kg,,,,,,,,,,,,,,,7850,kg/m3,2.355,kg/m,,,,,,,,,,Steel,,,,,EPD 362,Industry average,Concrete Reinforcing Steel Institute,ASTM International,ASTM International,External,Industrial Ecology Consultants,ISO 21930:2017,"Designated Steel Construction Product, UL 2020",TRACI 2.1,,GaBi 2021,,
REB003,EPD 362,,,,,,,2027,,Rebar,Concrete Reinforcing Steel Institute,US sizes,#3,,US & CA,US & CA,,0.854,kg,,,,,,,,,,,,,,,7850,kg/m3,0.561,kg/m,,,,,,,,,,Steel,,,,,EPD 362,Industry average,Concrete Reinforcing Steel Institute,ASTM International,ASTM International,External,Industrial Ecology Consultants,ISO 21930:2017,"Designated Steel Construction Product, UL 2020",TRACI 2.1,,GaBi 2021,,
REB004,EPD 362,,,,,,,2027,,Rebar,Concrete Reinforcing Steel Institute,US sizes,#4,,US & CA,US & CA,,0.854,kg,,,,,,,,,,,,,,,7850,kg/m3,0.996,kg/m,,,,,,,,,,Steel,,,,,EPD 362,Industry average,Concrete Reinforcing Steel Institute,ASTM International,ASTM International,External,Industrial Ecology Consultants,ISO 21930:2017,"Designated Steel Construction Product, UL 2020",TRACI 2.1,,GaBi 2021,,
REB005,EPD 362,,,,,,,2027,,Rebar,Concrete Reinforcing Steel Institute,US sizes,#5,,US & CA,US & CA,,0.854,kg,,,,,,,,,,,,,,,7850,kg/m3,1.556,kg/m,,,,,,,,,,Steel,,,,,EPD 362,Industry average,Concrete Reinforcing Steel Institute,ASTM International,ASTM International,External,Industrial Ecology Consultants,ISO 21930:2017,"Designated Steel Construction Product, UL 2020",TRACI 2.1,,GaBi 2021,,
REB006,EPD 362,,,,,,,2027,,Rebar,Concrete Reinforcing Steel Institute,US sizes,#6,,US & CA,US & CA,,0.854,kg,,,,,,,,,,,,,,,7850,kg/m3,2.24,kg/m,,,,,,,,,,Steel,,,,,EPD 362,Industry average,Concrete Reinforcing Steel Institute,ASTM International,ASTM International,External,Industrial Ecology Consultants,ISO 21930:2017,"Designated Steel Construction Product, UL 2020",TRACI 2.1,,GaBi 2021,,
REB007,EPD 362,,,,,,,2027,,Rebar,Concrete Reinforcing Steel Institute,US sizes,#7,,US & CA,US & CA,,0.854,kg,,,,,,,,,,,,,,,7850,kg/m3,3.049,kg/m,,,,,,,,,,Steel,,,,,EPD 362,Industry average,Concrete Reinforcing Steel Institute,ASTM International,ASTM International,External,Industrial Ecology Consultants,ISO 21930:2017,"Designated Steel Construction Product, UL 2020",TRACI 2.1,,GaBi 2021,,
REB008,EPD 362,,,,,,,2027,,Rebar,Concrete Reinforcing Steel Institute,US sizes,#8,,US & CA,US & CA,,0.854,kg,,,,,,,,,,,,,,,7850,kg/m3,3.982,kg/m,,,,,,,,,,Steel,,,,,EPD 362,Industry average,Concrete Reinforcing Steel Institute,ASTM International,ASTM International,External,Industrial Ecology Consultants,ISO 21930:2017,"Designated Steel Construction Product, UL 2020",TRACI 2.1,,GaBi 2021,,
EWF000,EPD 392,,,,,,,2027-11-25,,Engineered Wood Flooring,NWFA and Decorative Hardwoods Association,Engineered Wood Flooring,"3/8"" to 3/4""",,US,US & CA,,6.849,m²,,,,,11.720,,,,,,,,,,,,,,,,,,,,,,,Wood,,,,,EPD 392,Industry average,National Wood Flooring Association (NWFA),Athena Sustainable Materials Institute,ASTM International,External,"Tim Brooke, ASTM",,Part B: Part B: Flooring EPD Requirements UL 10010-7,TRACI 2.1,SimaPro v8.5,"USLCI, Ecoinvent 3.5, Datasmart",,
WWF000,EPD 393,,,,,,,2027-11-25,,Hardwood flooring,NWFA and Decorative Hardwoods Association,Solid Wood Flooring,"3/4""",,US,US & CA,,9.793,m²,,,,,22.11,,,,,,,,,,,,,,,,,,,,,,,Wood,,,,,EPD 393,Industry average,National Wood Flooring Association (NWFA),Athena Sustainable Materials Institute,ASTM International,External,"Tim Brooke, ASTM",,Part B: Part B: Flooring EPD Requirements UL 10010-7,TRACI 2.1,SimaPro v8.5,"USLCI, Ecoinvent 3.5, Datasmart",,
LAM006,EPD 407,,,,,,,2027,,Glued Laminated Timber (Glulam),Element5,Glued Laminated Timber,Ontario,,CA,US & CA,,122,m3,,,,,865.9,,,,,,,,,,448,kg/m3,,,,,,,,,,,,Structure,,,,,EPD 407,Product-specific,Element5,Athena Sustainable Materials Institute,ASTM,External,"Tom Gloria, Industrial Ecology Consultants",ISO 21930:2018,Structural and Architectural Wood Products EPD Requirements v1.1,TRACI 2.1,SimaPro 9.2,Custom LCI,,
LAM007,EPD 408,,,,,,,2027,,Cross Laminated Timber,Element5,Crosslam CLT,"3-1/2""",,CA,US & CA,,122,m3,,,,,865.9,,,,,,,,,,448,kg/m3,,,,,,,,,0.089,,,Wood,,,,,EPD 408,Product-specific,Element5,Athena Sustainable Materials Institute,ASTM,External,"Tom Gloria, Industrial Ecology Consultants",ISO 21930:2018,Structural and Architectural Wood Products EPD Requirements v1.1,TRACI 2.1,SimaPro 9.2,Custom LCI,,
TPO001,EPD 446,,,,,,,2028,,TPO roofing membrane,Single Ply Roofing Industry,"Includes: Carlisle, Johns Manville, Holcim, IKO",45 mils,,US,US & CA,,5.8,m2,,,,,,,,,,,,,,,1.15,kg/m2,,,,,,,,,,,,TPO roofing membrate,,,,,EPD 446,Product-specific,Single Ply Roofing Industry,ASTM International,ASTM International,External,Industrial Ecology Consultants,ISO 21930:2017,"Single ply roofing membranes, 2019",TRACI 2.1,,,,
TPO002,EPD 446,,,,,,,2028,,TPO roofing membrane,Single Ply Roofing Industry,"Includes: Carlisle, Johns Manville, Holcim, IKO",60 mils,,US,US & CA,,7.5,m2,,,,,,,,,,,,,,,1.48,kg/m2,,,,,,,,,,,,TPO roofing membrate,,,,,EPD 446,Product-specific,Single Ply Roofing Industry,ASTM International,ASTM International,External,Industrial Ecology Consultants,ISO 21930:2017,"Single ply roofing membranes, 2019",TRACI 2.1,,,,
S12345,EPD 456,,,,,,,2028,,Ground screw,American Ground Screw,AGS Ground Screws IM3316,76 x 1600 mm,,China,US & CA,,43.5,1600 mm,,,,,,,,,,,,,,,11.93,kg/1600 mm,,,,,,,,,,,,Ground screw,,,,,EPD 456,Product-specific,American Ground Screw,Athena Sustainable Materials Institute,ASTM,External,"Tom Gloria, Industrial Ecology Consultants",ISO 21931,ISO 21930:2017,TRACI 2.1,SimaPro 9.4,,,
S12346,EPD 456,,,,,,,2028,,Ground screw,American Ground Screw,AGS Ground Screws IM4516,114 x 1600 mm,,China,US & CA,,65.9,1600 mm,,,,,,,,,,,,,,,17.81,kg/1600 mm,,,,,,,,,,,,Ground screw,,,,,EPD 456,Product-specific,American Ground Screw,Athena Sustainable Materials Institute,ASTM,External,"Tom Gloria, Industrial Ecology Consultants",ISO 21931,ISO 21930:2017,TRACI 2.1,SimaPro 9.4,,,
www112,EPD 499,,,,,,,2028,,"Window, aluminum frame",Wasau Window,"INvent, INvent XLT, INvent PLUS, 8300i, INvent Retro",Double pane,,US,US & CA,,78.16,m2,,,,,,,,,,,,,,,,,,,,,,,,,,,,Double pane window,,,,,EPD 499,Product-specific,Apogee Enterprises,Four Elements Consulting,ASTM,External,"Lindita Bushi, Athena Sustainable Materials Institute",ISO 21930:2017,Earthsure cradle to gate window product category rule v1.02,TRACI 2.1,SimaPro 9.4,,,
www113,EPD 499,,,,,,,2028,,"Window, aluminum frame",Wasau Window,"INvent, INvent XLT, INvent PLUS, 8300i, INvent Retro",Double pane,,US,US & CA,,110.51,m2,,,,,,,,,,,,,,,,,,,,,,,,,,,,Double pane window,,,,,EPD 499,Product-specific,Apogee Enterprises,Four Elements Consulting,ASTM,External,"Lindita Bushi, Athena Sustainable Materials Institute",ISO 21930:2017,Earthsure cradle to gate window product category rule v1.02,TRACI 2.1,SimaPro 9.4,,,
bbb020,EPD 508,,,,,,,2028,,Liquid applied barrier,Soprema,Sopraseal LM 200 S,,,CA,US & CA,,9.3,m²,,,,,,,,,,,,,,,2.014,kg/m2,,,,,,,,,,,,Barrier,,,,,EPD 508,Product-specific,Soprema Inc.,Vertima Inc.,ASTM,External,"Lindita Bush, Athena Sustainble Materials Institute",ISO 21930:2017,ASTM PCR Water-resistive and air barriers,TRACI 2.1,OpenLCA v1.11.0,Ecoinvent 3.9.1,,
bbb012,EPD 509,,,,,,,2028,,Adhesive barrier,Soprema,Sopraseal Stick 1100 T,,,CA,US & CA,,1.9,m²,,,,,,,,,,,,,,,0.975,kg/m2,,,,,,,,,,,,Barrier,,,,,EPD 509,Product-specific,Soprema Inc.,Vertima Inc.,ASTM,External,"Lindita Bush, Athena Sustainble Materials Institute",ISO 21930:2017,ASTM PCR Water-resistive and air barriers,TRACI 2.1,OpenLCA v1.11.0,Ecoinvent 3.9.1,,
bbb014,EPD 509,,,,,,,2028,,Adhesive barrier,Soprema,Soprasolin HD,,,CA,US & CA,,1.9,m²,,,,,,,,,,,,,,,1.025,kg/m2,,,,,,,,,,,,Barrier,,,,,EPD 509,Product-specific,Soprema Inc.,Vertima Inc.,ASTM,External,"Lindita Bush, Athena Sustainble Materials Institute",ISO 21930:2017,ASTM PCR Water-resistive and air barriers,TRACI 2.1,OpenLCA v1.11.0,Ecoinvent 3.9.1,,
bbb015,EPD 509,,,,,,,2028,,Adhesive barrier,Soprema,SOPRAVAP'R,,,CA,US & CA,,1.5,m²,,,,,,,,,,,,,,,0.763,kg/m2,,,,,,,,,,,,Barrier,,,,,EPD 509,Product-specific,Soprema Inc.,Vertima Inc.,ASTM,External,"Lindita Bush, Athena Sustainble Materials Institute",ISO 21930:2017,ASTM PCR Water-resistive and air barriers,TRACI 2.1,OpenLCA v1.11.0,Ecoinvent 3.9.1,,
bbb013,EPD 512,,,,,,,2028,,Adhesive barrier,Soprema,Sopraseal Stick VP,,,CA,US & CA,,1.2,m²,,,,,,,,,,,,,,,0.346,kg/m2,,,,,,,,,,,,Barrier,,,,,EPD 512,Product-specific,Soprema Inc.,Vertima Inc.,ASTM,External,"Lindita Bush, Athena Sustainble Materials Institute",ISO 21930:2017,ASTM PCR Water-resistive and air barriers,TRACI 2.1,OpenLCA v1.11.0,Ecoinvent 3.9.1,,
BRI001,"EPD-540, EPD-539",,,,,,,2028-08-28,,"Brick, Clay",Mutual Materials,Avg Face Brick (plant Avg),"3-5/8"" x 2-3/4"" x 7-5/8"" (92 x 70 x 194 mm) incl. 3/8"" mortar",,US,US & CA,,690.5,m3,,,,,,,,,,,,,,,269,kgCO2/m3 mortar,,"83% brick, 17% mortar",,,,,0.194,0.092,0.070,0.001247,,Clay Brick,,,,,"EPD-540, EPD-539",Plant-specific,Mutual Materials,"Leila Schein, Climate Earth",ASTM International,External,"Tom Gloria, Industrial Ecology Consultants",,"Product Category Rule (PCR) for Clay Bricks, Clay Brick Pavers, and Structural Clay Tile (NSF/ASTM, 2016-v3 2022)",,,"Ecoinvent, 2021",,
BRI003,"EPD-540, EPD-539",,,,,,,2028-08-28,,"Brick, Clay",Mutual Materials,"Avg Thin Face Brick, Columbia Plant","2-1/2"" x 5/8"" x 7-1/2"" (64 x 16 x 190 mm) incl. 3/8"" mortar",,US,US & CA,,690.5,m3,,,,,,,,,,,,,,,269,kgCO2/m3 mortar,,"83% brick, 17% mortar",,,,,0.190,0.016,0.065,0.000198,,Clay Brick,,,,,"EPD-540, EPD-539",Plant-specific,Mutual Materials,"Leila Schein, Climate Earth",ASTM International,External,"Tom Gloria, Industrial Ecology Consultants",,"Product Category Rule (PCR) for Clay Bricks, Clay Brick Pavers, and Structural Clay Tile (NSF/ASTM, 2016-v3 2022)",,,"Ecoinvent, 2021",,
bbb021,EPD 552,,,,,,,2028,,Adhesive barrier,Soprema,Sopraseal Stick VP,,,CA,US & CA,,3.0,m²,,,,,,,,,,,,,,,0.569,kg/m2,,,,,,,,,,,,Barrier,,,,,EPD 552,Product-specific,Soprema Inc.,Vertima Inc.,ASTM,External,"Lindita Bush, Athena Sustainble Materials Institute",ISO 21930:2017,ASTM PCR Water-resistive and air barriers,TRACI 2.1,OpenLCA v1.11.0,Ecoinvent 3.9.1,,
OSB004,EPD 555,,,,,,,2028-09-18,,OSB sheathing,LP,WeatherLogic® Air & Water Barrier,"1/2"" Sheathing",,US,US,,323.38,m3,,,,,1398.83,,,,,,,,,,765,kg/m3,9.716,"kg/m2 at 7/16""",78.74,m2 @ 7/16'' / m3,,,,,,,,,,,,,EPD 555,Product-specific,LP,CORRIM,ASTM,External,"Lindita Bushi, PhD, Athena Sustainable Materials Institute",,"Part B: Structural and Architectural Wood Products EPD Requirements, v1.0 2020 [19]",TRACI 2.1,SimaPro v9.4,"USLCI, Ecoinvent 3.5, Datasmart",,
OSB005,EPD 555,,,,,,,2028-09-18,,OSB sheathing,LP,WeatherLogic® Air & Water Barrier,"7/16"" Sheathing",,US,US,,323.38,m3,,,,,1398.83,,,,,,,,,,765,kg/m3,8.501,"kg/m2 at 7/16""",89.99,m2 @ 7/16'' / m3,,,,,,,,,,,,,EPD 555,Product-specific,LP,CORRIM,ASTM,External,"Lindita Bushi, PhD, Athena Sustainable Materials Institute",,"Part B: Structural and Architectural Wood Products EPD Requirements, v1.0 2020 [19]",TRACI 2.1,SimaPro v9.4,"USLCI, Ecoinvent 3.5, Datasmart",,
OSB002,EPD 556,,,,,,,2028-09-18,,OSB sheathing,LP,FlameBlock® Fire-Rated,"7/16"", coated 1 side",,US,US,,333.48,m3,,,,,1202.28,,,,,,,,,,678.28,kg/m3,9.276,"kg/m2 at 7/16"" coated 1-side",73.12,m2 @ 7/16'' / m3,,,,,,,,,,,,,EPD 556,Product-specific,LP,CORRIM,ASTM,External,"Lindita Bushi, PhD, Athena Sustainable Materials Institute",,"Part B: Structural and Architectural Wood Products EPD Requirements, v1.0 2020 [19]",TRACI 2.1,SimaPro v9.4,"USLCI, Ecoinvent 3.5, Datasmart",,
OSB007,EPD 557,,,,,,,2028-09-18,,OSB subflooring,LP,LP Legacy® Premium,"5/8""",,US,US,,283.3,m3,,,,,1302.14,,,,,,,,,,662,kg/m3,10.509,"kg/m2 at 5/8""",62.99,m2 @ 5/8'' / m3,,,,,,,,,,,,,EPD 557,Product-specific,LP,CORRIM,ASTM,External,"Lindita Bushi, PhD, Athena Sustainable Materials Institute",,"Part B: Structural and Architectural Wood Products EPD Requirements, v1.0 2020 [19]",TRACI 2.1,SimaPro v9.4,"USLCI, Ecoinvent 3.5, Datasmart",,
OSB003,EPD 558,,,,,,,2028-09-18,,OSB sheathing,LP,LP® TopNotch® 350,"7/16"" Sheathing",,US,US,,264.52,m3,,,,,1207.51,,,,,,,,,,765,kg/m3,8.501,"kg/m2 at 7/16""",89.99,m2 @ 7/16'' / m3,,,,,,,,,,,,,EPD 558,Product-specific,LP,CORRIM,ASTM,External,"Lindita Bushi, PhD, Athena Sustainable Materials Institute",,"Part B: Structural and Architectural Wood Products EPD Requirements, v1.0 2020 [19]",TRACI 2.1,SimaPro v9.4,"USLCI, Ecoinvent 3.5, Datasmart",,
WIR000,EPD 585,,,,,,,2028,,Welded wire mesh,Insteel Industries,"6"" x 6"" x 6/6g",,,US,US & CA,,1.73,kg,,,,,,,,,,,,,,,62,lb/100ft2,3.03,kg/m2,,,,,,,,,,Steel,,,,,EPD 585,Product-specific,Insteel Wire Products Co,WAP Sustainability,ASTM,External,Tim Brooke,ISO 21930:2017,,IPCC AR5,Sphera LCA 10.7.0.183,Sphera Managed LCA Content,,
WIR001,EPD 585,,,,,,,2028,,Welded wire mesh,Insteel Industries,"4"" x 4"" x 6/6g",,,US,US & CA,,1.73,kg,,,,,,,,,,,,,,,42,lb/100ft2,2.05,kg/m2,,,,,,,,,,Steel,,,,,EPD 585,Product-specific,Insteel Wire Products Co,WAP Sustainability,ASTM,External,Tim Brooke,ISO 21930:2017,,IPCC AR5,Sphera LCA 10.7.0.183,Sphera Managed LCA Content,,
LP0002,EPD 597,,,,,,,2028-11-21,,Engineered Wood Siding & Trim,LP,SmartSide,"0.418"" (10.6 mm)",,,US & CA,,279.43,m3,,,,,1886.06,,,,,,,,,,657,kg/m3,,,,,SFI Aspen,,,,0.0106,,,Engineered Wood siding,,,,,EPD 597,Product-specific,LP,CORRIM,ASTM International,External,"Lindita Bushi, PhD, Athena Sustainable Materials Institute",,"Part B: Structural and Architectural Wood Products EPD Requirements, v1.0
2020 [16]",TRACI 2.1,SimaPro v9.5,"USLCI, Ecoinvent 3.5, Datasmart",75,
LP0003,EPD 597,,,,,,,2028-11-21,,Engineered Wood Siding & Trim,LP,SmartSide,"0.578"" (14.7mm)",,,US & CA,,279.43,m3,,,,,1886.06,,,,,,,,,,657,kg/m3,,,,,SFI Aspen,,,,0.0147,,,Engineered Wood siding,,,,,EPD 597,Product-specific,LP,CORRIM,ASTM International,External,"Lindita Bushi, PhD, Athena Sustainable Materials Institute",,"Part B: Structural and Architectural Wood Products EPD Requirements, v1.0
2020 [16]",TRACI 2.1,SimaPro v9.5,"USLCI, Ecoinvent 3.5, Datasmart",75,
LP0004,EPD 597,,,,,,,2028-11-21,,Engineered Wood Siding & Trim,LP,SmartSide,"0.354"" (9 mm)",,,US & CA,,279.43,m3,,,,,1886.06,,,,,,,,,,657,kg/m3,,,,,SFI Aspen,,,,0.009,,,Engineered Wood siding,,,,,EPD 597,Product-specific,LP,CORRIM,ASTM International,External,"Lindita Bushi, PhD, Athena Sustainable Materials Institute",,"Part B: Structural and Architectural Wood Products EPD Requirements, v1.0
2020 [16]",TRACI 2.1,SimaPro v9.5,"USLCI, Ecoinvent 3.5, Datasmart",75,
LP0001,EPD 601,,,,,,,2028-11-21,,Engineered Wood Siding & Trim,LP,SmartSide ExpertFinish,"3/8"" (9.5 mm)",,US,US & CA,,487.03,m3,,,,,1095.62,,,,,,,,,,657.00,kg/m3,,,,,SFI Aspen,,,,0.0095,,,Engineered Wood siding,,,,,EPD 601,Product-specific,LP,CORRIM,ASTM International,External,"Lindita Bushi, PhD, Athena Sustainable Materials Institute",,"Part B: Structural and Architectural Wood Products EPD Requirements, v1.0
2020 [16]",TRACI 2.1,SimaPro v9.5,"USLCI, Ecoinvent 3.5, Datasmart",75,
LP0000,EPD 617,,,,,,,2028-12-20,,Engineered Wood Siding & Trim,LP,BuilderSeries® Lap Siding,"9/32"" (7.3 mm)",,US,US & CA,,267.01,m3,,,,,1576.54,,,,,,,,,,644.77,kg/m3,3.67,kg/m2,,,SFI Aspen,,,,0.0073,,,Engineered Wood siding,,,,,EPD 617,Product-specific,LP,CORRIM,ASTM International,External,"Lindita Bushi, PhD, Athena Sustainable Materials Institute",,"Part B: Structural and Architectural Wood Products EPD Requirements, v1.0
2020 [16]",TRACI 2.1,SimaPro v9.5,"USLCI, Ecoinvent 3.5, Datasmart",75,
a13a3e,EPD-AMO-20150057-IAA1-EN,,,,,,,2021,,Cork flooring,Amorim,Revestimentos S.A.,Cork floating floor planks,,,EU,,9.34,m²,,,,,,,,,,,,,,,8.4,kg/m2,,,,,,,1.225,0.145,0.006,,,,,,,,EPD-AMO-20150057-IAA1-EN,Product-specific,,IBU,,,,,,,,,,
b72f13,EPD-CEM-20160113-IAD1-EN,,,,,,,2021,,Fiber Cement roofing,Cembrit,Slates,4 mm,,,EU,,0.946,kg,,,,,,,,,,,,,,,7.4,kg/m2,,,,,,,,,,,,,,,,,EPD-CEM-20160113-IAD1-EN,Product-specific,,IBU,,,,,,,,,,
8bcce7,EPD-CEM-20160114-IAD1-EN,,,,,,,2021,,Fiber Cement roofing,Cembrit,Corrugated sheets,6.5 mm,,,EU,,0.804,kg,,,,,,,,,,,,,,,10.335,kg/m2,,,,,,,,,,,,,,,,,EPD-CEM-20160114-IAD1-EN,Product-specific,,IBU,,,,,,,,,,
bbb009,EPD-DUP-20210183-IBC1-EN,,,,,,,2026,,Sheet barrier,Dupont,Tyvek Monolayer 60,,,EU,EU,,0.3,m2,,,,,,,,,,,,,,,0.058,kg/m2,,,,,,,,,,,,HDPE,,,,,EPD-DUP-20210183-IBC1-EN,Product-specific,DuPont de Nemours,"Hans Peters, IBU",IBU,External,Vito D'Incognito,,EN 15804 + A2,,GaBi 10.5.0.78,GaBi 10.5.0.79,30,
ae7e1c,EPD-ERF-20180184-CCI1-EN,,,,,,,2024,,Cork flooring,European Resilient Flooring Manufacturers' Institute,"Includes: Altro, Amorim, Amtico, Artigo, Aspecta, BeauFlor, Dickson, Mflor, Forbo, Gerflor, IVC, Nora, Polyflor, Tarkett, Kahrs, Windmoller",Cork floor tiles,,,EU,,-2.74,m²,,,,,,,,,,,,,,,2,kg/m2,,,,,,,,,0.004,,,,,,,,EPD-ERF-20180184-CCI1-EN,Industry average,,IBU,,,,,,,,,,
FIB000,EPD-ETE-20190128-CCA1-EN,,,,,,,2025,,Fiber Cement siding,Equitone,Linea|Lunara,10 mm,,EU,Global,,7.8,m²,,,,,,,,,,,,,,,16.5,kg/m2 at 10mm,,,,,,,,,,,,Fiber cement,,,,,EPD-ETE-20190128-CCA1-EN,Product-specific,ETEX,3E NV/SA,IBU,External,Mr Carl-Otto Neven(Independent verifier appointed by SVR),,"Fibre cement / Fibre concrete, 07.2014(PCR checked and approved by the SVR)",,SimaPro 8.5,Ecoinvent 3.4,50,
FIB001,EPD-ETE-20190179-CCC1-EN,,,,,,,2025-02-05,,Fiber Cement siding,Equitone,Pictura and Natura Pro,"8 mm (5/16"")",,Germany,Global,,16.305,m²,,,,,,,,,,,,,,,1850,kg/m3,14.8,kg/m2 at 8mm,,,,,,,,,,Fiber cement,,,,,EPD-ETE-20190179-CCC1-EN,Product-specific,Equitone,VITO NV / EnergyVille,IBU,External,Mr Carl-Otto Neven(Independent verifier appointed by SVR),,"Fibre cement / Fibre concrete, 07.2014
(PCR checked and approved by the SVR)",,SimaPro 8.5.2.0,Ecoinvent 3.5,50,
be052f,EPD-GTX-20180071-IBA1-DE,,,,,,,2023,,Wood fiber batt,GUTEX,ThermoFlex,R 4/inch,,,EU,,-67.5,m3,,,,,,,,,,,,,,,50,kg/m3,1.8,kg/m2•RSI,4,0.0360553,,,,,,,,Wood fibre,,,,,EPD-GTX-20180071-IBA1-DE,Product-specific,Gutex,IBU,,,,,,,,,,
ins035,EPD-GTX-20190018-IBA1-EN,,,,,,,2024,,Wood fiber - loose fill,GUTEX,ThermoFiber,R 3.6/inch,,EU,,,-1.14,kg,,,,,,,,,,,,,,,35,kg/m3,1.4,kg/m2•RSI,3.61,0.040,,,,,,,,Wood fibre,,,,,EPD-GTX-20190018-IBA1-EN,Product-specific,Gutex,Thünen-Institut für Holzforschung,IBU,External,Patricia Wolf,,"Blow-in insulation materials made from cellulose and woodfibres, 12.2017",,,GaBi 6.115,,
ins030,EPD-GTX-20200178-IBC1-EN,,,,,,,2025-10-08,,Wood fiber board,GUTEX,Multi-Therm,"R 3.6/inch, 40, 60, 80, 100, 120, 140, 160, 180, 200 mm",,EU,,,-166.3,m3,,,,,,,,,,,,,,,140,kg/m3,5.6,kg/m2•RSI,3.61,0.04,,,,,,,,Wood fibre,,,,,EPD-GTX-20200178-IBC1-EN,Product-specific,Gutex,Sphera Solutions GmbH,IBU,External,Matthias Klingler,,"Wood based panels, 12.2018(PCR checked and approved by the SVR)",,,GaBi ts,,
CCF000,EPD-HOC-20220204-IBD1-EN,,,,,,,1905-07-19,,Cementitious foam,Holcim,Airium Spray,R3.35/inch / 100 kg/m3,,EU,EU,,40.7,m3,,,,,,,,,,,,,,,100,kg/m3,,,3.35,0.043,,,,,,,,Cementitious foam,,,,,EPD-HOC-20220204-IBD1-EN,Product-specific,Holcim (Deutschland),IBU,IBU,External,Matthew Fishwick,EN 15804+A2,IBU (2020): PCR Part B: Requirements for cement-based foams,,Ecoinvent v3.8,,50,
CBI000,EPD HUB-0281,,,,,,,2028,,Cork board insulation,Amorim,Expanded Insulation Corkboard (ICB),"R3.6-inch, 115 kg/m3",,EU,EU,,82.8,m3,,,,,212,,,,,,,,,,115,kg/m3,4.6,kg/m2 RSI1,3.60553,0.0400000,,,,,,,,Cork,,,,,EPD HUB-0281,Product-specific,Amorim Cork Insulation,Greenlab,EPD Hub,External,E.A.,EN 15804+A2:2019,EPD Hub Core PCR v1.0,,,,,
bbb027,EPDIE-22-83,,,,,,,2027,,Sheet barrier,Partel,VARA PLUS,,,EU,EU,,0.4,m²,,,,,,,,,,,,,,,120,g/m2,,,,,,,,,,,,Barrier,,,,,EPDIE-22-83,Product-specific,Partel,Ecoreview,Irish Green Building Council,External,"Chris Foster, EuGeos SRL",EN 15804:2012+A2:2019,EN 15804:2012+A2:2020,,Echochain 3.5.13,Ecoinvent3.6,,
bbb028,EPDIE-22-83,,,,,,,2027,,Sheet barrier,Partel,VARA PLUS,,,EU,EU,,0.4,m²,,,,,,,,,,,,,,,120,g/m2,,,,,,,,,,,,Barrier,,,,,EPDIE-22-83,Product-specific,Partel,Ecoreview,Irish Green Building Council,External,"Chris Foster, EuGeos SRL",EN 15804:2012+A2:2019,EN 15804:2012+A2:2020,,Echochain 3.5.13,Ecoinvent3.6,,
bbb007,EPDIE-22-84,,,,,,,2027,,Adhesive barrier,Partel,Exoperm Mono SA 250,,,EU,EU,,0.8,m²,,,,,,,,,,,,,,,250,g/m2,,,,,,,,,,,,Barrier,,,,,EPDIE-22-84,Product-specific,Partel,Ecoreview,Irish Green Building Council,External,"Chris Foster, EuGeos SRL",EN 15804:2012+A2:2019,EN 15804:2012+A2:2020,,Echochain 3.5.13,Ecoinvent3.6,,
bbb010,EPDIE-22-84,,,,,,,2027,,Sheet barrier,Partel,Exoperm Mono 150,,,EU,EU,,0.5,m²,,,,,,,,,,,,,,,150,g/m2,,,,,,,,,,,,Barrier,,,,,EPDIE-22-84,Product-specific,Partel,Ecoreview,Irish Green Building Council,External,"Chris Foster, EuGeos SRL",EN 15804:2012+A2:2019,EN 15804:2012+A2:2020,,Echochain 3.5.13,Ecoinvent3.6,,
STU000,EPD-IWM-STO-20210130-IBG1-DE,,,,,,,2026,,"Cement ""Stucco"" Plaster",Sto SE,Pre-mixed rendering & plastering mortar with reinforcing fiber,"1/2"" thick",,EU,EU,,0.4,kg,,,,,,,,,,,,,,,1600,kg/m3,,,,,,,,,,,,Cement stucco,,,,,EPD-IWM-STO-20210130-IBG1-DE,Product-specific,Sto SE & Co,IBU,IBU,External,Matthias Schulz,EN 15804 + A1,Mineral factory-made mortar 11.2017,,GaBi 8,GaBi 8,,
A23456,EPD-JAM-20220072-CBD1-EN,,,,,,,2027-10-16,,Composite sheathing panel,James Hardie Europe GmbH,fermacell®,12.5 mm,,EU,EU,,1900-01-02,m2,,,,,3.58,,,,,,,,,,14.75,kg/m2,,,,,,,,,,,,Gypsum,,,,,EPD-JAM-20220072-CBD1-EN,Product-specific,James Hardie Europe GmbH,Sphera Solutions GmbH,Institut Bauen und Umwelt e.V.,External,Dr. Stefan Diederichs,--,"Part B: Requirements for the EPD for
gypsum boards, v1.7, 2019",--,---,GaBi 10.5,"The service life of building products depends on the
respective construction, use and maintenance of the
building",
S12347,EPD-KRI-20230308-IBC1-EN,,,,,,,2028,,Ground screw,Krinner,E-Series E89x1000-E60,89 x 1000 mm,,EU,EU,,2.39,kg,,,,,,,,,,,,,,,5.5,kg/m,,,,,,,,,,,,Ground screw,,,,,EPD-KRI-20230308-IBC1-EN,Product-specific,Krinner Ground Screws,IBU,IBU,External,Matthias Klingler,EN 15804+A2,Structural steels 01.08.2021,,,,,
S12348,EPD-KRI-20230308-IBC1-EN,,,,,,,2028,,Ground screw,Krinner,E-Series E140x1600-E76-100,140 x 1600 mm,,EU,EU,,2.39,kg,,,,,,,,,,,,,,,5.5,kg/m,,,,,,,,,,,,Ground screw,,,,,EPD-KRI-20230308-IBC1-EN,Product-specific,Krinner Ground Screws,IBU,IBU,External,Matthias Klingler,EN 15804+A2,Structural steels 01.08.2021,,,,,
CCF002,EPD-MDS-20210038-CBA1-EN,,,,,,,1905-07-18,,Cementitious foam,Master Builders Solutions GmbH,MasterProtect NFF 2070 IN,R3.8/inch / 70 kg/m3,,EU,EU,,45.6,m3,,,,,,,,,,,,,,,70,kg/m3,,,3.80,0.038,,,,,,,,Cementitious foam,,,,,EPD-MDS-20210038-CBA1-EN,Product-specific,Master Builders Solutions,IBU,IBU,External,Eva Schmincke,EN 15804+A1,EN 15804 Sustainability of construction works,,GaBi 9.5.1,,50,
INS016,EPD n° 21-0078-001.00.00,,,,,,,2026-09-16,,Hempcrete block,Isohemp,Hemp Block PAL36EX including mortar / 600 x 300 x 360 mm,R 2/inch,,Belgium,EU,,45.66,m2 @RSI 5.07,,,,,65.50,,,,,,,,,,340,kg/m3,24.1,kg/m2 at RSI1,2.00,0.071,12,,0.600,0.300,0.360,,,Hemp,,,,,EPD n° 21-0078-001.00.00,Product-specific,ISOHEMP,Prof. Dr Ir Angélique Léonard /Dr Ir Sylvie Groslambert,B-EPD,External,Naeem Adibi - WeLoop,NBN EN 15804+A2:2019NBN/DTD B 08-001 - ISO 14025:2006,,,SimaPro 9.1.1.1,Ecoinvent 3.6.,60,
BAM004,EPD-NIBE-20210322-18246,,,,,,,2027,,Hard Bamboo flooring,MOSO International,"Grand, Eternal & Dynamic Collections, Bamboo Supreme & Industriale, Purebamboo, Topbamboo","15mm, Moso HighDensity, caramel.",,China,Global,,576.5,m3,,,,,1549.3,,,,,,,,,,1050,kg/m3,15.75,kg/m2,,,,,,,0.015,,,Bamboo,,,,,EPD-NIBE-20210322-18246,Product-specific,MOSO International BV,NIBE,NIBE,External,Advieslab,EN ISO 14025:2010,EN 15804+A2:2019,,,,,
BAM005,EPD-NIBE-20210322-18246,,,,,,,2027,,Hard Bamboo flooring,MOSO International,Solid & Supra Collection,"20mm, Moso HighDensity, caramel.",,China,Global,,576.5,m3,,,,,1549.3,,,,,,,,,,1050,kg/m3,13.65,kg/m2,,,,,,,0.013,,,Bamboo,,,,,EPD-NIBE-20210322-18246,Product-specific,MOSO International BV,NIBE,NIBE,External,Advieslab,EN ISO 14025:2010,EN 15804+A2:2019,,,,,
BAM006,EPD-NIBE-20210322-18246,,,,,,,2027,,Hard Bamboo flooring,MOSO International,Bamboo Solid Beams,,,China,Global,,576.5,m3,,,,,1549.3,,,,,,,,,,1050,kg/m3,,,,,,,,,,,,Bamboo,,,,,EPD-NIBE-20210322-18246,Product-specific,MOSO International BV,NIBE,NIBE,External,Advieslab,EN ISO 14025:2011,EN 15804+A2:2020,,,,,
BAM008,EPD-NIBE-20210322-18247,,,,,,,2027,,Laminated Bamboo flooring,MOSO International,"Bamboo Elite & Elite Premium, Industriale","15mm, Side/Plain pressed, Moso Density, caramel.",,China,Global,,305.28,m3,,,,,1140.8,,,,,,,,,,700,kg/m3,10.5,kg/m2,,,,,,,0.015,,,Bamboo,,,,,EPD-NIBE-20210322-18247,Product-specific,MOSO International BV,NIBE,NIBE,External,Advieslab,EN ISO 14025:2013,EN 15804+A2:2022,,,,,
INT007,EPD-NIBE-20210615-20084,,,,,,,2026,,"MgO board 1/2""",Sinh Build,MAGOXX boards,"1/2""",,China,EU,,6.7,m2,,,,,0.4741,,,,,,,,,,1000,kg/m3,,,,,,,,,,,,Magnesium oxide,,,,,EPD-NIBE-20210615-20084,Product-specific,Sinh Build,ReThink,ReThink,External,"Sissy Verspeek, Agrodome",,EN 15804:2012  NMD Determination method environmental performance of construction works v1.0,Version v3.03,NIBE v2.0,,,
BAM007,EPD-NIBE-20210625-20247,,,,,,,2027,,Bamboo Cladding,MOSO International,"X-treme, all profiles","heat treated, 5/8"" (18 mm)",,China,Global,,25.26,m2 at 18 mm,,,,,32.73,,,,,,,,,,1150,kg/m3,,,,,,,,,,,,Bamboo,,,,,EPD-NIBE-20210625-20247,Product-specific,MOSO International BV,NIBE,NIBE,External,Advieslab,EN ISO 14025:2012,EN 15804+A2:2021,,,,,
bb05fc,EPD-PCE-20200299-IBB1-EN,,,,,,,2026,,Foam glass board,Pittsburgh Corning Europe,FOAMGLAS T4+,R 3.5/inch,,,EU,,1.45,kg,,,,,,,,,,,,,,,110,kg/m3,4.5,kg/m2 at RSI1,3.517590244,0.0410000,,,,,,,,Foam glass,,,,,EPD-PCE-20200299-IBB1-EN,Product-specific,,IBU - Institute Bauen und Umwelt e.V.,,,,,,,,,,
ebf499,EPD-PCE-20200300-IBB1-EN,,,,,,,2026,,Foam glass board,Pittsburgh Corning Europe,FOAMGLAS T3+,R 4.0/inch,,,EU,,1.5,kg,,,,,,,,,,,,,,,95,kg/m3,3.42,kg/m2 at RSI1,4,0.0360553,,,,,,,,Foam glass,,,,,EPD-PCE-20200300-IBB1-EN,Product-specific,,IBU - Institute Bauen und Umwelt e.V.,,,,,,,,,,
40c2ea,EPD-PCE-20200301-IBA1-EN,,,,,,,2026,,Foam glass board,Pittsburgh Corning Europe,FOAMGLAS F,R 2.9/inch,,,EU,,1.49,kg,,,,,,,,,,,,,,,165.00,kg/m3,8.25,kg/m2 at RSI1,2.88,0.0500768,,,,,,,,Foam glass,,,,,EPD-PCE-20200301-IBA1-EN,Product-specific,,IBU - Institute Bauen und Umwelt e.V.,,,,,,,,,,
8f8df3,EPD-PCE-20200302-IBA1-EN,,,,,,,2026,,Foam glass board,Pittsburgh Corning Europe,FOAMGLAS S3,R 3.2/inch,,,EU,,1.5,kg,,,,,,,,,,,,,,,130,kg/m3,5.85,kg/m2 at RSI1,3.2,0.0450691,,,,,,,,Foam glass,,,,,EPD-PCE-20200302-IBA1-EN,Product-specific,,IBU - Institute Bauen und Umwelt e.V.,,,,,,,,,,
3fc60e,EPD-POR-20140214-IBC1-EN,,,,,,,2019,,Vacuum Insulated Panel,Porextherm,Vacupor,"Fumed silica core, R 30/inch",,,EU,,42.2,m2 at 25 mm,,,,,,,,,,,,,,,181,kg/m3,,,30,0.0044,,,,,,,,Vaccum Panel,,,,,EPD-POR-20140214-IBC1-EN,Product-specific,,IBU,,,,,,,,,,
www114,EPD-QKE-20220002-IBG1-DE,,,,,,,2027,,"Window, PVC-U frame","aluplast, Deceuninck, Caine, Gargiulo, Gealan, hapa, Internorm, profine, Rehau, Salamander, Schuco, TMP, VEKA","PVC-U frame, tilt & turn",Double pane,,EU,EU,,79.2,m2,,,,,,,,,,,,,,,,,,,,,,,,,,,,Double pane window,,,,,EPD-QKE-20220002-IBG1-DE,Industry average,"QKE, GKFP, EPPA",IBU,IBU,External,(can't identify signature),EN 15804+A2,"Windows and doors, 01.2021",,,Ecoinvent 3.7,30,
www121,EPD-QKE-20220156-IBG1-DE,,,,,,,2026,,"Window, PVC-U frame","aluplast, Deceuninck, Caine, Gargiulo, Gealan, hapa, Internorm, profine, Rehau, Salamander, Schuco, TMP, VEKA","PVC-U frame, tilt & turn",Triple pane,,EU,EU,,95.2,m2,,,,,,,,,,,,,,,,,,,,,,,,,,,,Triple pane window,,,,,EPD-QKE-20220156-IBG1-DE,Industry average,"QKE, GKFP, EPPA",IBU,IBU,External,Dr. Eva Schminkcke,EN 15804+A2,"Windows and doors, 01.2021",,,Ecoinvent 3.7,30,
bbb031,EPD-SIG-20220185-CBA1-EN,,,,,,,2027,,Sheet barrier,SIGA,Majrex 200,,,EU,EU,,1.2,m²,,,,,,,,,,,,,,,0.15,kg/m2,,,,,,,,,,,,Barrier,,,,,EPD-SIG-20220185-CBA1-EN,Product-specific,SIGA Cover AG,Sphera Solutions GmbH,IBU,External,Vito D'Incognito,EN 15804+A2,False ceiling and underlay sheeting 11.2017,,,,,
ins026,EPD-STE-20150327-IBD1-EN,,,,,,,2025,,Wood fiber board,Steico,"STEICOprotect S dry, STEICOsafe 40, STEICOuniversal dry","R 3.6/inch, 40, 120, 140, 160, 180, 200 mm",,EU,EU,,-81.57,m3,,,,,,,,,,,,,,,210,kg/m3,8.412903333,kg/m2•RSI,3.6,0.04006144444,,,,,,,,Wood fibre,,,,,EPD-STE-20150327-IBD1-EN,Product-specific,,IBU,,,,,,,,,,
ins027,EPD-STE-20150327-IBD1-EN,,,,,,,2025,,Wood fiber board,Steico,"STEICOprotect M dry, STEICOroof dry, STEICOspecial dry, STEICOtop","R 3.6/inch, 40, 120, 140, 160, 180, 200 mm",,EU,EU,,-81.57,m3,,,,,,,,,,,,,,,140,kg/m3,5.608602222,kg/m2•RSI,3.6,0.04006144444,,,,,,,,Wood fibre,,,,,EPD-STE-20150327-IBD1-EN,Product-specific,,IBU,,,,,,,,,,
ins028,EPD-STE-20150327-IBD1-EN,,,,,,,2025,,Wood fiber board,Steico,"STEICOtherm dry, STEICOprotect L dry, STEICOsafe","R 3.6/inch, 40, 120, 140, 160, 180, 200 mm",,EU,EU,,-81.57,m3,,,,,,,,,,,,,,,110,kg/m3,4.406758889,kg/m2•RSI,3.6,0.04006144444,,,,,,,,Wood fibre,,,,,EPD-STE-20150327-IBD1-EN,Product-specific,,IBU,,,,,,,,,,
ins034,EPD-STE-20150327-IBD1-EN,,,,,,,2025,,Wood fiber batt,Steico,SteicoFlex,R 3.8/inch,,,EU,,-28.27,m3,,,,,,,,,,,,,,,55,kg/m3,2.087412105,kg/m2•RSI,3.8,0.03795294737,,,,,,,,Wood fibre,,,,,EPD-STE-20150327-IBD1-EN,Product-specific,,IBU,,,,,,,,,,
bbb032,EPD-Synwer-234-EN,,,,,,,2027,,Sheet barrier,Synwer,Syn U 120 Sd 2,,,EU,EU,,0.6,m²,,,,,,,,,,,,,,,120,g/m2,,,,,,,,,,,,Barrier,,,,,EPD-Synwer-234-EN,Product-specific,Synwer GmbH,Kiwa-Ecobility Experts,Kiwa-Ecobility Experts,External,"Niels Jonkers, PLUK Sustainability",EN 15804+A2:2019,"PCR B - Plastic and rubber sheets for roof, wall and floor waterproofing, 2021",,,Ecoinvent 3.6,,
GRE002,EPD-ZIC-20200082-CCA1-EN,,,,,,,2025,,Green roof system,ZinCo,Heather with Lavender Green Roof System,"Extensive, min. 100 mm depth",,EU,EU,,2.64,m2,,,,,,,,,,,,,,,163.00,kg/m2 saturated,103,kg/m2 dry,,,,,,,,,,Green roof system,,,,,EPD-ZIC-20200082-CCA1-EN,Product-specific,ZinCo GmbH,IBU,IBU,External,SVR,EN 15804+A2,"Green roof systems, 12.2019",,,,,
A23457,GlobalEPD EN15804-036,,,,,,,2028,,Composite sheathing panel,Honext Material SL,Fire resistant panel,12 mm,,EU,EU,,92.5,m3,,,,,751,,,,,,,,,,510-600,kg/m3,,,,,,,,,,,,Paper sludge,,,,,GlobalEPD EN15804-036,Product-specific,Honext Material SL,Eco Intelligent Growth,Aenor Confia,External,Aenor Confia,EN 15804:2012+A2:2020,,,Simapro 9.3,Ecoinvent 3.8,25,
285b88,GlobalEPD-RCP-008-001,,,,,,,2022,,Clay roof tiles,HISPALYT,,,,,EU,,4,m²,,,,,,,,,,,,,,,56,kg/m2,,,,,,,,,,,,,,,,,GlobalEPD-RCP-008-001,Industry average,Spanish Association of Clay Brick and Roofing Tile Manufacturers (HISPALYT),Cátedra UNESCO de Ciclo de Vida y Cambio Climático (ESCI-UPF),AENOR Internacional S.A.U.,,,,,,,,150,
bbb022,HUB-0233,,,,,,,2027,,Sheet barrier,Building Product Design,Glidevale Protect TF200,,,UK,UK,,0.4,m²,,,,,,,,,,,,,,,0.1,kg/m2,,,,,,,,,,,,Barrier,,,,,HUB-0233,Product-specific,Building Product Design,Neena Chandramathy,EPD Hub Ltd,External,"Elma Avdyli, EPD Hub",EN 15804:2012+A2:2020,EPD Hub Core PCR 1.0,,One Click LCA EPD Generator,,,
SIP005,HUB-0635,,,,,,,2025-02-18,,"Nexite faces, EPD foam core",Nexii Building Solutions Inc.,Nexii Wall Panels: Cladding,"10"" thick",,CA,US & CA,,116,m2,,,,,,,,,,,,,,,102.3,kg/m2,,,,,,,,,,,,Nexite,,,,,HUB-0635,Product-specific,Nexii Building Solutions Inc.,"Sara Turner, Sustainability Manager, Nexii",EPD Hub,External,Haiha Nguyen,--,"EPD Hub Core PCR version 1.0, 1 Feb 2022",TRACI 2.1,Ecoinvent and One Click LCA databases were used as sources of environmental data,--,60,
SIP006,HUB-0636,,,,,,,2025-02-18,,"Nexite faces, EPD foam core",Nexii Building Solutions Inc.,Nexii Wall Panels: Load-bearing,"10"" thick",,CA,US & CA,,128,m2,,,,,,,,,,,,,,,127.3,kg/m2,,,,,,,,,,,,Nexite,,,,,HUB-0636,Product-specific,Nexii Building Solutions Inc.,"Sara Turner, Sustainability Manager, Nexii",EPD Hub,External,Haiha Nguyen,--,"EPD Hub Core PCR version 1.0, 1 Feb 2023",TRACI 2.1,Ecoinvent and One Click LCA databases were used as sources of environmental data,--,50,
840925,HW-20200605-001,,,,,,,2025-06-05,,Wool loose fill,Havelock Wool,,R 4.4/inch,,,US,,1.76,m2•RSI,,,,,,,,,,,,,,,18.1,kg/m3,0.607,kg/m2 at RSI1,4.36,0.03307825688,,,,,,,,Wool,,,,,HW-20200605-001,Product-specific,Havelock Wool,Sustainable Minds,Sustainable Minds,External,WAP Sustainability Consulting,,,TRACI 2.1,SimaPro 9.0.0.49,"ecoinvent 3.1, 2.2",,
be49e2,HW-20200605-001,,,,,,,2025-06-05,,Wool batt,Havelock Wool,,R 3.6/inch,,,US,,2.63,m2•RSI,,,,,,,,,,,,,,,24.98,kg/m3,0.997,kg/m2 at RSI1,3.64,0.03962120879,,,,,,,,Wool,,,,,HW-20200605-001,Product-specific,Havelock Wool,Sustainable Minds,Sustainable Minds,External,WAP Sustainability Consulting,,,TRACI 2.1,SimaPro 9.0.0.49,"ecoinvent 3.1, 2.2",,
5231c8,ICC – 20200122– 001,,,,,,,2025,,Cellulose - spray applied,International Cellulose Corp.,"K-13, ThermoCon",R 3.75/inch,,,,,0.325,m2•RSI,,,,,,,,,,,,,,,54.5,kg/m3,2.071,kg/m2 at RSI1,3.75,0.0384590,,,,,,,,Cellulose,,,,,ICC – 20200122– 001,Industry average,,Sustainable Minds,,,,,,,,,,
BRI007,LCA888510/R20170487,,,,,,,2026,,"Brick, Waste-based",StoneCycling,Caramel,"215x102x65 mm, incl. 3/8"" mortar",,UK,UK,,176.0,ton,,,,,,,,,,,,,,,1800,kg/m3,269,kgCO2/m3 mortar,,"83% brick, 17% mortar",,,0.215,0.102,0.650,,,Recycled clay,,,,,LCA888510/R20170487,Product-specific,StoneCyclin BV,Hedgehog Company BV,SGS Intron BV,Internal,,EN 15804/2014,Bepalingsmethode milieuprestaties gebouwen,,,,,
BRI000,MD-21011-EN,,,,,,,2026-01-11,,"Brick, Clay",Matzen Tegl,"Avg Face Brick, produce with Biogas","3-5/8"" x 2-3/4"" x 7-5/8"" (92 x 70 x 194 mm) incl. 3/8"" mortar",,EU,EU,,0.0810,kg,,,,,,,,,,,,,,,1800,kg/m3,269,kgCO2/m3 mortar,,"83% brick, 17% mortar",,,0.194,0.092,0.070,0.001247,,Clay Brick,,,,,MD-21011-EN,Product-specific,Matzen Tegl,Danish Technological Institute,Danish Technological Institute / EPD Danmark,External,Kim Christiansen – kimconsult.dk,"ISO 14025 & EN 15804:2012
+ A1:2013",Tiles & Bricks Europe (2014) PCR for Clay Construction Products – “Guidance document for developing an EPD” serves as the cPCR,,"GaBi ts, version 9.2.1.68","GaBi ts database, version 8.7 (Service pack 40)
Ecoinvent, version 3.5",150,
sl3g0r,MD-21034-EN,,,,,,,2026-02-08,,Eelgrass acoustic board,Søuld ApS,Søuld Acoustic Mats,"Flameretardant, NRC 0.90",,Denmark,EU,,0.566,kg,,,,,,,,,,,,,,,133,kg/m3,,,,,,,,,,,,Eelgrass,,,,,MD-21034-EN,Product-specific,Søuld ApS,EPD Danmark,,,,,,,,,,
WWC000,MD-22122-EN,,,,,,,2028,,Wood cladding,BurntWood,ReUse with linseed oil treatment,18 mm,,EU,EU,,5.8,m2,,,,,37.4,,,,,,,,,,400,kg/m3,,,,,,,,,,,,Wood,,,,,MD-22122-EN,Product-specific,OkoTomerer,Transistion ApS,Danish Technological Institute,External,NIRAS A/S,EN 15804 + A2:2019,Core rules for the product category of construction products,,SimaPro 9.4.0.2,Ecoinvent v3.8,,
WWC001,MD-22122-EN,,,,,,,2028,,Wood cladding,BurntWood,ReUse without surface treatment,18 mm,,EU,EU,,2.4,m2,,,,,33.3,,,,,,,,,,400,kg/m3,,,,,,,,,,,,Wood,,,,,MD-22122-EN,Product-specific,OkoTomerer,Transistion ApS,Danish Technological Institute,External,NIRAS A/S,EN 15804 + A2:2019,Core rules for the product category of construction products,,SimaPro 9.4.0.2,Ecoinvent v3.8,,
103ade,NEPD-1243-396-EN,,,,,,,2022,,Foam glass aggregate,Glasopor AS,,"R 1.7/inch, 10-60 mm",,,EU,,6.96,m3,,,,,,,,,,,,,,,180,kg/m3,,,1.620462921,0.0890000,,,,,,,,Foam glass,,,,,NEPD-1243-396-EN,Product-specific,,Norwegian EPD Foundation,,,,,,,,,,
LEC001,NEPD-1742-715-EN,,,,,,,2025,,Light expanded clay aggregate (LECA),Leca International,Leca ISO 10-20,"R 1.35/inch, 10-20 mm",,EU,EU,,61.5,m3,,,,,,,,,,,,,,,245,kg/m3,,,1.35,0.1070000,,,,,,,,Leca,,,,,NEPD-1742-715-EN,Product-specific,Leca International,Ostfoldforskning AS,Norwegian EPD Foundation,External,Anne Ronning,EN 15804:2012+A1:2013,NPCR 012:2018 Part B for Thermal insulation products,,LCA.no AS,,,
LEC002,NEPD-2304-1052-EN,,,,,,,2025,,Light expanded clay aggregate (LECA),Leca International,Leca-sora 4-32,"R 1.2/inch, 4-32 mm",,EU,EU,,92.9,m3,,,,,,,,,,,,,,,275,kg/m3,,,1.20,0.1200000,,,,,,,,Leca,,,,,NEPD-2304-1052-EN,Product-specific,Leca International,Ostfoldforskning AS,Norwegian EPD Foundation,External,Anne Ronning,EN 15804:2012+A1:2015,NPCR 012:2018 Part B for Thermal insulation products,,LCA.no AS,,,
LEC000,NEPD-2540-1277-EN,,,,,,,2025,,Light expanded clay aggregate (LECA),Leca International,Leca Arlita 10-20,"R 1.3/inch, 10-20 mm",,EU,EU,,65.5,m3,,,,,,,,,,,,,,,275,kg/m3,,,1.31,0.1100000,,,,,,,,Leca,,,,,NEPD-2540-1277-EN,Product-specific,Leca International,Ostfoldforskning AS,Norwegian EPD Foundation,External,Anne Ronning,EN 15804:2012+A1:2014,NPCR 012:2018 Part B for Thermal insulation products,,LCA.no AS,,,
2c53be,NRMCAEPD: 10020,,,,,,,2023,,Aggregate,NRMCA,,Avg construction aggregate (gravel & sand),,,US,,9.52,MT,,,,,,,,,,,,,,,1682,kg/m3,,,,,,,,,,,,Aggregate,,,,,NRMCAEPD: 10020,Industry average,NRMCA,Athena,,,,,,,,,,
NSF000,NSI-20221101-002,,,,,,,2027,,Stone,Natural Stone Institute,"Includes: Coldspring, Colorado Stone Quarries, Continental Cut Stone, Delgado Stone, Independent Limestone Co, Polycor, Quality Stone, Royal Bedrock, Russel Stone, Stoney Creek Quarry, Vermont Quarriees, Vetter Stone",83.28 kg/m2,,US,US,,22,m2,,,,,,,,,,,,,,,24.32,kg/m2,,,,,,,,,,,,Stone,,,,,NSI-20221101-002,Industry average,Natural Stone Institute,Sustainable Minds,Ecoform,External,Ecoform,ISO 21930:2017,Interior and exterior stone flooring,TRACI 2.1,SimaPro 9.4,Ecoinvent 3.8,,
n93fd1,NSI – 20221101 – 003,,,,,,,2027-10-31,,Dimensional Stone,"Natural Stone Institute study participating quarries: Coldspring, Delgado Stone Distributors, Freshwater Stone, Independent
Limestone Company, Polycor, Quality Stone Corporation, Royal Bedrock Inc., Russell Stone Products, Stony Creek Quarry, Vermont Quarries Corporation, and Vetter Stone Company","Includes: Delgado Stone, Polycor, Russell Stone Products, Vetter Stone Company, Continental Cut Stone",Weighted average product profile of installed m2 including mortar and connectors from 17 facilities.,,US & CA,US & CA,,21.4,m²,,,,,,,,,,,,,,,89.78,"kg/m2 installed stone, mortar, connectors, water",,2507,kg/m3,,,,,,,,,Stone,,,,,NSI – 20221101 – 003,Industry average,Natural Stone Institute,Sustainable Minds,SM Transparency Report [EPD]™ Program,External,"Ecoform, Jack Geibig",ISO 21930:2017,Cladding product systems v2.0,TRACI 2.1,SimaPro 9.4,Ecoinvent 3.8,75,
NSF001,POL-20230213-001,,,,,,,2028,,Stone,Polycor Natural Stone,"Includes quarries in NC, NH, MN & PQ",,,US & CA,US & CA,,24,m2,,,,,,,,,,,,,,,29.79,kg/m2,,,,,,,,,,,,Stone,,,,,POL-20230213-001,Product-specific,Polycor Natural Stone,Sustainable Minds,Ecoform,External,Ecoform,ISO 21930:2017,Interior and exterior stone flooring,TRACI 2.1,SimaPro 9.4,Ecoinvent 3.8,,
NSF002,POL-20230213-002,,,,,,,2028,,Stone,Polycor Natural Stone,"Includes quarries in North America & France, processed in Indiana",,,US,US,,9.18,m2,,,,,,,,,,,,,,,18.2,kg/m2,,,,,,,,,,,,Stone,,,,,POL-20230213-002,Product-specific,Polycor Natural Stone,Sustainable Minds,Ecoform,External,Ecoform,ISO 21930:2017,Interior and exterior stone flooring,TRACI 2.1,SimaPro 9.4,Ecoinvent 3.8,,
NSF003,POL-20230213-003,,,,,,,2028,,Stone,Polycor Natural Stone,"Includes two quarries in North America, processed in Georgia",,,US,US,,32.7,m2,,,,,,,,,,,,,,,34.72,kg/m2,,,,,,,,,,,,Stone,,,,,POL-20230213-003,Product-specific,Polycor Natural Stone,Sustainable Minds,Ecoform,External,Ecoform,ISO 21930:2017,Interior and exterior stone flooring,TRACI 2.1,SimaPro 9.4,Ecoinvent 3.8,,
HTW001,RTS 180 22,,,,,,,2028-12-05,,Heat Treated Wood Cladding,Lunawood Thermowood,Planed Thermowood D,20 mm,,EU,EU,,128,m³,,,,,652,,,,,,,,,,390,kg/m3,,,,,,,,,,,,Wood,,,,,RTS 180 22,Product-specific,OY LUNAWOOD LTD,"Tarmo Räty, Senior scientist",Building Information Foundation RTS,External,"Sigita Židonienė, Vesta Consulting UAB",--,"EN 15804 + A2:2019 and ISO 14025 standards and additional
requirements stated in RTS PCR (Version, 26.8.2020). Product specific category rules have not been applied. EPD of
construction products may not be comparable if they do not comply with EN 15804 and seen in a building context",--,---,"Ecoinvent
database version 3 (part I)",---,
HTW002,RTS 180 22,,,,,,,2028-12-05,,Heat Treated Wood Cladding,Lunawood Thermowood,Planed Thermowood S,20 mm,,EU,EU,,96.1,m³,,,,,634,,,,,,,,,,390,kg/m3,,,,,,,,,,,,Wood,,,,,RTS 180 22,Product-specific,OY LUNAWOOD LTD,"Tarmo Räty, Senior scientist",Building Information Foundation RTS,External,"Sigita Židonienė, Vesta Consulting UAB",--,"EN 15804 + A2:2019 and ISO 14025 standards and additional
requirements stated in RTS PCR (Version, 26.8.2020). Product specific category rules have not been applied. EPD of
construction products may not be comparable if they do not comply with EN 15804 and seen in a building context",--,---,"Ecoinvent
database version 3 (part I)",---,
e06534,SCS-EPD-03576,,,,,,,2020,,Rubber flooring,ECOsurfaces,ECOsurfaces,,,,US,,5.9,m²,,,,,,,,,,,,,,,7.476,kg/m2,,,,,,,,,0.006,,,,,,,,SCS-EPD-03576,Product-specific,,SCS Global,,,,,,,,,,
63d778,SCS-EPD-04873,,,,,,,2023,,"MgO board 1/2""",North American MgO,MagTech Ultra,"1/2""",,,US,,7.4,m²,,,,,,,,,,,,,,,1000,kg/m3,,,,,,,,,,,,Magnesium oxide,,,,,SCS-EPD-04873,Product-specific,,SCS Global,,,,,,,,,,
LVT003,SCS-EPD-05530,,,,,,,2023-05-21,,LVT - Cleo flooring,Congoleum Corporation,CLEO Flooring,4.1mm,,US,US & CA,,11,m2,,,,,,,,,,,,,,,0.81,g/cm2,,,,,,,,,,,,Vinyl,,,,,SCS-EPD-05530,Product-specific,Congoleum Corporation,---,SCS Global Services,External,"Tom Gloria, PhD, Industrial Ecology Consultants",--,"Flooring: Carpet, Resilient, Laminate, Ceramic, Wood.
NSF International. Version 2. 2014",--,"SimaPro 8.3 software,","Ecoinvent v2.2 and v3.3 LCI
data are used, with a bias towards Ecoinvent v3.3 data.",15,
3a1205,SCS-EPD05752,,,,,,,2024,,Steel studs - Load bearing,Scafco,,"600-S-137-54, 16 gauge, ""2x6""",,,US,,3.29,kg,,,,,,,,,,,,,,,7850,kg/m3,2.604,kg/m,,,,,,,,,,Steel,,,,,SCS-EPD05752,Product-specific,,SCS Global,,,,,,,,,,
58154c,SCS-EPD05752,,,,,,,2024,,Steel studs - Non-loadbearing,Scafco,,"362-S-125-18, 20EQ gauge, ""2x4""",,,US,,3.29,kg,,,,,,,,,,,,,,,7850,kg/m3,0.6293817,kg/m,,,,,,,,,,Steel,,,,,SCS-EPD05752,Product-specific,,SCS Global,,,,,,,,,,
A23458,SCS-EPD-06489,,,,,,,2025,,Composite sheathing pane,Continuus Materials,Everboard Fiberglass facing,"1/2""",,US,US & CA,,7.5,m2,,,,,,,,,,,,,,,8.79,kg/m2,,,,,,,,,,,,Recycled drinking boxes,,,,,SCS-EPD-06489,Product-specific,Continuus Materials,SCS Global Services,SCS Global Services,External,"Tom Gloria, Industrial Ecology Consultants",ISO 21930:2017,Sustainability in buildings and civil engineering works,Traci 2.1,OpenLCA 1.10,,75,
A23459,SCS-EPD-06489,,,,,,,2025,,Composite sheathing pane,Continuus Materials,Everboard / Paper facing,"1/2""",,US,US & CA,,7.3,m2,,,,,,,,,,,,,,,8.79,kg/m2,,,,,,,,,,,,Recycled drinking boxes,,,,,SCS-EPD-06489,Product-specific,Continuus Materials,SCS Global Services,SCS Global Services,External,"Tom Gloria, Industrial Ecology Consultants",ISO 21930:2017,Sustainability in buildings and civil engineering works,Traci 2.1,OpenLCA 1.10,,75,
SSS005,SCS-EPD-07103,,,,,,,2026,,Steel studs - Load bearing,Steel Framing Industry Assn,"Includes: Cemco, ClarkDietrich, Delineate, Frametek, Mill Steel Framing, MiTek, MRI Steel Framing, Panel Rey, Ram Steel Framing, State Building Products, Steeler Construction, Telling Buildstrong, The Steel Network","600-S-137-54, 16 gauge, ""2x6""",,US,US & CA,,2.44,kg,,,,,,,,,,,,,,,7850,kg/m3,2.604,kg/m,,,,,,,,,,Steel,,,,,SCS-EPD-07103,Industry average,Steel Framing Industry Assn,SCS Global,SCS Global,External,Industrial Ecology Consultants,ISO 21930:2017,"Designated steel construction product EPD requirements, UL 2020",TRACI 2.1,OpenLCA 1.10,Ecoinvent v3.7,,
SSS006,SCS-EPD-07103,,,,,,,2026,,Steel studs - Load bearing,Steel Framing Industry Assn,"Includes: Cemco, ClarkDietrich, Delineate, Frametek, Mill Steel Framing, MiTek, MRI Steel Framing, Panel Rey, Ram Steel Framing, State Building Products, Steeler Construction, Telling Buildstrong, The Steel Network","362-S-125-18, 20EQ gauge, ""2x4""",,US,US & CA,,2.44,kg,,,,,,,,,,,,,,,7800,kg/m3,0.6293817,kg/m,,,,,,,,,,Steel,,,,,SCS-EPD-07103,Industry average,Steel Framing Industry Assn,SCS Global,SCS Global,External,Industrial Ecology Consultants,ISO 21930:2017,"Designated steel construction product EPD requirements, UL 2021",TRACI 2.1,OpenLCA 1.10,Ecoinvent v3.7,,
LVT013,SCS-EPD-07131,,,,,,,2026-06-08,,Luxury Vinyl Tile,Altro,Altro Lavencia,3.0 mm,,,US & CA,,10.938,m²,,,,,,,,,,,,,,,5103,g/m2,,,,,,,,,0.003,,,Vinyl,,,,,SCS-EPD-07131,Product-specific,Altro,"Gerard Mansell, PHD., SCS Global",SCS Global,External,"Tom Gloria, PhD, Industrial Ecology Consultants",,"Part B: Flooring EPD Requirements, UL 10010-7, v2",TRACI 2.1,,Ecoinvent database,30,
XPS001,SCS-EPD-07175,,,,,,,2026,,XPS foam board,Kingspan,GreenGuard Type IV,"R 5.0-inch, 25 psi",,US,US & CA,,3.74,m2•RSI,,,,,,,,,,,,,,,25.63,kg/m3,,,5.00,,,,,,,,,XPS foam,,,,,SCS-EPD-07175,Product-specific,Kingspan Insulation,SCS Global,SCS Global,External,Industrial Ecology Consultants,,Building envelope thermal insulation v2.0,TRACI 2.1,OpenLCA 1.10,Ecoinvent 3.7,75,
www111,SCS-EPD-07201,,,,,,,2026-09-26,,Window - double-glazed,Andersen,E-series (Average Double-hung/Awning/Picture),"Wood frame, aluminum cladding",,US,US & CA,,73.8,m²,,,,,,,,,,,,,,,,,,,,,,,,,,,,Wood + Alluminum frame,,,,,SCS-EPD-07201,Product-specific,Andersen,Suzanna Hickey,SCS Global Services,External,"Tess Garvey, SCS Global Services",,,,GaBi 10,,,
WIJ000,SCS-EPD-07524,,,,,,,2026,,Wood I-joist,RedBuilt,Red I-45,"14"" depth, 1.75 x 1.5"" flanges",,US,US & CA,,#DIV/0!,m,,,,,,,,,,,,,,,,,3.28,kg/m,,,,,,,,,,Wood I-joist,,,,,SCS-EPD-07524,Product-specific,Redbuilt LLC,SCS Global,SCS Global,External,Industrial Ecology Consultants,ISO 21930:2017,"Structural and architectural wood products, v1.4",TRACI 2.1,OpenLCA 1.10,Ecoinvent v3.7,,
WIJ001,SCS-EPD-07524,,,,,,,2026,,Wood I-joist,RedBuilt,Red I-45,"14"" depth, 1.75 x 1.5"" flanges",,US,US & CA,,2.9,m,,,,,,,,,,,,,,,,,3.72,kg/m,,,,,,,,,,Wood I-joist,,,,,SCS-EPD-07524,Product-specific,Redbuilt LLC,SCS Global,SCS Global,External,Industrial Ecology Consultants,ISO 21930:2017,"Structural and architectural wood products, v1.4",TRACI 2.1,OpenLCA 1.10,Ecoinvent v3.7,,
WIJ002,SCS-EPD-07524,,,,,,,2026,,Wood I-joist,RedBuilt,Red I-45,"14"" depth, 1.75 x 1.5"" flanges",,US,US & CA,,3.48,m,,,,,,,,,,,,,,,,,4.46,kg/m,,,,,,,,,,Wood I-joist,,,,,SCS-EPD-07524,Product-specific,Redbuilt LLC,SCS Global,SCS Global,External,Industrial Ecology Consultants,ISO 21930:2017,"Structural and architectural wood products, v1.4",TRACI 2.1,OpenLCA 1.10,Ecoinvent v3.7,,
WIJ003,SCS-EPD-07524,,,,,,,2026,,Wood I-joist,RedBuilt,Red I-45,"14"" depth, 1.75 x 1.5"" flanges",,US,US & CA,,4.17,m,,,,,,,,,,,,,,,,,5.35,kg/m,,,,,,,,,,Wood I-joist,,,,,SCS-EPD-07524,Product-specific,Redbuilt LLC,SCS Global,SCS Global,External,Industrial Ecology Consultants,ISO 21930:2017,"Structural and architectural wood products, v1.4",TRACI 2.1,OpenLCA 1.10,Ecoinvent v3.7,,
WIJ004,SCS-EPD-07524,,,,,,,2026,,Wood I-joist,RedBuilt,Red I-45,"14"" depth, 1.75 x 1.5"" flanges",,US,US & CA,,4.53,m,,,,,,,,,,,,,,,,,5.81,kg/m,,,,,,,,,,Wood I-joist,,,,,SCS-EPD-07524,Product-specific,Redbuilt LLC,SCS Global,SCS Global,External,Industrial Ecology Consultants,ISO 21930:2017,"Structural and architectural wood products, v1.4",TRACI 2.1,OpenLCA 1.10,Ecoinvent v3.7,,
WIJ005,SCS-EPD-07524,,,,,,,2026,,Wood I-joist,RedBuilt,Red I-45,"14"" depth, 1.75 x 1.5"" flanges",,US,US & CA,,4.88,m,,,,,,,,,,,,,,,,,6.26,kg/m,,,,,,,,,,Wood I-joist,,,,,SCS-EPD-07524,Product-specific,Redbuilt LLC,SCS Global,SCS Global,External,Industrial Ecology Consultants,ISO 21930:2017,"Structural and architectural wood products, v1.4",TRACI 2.1,OpenLCA 1.10,Ecoinvent v3.7,,
LAM001,SCS-EPD-07525,,,,,,,2026,,Laminated veneer lumber,RedBuilt,RedLam LVL,,,US,US & CA,,177.23,m3,,,,,,,,,,,,,,,593,kg/m3,,,,,,,,,,,,Wood,,,,,SCS-EPD-07525,Product-specific,Redbuilt LLC,SCS Global,SCS Global,External,Industrial Ecology Consultants,ISO 21930:2017,"Structural and architectural wood products, v1.4",TRACI 2.1,OpenLCA 1.10,Ecoinvent v3.7,,
TRU000,SCS-EPD-07526,,,,,,,2026-12-19,,Wood/steel hybrid floor truss,RedBuilt,Red-L Open-Web,"14"" deep, 1.5 x 3.5"" chords",,US,US & CA,,11.1,m,,,,,,,,,,,,,,,5.6,kg/m,,,,,,,,,,,,Wood/steel,,,,,SCS-EPD-07526,Product-specific,Redbuilt LLC,SCS Global,SCS Global,External,Industrial Ecology Consultants,ISO 21930:2017,"Structural and architectural wood products, v1.1",TRACI 2.1,OpenLCA 1.10,Ecoinvent v3.7,,
TRU001,SCS-EPD-07526,,,,,,,2026-12-19,,Wood/steel hybrid floor truss,RedBuilt,Red-W Open-Web,"14"" deep, 1.5 x 4.25"" chords",,US,US & CA,,14.08,m,,,,,,,,,,,,,,,7.05,kg/m,,,,,,,,,,,,Wood/steel,,,,,SCS-EPD-07526,Product-specific,Redbuilt LLC,SCS Global,SCS Global,External,Industrial Ecology Consultants,ISO 21930:2017,"Structural and architectural wood products, v1.3",TRACI 2.1,OpenLCA 1.10,Ecoinvent v3.7,,
TRU002,SCS-EPD-07526,,,,,,,2026-12-19,,Wood/steel hybrid floor truss,RedBuilt,Red-W Open-Web,"14"" deep, 1.5 x 4.25"" chords",,US,US & CA,,13.5,m,,,,,,,,,,,,,,,6.7,kg/m,,,,,,,,,,,,Wood/steel,,,,,SCS-EPD-07526,Product-specific,Redbuilt LLC,SCS Global,SCS Global,External,Industrial Ecology Consultants,ISO 21930:2017,"Structural and architectural wood products, v1.2",TRACI 2.1,OpenLCA 1.10,Ecoinvent v3.7,,
MPS004,SCS-EPD-07578,,,,,,,2027,,Metal Panels - Steel,AEP Span,All roofing & wall products,24 gauge,,US,US & CA,,2160,100 m2,,,,,,,,,,,,,,,7850,kg/m3,,,,,,,,,0.001,,,Steel,,,,,SCS-EPD-07578,Product-specific,AEP Span,Lindita Bushi,SCS Global,External,Industrial Ecology Consultants,ISO 21930,"Insulated metal panels, metal composite panels and metal cladding: roof and wall panels, UL 2018",TRACI 2.1,OpenLCA 1.10,Ecoinvent v3.7.1,,
CCC000,SCS-EPD-08200,,,,,,,2027,,Composite cladding,Fiberon,Wildwood Cladding,"3/4""",,US,US & CA,,14.7,m2,,,,,,,,,,,,,,,62.47,kg/m2,,,,,,,,,,,,Composite cladding,,,,,SCS-EPD-08200,Product-specific,Fiber Composites LLC,SCS Global,SCS Global,External,Industrial Ecology Consultants,,"Cladding product systems, UL 10010-25",TRACI 2.1,OpenLCA 1.10,Ecoinvent 3.8,,
CCC001,SCS-EPD-08391,,,,,,,2027,,Composite cladding,Modern Mill,ACRE Cladding,"3/4""",,US,US & CA,,30.9,m2,,,,,,,,,,,,,,,12.38,kg/m2,,,,,,,,,,,,Composite cladding,,,,,SCS-EPD-08391,Product-specific,Modern Mill,SCS Global,SCS Global,External,Industrial Ecology Consultants,,Sustainability in buildings and civil engineering works,TRACI 2.1,OpenLCA 1.10,Ecoinvent 3.8,,
LVT002,SCS-EPD-08570,,,,,,,2028,,Luxury vinyl tile (LVT),Mohawk,Hot & Heavy Floating,5.0 mm,,US,US & CA,,11.59,m2,,,,,,,,,,,,,,,8.09,kg/m2,,,,,,,,,,,,Luxury vinyl tile,,,,,SCS-EPD-08570,Product-specific,Mohawk,,,,,,,TRACI 2.1,,,,
INS048,SCS-EPD-09348,,,,,,,2028,,Fiberglass batt,Owens Corning,PINK Next Gen Fiberglas,R 3.6/inch,,US & CA,US & CA,,0.659,m2 RSI1,,,,,,,,,,,,,,,,,,,,,,,,,,,,Fiberglass,,,,,SCS-EPD-09348,Product-specific,Owens Corning,Owens Corning,SCS Global,External,SCS Global,ISO 21930,Building Envelope Thermal Insulation V3.0,TRACI 2.1,SimaPro 9.5.0,Ecoinvent 3.9.1,75,
INS049,SCS-EPD-09349,,,,,,,2028-08-31,,Fiberglass loose fill,Owens Corning,"AttiCat, ProCat, ProPink",R 3.28/inch,,US & CA,US & CA,,0.9,m2 RSI1,,,,,,,,,,,,,,,0.567,kg/m2 at RSI 1,,,3.28,0.04400,,,,,0.044,,,Fiberglass,,,,,SCS-EPD-09349,Product-specific,Owens Corning,Owens Corning,SCS Global,External,SCS Global,"ISO 14025, 14040, 14044, and 21930.",Building Envelope Thermal Insulation V3.0,IPCC 2013 (AR5),SimaPro 9.5.0,Ecoinvent 3.9.1,75,
95e2e7,SCS-EPD-09753,,,,,,,2029,,XPS foam board,Owens Corning,Foamular NGX 250,"R 5.0/inch, 25 psi",,,US & CA,,8.46,m2•RSI,,,,,,,,,,,,,,,24.8,kg/m3,,,5,0.02884424,,,,,,,,XPS Foam,,,,,SCS-EPD-09753,Product-specific,Owens Corning,SCS Global,SCS Global,External,Beth Cassese,,Part B: Building Envelope Thermal Insulation EPD Requirements. Version 3.0. April 2023,TRACI 2.1 v1.08;,SimaPro 9.5.0.0,EcoInvent 3.9.1,,
XPS002,SCS-EPD-09753,,,,,,,2029,,XPS foam board,Owens Corning,Foamular NGX CodeBord/C200,"R 5.0/inch, 20 psi",,,US & CA,,8.51,m2•RSI,,,,,,,,,,,,,,,24.8,kg/m3,,,5,0.02884424,,,,,,,,XPS Foam,,,,,SCS-EPD-09753,Product-specific,Owens Corning,SCS Global,SCS Global,External,Beth Cassese,,Part B: Building Envelope Thermal Insulation EPD Requirements. Version 3.0. April 2023,TRACI 2.1 v1.08;,SimaPro 9.5.0.0,EcoInvent 3.9.1,,
INS013,SEN-01_22,,,,,,,2027,,Hempcrete cast in place,Senini,Bio Beton Jet,R2.7/inch / 230 kg/m3,,EU,EU,,43.5,m2 at 30 cm,,,,,61.8,,,,,,,,,,230,kg/m3,,,2.72,0.053,,,20 x 50 x 30 cm,,,,,Hemp,,,,,SEN-01_22,Product-specific,Senini,EPDItaly,EPDItaly,External,ICMQ,EN ISO 15804/2019,PCR ICMQ-001/15 rev. 3,CML (v4.1),,,,
INS014,SEN-01_22,,,,,,,2027,,Hempcrete dry fill,Senini,Bio Beton Pronto,R2.7-inch / 190 kg/m3,,EU,EU,,33.7,m2 at 30 cm,,,,,60.5,,,,,,,,,,190,kg/m3,,,2.72,0.053,,,20 x 50 x 30 cm,,,,,Hemp,,,,,SEN-01_22,Product-specific,Senini,EPDItaly,EPDItaly,External,ICMQ,EN ISO 15804/2019,PCR ICMQ-001/15 rev. 3,CML (v4.1),,,,
INS015,SEN-01_22,,,,,,,2027,,Hempcrete block,Senini,Blocco Ambiente,20 x 50 x 30 cm,,EU,EU,,71.8,m2 at 30 cm,,,,,65.95,,,,,,,,,,330,kg/m3,,,2.06,0.070,,,,,,,,Hemp,,,,,SEN-01_22,Product-specific,Senini,EPDItaly,EPDItaly,External,ICMQ,EN ISO 15804/2019,PCR ICMQ-001/15 rev. 3,CML (v4.1),,,,
INS005,SmartEPD-2023-003-0010-01,,,,,,,2028-07-14,,Fiberglass batt,NAIMA,"Includes : CertainTeed, Inc. Saint-Gobin, Johns Manville, Knauf Insulation North America, Owens Corning",R 4.4/inch,,US,US & CA,,1.01,m2•RSI,,,,,,,,,,,,,,,12.01,kg/m3,0.033,m,4.37,0.0330026,,,,,,,,Fiberglass,,,,,SmartEPD-2023-003-0010-01,Industry average,NAIMA,"Sean Daley, Sphera",Smart EPD,External,Lindita Bushi,,UL Part B: Building Envelope Thermal Insulation Products v.2,,are: GaBi v.,GaBi Professional Database v. 20,75,
INS008,SmartEPD-2023-003-0010-01,,,,,,,2028-07-14,,Fiberglass loose fill,NAIMA,"Includes : CertainTeed, Inc. Saint-Gobin, Johns Manville, Knauf Insulation North America, Owens Corning",R 2.2/inch,,US,US & CA,,0.988,m2•RSI,,,,,,,,,,,,,,,6.89,kg/m3,0.067,m,2.15,0.0670796,,,,,,,,Fiberglass,,,,,SmartEPD-2023-003-0010-01,Industry average,NAIMA,"Sean Daley, Sphera",Smart EPD,External,Lindita Bushi,,UL Part B: Building Envelope Thermal Insulation Products v.2,,are: GaBi v.,GaBi Professional Database v. 20,75,
INS004,SmartEPD-2023-003-0012-01,,,,,,,2028,,Fiberglass board,NAIMA,"Johns Manville, Knauf, Owens Corning, CertainTeed",57.62 kg/m3,,US,US & CA,,5.0,m2•RSI,,,,,,,,,,,,,,,57.6,kg/m3,,,3.20,,,,,,,,,Fiberglass,,,,,SmartEPD-2023-003-0012-01,Industry average,NAIMA,TrueNorth Collective,Smart EPD,External,"Lindita Bushi, Athena Sustainable Materials Institute",ISO 21930:2020,UL Part B: Building Envelope Thermal Insulation Products v6,TRACI 2.1,SimaPro 9.8,Ecoinvent 3.9.4,75,
INS020,SmartEPD-2023-008-0021-01,,,,,,,2028,,Mineral wool loose fill,NAIMA,"USG, American Rockwool",R 3/inch,,US,US & CA,,1.9,m2•RSI,,,,,,,,,,,,,,,32.1,kg/m3,,,3.00,0.04807373333,,,,,,,,Mineral wool,,,,,SmartEPD-2023-008-0021-01,Industry average,NAIMA,TrueNorth Collective,Smart EPD,External,"Lindita Bushi, Athena Sustainable Materials Institute",ISO 21930:2019,UL Part B: Building Envelope Thermal Insulation Products v5,TRACI 2.1,SimaPro 9.7,Ecoinvent 3.9.3,75,
INS019,SmartEPD-2023-008-0022-01,,,,,,,2028,,Mineral wool board - light density,NAIMA,"Owens Corning, Johns Manville, Rolan",R 3.9/inch,,US,US & CA,,2.7,m2•RSI,,,,,,,,,,,,,,,38.3,kg/m3,,,3.90,0.03697979487,,,,,,,,Mineral wool,,,,,SmartEPD-2023-008-0022-01,Industry average,NAIMA,TrueNorth Collective,Smart EPD,External,"Lindita Bushi, Athena Sustainable Materials Institute",ISO 21930:2018,UL Part B: Building Envelope Thermal Insulation Products v4,TRACI 2.1,SimaPro 9.6,Ecoinvent 3.9.2,75,
INS018,SmartEPD-2023-008-0023-01,,,,,,,2028,,Mineral wool board - heavy density,NAIMA,"Owens Corning, Johns Manville, Rolan",R 4.4/inch,,US,US & CA,,6.8,m2•RSI,,,,,,,,,,,,,,,99.9,kg/m3,,,4.40,0.03277754545,,,,,,,,Mineral wool,,,,,SmartEPD-2023-008-0023-01,Industry average,NAIMA,TrueNorth Collective,Smart EPD,External,"Lindita Bushi, Athena Sustainable Materials Institute",ISO 21930:2017,UL Part B: Building Envelope Thermal Insulation Products v3,TRACI 2.1,SimaPro 9.5,Ecoinvent 3.9.1,75,
BAM002,SmartEPD-2023-009-0024-01,,,,,,,2028,,Bamboo plywood,Smith & Fong,Plyboo,"1/2"" (12.7 mm)",,China,US & CA,,250,m3,,,,,,,,,,,,,,,690,kg/m3,8.76,"kg/m2 at 1/2""",,,,,,,0.0127,,,Bamboo,,,,,SmartEPD-2023-009-0024-01,Product-specific,Smith & Fong,Maria Amaya,Smart EPD,External,Nicole Kennard,ISO 21930:2017,UL PCR for Building-Related Products and Services v4,,openLCA v1.11,Ecoinvent 3.9.1,,
BAM003,SmartEPD-2023-009-0024-01,,,,,,,2028,,Bamboo plywood,Smith & Fong,Plyboo,"3/4"" (19 mm)",,China,US & CA,,250,m3,,,,,,,,,,,,,,,690,kg/m3,13.11,"kg/m2 at 3/4""",,,,,,,0.019,,,Bamboo,,,,,SmartEPD-2023-009-0024-01,Product-specific,Smith & Fong,Maria Amaya,Smart EPD,External,Nicole Kennard,ISO 21930:2017,UL PCR for Building-Related Products and Services v4,,openLCA v1.11,Ecoinvent 3.9.1,,
199253,S-P-00725,,,,,,,2020,,Aerogel blanket,Aspen Aerogels,,"R9.6/inch, White/Grey blanket",,,US,,12.3,1m2 @ 10 mm,,,,,,,,,,,,,,,150,kg/m3,,,9.614746667,0.0150000,,,,,,,,Aerogel,,,,,S-P-00725,Product-specific,,Renuables,,,,,,,,,,
21cbc7,S-P-01088,,,,,,,2022,,Foam glass aggregate,Hasopor,,"R 1.7/inch, 10-60 mm",,,EU,,7.77,m3,,,,,,,,,,,,,,,180,kg/m3,,,1.802765,0.0800000,,,,,,,,Foam glass,,,,,S-P-01088,Product-specific,,EPD International AB,,,,,,,,,,
bbb025,S-P-01140,,,,,,,2028,,Sheet barrier,Isover,Vario KM Duplex,0.2 mm,,EU,EU,,0.621,m²,,,,,,,,,,,,,,,80,g/m2,,,,,,,,,,,,Barrier,,,,,S-P-01140,Product-specific,Saint-Gobain ISOVER,Saint-Gobain LCA,International EPD System,External,"Marcel Gomez, Consultoria Ambiental",EN 15804:2012 + A2:2019,PCR 2019:14 Construction products 1.2.5,,GaBi 10,GaBi 2022.1 & Ecoinvent v3.6,,
bbb026,S-P-01141,,,,,,,2028,,Sheet barrier,Isover,Vario XTRA,0.2 mm,,EU,EU,,0.543,m²,,,,,,,,,,,,,,,80,g/m2,,,,,,,,,,,,Barrier,,,,,S-P-01141,Product-specific,Saint-Gobain ISOVER,Saint-Gobain LCA,International EPD System,External,"Marcel Gomez, Consultoria Ambiental",EN 15804:2012 + A2:2019,PCR 2019:14 Construction products 1.2.5,,GaBi 10,GaBi 2022.1 & Ecoinvent v3.6,,
HTW000,S-P-01543,,,,,,,2025-08-12,,Heat Treated Wood Cladding,Abodo,"Vulcan - Thermally Modified Timber, Surfaced",20 mm,,Aus,EU,,243,m3,,,,,,,,,,,,,,,420,kg/m3,11,kg/m2,,,7,,,,0.020,,,Wood,,,,,S-P-01543,Product-specific,Abodo wood,thinkstep-anz,EPD Australasia Limited,External,Andrew D MooreLifecycle Logic Pty. Ltd.,,"PCR 2012:01 Construction Products and Construction Services,Version 2.31, 2019-12-20",,,,,
d0rk2l,S-P-01928 (registration MR-ENV-EPD-ZDB-20200278-EN),,,,,,,2025-01-04,,Bamboo Cladding,Dasso,dassoXTR Bamboo RainClad® Siding,"Shiplap, 0.75'' (19 mm)",,China,Global,,1.049,kg,,,,,,,,,,,,,,,1150,kg/m3,21.85,kg/m2,,,10-14%,,,,0.019,,,Bamboo,,,,,S-P-01928 (registration MR-ENV-EPD-ZDB-20200278-EN),Product-specific,Zhejiang Daocheng Bamboo Industry Co,Institut Bauen und Umwelt e.V. (IBU),The International EPD® System,,IVL Swedish Environmental Research Institute,PCR 2012:01 Construction Products and Construction Services. Version 2.31 (2019-12-20),,,SimaPro9,,,
s0glec,S-P-01928 (registration MR-ENV-EPD-ZDB-20200278-EN),,,,,,,2025-01-04,,Bamboo Cladding,Dasso,dassoCTECH outdoor oiled Cladding,"Shiplap, 18 mm",,China,Global,,1.019,kg,,,,,,,,,,,,,,,1250,kg/m3,22.5,kg/m2,,,8-12%,,,,0.018,,,Bamboo,,,,,S-P-01928 (registration MR-ENV-EPD-ZDB-20200278-EN),Product-specific,Zhejiang Daocheng Bamboo Industry Co,Institut Bauen und Umwelt e.V. (IBU),The International EPD® System,,IVL Swedish Environmental Research Institute,PCR 2012:01 Construction Products and Construction Services. Version 2.31 (2019-12-20),,,SimaPro9,,,
INS011,S-P-01961,,,,,,,2025,,Hemp fiber batt,Ekolution,Hemp fiber insulation,R 3.6/inch,,EU,EU,,2.2,m2 @ 100 mm and 3.5 kg,,,,,4.4,,,,,,,,,,35,kg/m3,,,3.61,0.040,,,,,,,,Hemp fiber,,,,,S-P-01961,Product-specific,Ekolution,EPD International AB,EPD International AB,External,"Mats Zackrisson, RISE Research Institute of Sweden",EN 15804:2012+A1:2013,PCR 2012:01 Construction products and construction services,,GaBi,Thinkstep,75,
INS012,S-P-02290,,,,,,,2025,,Hemp fiber batt,KOBE-cz,ECO HempFlex,R 3.6-inch,,EU,EU,,2.2,m2 @ 100 mm and 3.5 kg,,,,,4.4,,,,,,,,,,35,kg/m3,,,3.61,0.040,,,,,,,,Hemp fiber,,,,,S-P-02290,Product-specific,KOBE-cz s.r.o.,,EPD International AB,External,"Mats Zackrisson, RISE Research Institutes of Sweden AB",EN 15804:2012+A1:2013,PCR 2012:01 Construction products and construction services,,GaBi,Thinkstep,50-75,
p3m1f1,S-P-03160,,,,,,,2026-03-15,,Cement Plaster Mortar,Beissier S.A.U.,"Mortars: BME 12007, BME 12003, BMB 12003",,,Spain,Global,,0.321,kg,,,,,,,,,,,,,,,1300,kg/m3,,,,,,,,,0.013,,,Portland Cement,,,,,S-P-03160,Product-specific,Beissier S.A.U.,EPD International AB,The International EPD System,External,"Tecnalia R&I Certificacion, SL
Auditor: Maria Feced",15804,PCR 2019:14 Construction products (EN 15804:A2) Version 1.11,,,,,
LCP001,S-P-03516,,,,,,,2026,,Lime/cork,Diasen,Diathonite Evolution,"3/4""",,EU,EU,,0.793,kg,,,,,0.0495,,,,,,,,,,360,kg/m3,6.858,"kg/m2 at 0.01905 (3/4"")",3.20,0.045,,,,,0.019,,,Lime cork,,,,,S-P-03516,Product-specific,DIASEN,"University of Perugia – Strada di Pentima, 4 – 05100 –Terni (Italy)",International EPD System,External,CERTIQUALITY srl,ISO 14025 and EN 15804:2012+A2:2019,"PCR 2019:14 Construction products, Version 1.11",,SimaPrò Version 9.3,Ecoinvent 3.8,,
LCP002,S-P-03516,,,,,,,2026,,Lime/cork,Diasen,Diathonite Thermactive.037,"3/4""",,EU,EU,,0.873,kg,,,,,0.0906,,,,,,,,,,250,kg/m3,4.7625,"kg/m2 at 0.01905 (3/4"")",3.90,0.037,,,,,0.019,,,Lime cork,,,,,S-P-03516,Product-specific,DIASEN,"University of Perugia – Strada di Pentima, 4 – 05100 –Terni (Italy)",International EPD System,External,CERTIQUALITY srl,ISO 14025 and EN 15804:2012+A2:2019,"PCR 2019:14 Construction products, Version 1.11",,SimaPrò Version 9.3,Ecoinvent 3.8,,
LCP003,S-P-03516,,,,,,,2026,,Lime/cork,Diasen,Diathonite Acoustix,"3/4""",,EU,EU,,0.858,kg,,,,,0.0786,,,,,,,,,,470,kg/m3,8.95,"kg/m2 at 0.01905 (3/4"")",1.74,0.083,,,,,0.019,,,Lime cork,,,,,S-P-03516,Product-specific,DIASEN,"University of Perugia – Strada di Pentima, 4 – 05100 –Terni (Italy)",International EPD System,External,CERTIQUALITY srl,ISO 14025 and EN 15804:2012+A2:2019,"PCR 2019:14 Construction products, Version 1.11",,SimaPrò Version 9.3,Ecoinvent 3.8,,
b4t02m,S-P-03854,,,,,,,2026-10-15,,Straw Bale,,Wheat & barley straw,R 2.8/inch,,UK,EU,,12.95,m3,,,,,128.999477,,,,,,,,,,100,kg/m3,5.2,kg/m2•RSI,2.773484615,0.052,20%,,,,,,,Straw,,,,,S-P-03854,Industry average,School of Natural Building (SNaB),,EPD International AB,Internal,,EN15804:2019+A2 + EN 16783:2017,,,Simapro 9.1.1,EcoInvent version 3.6 v3.04 (2021-07-06),,
INS022,S-P-04468,,,,,,,2026,,Wool batt,Thermafleece,Cosywool Slab (batt),R3.8/inch,,UK,UK,,1.0,m2•RSI,,,,,0.975,,,,,,,,,,21,kg/m3,,,3.80,0.038,,,"50, 75, 100, 140 and 150 mm x 370 and 570 mm",,,,,Wool,,,,,S-P-04468,Product-specific,Eden Renewable Innovations Ltd,,International EPD System,External,"Hudai Kara, Metsims Sustainability Consulting",,EN 15804 PCR C-PCR-005 Thermal insulation products,,Simapro 9.1.1,Ecoinvent 3.7,,
INS023,S-P-04468,,,,,,,2026,,Wool batt,Thermafleece,Cosywool Roll,R3.7/inch,,UK,UK,,0.9,m2•RSI,,,,,0.858,,,,,,,,,,18,kg/m3,,,3.70,0.039,,,"50, 75, 100, 140 and 150 mm x 370 and 570 mm",,,,,Wool,,,,,S-P-04468,Product-specific,Eden Renewable Innovations Ltd,,International EPD System,External,"Hudai Kara, Metsims Sustainability Consulting",,EN 15804 PCR C-PCR-005 Thermal insulation products,,Simapro 9.1.1,Ecoinvent 3.7,,
INS024,S-P-04468,,,,,,,2026,,Wool batt,Thermafleece,UltraWool Slab (batt),R4.1-inch,,UK,UK,,0.7,m2•RSI,,,,,0.859,,,,,,,,,,31,kg/m3,,,4.12,0.035,,,"50, 75, 100, 140 and 150 mm x 370 and 570 mm",,,,,Wool,,,,,S-P-04468,Product-specific,Eden Renewable Innovations Ltd,,International EPD System,External,"Hudai Kara, Metsims Sustainability Consulting",,EN 15804 PCR C-PCR-005 Thermal insulation products,,Simapro 9.1.1,Ecoinvent 3.7,,
FIB002,S-P-05037,,,,,,,2027-12-01,,Fiber Cement siding,James Hardie,"Fiber Cement Siding Hardie Plank HZ10, HArdie Panel HZ10, Hardie Architectural Panel HZ10",7.85mm,,US,US & CA,,6.84,m2,,,,,1.94,,,,,,,,,,9.79,kg/m2,,,,,,,,,,,,Fiber cement,,,,,S-P-05037,Product-specific,James Hardie,Edge Environment,EPD International,External,"Lindita Bushi, Athena Sustainable Materials Institute",--,"PCR 2019:14 Construction products (EN 15804+A2) (1.11); UN
CPC Code: 37570, 2021-02-05",CML (v4.1),SimaPro (v9.1.1.1),Ecoinvent v3.6,50,
FIB003,S-P-05037,,,,,,,2027-12-01,,Fiber Cement siding,James Hardie,"Fiber Cement Siding Hardie Plank HZ5, Hardie Panel HZ5, Hardie Architectural Panel HZ5",7.85mm,,US,US & CA,,7.63,m2,,,,,1.93,,,,,,,,,,9.79,kg/m2,,,,,,,,,,,,Fiber cement,,,,,S-P-05037,Product-specific,James Hardie,Edge Environment,EPD International,External,"Lindita Bushi, Athena Sustainable Materials Institute",--,"PCR 2019:14 Construction products (EN 15804+A2) (1.11); UN
CPC Code: 37570, 2021-02-05",CML (v4.1),SimaPro (v9.1.1.1),Ecoinvent v3.6,50,
FIB004,S-P-05037,,,,,,,2027-12-01,,Fiber Cement siding,James Hardie,Fiber Cement Siding Hardie Shingle HZ10,6.3mm,,US,US & CA,,5.11,m2,,,,,1.36,,,,,,,,,,7.86,kg/m2,,,,,,,,,,,,Fiber cement,,,,,S-P-05037,Product-specific,James Hardie,Edge Environment,EPD International,External,"Lindita Bushi, Athena Sustainable Materials Institute",--,"PCR 2019:14 Construction products (EN 15804+A2) (1.11); UN
CPC Code: 37570, 2021-02-05",CML (v4.1),SimaPro (v9.1.1.1),Ecoinvent v3.6,50,
FIB005,S-P-05037,,,,,,,2027-12-01,,Fiber Cement siding,James Hardie,Fiber Cement Siding Hardie Shingle HZ5,6.3mm,,US,US & CA,,5.98,m2,,,,,1.56,,,,,,,,,,7.86,kg/m2,,,,,,,,,,,,Fiber cement,,,,,S-P-05037,Product-specific,James Hardie,Edge Environment,EPD International,External,"Lindita Bushi, Athena Sustainable Materials Institute",--,"PCR 2019:14 Construction products (EN 15804+A2) (1.11); UN
CPC Code: 37570, 2021-02-05",CML (v4.1),SimaPro (v9.1.1.1),Ecoinvent v3.6,50,
GRE000,S-P-05961,,,,,,,2027,,Green roof system,Knauf,Urbanscape Green Roof System,"Extensive, min. 40 mm depth, Saturated weight 57.55 kg/m2",,EU,EU,,7.73,m2,,,,,,,,,,,,,,,57.55,kg/m2 saturated,20.55,kg/m2 dry,,,,,,,,,,Green roof system,,,,,S-P-05961,Product-specific,Knauf,International EPD System,International EPD System,External,EuGeos SRL,EN 15804+A2,"Construction products, EN 15804+A2:2019",,,,,
HTW003,S-P-07182,,,,,,,2027-11-27,,Heat Treated Wood Cladding,Russwood Ltd,"Accoya®, Profiled Cladding",20mm,,UK,EU,,1080,m3,,,,,774,,,,,,,,,,515,kg/m3,,,,,,,,,,,,Wood,,,,,S-P-07182,Product-specific,Russwood Ltd,Dr Andrew Norton of Renuables Ltd,EPD International AB,External,"Dr. Hüdai Kara, Metsims Sustainability Consultin",--,"C-PCR-006 (TO PCR 2019:14) Wood and Wood-based Products for use in Construction (EN 16485:2014)
UN CPC Code: 31101 Wood, sawn or chipped lengthwise, sliced or peeled, of a thickness exceeding 6 mm
of coniferous wood",---,Simapro 9.3.0.3,Ecoinvent 3.8,60,
BAM000,S-P-08118,,,,,,,2028-01-16,,Bamboo Cladding,Lamboo,Rainscreen™ Facing System,"11/16""",,China,US & CA,,4.74,kg,,,,,1.56,,,,,,,,,,689,kg/m3,12.03,"kg/m2 at 11/16""",,,,,1.000,1.000,0.018,0.0175,,Bamboo,,,,,S-P-08118,Product-specific,Jeran Hammann/ Lamboo,Katie Soulliere LCA Design Corporation,EPD International AB,External,"Brad McAllister, WAP Sustainability; Maggie Wildnauer, WAP Sustainabilit",--,"Construction Products’ Product Category Rules (ISO 14025) 2019:14
Version 1.2.3 - Updated 2022-07-08 and Valid Until 2024-12-20 UN CPC 3145",-,GaBi LCA Software Version 8.0,Sphera Database Version 2022,--,
BAM001,S-P-08118,,,,,,,2028-01-16,,Lamboo- Bamboo Panel Product,Lamboo,Structural Grade Product Systems,,,China/US,US,,4.74,kg,,,,,1.56,,,,,,,,,,689,kg/m3,,,,,,,1.000,1.000,1.000,1,,Bamboo,,,,,S-P-08118,Product-specific,Jeran Hammann/ Lamboo,Katie Soulliere LCA Design Corporation,EPD International AB,External,"Brad McAllister, WAP Sustainability; Maggie Wildnauer, WAP Sustainabilit",--,"Construction Products’ Product Category Rules (ISO 14025) 2019:14
Version 1.2.3 - Updated 2022-07-08 and Valid Until 2024-12-20 UN CPC 3145",-,GaBi LCA Software Version 8.1,Sphera Database Version 2023,--,
Cel000,S-P-08315,,,,,,,2028,,Cellulose - batt,Ekovilla,Ekovilla Slab,R 3.7/inch,,EU,EU,,1.36,m2•RSI,,,,,1.91,,,,,,,,,,40,kg/m3,,,3.70,0.0390000,,,,,,,,Cellulose,,,,,S-P-08315,Product-specific,Ekovilla,Environdec,EPD International AB,External,"Andrew Norton, Renuables",EN 15804,C-PCR-005 Thermal insulation products,,,,50,
WRT000,S-P-10277,,,,,,,2024,,Recycled paper,Wood Tube Sweden,Wood Tube,"1.5 x 2.5""",,EU,EU,,0.168,m,,,,,1.7,,,,,,,,,,0.625,kg/m li.,258.33,kg/ m3 of tube,,,,,1.000,0.0381,0.0635,0.002419,,Recylced Paper,,,,,S-P-10277,Product-specific,Wood Tube Sweden,CarbonZero AB,International EPD System,External,LCA Studio,EN 15804,"Construction products, 2019:14, v1.3.0",,,,,
INS003,S-P-10940,,,,,,,2029,,Straw panel,Durra Panel,Durra Wall & Ceiling Panels,50 mm,,Australia,Australia,,5.7,m2,,,,,25.00,,,,,,,,,,,,,,1.78,0.081,,,,,0.050,,,Straw,,,,,S-P-10940,Product-specific,Ortech Industries,Life Cycle Strategies,EPD Australasia,External,ADDERE,,,,,,,
WAL001,S-P-10940,,,,,,,2029,,Straw panel,Durra Panel,Durra Wall & Ceiling Panels,50 mm,,Australia,Australia,,5.7,m2,,,,,25,,,,,,,,,,18.5,kg/m2,,,,,,,,,,,,Straw,,,,,S-P-10940,Product-specific,Ortech Industries,Life Cycle Strategies,EPD Australasia,External,ADDERE,,,,,,,
