beam_id,epd_id_raw,ID,Display Name,Listed,Do Not List,Industry Avg,BEAM Avg,EPD Expiry,Footnote,Material,Manufacturer,Product Brand Name,Specifications,Notes,Countries of Manufacture,Markets of Applicability,Data added or modified,Stated EPD kgCO2e / unit,GWP units kgCO2e per,GWP kgCO2e/(common unit),Common Unit: kgCO2e / _,Metric Units,Imperial Units,GWP-bio from EPD,Biogenic carbon factor,% Carbon content (kgC/kg),Biogenic Storage,(common-unit repeat),WWF Storage Factor,Carbon content kgC/unit,(units kgC repeat),Biogenic CO2 full C value,Storage % Reduction,Density,Density Units,Addn'l factors,Addn'l factor units,R-value / inch,"k, Thermal Conductivity",Moisture content %,Mass (kg),Length (m),Width (m),Depth (m),Unit Volume (m3),Units/m2,Material Type,Material Subtype,Product Type,Product Subtype,(classification code — excluded §9),EPD ID,EPD Type,EPD Owner,EPD/LCA Prepared by,EPD Program / Operator,Internal/External Validation,EPD Verifying Agent,EPD Standards,EPD PCR Guidelines,LCA Method,EPD LCA Software,EPD LCI Database,Product Service Life (Years),Source document URL
9d6057,075/2018,,,,,,,,,,Selena FM S.A.,,,,,,,847,1 ton,,,,,,,,,,,,,,,,,,,,,,,,,,,,,,,,,,,,,,External,,"ISO 14025, ISO 21930, EN 15804",,,,,,
541b20,11345278.101.1,,,,,,,,,,The American Galvanizers Association,,,,,,,1.48,The declared unit for this EPD is one metric ton of galvanized structural steel product. Note that comparison of EPD,,,,,,,,,,,,,,,7800,kg/m3,,,,,,,,,,,,Steel,,,,,11345278.101.1,,,,UL Environment,,,"ISO 14025, ISO 21930:2007, ISO 14040","North American PCR for Designated Steel Construction Products, SCS, v1.0, 2015",,,,,
CMU007,176277033092021,,,,,,,,,,,,,,,,,,,,,,,,,,,,,,,,,,,,,,,,,,,,,,,,,,,,,,,,,,"ISO 14025, EN 15804+A1",,,,,,
www118,200,,,,,,,2026-04-11,,,Arcadia Inc.,,,,,,,131.07,is one square meter (1 m ) of a window. A functional unit is not reported since the,,,,,,,,,,,,,,,2800,kg/m3,,,,,,,,,,,,Aluminum,,,,,200,,,,ASTM International,External,,"ISO 14025, ISO 21930, EN 15804, ISO 14040",Earthsure Cradle to Gate Window Product Category Rule,,,,,
bbb000,2021M20141,,,,,,,2026-07-22,,,,,,,,,,0.0082325,The functional unit is defined as 1 m2 of membrane as described below.,,,,,,,,,,,,,,,,,,,,,,,,,,,,,,,,,2021M20141 Registration Number EPDITALY0141,,,,IBU,External,,"ISO 14025, EN 15804:2012, ISO 14040",Requirements on the EPD for Ceramic tiles and panels.,,,,,
bbb001,2021M20141,,,,,,,2026-07-22,,,,,,,,,,0.0082325,The functional unit is defined as 1 m2 of membrane as described below.,,,,,,,,,,,,,,,,,,,,,,,,,,,,,,,,,2021M20141 Registration Number EPDITALY0141,,,,IBU,External,,"ISO 14025, EN 15804:2012, ISO 14040",Requirements on the EPD for Ceramic tiles and panels.,,,,,
bbb002,2021M20141,,,,,,,2026-07-22,,,,,,,,,,0.0082325,The functional unit is defined as 1 m2 of membrane as described below.,,,,,,,,,,,,,,,,,,,,,,,,,,,,,,,,,2021M20141 Registration Number EPDITALY0141,,,,IBU,External,,"ISO 14025, EN 15804:2012, ISO 14040",Requirements on the EPD for Ceramic tiles and panels.,,,,,
bbb003,2021M20141,,,,,,,2026-07-22,,,,,,,,,,0.0082325,The functional unit is defined as 1 m2 of membrane as described below.,,,,,,,,,,,,,,,,,,,,,,,,,,,,,,,,,2021M20141 Registration Number EPDITALY0141,,,,IBU,External,,"ISO 14025, EN 15804:2012, ISO 14040",Requirements on the EPD for Ceramic tiles and panels.,,,,,
bbb004,2021M20141,,,,,,,2026-07-22,,,,,,,,,,0.0082325,The functional unit is defined as 1 m2 of membrane as described below.,,,,,,,,,,,,,,,,,,,,,,,,,,,,,,,,,2021M20141 Registration Number EPDITALY0141,,,,IBU,External,,"ISO 14025, EN 15804:2012, ISO 14040",Requirements on the EPD for Ceramic tiles and panels.,,,,,
bbb005,2021M20141,,,,,,,2026-07-22,,,,,,,,,,0.0082325,The functional unit is defined as 1 m2 of membrane as described below.,,,,,,,,,,,,,,,,,,,,,,,,,,,,,,,,,2021M20141 Registration Number EPDITALY0141,,,,IBU,External,,"ISO 14025, EN 15804:2012, ISO 14040",Requirements on the EPD for Ceramic tiles and panels.,,,,,
bbb006,2021M20141,,,,,,,2026-07-22,,,,,,,,,,0.0082325,The functional unit is defined as 1 m2 of membrane as described below.,,,,,,,,,,,,,,,,,,,,,,,,,,,,,,,,,2021M20141 Registration Number EPDITALY0141,,,,IBU,External,,"ISO 14025, EN 15804:2012, ISO 14040",Requirements on the EPD for Ceramic tiles and panels.,,,,,
bbb029,2021M20141,,,,,,,2026-07-22,,,,,,,,,,0.0082325,The functional unit is defined as 1 m2 of membrane as described below.,,,,,,,,,,,,,,,,,,,,,,,,,,,,,,,,,2021M20141 Registration Number EPDITALY0141,,,,IBU,External,,"ISO 14025, EN 15804:2012, ISO 14040",Requirements on the EPD for Ceramic tiles and panels.,,,,,
bbb030,2021M20141,,,,,,,2026-07-22,,,,,,,,,,0.0082325,The functional unit is defined as 1 m2 of membrane as described below.,,,,,,,,,,,,,,,,,,,,,,,,,,,,,,,,,2021M20141 Registration Number EPDITALY0141,,,,IBU,External,,"ISO 14025, EN 15804:2012, ISO 14040",Requirements on the EPD for Ceramic tiles and panels.,,,,,
CMU006,20220329507,,,,,,,,,,,,,,,,,,,,,,,,,,,,,,,,,,,,,,,,,,,,,,,,,,,,,,,,,,"ISO 14025, EN 15804+A1",,,,,,
CAR005,4029-8012,,,,,,,2024-03-27,,,Venture Carpets Inc.,,,,,,,,Year of Reported,,,,,,,,,,,,,,,23,kg/m3,,,,,,,,,,,,Fiberglass,,,,,EPD,Product-specific,,,CSA Group,External,,"ISO 14025, ISO 21930:2017, ISO 14040","Flooring EPD Requirements,” 2018",,,,,
CAR006,4029-8012,,,,,,,2024-03-27,,,Venture Carpets Inc.,,,,,,,,Year of Reported,,,,,,,,,,,,,,,23,kg/m3,,,,,,,,,,,,Fiberglass,,,,,EPD,Product-specific,,,CSA Group,External,,"ISO 14025, ISO 21930:2017, ISO 14040","Flooring EPD Requirements,” 2018",,,,,
CAR007,4029-8012,,,,,,,2024-03-27,,,Venture Carpets Inc.,,,,,,,,Year of Reported,,,,,,,,,,,,,,,23,kg/m3,,,,,,,,,,,,Fiberglass,,,,,EPD,Product-specific,,,CSA Group,External,,"ISO 14025, ISO 21930:2017, ISO 14040","Flooring EPD Requirements,” 2018",,,,,
CAR008,4029-8012,,,,,,,2024-03-27,,,Venture Carpets Inc.,,,,,,,,Year of Reported,,,,,,,,,,,,,,,23,kg/m3,,,,,,,,,,,,Fiberglass,,,,,EPD,Product-specific,,,CSA Group,External,,"ISO 14025, ISO 21930:2017, ISO 14040","Flooring EPD Requirements,” 2018",,,,,
MPS002,4078-8004,,,,,,,2022-08-15,,,Canadian Sheet Steel Building Institute,,,,,CAN,,,1 metric ton,,,,,,,,,,,,,,,7800,kg/m3,,,,,,,,,,,,Steel,,,,,4078-8004 Declaration product,Industry Average,,,CSA Group,External,,"ISO 14025, ISO 21930:2017, CAN/CSA-ISO 14025",Designated Steel Construction Product EPD Requirements,,,,,
676103,4786842353.103.1,,,,,,,,,,Single Ply Roofing Industry,,,,,,,,evaluated is 1 m of single ply roofing membrane for a stated product thickness. As the use stage is,,,,,,,,,,,,,,,,,,,,,,,,,,,,,,,,,4786842353.103.1,,,,ASTM International,,,"ISO 14025, ISO 21930:2007, EN 15804",PCR for Single Ply Roofing Membranes. ASTM International.,,,,,
PLY004,4786969381.102.1,,,,,,,,,,Roseburg Forest Products,,,,,,,1.5,is 1 m of SWPW with a,,,,,,,,,,,,,,,500,kg/m3,,,,,,,,,,,,Plywood,,,,,4786969381.102.1,,,,UL Environment,,,"ISO 14025, ISO 21930:2007, EN 15804","Declaration for North American Structural and Architectural Wood Products, Version 2",,,,,
PLY005,4786969381.102.1,,,,,,,,,,Roseburg Forest Products,,,,,,,1.5,is 1 m of SWPW with a,,,,,,,,,,,,,,,500,kg/m3,,,,,,,,,,,,Plywood,,,,,4786969381.102.1,,,,UL Environment,,,"ISO 14025, ISO 21930:2007, EN 15804","Declaration for North American Structural and Architectural Wood Products, Version 2",,,,,
237e64,4787168709.104.1,,,,,,,,,,Asphalt Roofing Manufacturers Association,,,,,,,2.1,of this study is 1 m (10.8 ft ) of the installed roofing membrane. The associated reference flow (the,,,,,,,,,,,,,,,23,kg/m3,,,,,,,,,,,,Fiberglass,,,,,4787168709.104.1,,,,ASTM International,,,"ISO 14025, ISO 21930:2007","ASTM: Asphalt shingles, built-up and modified bituminous membrane roofing. 2014",,,,,
b8e3dc,4787352797.110.1,,,,,,,,,,USG,,,,,,,650,"The declared unit for this LCA study is 1,000 square feet of glass-mat gypsum board ready for shipment.",,,,,,,,,,,,,,,900,kg/m3,,,,,,,,,,,,Gypsum,,,,,4787352797.110.1,,,,ASTM International,,,"ISO 14025, ISO21930:2007, EN 15804, ISO 14040",ASTM Interrnational North American Glass Mat Gypsum Panels v1. Aug 2016,,,,,
LVT005,4787521006.133.1,,,,,,,,,,"Interface, Inc.",,,,,,,,Name Value Unit,,,,,,,,,,,,,,,1700,kg/m3,,,,,,,,,,,,Luxury vinyl tile,,,,,4787521006.133.1,,,,IBU,,,"ISO 14025, EN 15804, ISO 14040","Requirements on the EPD for Floor coverings (IBU, V1.6,",,,,,
68328c,4788424634.101.1,,,,,,,,,,Canadian Wood Council,,,,,"CAN, USA",,5.220000000000001,of the underlying LCA study was “the production of one cubic meter (1 m ) of oriented strand board,,,,,,,,,,,,,,,500,kg/m3,,,,,,,,,,,,Plywood,,,,,4788424634.101.1,Industry Average,,,UL Environment,,,"ISO 14025:2006, ISO 21930:2017, EN 15804, ISO 14040/44","Structural and Architectural Wood Products EPD Requirements, v1.0",,,,,
69ac20,4788424634.101.1,,,,,,,,,,Canadian Wood Council,,,,,"CAN, USA",,5.220000000000001,of the underlying LCA study was “the production of one cubic meter (1 m ) of oriented strand board,,,,,,,,,,,,,,,500,kg/m3,,,,,,,,,,,,Plywood,,,,,4788424634.101.1,Industry Average,,,UL Environment,,,"ISO 14025:2006, ISO 21930:2017, EN 15804, ISO 14040/44","Structural and Architectural Wood Products EPD Requirements, v1.0",,,,,
d14a8f,4788424634.101.1,,,,,,,,,,Canadian Wood Council,,,,,"CAN, USA",,5.220000000000001,of the underlying LCA study was “the production of one cubic meter (1 m ) of oriented strand board,,,,,,,,,,,,,,,500,kg/m3,,,,,,,,,,,,Plywood,,,,,4788424634.101.1,Industry Average,,,UL Environment,,,"ISO 14025:2006, ISO 21930:2017, EN 15804, ISO 14040/44","Structural and Architectural Wood Products EPD Requirements, v1.0",,,,,
edcc0d,4788424634.101.1,,,,,,,,,,Canadian Wood Council,,,,,"CAN, USA",,5.220000000000001,of the underlying LCA study was “the production of one cubic meter (1 m ) of oriented strand board,,,,,,,,,,,,,,,500,kg/m3,,,,,,,,,,,,Plywood,,,,,4788424634.101.1,Industry Average,,,UL Environment,,,"ISO 14025:2006, ISO 21930:2017, EN 15804, ISO 14040/44","Structural and Architectural Wood Products EPD Requirements, v1.0",,,,,
f0c8ce,4788424634.101.1,,,,,,,,,,Canadian Wood Council,,,,,"CAN, USA",,5.220000000000001,of the underlying LCA study was “the production of one cubic meter (1 m ) of oriented strand board,,,,,,,,,,,,,,,500,kg/m3,,,,,,,,,,,,Plywood,,,,,4788424634.101.1,Industry Average,,,UL Environment,,,"ISO 14025:2006, ISO 21930:2017, EN 15804, ISO 14040/44","Structural and Architectural Wood Products EPD Requirements, v1.0",,,,,
12dc8t,4788424634.102.1,,,,,,,,,,Canadian Wood Council,,,,,"CAN, USA",,5.220000000000001,of the underlying LCA study was “the production of one cubic meter (1 m ) of softwood lumber,,,,,,,,,,,,,,,500,kg/m3,,,,,,,,,,,,Framing,,,,,4788424634.102.1,Industry Average,,,UL Environment,,,"ISO 14025:2006, ISO 21930:2017, EN 15804, ISO 14040/44","Structural and Architectural Wood Products EPD Requirements, v1.0",,,,,
1k46tl,4788424634.102.1,,,,,,,,,,Canadian Wood Council,,,,,"CAN, USA",,5.220000000000001,of the underlying LCA study was “the production of one cubic meter (1 m ) of softwood lumber,,,,,,,,,,,,,,,500,kg/m3,,,,,,,,,,,,Framing,,,,,4788424634.102.1,Industry Average,,,UL Environment,,,"ISO 14025:2006, ISO 21930:2017, EN 15804, ISO 14040/44","Structural and Architectural Wood Products EPD Requirements, v1.0",,,,,
2m3nf4,4788424634.102.1,,,,,,,,,,Canadian Wood Council,,,,,"CAN, USA",,5.220000000000001,of the underlying LCA study was “the production of one cubic meter (1 m ) of softwood lumber,,,,,,,,,,,,,,,500,kg/m3,,,,,,,,,,,,Framing,,,,,4788424634.102.1,Industry Average,,,UL Environment,,,"ISO 14025:2006, ISO 21930:2017, EN 15804, ISO 14040/44","Structural and Architectural Wood Products EPD Requirements, v1.0",,,,,
4f140x,4788424634.102.1,,,,,,,,,,Canadian Wood Council,,,,,"CAN, USA",,5.220000000000001,of the underlying LCA study was “the production of one cubic meter (1 m ) of softwood lumber,,,,,,,,,,,,,,,500,kg/m3,,,,,,,,,,,,Framing,,,,,4788424634.102.1,Industry Average,,,UL Environment,,,"ISO 14025:2006, ISO 21930:2017, EN 15804, ISO 14040/44","Structural and Architectural Wood Products EPD Requirements, v1.0",,,,,
4ld02f,4788424634.102.1,,,,,,,,,,Canadian Wood Council,,,,,"CAN, USA",,5.220000000000001,of the underlying LCA study was “the production of one cubic meter (1 m ) of softwood lumber,,,,,,,,,,,,,,,500,kg/m3,,,,,,,,,,,,Framing,,,,,4788424634.102.1,Industry Average,,,UL Environment,,,"ISO 14025:2006, ISO 21930:2017, EN 15804, ISO 14040/44","Structural and Architectural Wood Products EPD Requirements, v1.0",,,,,
4lv9wd,4788424634.102.1,,,,,,,,,,Canadian Wood Council,,,,,"CAN, USA",,5.220000000000001,of the underlying LCA study was “the production of one cubic meter (1 m ) of softwood lumber,,,,,,,,,,,,,,,500,kg/m3,,,,,,,,,,,,Framing,,,,,4788424634.102.1,Industry Average,,,UL Environment,,,"ISO 14025:2006, ISO 21930:2017, EN 15804, ISO 14040/44","Structural and Architectural Wood Products EPD Requirements, v1.0",,,,,
4scwf3,4788424634.102.1,,,,,,,,,,Canadian Wood Council,,,,,"CAN, USA",,5.220000000000001,of the underlying LCA study was “the production of one cubic meter (1 m ) of softwood lumber,,,,,,,,,,,,,,,500,kg/m3,,,,,,,,,,,,Framing,,,,,4788424634.102.1,Industry Average,,,UL Environment,,,"ISO 14025:2006, ISO 21930:2017, EN 15804, ISO 14040/44","Structural and Architectural Wood Products EPD Requirements, v1.0",,,,,
8vkef3,4788424634.102.1,,,,,,,,,,Canadian Wood Council,,,,,"CAN, USA",,5.220000000000001,of the underlying LCA study was “the production of one cubic meter (1 m ) of softwood lumber,,,,,,,,,,,,,,,500,kg/m3,,,,,,,,,,,,Framing,,,,,4788424634.102.1,Industry Average,,,UL Environment,,,"ISO 14025:2006, ISO 21930:2017, EN 15804, ISO 14040/44","Structural and Architectural Wood Products EPD Requirements, v1.0",,,,,
9219e5,4788424634.102.1,,,,,,,,,,Canadian Wood Council,,,,,"CAN, USA",,5.220000000000001,of the underlying LCA study was “the production of one cubic meter (1 m ) of softwood lumber,,,,,,,,,,,,,,,500,kg/m3,,,,,,,,,,,,Framing,,,,,4788424634.102.1,Industry Average,,,UL Environment,,,"ISO 14025:2006, ISO 21930:2017, EN 15804, ISO 14040/44","Structural and Architectural Wood Products EPD Requirements, v1.0",,,,,
92d24d,4788424634.102.1,,,,,,,,,,Canadian Wood Council,,,,,"CAN, USA",,5.220000000000001,of the underlying LCA study was “the production of one cubic meter (1 m ) of softwood lumber,,,,,,,,,,,,,,,500,kg/m3,,,,,,,,,,,,Framing,,,,,4788424634.102.1,Industry Average,,,UL Environment,,,"ISO 14025:2006, ISO 21930:2017, EN 15804, ISO 14040/44","Structural and Architectural Wood Products EPD Requirements, v1.0",,,,,
c309dk,4788424634.102.1,,,,,,,,,,Canadian Wood Council,,,,,"CAN, USA",,5.220000000000001,of the underlying LCA study was “the production of one cubic meter (1 m ) of softwood lumber,,,,,,,,,,,,,,,500,kg/m3,,,,,,,,,,,,Framing,,,,,4788424634.102.1,Industry Average,,,UL Environment,,,"ISO 14025:2006, ISO 21930:2017, EN 15804, ISO 14040/44","Structural and Architectural Wood Products EPD Requirements, v1.0",,,,,
k2f2dm,4788424634.102.1,,,,,,,,,,Canadian Wood Council,,,,,"CAN, USA",,5.220000000000001,of the underlying LCA study was “the production of one cubic meter (1 m ) of softwood lumber,,,,,,,,,,,,,,,500,kg/m3,,,,,,,,,,,,Framing,,,,,4788424634.102.1,Industry Average,,,UL Environment,,,"ISO 14025:2006, ISO 21930:2017, EN 15804, ISO 14040/44","Structural and Architectural Wood Products EPD Requirements, v1.0",,,,,
l2kgs9,4788424634.102.1,,,,,,,,,,Canadian Wood Council,,,,,"CAN, USA",,5.220000000000001,of the underlying LCA study was “the production of one cubic meter (1 m ) of softwood lumber,,,,,,,,,,,,,,,500,kg/m3,,,,,,,,,,,,Framing,,,,,4788424634.102.1,Industry Average,,,UL Environment,,,"ISO 14025:2006, ISO 21930:2017, EN 15804, ISO 14040/44","Structural and Architectural Wood Products EPD Requirements, v1.0",,,,,
o3kwx9,4788424634.102.1,,,,,,,,,,Canadian Wood Council,,,,,"CAN, USA",,5.220000000000001,of the underlying LCA study was “the production of one cubic meter (1 m ) of softwood lumber,,,,,,,,,,,,,,,500,kg/m3,,,,,,,,,,,,Framing,,,,,4788424634.102.1,Industry Average,,,UL Environment,,,"ISO 14025:2006, ISO 21930:2017, EN 15804, ISO 14040/44","Structural and Architectural Wood Products EPD Requirements, v1.0",,,,,
p2v3x5,4788424634.102.1,,,,,,,,,,Canadian Wood Council,,,,,"CAN, USA",,5.220000000000001,of the underlying LCA study was “the production of one cubic meter (1 m ) of softwood lumber,,,,,,,,,,,,,,,500,kg/m3,,,,,,,,,,,,Framing,,,,,4788424634.102.1,Industry Average,,,UL Environment,,,"ISO 14025:2006, ISO 21930:2017, EN 15804, ISO 14040/44","Structural and Architectural Wood Products EPD Requirements, v1.0",,,,,
s029f2,4788424634.102.1,,,,,,,,,,Canadian Wood Council,,,,,"CAN, USA",,5.220000000000001,of the underlying LCA study was “the production of one cubic meter (1 m ) of softwood lumber,,,,,,,,,,,,,,,500,kg/m3,,,,,,,,,,,,Framing,,,,,4788424634.102.1,Industry Average,,,UL Environment,,,"ISO 14025:2006, ISO 21930:2017, EN 15804, ISO 14040/44","Structural and Architectural Wood Products EPD Requirements, v1.0",,,,,
t2c9ss,4788424634.102.1,,,,,,,,,,Canadian Wood Council,,,,,"CAN, USA",,5.220000000000001,of the underlying LCA study was “the production of one cubic meter (1 m ) of softwood lumber,,,,,,,,,,,,,,,500,kg/m3,,,,,,,,,,,,Framing,,,,,4788424634.102.1,Industry Average,,,UL Environment,,,"ISO 14025:2006, ISO 21930:2017, EN 15804, ISO 14040/44","Structural and Architectural Wood Products EPD Requirements, v1.0",,,,,
w93kcl,4788424634.102.1,,,,,,,,,,Canadian Wood Council,,,,,"CAN, USA",,5.220000000000001,of the underlying LCA study was “the production of one cubic meter (1 m ) of softwood lumber,,,,,,,,,,,,,,,500,kg/m3,,,,,,,,,,,,Framing,,,,,4788424634.102.1,Industry Average,,,UL Environment,,,"ISO 14025:2006, ISO 21930:2017, EN 15804, ISO 14040/44","Structural and Architectural Wood Products EPD Requirements, v1.0",,,,,
x3fk2s,4788424634.102.1,,,,,,,,,,Canadian Wood Council,,,,,"CAN, USA",,5.220000000000001,of the underlying LCA study was “the production of one cubic meter (1 m ) of softwood lumber,,,,,,,,,,,,,,,500,kg/m3,,,,,,,,,,,,Framing,,,,,4788424634.102.1,Industry Average,,,UL Environment,,,"ISO 14025:2006, ISO 21930:2017, EN 15804, ISO 14040/44","Structural and Architectural Wood Products EPD Requirements, v1.0",,,,,
61a79e,4788424634.103.1,,,,,,,,,,Canadian Wood Council,,,,,"CAN, USA",,5.220000000000001,of the underlying LCA study was “the production of one cubic meter (1 m ) of softwood plywood,,,,,,,,,,,,,,,500,kg/m3,,,,,,,,,,,,Plywood,,,,,4788424634.103.1,Industry Average,,,UL Environment,,,"ISO 14025:2006, ISO 21930:2017, EN 15804, ISO 14040/44","Structural and Architectural Wood Products EPD Requirements, v1.0",,,,,
c41283,4788424634.103.1,,,,,,,,,,Canadian Wood Council,,,,,"CAN, USA",,5.220000000000001,of the underlying LCA study was “the production of one cubic meter (1 m ) of softwood plywood,,,,,,,,,,,,,,,500,kg/m3,,,,,,,,,,,,Plywood,,,,,4788424634.103.1,Industry Average,,,UL Environment,,,"ISO 14025:2006, ISO 21930:2017, EN 15804, ISO 14040/44","Structural and Architectural Wood Products EPD Requirements, v1.0",,,,,
d88aad,4788424634.103.1,,,,,,,,,,Canadian Wood Council,,,,,"CAN, USA",,5.220000000000001,of the underlying LCA study was “the production of one cubic meter (1 m ) of softwood plywood,,,,,,,,,,,,,,,500,kg/m3,,,,,,,,,,,,Plywood,,,,,4788424634.103.1,Industry Average,,,UL Environment,,,"ISO 14025:2006, ISO 21930:2017, EN 15804, ISO 14040/44","Structural and Architectural Wood Products EPD Requirements, v1.0",,,,,
f92a05,4788424634.104.1,,,,,,,,,,Canadian Wood Council,,,,,"CAN, USA",,5.220000000000001,of the underlying LCA study was “the production of one cubic meter (1 m ) of glued laminated timber,,,,,,,,,,,,,,,500,kg/m3,,,,,,,,,,,,Glulam,,,,,4788424634.104.1,Industry Average,,,UL Environment,,,"ISO 14025:2006, ISO 21930:2017, EN 15804, ISO 14040/44","Structural and Architectural Wood Products EPD Requirements, v1.0",,,,,
vd92kd,4788424634.104.1,,,,,,,,,,Canadian Wood Council,,,,,"CAN, USA",,5.220000000000001,of the underlying LCA study was “the production of one cubic meter (1 m ) of glued laminated timber,,,,,,,,,,,,,,,500,kg/m3,,,,,,,,,,,,Glulam,,,,,4788424634.104.1,Industry Average,,,UL Environment,,,"ISO 14025:2006, ISO 21930:2017, EN 15804, ISO 14040/44","Structural and Architectural Wood Products EPD Requirements, v1.0",,,,,
ebd574,4788424634.105.1,,,,,,,,,,Canadian Wood Council,,,,,"CAN, USA",,5.220000000000001,of the underlying LCA study was “the production of one cubic meter (1 m ) of LVL produced in North,,,,,,,,,,,,,,,500,kg/m3,,,,,,,,,,,,LVL,,,,,4788424634.105.1,Industry Average,,,UL Environment,,,"ISO 14025:2006, ISO 21930:2017, EN 15804, ISO 14040/44","Structural and Architectural Wood Products EPD Requirements, v1.0",,,,,
a6h0p2,4788424634.106.1,,,,,,,,,,Canadian Wood Council,,,,,"CAN, USA",,5.220000000000001,OR DECLARED UNIT 1 m of wood I-joist produced in North America (US and CA),,,,,,,,,,,,,,,500,kg/m3,,,,,,,,,,,,LVL,,,,,4788424634.106.1,Industry Average,,,UL Environment,,,"ISO 14025:2006, ISO 21930:2017, EN 15804, ISO 14040/44","Structural and Architectural Wood Products EPD Requirements, v1.0",,,,,
cec541,4788424634.106.1,,,,,,,,,,Canadian Wood Council,,,,,"CAN, USA",,5.220000000000001,OR DECLARED UNIT 1 m of wood I-joist produced in North America (US and CA),,,,,,,,,,,,,,,500,kg/m3,,,,,,,,,,,,LVL,,,,,4788424634.106.1,Industry Average,,,UL Environment,,,"ISO 14025:2006, ISO 21930:2017, EN 15804, ISO 14040/44","Structural and Architectural Wood Products EPD Requirements, v1.0",,,,,
d92kl5,4788424634.106.1,,,,,,,,,,Canadian Wood Council,,,,,"CAN, USA",,5.220000000000001,OR DECLARED UNIT 1 m of wood I-joist produced in North America (US and CA),,,,,,,,,,,,,,,500,kg/m3,,,,,,,,,,,,LVL,,,,,4788424634.106.1,Industry Average,,,UL Environment,,,"ISO 14025:2006, ISO 21930:2017, EN 15804, ISO 14040/44","Structural and Architectural Wood Products EPD Requirements, v1.0",,,,,
dk02lm,4788424634.106.1,,,,,,,,,,Canadian Wood Council,,,,,"CAN, USA",,5.220000000000001,OR DECLARED UNIT 1 m of wood I-joist produced in North America (US and CA),,,,,,,,,,,,,,,500,kg/m3,,,,,,,,,,,,LVL,,,,,4788424634.106.1,Industry Average,,,UL Environment,,,"ISO 14025:2006, ISO 21930:2017, EN 15804, ISO 14040/44","Structural and Architectural Wood Products EPD Requirements, v1.0",,,,,
f53d9a,4788424634.106.1,,,,,,,,,,Canadian Wood Council,,,,,"CAN, USA",,5.220000000000001,OR DECLARED UNIT 1 m of wood I-joist produced in North America (US and CA),,,,,,,,,,,,,,,500,kg/m3,,,,,,,,,,,,LVL,,,,,4788424634.106.1,Industry Average,,,UL Environment,,,"ISO 14025:2006, ISO 21930:2017, EN 15804, ISO 14040/44","Structural and Architectural Wood Products EPD Requirements, v1.0",,,,,
10d47f,4788424634.107.1,,,,,,,,,,the United States of America,,,,,"CAN, USA",,5.220000000000001,of the underlying LCA study was “the production of one cubic meter (1 m ) of redwood lumber,,,,,,,,,,,,,,,500,kg/m3,,,,,,,,,,,,Framing,,,,,4788424634.107.1,Industry Average,,,UL Environment,,,"ISO 14025:2006, ISO 21930:2017, EN 15804, ISO 14040/44","Structural and Architectural Wood Products EPD Requirements, v1.0",,,,,
31ckd0,4788424634.107.1,,,,,,,,,,the United States of America,,,,,"CAN, USA",,5.220000000000001,of the underlying LCA study was “the production of one cubic meter (1 m ) of redwood lumber,,,,,,,,,,,,,,,500,kg/m3,,,,,,,,,,,,Framing,,,,,4788424634.107.1,Industry Average,,,UL Environment,,,"ISO 14025:2006, ISO 21930:2017, EN 15804, ISO 14040/44","Structural and Architectural Wood Products EPD Requirements, v1.0",,,,,
iv303x,4788424634.107.1,,,,,,,,,,the United States of America,,,,,"CAN, USA",,5.220000000000001,of the underlying LCA study was “the production of one cubic meter (1 m ) of redwood lumber,,,,,,,,,,,,,,,500,kg/m3,,,,,,,,,,,,Framing,,,,,4788424634.107.1,Industry Average,,,UL Environment,,,"ISO 14025:2006, ISO 21930:2017, EN 15804, ISO 14040/44","Structural and Architectural Wood Products EPD Requirements, v1.0",,,,,
jk29kd,4788424634.107.1,,,,,,,,,,the United States of America,,,,,"CAN, USA",,5.220000000000001,of the underlying LCA study was “the production of one cubic meter (1 m ) of redwood lumber,,,,,,,,,,,,,,,500,kg/m3,,,,,,,,,,,,Framing,,,,,4788424634.107.1,Industry Average,,,UL Environment,,,"ISO 14025:2006, ISO 21930:2017, EN 15804, ISO 14040/44","Structural and Architectural Wood Products EPD Requirements, v1.0",,,,,
pd92mn,4788424634.107.1,,,,,,,,,,the United States of America,,,,,"CAN, USA",,5.220000000000001,of the underlying LCA study was “the production of one cubic meter (1 m ) of redwood lumber,,,,,,,,,,,,,,,500,kg/m3,,,,,,,,,,,,Framing,,,,,4788424634.107.1,Industry Average,,,UL Environment,,,"ISO 14025:2006, ISO 21930:2017, EN 15804, ISO 14040/44","Structural and Architectural Wood Products EPD Requirements, v1.0",,,,,
1f3cc3,4788647002.101.1,,,,,,,,,,CertainTeed Insulation,,,,,,,0.202,Environmental impacts are reported per functional unit of a product and the functional unit is the basis for comparison,,,,,,,,,,,,,,,50,kg/m3,,,,,,,,,,,,Mineral wool,,,,,4788647002.101.1,,,,UL Environment,,,"ISO 14025, ISO 21930:2017, EN 15804, ISO 14040",for Building Envelope Thermal Insulation v. 2.0 April 2018,,,,,
f33e5e,4788647002.102.1,,,,,,,,,,CertainTeed Insulation,,,,,,,0.241,Environmental impacts are reported per functional unit of a product and the functional unit is the basis for comparison,,,,,,,,,,,,,,,23,kg/m3,,,,,,,,,,,,Fiberglass,,,,,4788647002.102.1,,,,UL Environment,,,"ISO 14025, ISO 21930:2017, EN 15804, ISO 14040",for Building Envelope Thermal Insulation v. 2.0 April 2018,,,,,
9cd566,4788721182.101.1,,,,,,,,,,the locations listed below. Tallmadge,,,,,"CAN, USA",,21.9,OR DECLARED UNIT,,,,,,,,,,,,,,,28,kg/m3,,,,,,,,,,,,XPS Foam,,,,,4788721182.101.1,Product-specific,,,UL Environment,,,"ISO 14025, ISO 21930:2017, EN 15804, ISO 14040","Building Envelope Thermal Insulation EPD Requirements, UL 10010-1",,,,,
MPA001,4788736474.105.1,,,,,,,,,,,,,,,"CAN, USA",,11179,OR DECLARED UNIT,,,,,,,,,,,,,,,500,kg/m3,,,,,,,,,,,,Plywood,,,,,4788736474.105.1,Product-specific,,,UL Environment,,,"ISO 14025, ISO 21930:2017, EN 15804, ISO 14040","Insulated Metal Panels, Metal Composite Panels, and Metal Cladding: Roof and",,,,,
MPA002,4788736474.105.1,,,,,,,,,,,,,,,"CAN, USA",,11179,OR DECLARED UNIT,,,,,,,,,,,,,,,500,kg/m3,,,,,,,,,,,,Plywood,,,,,4788736474.105.1,Product-specific,,,UL Environment,,,"ISO 14025, ISO 21930:2017, EN 15804, ISO 14040","Insulated Metal Panels, Metal Composite Panels, and Metal Cladding: Roof and",,,,,
LVT014,4788753451.101.1,,,,,,,2024-05-09,,,eight manufacturing facilities located in,,,,,"CAN, USA",,11,The functional unit is one square meter of flooring over a 75-year,,,,,,,,,,,,,,,,,,,,,,,,,,,,Hardwood,,,,,SCS-EPD-10144 Declaration,,,,UL Environment,External,,"ISO 14025, ISO 21930:2017, ISO 14040",Flooring EPD Requirements. Version 2. UL Environment. September,,,,,
LVT000,4788753451.103.1,,,,,,,,,,RFCI manufacturers of this flooring,,,,,"CAN, USA",,20.5,OR DECLARED UNIT,,,,,,,,,,,,,,,,,,,,,,,,,,,,Hardwood,,,,,4788753451.103.1,Industry Average,,,UL Environment,,,"ISO 14025, ISO 21930:2017, EN 15804, ISO 14040",Flooring EPD requirements,,,,,
891444,4788753451.104.1,,,,,,,,,,RFCI manufacturers. Rubber flooring is,,,,,"CAN, USA",,15.6,OR DECLARED UNIT,,,,,,,,,,,,,,,,,,,,,,,,,,,,Hardwood,,,,,4788753451.104.1,Industry Average,,,UL Environment,,,"ISO 14025, ISO21930:2017, EN 15804, ISO 14040",Flooring EPD requirements,,,,,
LVT001,4788753451.106.1,,,,,,,,,,,,,,,,,,,,,,,,,,,,,,,,,,,,,,,,,,,,,,,,,,,,,,,UL Environment,,,ISO 14025,,,,,,
LIN000,4788756650.101.1,,,,,,,,,,Gerflor Tel,,,,,,,83.7,,,,,,,,,,,,,,,,,,,,,,,,,,,,,,,,,,,,,,IBU,,,"ISO 14025, ISO21930:2017, EN 15804",,,,,,
LIN003,4788756650.102.1,,,,,,,,,,Gerflor Tel,,,,,,,106.1,,,,,,,,,,,,,,,,,,,,,,,,,,,,,,,,,,,,,,IBU,,,"ISO 14025, ISO21930:2017, EN 15804",,,,,,
4dadb7,4788863727.101.1,,,,,,,,,,this facility,,,,,"CAN, USA",,,REFERENCE PCR AND VERSION NUMBER UL Part B: PCR for Flooring v.2.0 September 2018,,,,,,,,,,,,,,,,,,,,,,,,,,,,,,,,,4788863727.101.1,Product-specific,,,UL Environment,,,"ISO 14025, ISO21930:2017, EN 15804, ISO 14040/44",PCR for Flooring v.2.0 September 2018,,,,,
5a9ecd,4788873607.102.1,,,,,,,,,,the process,,,,,,,-0.369,of 1 square meter of floor covering,,,,,,,,,,,,,,,23,kg/m3,,,,,,,,,,,,Fiberglass,,,,,4788873607.102.1,Product-specific,,,IBU,,,"ISO 14025, ISO 21930:2017, EN 15804, ISO 14040","Flooring EPD Requirements (UL Environment V2.0,",,,,,
MWB006,4789092768.101.1,,,,,,,2024-06-17,,,ROCKWOOL International A,,,,,,,31,,,,,,,,,,,,,,,,40,kg/m3,,,,,,,,,,,,Mineral wool,,,,,EPD-RWI-20190075-CCD1-EN,,,,IBU,External,,"ISO 14025, EN 15804","The span of products, which are contained in this EPD",,,,,
MWB008,4789092768.101.1,,,,,,,2024-06-17,,,ROCKWOOL International A,,,,,,,31,,,,,,,,,,,,,,,,40,kg/m3,,,,,,,,,,,,Mineral wool,,,,,EPD-RWI-20190075-CCD1-EN,,,,IBU,External,,"ISO 14025, EN 15804","The span of products, which are contained in this EPD",,,,,
MWB009,4789092768.101.1,,,,,,,2024-06-17,,,ROCKWOOL International A,,,,,,,31,,,,,,,,,,,,,,,,40,kg/m3,,,,,,,,,,,,Mineral wool,,,,,EPD-RWI-20190075-CCD1-EN,,,,IBU,External,,"ISO 14025, EN 15804","The span of products, which are contained in this EPD",,,,,
MWB010,4789092768.101.1,,,,,,,2024-06-17,,,ROCKWOOL International A,,,,,,,31,,,,,,,,,,,,,,,,40,kg/m3,,,,,,,,,,,,Mineral wool,,,,,EPD-RWI-20190075-CCD1-EN,,,,IBU,External,,"ISO 14025, EN 15804","The span of products, which are contained in this EPD",,,,,
MWB011,4789092768.101.1,,,,,,,2024-06-17,,,ROCKWOOL International A,,,,,,,31,,,,,,,,,,,,,,,,40,kg/m3,,,,,,,,,,,,Mineral wool,,,,,EPD-RWI-20190075-CCD1-EN,,,,IBU,External,,"ISO 14025, EN 15804","The span of products, which are contained in this EPD",,,,,
MWB014,4789092768.101.1,,,,,,,2024-06-17,,,ROCKWOOL International A,,,,,,,31,,,,,,,,,,,,,,,,40,kg/m3,,,,,,,,,,,,Mineral wool,,,,,EPD-RWI-20190075-CCD1-EN,,,,IBU,External,,"ISO 14025, EN 15804","The span of products, which are contained in this EPD",,,,,
MWB017,4789092768.101.1,,,,,,,2024-06-17,,,ROCKWOOL International A,,,,,,,31,,,,,,,,,,,,,,,,40,kg/m3,,,,,,,,,,,,Mineral wool,,,,,EPD-RWI-20190075-CCD1-EN,,,,IBU,External,,"ISO 14025, EN 15804","The span of products, which are contained in this EPD",,,,,
MWB018,4789092768.101.1,,,,,,,2024-06-17,,,ROCKWOOL International A,,,,,,,31,,,,,,,,,,,,,,,,40,kg/m3,,,,,,,,,,,,Mineral wool,,,,,EPD-RWI-20190075-CCD1-EN,,,,IBU,External,,"ISO 14025, EN 15804","The span of products, which are contained in this EPD",,,,,
MWB019,4789092768.101.1,,,,,,,2024-06-17,,,ROCKWOOL International A,,,,,,,31,,,,,,,,,,,,,,,,40,kg/m3,,,,,,,,,,,,Mineral wool,,,,,EPD-RWI-20190075-CCD1-EN,,,,IBU,External,,"ISO 14025, EN 15804","The span of products, which are contained in this EPD",,,,,
MWB020,4789092768.101.1,,,,,,,2024-06-17,,,ROCKWOOL International A,,,,,,,31,,,,,,,,,,,,,,,,40,kg/m3,,,,,,,,,,,,Mineral wool,,,,,EPD-RWI-20190075-CCD1-EN,,,,IBU,External,,"ISO 14025, EN 15804","The span of products, which are contained in this EPD",,,,,
CER000,4789101745.101.1,,,,,,,,,,North America. Ceramic tiles are,,,,,"CAN, USA",,100,OR DECLARED UNIT,,,,,,,,,,,,,,,1500,kg/m3,,,,,,,,,,,,Brick,,,,,4789101745.101.1,Industry Average,,,UL Environment,,,"ISO 14025, ISO 21930:2017, EN 15804, ISO 14040/44","Flooring EPD Requirements, UL 10010-7, Version 2.0, September",,,,,
OSB000,4789103593.101.1,,,,,,,,,,plants in Commerce,,,,,,,37,OR DECLARED UNIT and Subflooring Products; 1 cubic meter,,,,,,,,,,,,,,,500,kg/m3,,,,,,,,,,,,Plywood,,,,,4789103593.101.1,Product-specific,,,UL Environment,,,"ISO 14025, ISO 21930:2017, EN 15804, ISO 14040",Structural and Architectural Wood Products EPD,,,,,
OSB006,4789103593.101.1,,,,,,,,,,plants in Commerce,,,,,,,37,OR DECLARED UNIT and Subflooring Products; 1 cubic meter,,,,,,,,,,,,,,,500,kg/m3,,,,,,,,,,,,Plywood,,,,,4789103593.101.1,Product-specific,,,UL Environment,,,"ISO 14025, ISO 21930:2017, EN 15804, ISO 14040",Structural and Architectural Wood Products EPD,,,,,
2fg4um,4789103593.102.1,,,,,,,,,,five different thicknesses,,,,,,,38,OR DECLARED UNIT Roof & Wall System; 1 cubic meter,,,,,,,,,,,,,,,500,kg/m3,,,,,,,,,,,,Plywood,,,,,4789103593.102.1,Product-specific,,,UL Environment,,,"ISO 14025, ISO 21930:2017, EN 15804, ISO 14040",Structural and Architectural Wood Products EPD,,,,,
2gy8rd,4789103593.102.1,,,,,,,,,,five different thicknesses,,,,,,,38,OR DECLARED UNIT Roof & Wall System; 1 cubic meter,,,,,,,,,,,,,,,500,kg/m3,,,,,,,,,,,,Plywood,,,,,4789103593.102.1,Product-specific,,,UL Environment,,,"ISO 14025, ISO 21930:2017, EN 15804, ISO 14040",Structural and Architectural Wood Products EPD,,,,,
3lkfm3,4789103593.102.1,,,,,,,,,,five different thicknesses,,,,,,,38,OR DECLARED UNIT Roof & Wall System; 1 cubic meter,,,,,,,,,,,,,,,500,kg/m3,,,,,,,,,,,,Plywood,,,,,4789103593.102.1,Product-specific,,,UL Environment,,,"ISO 14025, ISO 21930:2017, EN 15804, ISO 14040",Structural and Architectural Wood Products EPD,,,,,
7vi3jf,4789103593.102.1,,,,,,,,,,five different thicknesses,,,,,,,38,OR DECLARED UNIT Roof & Wall System; 1 cubic meter,,,,,,,,,,,,,,,500,kg/m3,,,,,,,,,,,,Plywood,,,,,4789103593.102.1,Product-specific,,,UL Environment,,,"ISO 14025, ISO 21930:2017, EN 15804, ISO 14040",Structural and Architectural Wood Products EPD,,,,,
dsa30i,4789103593.102.1,,,,,,,,,,five different thicknesses,,,,,,,38,OR DECLARED UNIT Roof & Wall System; 1 cubic meter,,,,,,,,,,,,,,,500,kg/m3,,,,,,,,,,,,Plywood,,,,,4789103593.102.1,Product-specific,,,UL Environment,,,"ISO 14025, ISO 21930:2017, EN 15804, ISO 14040",Structural and Architectural Wood Products EPD,,,,,
g83od3,4789103593.102.1,,,,,,,,,,five different thicknesses,,,,,,,38,OR DECLARED UNIT Roof & Wall System; 1 cubic meter,,,,,,,,,,,,,,,500,kg/m3,,,,,,,,,,,,Plywood,,,,,4789103593.102.1,Product-specific,,,UL Environment,,,"ISO 14025, ISO 21930:2017, EN 15804, ISO 14040",Structural and Architectural Wood Products EPD,,,,,
t5ydsd,4789103593.102.1,,,,,,,,,,five different thicknesses,,,,,,,38,OR DECLARED UNIT Roof & Wall System; 1 cubic meter,,,,,,,,,,,,,,,500,kg/m3,,,,,,,,,,,,Plywood,,,,,4789103593.102.1,Product-specific,,,UL Environment,,,"ISO 14025, ISO 21930:2017, EN 15804, ISO 14040",Structural and Architectural Wood Products EPD,,,,,
34db3d,4789289084.103.1,,,,,,,,,,,,,,,"CAN, USA",,3693.91,OR DECLARED UNIT,,,,,,,,,,,,,,,7850,kg/m3,,,,,,,,,,,,Steel,,,,,4789289084.103.1,Industry Average,,,UL Environment,,,"ISO 14025, ISO 21930:2017, EN 15804, ISO 14040","Insulated Metal Panels, Metal Composite Panels, and Metal Cladding: Roof",,,,,
98a9cd,4789289084.103.1,,,,,,,,,,,,,,,"CAN, USA",,3693.91,OR DECLARED UNIT,,,,,,,,,,,,,,,7850,kg/m3,,,,,,,,,,,,Steel,,,,,4789289084.103.1,Industry Average,,,UL Environment,,,"ISO 14025, ISO 21930:2017, EN 15804, ISO 14040","Insulated Metal Panels, Metal Composite Panels, and Metal Cladding: Roof",,,,,
LIN001,4789356590.101.2,,,,,,,,,,various species of pines and,,,,,"CAN, USA",,,OR DECLARED UNIT,,,,,,,,,,,,,,,,,,,,,,,,,,,,,,,,,4789356590.101.2,Product-specific,,,UL Environment,,,"ISO 14025, ISO21930:2017, EN 15804, ISO 14040","declarations - Product category rules, August 2017",,,,,
LIN002,4789356590.101.2,,,,,,,,,,various species of pines and,,,,,"CAN, USA",,,OR DECLARED UNIT,,,,,,,,,,,,,,,,,,,,,,,,,,,,,,,,,4789356590.101.2,Product-specific,,,UL Environment,,,"ISO 14025, ISO21930:2017, EN 15804, ISO 14040","declarations - Product category rules, August 2017",,,,,
LIN004,4789356590.101.2,,,,,,,,,,various species of pines and,,,,,"CAN, USA",,,OR DECLARED UNIT,,,,,,,,,,,,,,,,,,,,,,,,,,,,,,,,,4789356590.101.2,Product-specific,,,UL Environment,,,"ISO 14025, ISO21930:2017, EN 15804, ISO 14040","declarations - Product category rules, August 2017",,,,,
MPA000,4789365778.101.1,,,,,,,,,,commercial and residential applications. This,,,,,"CAN, USA",,384,OR DECLARED UNIT,,,,,,,,,,,,,,,7800,kg/m3,,,,,,,,,,,,Steel,,,,,4789365778.101.1,Product-specific,,,UL Environment,,,"ISO 14025, ISO21930:2017, EN 15804, ISO 14040","Insulated Metal Panels, Metal Composite Panels, and Metal Cladding: Roof",,,,,
MPS000,4789365778.101.1,,,,,,,,,,commercial and residential applications. This,,,,,"CAN, USA",,384,OR DECLARED UNIT,,,,,,,,,,,,,,,7800,kg/m3,,,,,,,,,,,,Steel,,,,,4789365778.101.1,Product-specific,,,UL Environment,,,"ISO 14025, ISO21930:2017, EN 15804, ISO 14040","Insulated Metal Panels, Metal Composite Panels, and Metal Cladding: Roof",,,,,
s0gp3f,4789365778.101.1,,,,,,,,,,commercial and residential applications. This,,,,,"CAN, USA",,384,OR DECLARED UNIT,,,,,,,,,,,,,,,7800,kg/m3,,,,,,,,,,,,Steel,,,,,4789365778.101.1,Product-specific,,,UL Environment,,,"ISO 14025, ISO21930:2017, EN 15804, ISO 14040","Insulated Metal Panels, Metal Composite Panels, and Metal Cladding: Roof",,,,,
61aa40,4789400789.101.1,,,,,,,,,,the following locations,,,,,"CAN, USA",,2.71,mass for the LCA.,,,,,,,,,,,,,,,23,kg/m3,,,,,,,,,,,,Fiberglass,,,,,4789400789.101.1,Product-specific,,,UL Environment,,,"ISO 14025, ISO 21930:2017, EN 15804, ISO 14040","Asphalt Shingles, Built-up Asphalt Membrane Roofing and Modified Bituminous",,,,,
G60979,4789400789.101.1,,,,,,,,,,the following locations,,,,,"CAN, USA",,2.71,mass for the LCA.,,,,,,,,,,,,,,,23,kg/m3,,,,,,,,,,,,Fiberglass,,,,,4789400789.101.1,Product-specific,,,UL Environment,,,"ISO 14025, ISO 21930:2017, EN 15804, ISO 14040","Asphalt Shingles, Built-up Asphalt Membrane Roofing and Modified Bituminous",,,,,
e7ab5a,4789400789.101.1,,,,,,,,,,the following locations,,,,,"CAN, USA",,2.71,mass for the LCA.,,,,,,,,,,,,,,,23,kg/m3,,,,,,,,,,,,Fiberglass,,,,,4789400789.101.1,Product-specific,,,UL Environment,,,"ISO 14025, ISO 21930:2017, EN 15804, ISO 14040","Asphalt Shingles, Built-up Asphalt Membrane Roofing and Modified Bituminous",,,,,
f4l2kx,4789410886.101.1,,,,,,,,,,North American Fiberboard Association,,,,,"CAN, USA",,5.220000000000001,OR DECLARED UNIT 1 m of Cellulosic Fiberboard produced in North America (US and CA),,,,,,,,,,,,,,,,,,,,,,,,,,,,Wood fiber insulation,,,,,4789410886.101.1,Industry Average,,,UL Environment,,,"ISO 14025:2006, ISO 21930:2017, EN 15804, ISO 14040/44","Structural and Architectural Wood Products EPD Requirements, v1.0",,,,,
ac0e7f,4789456400.101.1,,,,,,,,,,the facility located in Schneegattern,,,,,,,-8.09,OR DECLARED UNIT 1 m2 of finished floor covering for a period of 75 years,,,,,,,,,,,,,,,,,,,,,,,,,,,,Hardwood,,,,,4789456400.101.1,Product-specific,,,UL Environment,,,"ISO 14025, ISO 21930:2017, EN 15804, ISO 14040/44","Flooring EPD Requirements (UL Environment V2.0, 2018)",,,,,
GYP000,4789532059.140.1,,,,,,,,,,,,,,,,,,,,,,,,,,,,,,,,,900,kg/m3,,,,,,,,,,,,Gypsum,,,,,,,,,NSF International,,,"ISO 14025, ISO 21930:2017, EN 15804, ISO 14040",,,,,,
STR000,4789556099.102.1,,,,,,,,,,US mills averaging in excess,,,,,"CAN, USA",,1220,"Fabricated Hot-Rolled Structural Steel Sections, 1 metric ton",,,,,,,,,,,,,,,7800,kg/m3,,,,,,,,,,,,Steel,,,,,4789556099.102.1,Industry Average,,,IBU,,,"ISO 14025, ISO 21930:2017, ISO 14040",Designated Steel Construction Product EPD,,,,,
STR001,4789556099.102.1,,,,,,,,,,US mills averaging in excess,,,,,"CAN, USA",,1220,"Fabricated Hot-Rolled Structural Steel Sections, 1 metric ton",,,,,,,,,,,,,,,7800,kg/m3,,,,,,,,,,,,Steel,,,,,4789556099.102.1,Industry Average,,,IBU,,,"ISO 14025, ISO 21930:2017, ISO 14040",Designated Steel Construction Product EPD,,,,,
STR002,4789556099.102.1,,,,,,,,,,US mills averaging in excess,,,,,"CAN, USA",,1220,"Fabricated Hot-Rolled Structural Steel Sections, 1 metric ton",,,,,,,,,,,,,,,7800,kg/m3,,,,,,,,,,,,Steel,,,,,4789556099.102.1,Industry Average,,,IBU,,,"ISO 14025, ISO 21930:2017, ISO 14040",Designated Steel Construction Product EPD,,,,,
STR003,4789556099.102.1,,,,,,,,,,US mills averaging in excess,,,,,"CAN, USA",,1220,"Fabricated Hot-Rolled Structural Steel Sections, 1 metric ton",,,,,,,,,,,,,,,7800,kg/m3,,,,,,,,,,,,Steel,,,,,4789556099.102.1,Industry Average,,,IBU,,,"ISO 14025, ISO 21930:2017, ISO 14040",Designated Steel Construction Product EPD,,,,,
STR004,4789556099.102.1,,,,,,,,,,US mills averaging in excess,,,,,"CAN, USA",,1220,"Fabricated Hot-Rolled Structural Steel Sections, 1 metric ton",,,,,,,,,,,,,,,7800,kg/m3,,,,,,,,,,,,Steel,,,,,4789556099.102.1,Industry Average,,,IBU,,,"ISO 14025, ISO 21930:2017, ISO 14040",Designated Steel Construction Product EPD,,,,,
STR005,4789556099.102.1,,,,,,,,,,US mills averaging in excess,,,,,"CAN, USA",,1220,"Fabricated Hot-Rolled Structural Steel Sections, 1 metric ton",,,,,,,,,,,,,,,7800,kg/m3,,,,,,,,,,,,Steel,,,,,4789556099.102.1,Industry Average,,,IBU,,,"ISO 14025, ISO 21930:2017, ISO 14040",Designated Steel Construction Product EPD,,,,,
STR006,4789556099.102.1,,,,,,,,,,US mills averaging in excess,,,,,"CAN, USA",,1220,"Fabricated Hot-Rolled Structural Steel Sections, 1 metric ton",,,,,,,,,,,,,,,7800,kg/m3,,,,,,,,,,,,Steel,,,,,4789556099.102.1,Industry Average,,,IBU,,,"ISO 14025, ISO 21930:2017, ISO 14040",Designated Steel Construction Product EPD,,,,,
STR007,4789556099.102.1,,,,,,,,,,US mills averaging in excess,,,,,"CAN, USA",,1220,"Fabricated Hot-Rolled Structural Steel Sections, 1 metric ton",,,,,,,,,,,,,,,7800,kg/m3,,,,,,,,,,,,Steel,,,,,4789556099.102.1,Industry Average,,,IBU,,,"ISO 14025, ISO 21930:2017, ISO 14040",Designated Steel Construction Product EPD,,,,,
STR008,4789556099.102.1,,,,,,,,,,US mills averaging in excess,,,,,"CAN, USA",,1220,"Fabricated Hot-Rolled Structural Steel Sections, 1 metric ton",,,,,,,,,,,,,,,7800,kg/m3,,,,,,,,,,,,Steel,,,,,4789556099.102.1,Industry Average,,,IBU,,,"ISO 14025, ISO 21930:2017, ISO 14040",Designated Steel Construction Product EPD,,,,,
STR009,4789556099.102.1,,,,,,,,,,US mills averaging in excess,,,,,"CAN, USA",,1220,"Fabricated Hot-Rolled Structural Steel Sections, 1 metric ton",,,,,,,,,,,,,,,7800,kg/m3,,,,,,,,,,,,Steel,,,,,4789556099.102.1,Industry Average,,,IBU,,,"ISO 14025, ISO 21930:2017, ISO 14040",Designated Steel Construction Product EPD,,,,,
STR010,4789556099.102.1,,,,,,,,,,US mills averaging in excess,,,,,"CAN, USA",,1220,"Fabricated Hot-Rolled Structural Steel Sections, 1 metric ton",,,,,,,,,,,,,,,7800,kg/m3,,,,,,,,,,,,Steel,,,,,4789556099.102.1,Industry Average,,,IBU,,,"ISO 14025, ISO 21930:2017, ISO 14040",Designated Steel Construction Product EPD,,,,,
STR011,4789556099.102.1,,,,,,,,,,US mills averaging in excess,,,,,"CAN, USA",,1220,"Fabricated Hot-Rolled Structural Steel Sections, 1 metric ton",,,,,,,,,,,,,,,7800,kg/m3,,,,,,,,,,,,Steel,,,,,4789556099.102.1,Industry Average,,,IBU,,,"ISO 14025, ISO 21930:2017, ISO 14040",Designated Steel Construction Product EPD,,,,,
STR012,4789556099.102.1,,,,,,,,,,US mills averaging in excess,,,,,"CAN, USA",,1220,"Fabricated Hot-Rolled Structural Steel Sections, 1 metric ton",,,,,,,,,,,,,,,7800,kg/m3,,,,,,,,,,,,Steel,,,,,4789556099.102.1,Industry Average,,,IBU,,,"ISO 14025, ISO 21930:2017, ISO 14040",Designated Steel Construction Product EPD,,,,,
STR013,4789556099.102.1,,,,,,,,,,US mills averaging in excess,,,,,"CAN, USA",,1220,"Fabricated Hot-Rolled Structural Steel Sections, 1 metric ton",,,,,,,,,,,,,,,7800,kg/m3,,,,,,,,,,,,Steel,,,,,4789556099.102.1,Industry Average,,,IBU,,,"ISO 14025, ISO 21930:2017, ISO 14040",Designated Steel Construction Product EPD,,,,,
STR014,4789556099.102.1,,,,,,,,,,US mills averaging in excess,,,,,"CAN, USA",,1220,"Fabricated Hot-Rolled Structural Steel Sections, 1 metric ton",,,,,,,,,,,,,,,7800,kg/m3,,,,,,,,,,,,Steel,,,,,4789556099.102.1,Industry Average,,,IBU,,,"ISO 14025, ISO 21930:2017, ISO 14040",Designated Steel Construction Product EPD,,,,,
STR015,4789556099.102.1,,,,,,,,,,US mills averaging in excess,,,,,"CAN, USA",,1220,"Fabricated Hot-Rolled Structural Steel Sections, 1 metric ton",,,,,,,,,,,,,,,7800,kg/m3,,,,,,,,,,,,Steel,,,,,4789556099.102.1,Industry Average,,,IBU,,,"ISO 14025, ISO 21930:2017, ISO 14040",Designated Steel Construction Product EPD,,,,,
STR016,4789556099.102.1,,,,,,,,,,US mills averaging in excess,,,,,"CAN, USA",,1220,"Fabricated Hot-Rolled Structural Steel Sections, 1 metric ton",,,,,,,,,,,,,,,7800,kg/m3,,,,,,,,,,,,Steel,,,,,4789556099.102.1,Industry Average,,,IBU,,,"ISO 14025, ISO 21930:2017, ISO 14040",Designated Steel Construction Product EPD,,,,,
STR017,4789556099.102.1,,,,,,,,,,US mills averaging in excess,,,,,"CAN, USA",,1220,"Fabricated Hot-Rolled Structural Steel Sections, 1 metric ton",,,,,,,,,,,,,,,7800,kg/m3,,,,,,,,,,,,Steel,,,,,4789556099.102.1,Industry Average,,,IBU,,,"ISO 14025, ISO 21930:2017, ISO 14040",Designated Steel Construction Product EPD,,,,,
STR018,4789556099.102.1,,,,,,,,,,US mills averaging in excess,,,,,"CAN, USA",,1220,"Fabricated Hot-Rolled Structural Steel Sections, 1 metric ton",,,,,,,,,,,,,,,7800,kg/m3,,,,,,,,,,,,Steel,,,,,4789556099.102.1,Industry Average,,,IBU,,,"ISO 14025, ISO 21930:2017, ISO 14040",Designated Steel Construction Product EPD,,,,,
STR019,4789556099.102.1,,,,,,,,,,US mills averaging in excess,,,,,"CAN, USA",,1220,"Fabricated Hot-Rolled Structural Steel Sections, 1 metric ton",,,,,,,,,,,,,,,7800,kg/m3,,,,,,,,,,,,Steel,,,,,4789556099.102.1,Industry Average,,,IBU,,,"ISO 14025, ISO 21930:2017, ISO 14040",Designated Steel Construction Product EPD,,,,,
STR020,4789556099.102.1,,,,,,,,,,US mills averaging in excess,,,,,"CAN, USA",,1220,"Fabricated Hot-Rolled Structural Steel Sections, 1 metric ton",,,,,,,,,,,,,,,7800,kg/m3,,,,,,,,,,,,Steel,,,,,4789556099.102.1,Industry Average,,,IBU,,,"ISO 14025, ISO 21930:2017, ISO 14040",Designated Steel Construction Product EPD,,,,,
STR021,4789556099.102.1,,,,,,,,,,US mills averaging in excess,,,,,"CAN, USA",,1220,"Fabricated Hot-Rolled Structural Steel Sections, 1 metric ton",,,,,,,,,,,,,,,7800,kg/m3,,,,,,,,,,,,Steel,,,,,4789556099.102.1,Industry Average,,,IBU,,,"ISO 14025, ISO 21930:2017, ISO 14040",Designated Steel Construction Product EPD,,,,,
STR022,4789556099.102.1,,,,,,,,,,US mills averaging in excess,,,,,"CAN, USA",,1220,"Fabricated Hot-Rolled Structural Steel Sections, 1 metric ton",,,,,,,,,,,,,,,7800,kg/m3,,,,,,,,,,,,Steel,,,,,4789556099.102.1,Industry Average,,,IBU,,,"ISO 14025, ISO 21930:2017, ISO 14040",Designated Steel Construction Product EPD,,,,,
STR023,4789556099.102.1,,,,,,,,,,US mills averaging in excess,,,,,"CAN, USA",,1220,"Fabricated Hot-Rolled Structural Steel Sections, 1 metric ton",,,,,,,,,,,,,,,7800,kg/m3,,,,,,,,,,,,Steel,,,,,4789556099.102.1,Industry Average,,,IBU,,,"ISO 14025, ISO 21930:2017, ISO 14040",Designated Steel Construction Product EPD,,,,,
STR024,4789556099.102.1,,,,,,,,,,US mills averaging in excess,,,,,"CAN, USA",,1220,"Fabricated Hot-Rolled Structural Steel Sections, 1 metric ton",,,,,,,,,,,,,,,7800,kg/m3,,,,,,,,,,,,Steel,,,,,4789556099.102.1,Industry Average,,,IBU,,,"ISO 14025, ISO 21930:2017, ISO 14040",Designated Steel Construction Product EPD,,,,,
STR025,4789556099.102.1,,,,,,,,,,US mills averaging in excess,,,,,"CAN, USA",,1220,"Fabricated Hot-Rolled Structural Steel Sections, 1 metric ton",,,,,,,,,,,,,,,7800,kg/m3,,,,,,,,,,,,Steel,,,,,4789556099.102.1,Industry Average,,,IBU,,,"ISO 14025, ISO 21930:2017, ISO 14040",Designated Steel Construction Product EPD,,,,,
STR026,4789556099.102.1,,,,,,,,,,US mills averaging in excess,,,,,"CAN, USA",,1220,"Fabricated Hot-Rolled Structural Steel Sections, 1 metric ton",,,,,,,,,,,,,,,7800,kg/m3,,,,,,,,,,,,Steel,,,,,4789556099.102.1,Industry Average,,,IBU,,,"ISO 14025, ISO 21930:2017, ISO 14040",Designated Steel Construction Product EPD,,,,,
STR027,4789556099.102.1,,,,,,,,,,US mills averaging in excess,,,,,"CAN, USA",,1220,"Fabricated Hot-Rolled Structural Steel Sections, 1 metric ton",,,,,,,,,,,,,,,7800,kg/m3,,,,,,,,,,,,Steel,,,,,4789556099.102.1,Industry Average,,,IBU,,,"ISO 14025, ISO 21930:2017, ISO 14040",Designated Steel Construction Product EPD,,,,,
STR028,4789556099.102.1,,,,,,,,,,US mills averaging in excess,,,,,"CAN, USA",,1220,"Fabricated Hot-Rolled Structural Steel Sections, 1 metric ton",,,,,,,,,,,,,,,7800,kg/m3,,,,,,,,,,,,Steel,,,,,4789556099.102.1,Industry Average,,,IBU,,,"ISO 14025, ISO 21930:2017, ISO 14040",Designated Steel Construction Product EPD,,,,,
STR029,4789556099.102.1,,,,,,,,,,US mills averaging in excess,,,,,"CAN, USA",,1220,"Fabricated Hot-Rolled Structural Steel Sections, 1 metric ton",,,,,,,,,,,,,,,7800,kg/m3,,,,,,,,,,,,Steel,,,,,4789556099.102.1,Industry Average,,,IBU,,,"ISO 14025, ISO 21930:2017, ISO 14040",Designated Steel Construction Product EPD,,,,,
STR030,4789556099.102.1,,,,,,,,,,US mills averaging in excess,,,,,"CAN, USA",,1220,"Fabricated Hot-Rolled Structural Steel Sections, 1 metric ton",,,,,,,,,,,,,,,7800,kg/m3,,,,,,,,,,,,Steel,,,,,4789556099.102.1,Industry Average,,,IBU,,,"ISO 14025, ISO 21930:2017, ISO 14040",Designated Steel Construction Product EPD,,,,,
STR031,4789556099.102.1,,,,,,,,,,US mills averaging in excess,,,,,"CAN, USA",,1220,"Fabricated Hot-Rolled Structural Steel Sections, 1 metric ton",,,,,,,,,,,,,,,7800,kg/m3,,,,,,,,,,,,Steel,,,,,4789556099.102.1,Industry Average,,,IBU,,,"ISO 14025, ISO 21930:2017, ISO 14040",Designated Steel Construction Product EPD,,,,,
STR032,4789556099.102.1,,,,,,,,,,US mills averaging in excess,,,,,"CAN, USA",,1220,"Fabricated Hot-Rolled Structural Steel Sections, 1 metric ton",,,,,,,,,,,,,,,7800,kg/m3,,,,,,,,,,,,Steel,,,,,4789556099.102.1,Industry Average,,,IBU,,,"ISO 14025, ISO 21930:2017, ISO 14040",Designated Steel Construction Product EPD,,,,,
STR033,4789556099.102.1,,,,,,,,,,US mills averaging in excess,,,,,"CAN, USA",,1220,"Fabricated Hot-Rolled Structural Steel Sections, 1 metric ton",,,,,,,,,,,,,,,7800,kg/m3,,,,,,,,,,,,Steel,,,,,4789556099.102.1,Industry Average,,,IBU,,,"ISO 14025, ISO 21930:2017, ISO 14040",Designated Steel Construction Product EPD,,,,,
STR034,4789556099.102.1,,,,,,,,,,US mills averaging in excess,,,,,"CAN, USA",,1220,"Fabricated Hot-Rolled Structural Steel Sections, 1 metric ton",,,,,,,,,,,,,,,7800,kg/m3,,,,,,,,,,,,Steel,,,,,4789556099.102.1,Industry Average,,,IBU,,,"ISO 14025, ISO 21930:2017, ISO 14040",Designated Steel Construction Product EPD,,,,,
STR035,4789556099.102.1,,,,,,,,,,US mills averaging in excess,,,,,"CAN, USA",,1220,"Fabricated Hot-Rolled Structural Steel Sections, 1 metric ton",,,,,,,,,,,,,,,7800,kg/m3,,,,,,,,,,,,Steel,,,,,4789556099.102.1,Industry Average,,,IBU,,,"ISO 14025, ISO 21930:2017, ISO 14040",Designated Steel Construction Product EPD,,,,,
STR036,4789556099.102.1,,,,,,,,,,US mills averaging in excess,,,,,"CAN, USA",,1220,"Fabricated Hot-Rolled Structural Steel Sections, 1 metric ton",,,,,,,,,,,,,,,7800,kg/m3,,,,,,,,,,,,Steel,,,,,4789556099.102.1,Industry Average,,,IBU,,,"ISO 14025, ISO 21930:2017, ISO 14040",Designated Steel Construction Product EPD,,,,,
STR037,4789556099.102.1,,,,,,,,,,US mills averaging in excess,,,,,"CAN, USA",,1220,"Fabricated Hot-Rolled Structural Steel Sections, 1 metric ton",,,,,,,,,,,,,,,7800,kg/m3,,,,,,,,,,,,Steel,,,,,4789556099.102.1,Industry Average,,,IBU,,,"ISO 14025, ISO 21930:2017, ISO 14040",Designated Steel Construction Product EPD,,,,,
STR038,4789556099.102.1,,,,,,,,,,US mills averaging in excess,,,,,"CAN, USA",,1220,"Fabricated Hot-Rolled Structural Steel Sections, 1 metric ton",,,,,,,,,,,,,,,7800,kg/m3,,,,,,,,,,,,Steel,,,,,4789556099.102.1,Industry Average,,,IBU,,,"ISO 14025, ISO 21930:2017, ISO 14040",Designated Steel Construction Product EPD,,,,,
STR039,4789556099.102.1,,,,,,,,,,US mills averaging in excess,,,,,"CAN, USA",,1220,"Fabricated Hot-Rolled Structural Steel Sections, 1 metric ton",,,,,,,,,,,,,,,7800,kg/m3,,,,,,,,,,,,Steel,,,,,4789556099.102.1,Industry Average,,,IBU,,,"ISO 14025, ISO 21930:2017, ISO 14040",Designated Steel Construction Product EPD,,,,,
STR040,4789556099.102.1,,,,,,,,,,US mills averaging in excess,,,,,"CAN, USA",,1220,"Fabricated Hot-Rolled Structural Steel Sections, 1 metric ton",,,,,,,,,,,,,,,7800,kg/m3,,,,,,,,,,,,Steel,,,,,4789556099.102.1,Industry Average,,,IBU,,,"ISO 14025, ISO 21930:2017, ISO 14040",Designated Steel Construction Product EPD,,,,,
STR041,4789556099.102.1,,,,,,,,,,US mills averaging in excess,,,,,"CAN, USA",,1220,"Fabricated Hot-Rolled Structural Steel Sections, 1 metric ton",,,,,,,,,,,,,,,7800,kg/m3,,,,,,,,,,,,Steel,,,,,4789556099.102.1,Industry Average,,,IBU,,,"ISO 14025, ISO 21930:2017, ISO 14040",Designated Steel Construction Product EPD,,,,,
STR042,4789556099.102.1,,,,,,,,,,US mills averaging in excess,,,,,"CAN, USA",,1220,"Fabricated Hot-Rolled Structural Steel Sections, 1 metric ton",,,,,,,,,,,,,,,7800,kg/m3,,,,,,,,,,,,Steel,,,,,4789556099.102.1,Industry Average,,,IBU,,,"ISO 14025, ISO 21930:2017, ISO 14040",Designated Steel Construction Product EPD,,,,,
19e71c,4789559274.101.1,,,,,,,,,,the facilities TM TM located,,,,,"CAN, USA",,29.4,OR DECLARED UNIT,,,,,,,,,,,,,,,28,kg/m3,,,,,,,,,,,,XPS Foam,,,,,4789559274.101.1 Styrofoam Brand XPS Products-Blu,Product-specific,,,UL Environment,,,"ISO 14025, ISO 21930:2017, EN 15804, ISO 14040/44","Building Envelope Thermal Insulation EPD Requirements (UL V2.0, 2018)",,,,,
175f1a,4789559274.102.1,,,,,,,,,,the facilities TM TM located,,,,,"CAN, USA",,18.1,OR DECLARED UNIT,,,,,,,,,,,,,,,28,kg/m3,,,,,,,,,,,,XPS Foam,,,,,4789559274.102.1 North American Grey Reduced,Product-specific,,,UL Environment,,,"ISO 14025, ISO 21930:2017, EN 15804, ISO 14040/44","Building Envelope Thermal Insulation EPD Requirements (UL V2.0, 2018)",,,,,
c630d2,4789559274.103.1,,,,,,,,,,the Pennsauken,,,,,"CAN, USA",,2.39,OR DECLARED UNIT,,,,,,,,,,,,,,,,,,,,,,,,,,,,Polyisocyanurate,,,,,4789559274.103.1 Thermax Products,Product-specific,,,UL Environment,,,"ISO 14025, ISO21930:2017, EN 15804, ISO 14040/44","Building Envelope Thermal Insulation EPD Requirements (UL V2.0, 2018)",,,,,
4k2v0s,4789710952.101.1,,,,,,,,,,Canadian Wood Council,,,,,"CAN, USA",,5.220000000000001,of the underlying LCA study was “the production of one cubic meter (1 m ) of laminated strand,,,,,,,,,,,,,,,500,kg/m3,,,,,,,,,,,,Framing,,,,,4789710952.101.1,Industry Average,,,UL Environment,,,"ISO 14025:2006, ISO 21930:2017, EN 15804, ISO 14040/44","Structural and Architectural Wood Products EPD Requirements, v1.0",,,,,
www115,4789733794.104.1,,,,,,,,,,the Cranberry facility was used,,,,,"CAN, USA",,375.8,OR DECLARED UNIT,,,,,,,,,,,,,,,2800,kg/m3,,,,,,,,,,,,Aluminum,,,,,4789733794.104.1,Product-specific,,,IBU,,,"ISO 14025, ISO 21930:2017, EN 15804",Requirements on the EPD for,,,,,
www116,4789733794.106.1,,,,,,,,,,the Cranberry facility was used,,,,,"CAN, USA",,443.8,OR DECLARED UNIT,,,,,,,,,,,,,,,2800,kg/m3,,,,,,,,,,,,Aluminum,,,,,4789733794.106.1,Product-specific,,,IBU,,,"ISO 14025, ISO 21930:2017, EN 15804",Requirements on the EPD for,,,,,
MPS001,4789771662.103.1,,,,,,,,,,,,,,,,,1185.6,Roll Formed Metal Wall and Roof Panels – 100 m,,,,,,,,,,,,,,,7800,kg/m3,,,,,,,,,,,,Steel,,,,,4789771662.103.1 2,Industry Average,,,UL Environment,External,,"ISO 14025, ISO 21930:2017, EN 15804, ISO 14040","Insulated Metal Panels, Metal Composite Panels, and",,,,,
rnd601,4789773836.101.1,,,,,,,,,,HBS during the year. The,,,,,"CAN, USA",,1.92,OR DECLARED UNIT 2,,,,,,,,,,,,,,,30,kg/m3,,,,,,,,,,,,Spray polyurethane foam,,,,,4789773836.101.1 Heatlok HFO,Product-specific,,,UL Environment,,,"ISO 14025, ISO21930:2017, EN 15804, ISO 14040",Building Envelope Thermal Insulation EPD,,,,,
1cgews,4789793365.101.1,,,,,,,,,,Nucor Steel Auburn,,,,,"CAN, USA",,803,OR DECLARED UNIT,,,,,,,,,,,,,,,7800,kg/m3,,,,,,,,,,,,Steel,,,,,4789793365.101.1,Product-specific,,,IBU,,,"ISO 14025, ISO 21930:2017, EN 15804, ISO 14040",Designated Steel Construction Product EPD,,,,,
3fxswa,4789793365.101.1,,,,,,,,,,Nucor Steel Auburn,,,,,"CAN, USA",,803,OR DECLARED UNIT,,,,,,,,,,,,,,,7800,kg/m3,,,,,,,,,,,,Steel,,,,,4789793365.101.1,Product-specific,,,IBU,,,"ISO 14025, ISO 21930:2017, EN 15804, ISO 14040",Designated Steel Construction Product EPD,,,,,
3vwqxf,4789793365.101.1,,,,,,,,,,Nucor Steel Auburn,,,,,"CAN, USA",,803,OR DECLARED UNIT,,,,,,,,,,,,,,,7800,kg/m3,,,,,,,,,,,,Steel,,,,,4789793365.101.1,Product-specific,,,IBU,,,"ISO 14025, ISO 21930:2017, EN 15804, ISO 14040",Designated Steel Construction Product EPD,,,,,
a03cls,4789793365.101.1,,,,,,,,,,Nucor Steel Auburn,,,,,"CAN, USA",,803,OR DECLARED UNIT,,,,,,,,,,,,,,,7800,kg/m3,,,,,,,,,,,,Steel,,,,,4789793365.101.1,Product-specific,,,IBU,,,"ISO 14025, ISO 21930:2017, EN 15804, ISO 14040",Designated Steel Construction Product EPD,,,,,
bomxc2,4789793365.101.1,,,,,,,,,,Nucor Steel Auburn,,,,,"CAN, USA",,803,OR DECLARED UNIT,,,,,,,,,,,,,,,7800,kg/m3,,,,,,,,,,,,Steel,,,,,4789793365.101.1,Product-specific,,,IBU,,,"ISO 14025, ISO 21930:2017, EN 15804, ISO 14040",Designated Steel Construction Product EPD,,,,,
fdk49v,4789793365.101.1,,,,,,,,,,Nucor Steel Auburn,,,,,"CAN, USA",,803,OR DECLARED UNIT,,,,,,,,,,,,,,,7800,kg/m3,,,,,,,,,,,,Steel,,,,,4789793365.101.1,Product-specific,,,IBU,,,"ISO 14025, ISO 21930:2017, EN 15804, ISO 14040",Designated Steel Construction Product EPD,,,,,
g42xas,4789793365.101.1,,,,,,,,,,Nucor Steel Auburn,,,,,"CAN, USA",,803,OR DECLARED UNIT,,,,,,,,,,,,,,,7800,kg/m3,,,,,,,,,,,,Steel,,,,,4789793365.101.1,Product-specific,,,IBU,,,"ISO 14025, ISO 21930:2017, EN 15804, ISO 14040",Designated Steel Construction Product EPD,,,,,
l2jfis,4789793365.101.1,,,,,,,,,,Nucor Steel Auburn,,,,,"CAN, USA",,803,OR DECLARED UNIT,,,,,,,,,,,,,,,7800,kg/m3,,,,,,,,,,,,Steel,,,,,4789793365.101.1,Product-specific,,,IBU,,,"ISO 14025, ISO 21930:2017, EN 15804, ISO 14040",Designated Steel Construction Product EPD,,,,,
sdf38s,4789793365.101.1,,,,,,,,,,Nucor Steel Auburn,,,,,"CAN, USA",,803,OR DECLARED UNIT,,,,,,,,,,,,,,,7800,kg/m3,,,,,,,,,,,,Steel,,,,,4789793365.101.1,Product-specific,,,IBU,,,"ISO 14025, ISO 21930:2017, EN 15804, ISO 14040",Designated Steel Construction Product EPD,,,,,
CAR001,4789796942.139.1,,,,,,,,,,the United States. Primary data,,,,,"CAN, USA",,30.6,OR DECLARED UNIT Functional Unit = 1 m2 of flooring over RSL of 10 Years,,,,,,,,,,,,,,,,,,,,,,,,,,,,Hardwood,,,,,4789796942.139.1,Product-specific,,,UL Environment,,,"ISO 14025, ISO 21930:2017, EN15804, ISO 14040","Flooring EPD Requirements, v2.0 (September 28, 2018)",,,,,
CAR002,4789796942.140.1.1,,,,,,,,,,the United States. Primary data,,,,,"CAN, USA",,7.22,OR DECLARED UNIT Functional Unit = 1 m2 of flooring over RSL of 10 Years,,,,,,,,,,,,,,,,,,,,,,,,,,,,Hardwood,,,,,4789796942.140.1.1,Product-specific,,,UL Environment,,,"ISO 14025, ISO 21930:2017, EN15804, ISO 14040","Flooring EPD Requirements, v2.0 (September 28, 2018)",,,,,
CAR003,4789796942.141.1,,,,,,,,,,the United States. Primary data,,,,,"CAN, USA",,18.2,OR DECLARED UNIT Functional Unit = 1 m2 of flooring over RSL of 5 Years,,,,,,,,,,,,,,,,,,,,,,,,,,,,Hardwood,,,,,4789796942.141.1,Product-specific,,,UL Environment,,,"ISO 14025, ISO 21930:2017, EN15804, ISO 14040","Flooring EPD Requirements, v2.0 (September 28, 2018)",,,,,
CAR004,4789796942.141.1,,,,,,,,,,the United States. Primary data,,,,,"CAN, USA",,18.2,OR DECLARED UNIT Functional Unit = 1 m2 of flooring over RSL of 5 Years,,,,,,,,,,,,,,,,,,,,,,,,,,,,Hardwood,,,,,4789796942.141.1,Product-specific,,,UL Environment,,,"ISO 14025, ISO 21930:2017, EN15804, ISO 14040","Flooring EPD Requirements, v2.0 (September 28, 2018)",,,,,
RRR110,4789862118.111.1,,,,,,,,,,mixing appropriate proportions of polymer,,,,,"CAN, USA",,4.38,OR DECLARED UNIT,,,,,,,,,,,,,,,23,kg/m3,,,,,,,,,,,,Fiberglass,,,,,4789862118.111.1,Industry Average,,,CSA Group,,,"ISO 14025, ISO21930:2017, ISO 14040","Asphalt Shingles, Built-up Asphalt Membrane Roofing and",,,,,
1a16ad,4789868895.101.1,,,,,,,,,,TM the facilities located in,,,,,"CAN, USA",,3.51,OR DECLARED UNIT,,,,,,,,,,,,,,,28,kg/m3,,,,,,,,,,,,XPS Foam,,,,,4789868895.101.1 Extruded Polystyrene Foam,Product-specific,,,UL Environment,,,"ISO 14025, ISO21930:2017, EN 15804, ISO 14040/44","Building Envelope Thermal Insulation EPD Requirements (UL V2.0, 2018)",,,,,
9ee6d0,4789883337.101.1,,,,,,,,,,Tile Council of North America,,,,,"CAN, USA",,2.18,Part A: Life Cycle Assessment Calculation Rules and Report Requirements (UL,,,,,,,,,,,,,,,,,,,,,,,,,,,,Portland Cement,,,,,4789883337.101.1,Industry Average,,,UL Environment,,,"ISO 14025, ISO 21930, ISO 14040","Cement-based Grout, Adhesive Mortar and Self-Leveling Underlayment EPD",,,,,
INS009,4789973160.110.1,,,,,,,,,,Johns Manville in the United,,,,,"CAN, USA",,0.551,OR DECLARED UNIT,,,,,,,,,,,,,,,23,kg/m3,,,,,,,,,,,,Fiberglass,,,,,4789973160.110.1,Product-specific,,,UL Environment,,,"ISO 14025, ISO21930:2017, EN 15804, ISO 14040","Building Envelope Thermal Insulation EPD Requirements, UL 10010-1",,,,,
SSS004,4789985166.101.1,,,,,,,,,,all SJI member companies who,,,,,"CAN, USA",,1430,"Open web steel joists and joist girders, 1 metric ton",,,,,,,,,,,,,,,7800,kg/m3,,,,,,,,,,,,Steel,,,,,4789985166.101.1,Industry Average,,,IBU,,,"ISO 14025, ISO 21930:2017, ISO 14040",Designated Steel Construction Product EPD,,,,,
LVT012,4789992969.101.1,,,,,,,,,,"Co., Ltd",,,,,,,,OR DECLARED UNIT,,,,,,,,,,,,,,,1700,kg/m3,,,,,,,,,,,,Luxury vinyl tile,,,,,4789992969.101.1,Product-specific,,,UL Environment,,,"ISO 14025, ISO 21930:2017, EN 15804, ISO 14040","Flooring EPD Requirements, UL 10010-7, Version 2.0",,,,,
SSS001,4789995390.101.1,,,,,,,,,,,,,,,"CAN, USA",,2480,OR DECLARED UNIT,,,,,,,,,,,,,,,900,kg/m3,,,,,,,,,,,,Gypsum,,,,,4789995390.101.1,Product-specific,,,UL Environment,,,"ISO 14025, ISO 21930:2017, EN 15804, ISO 14040","Steel Construction Product EPD Requirements, v2.0",,,,,
SSS003,4789995390.101.1,,,,,,,,,,,,,,,"CAN, USA",,2480,OR DECLARED UNIT,,,,,,,,,,,,,,,900,kg/m3,,,,,,,,,,,,Gypsum,,,,,4789995390.101.1,Product-specific,,,UL Environment,,,"ISO 14025, ISO 21930:2017, EN 15804, ISO 14040","Steel Construction Product EPD Requirements, v2.0",,,,,
RRR116,4790050198.101.1,,,,,,,,,,,,,,,"CAN, USA",,343,OR DECLARED UNIT,,,,,,,,,,,,,,,23,kg/m3,,,,,,,,,,,,Fiberglass,,,,,4790050198.101.1,Product-specific,,,UL Environment,,,"ISO 14025, ISO 21930:2017, EN 15804, ISO 14040","REFERENCE PCR AND VERSION NUMBER Asphalt Shingles, Built-up Asphalt membrance Roofing and Modified Bituminous Membrane",,,,,
RRR117,4790050198.102.1,,,,,,,,,,,,,,,"CAN, USA",,299,OR DECLARED UNIT,,,,,,,,,,,,,,,23,kg/m3,,,,,,,,,,,,Fiberglass,,,,,4790050198.102.1,Product-specific,,,UL Environment,,,"ISO 14025, ISO 21930:2017, EN 15804, ISO 14040","REFERENCE PCR AND VERSION NUMBER Asphalt Shingles, Built-up Asphalt membrance Roofing and Modified Bituminous Membrane",,,,,
RRR118,4790050198.103.1,,,,,,,,,,,,,,,"CAN, USA",,453,OR DECLARED UNIT,,,,,,,,,,,,,,,23,kg/m3,,,,,,,,,,,,Fiberglass,,,,,4790050198.103.1,Product-specific,,,UL Environment,,,"ISO 14025, ISO 21930:2017, EN 15804, ISO 14040","REFERENCE PCR AND VERSION NUMBER Asphalt Shingles, Built-up Asphalt membrance Roofing and Modified Bituminous Membrane",,,,,
RRR115,4790050198.104.1,,,,,,,,,,,,,,,"CAN, USA",,280,OR DECLARED UNIT,,,,,,,,,,,,,,,23,kg/m3,,,,,,,,,,,,Fiberglass,,,,,4790050198.104.1,Product-specific,,,UL Environment,,,"ISO 14025, ISO 21930:2017, EN 15804, ISO 14040","REFERENCE PCR AND VERSION NUMBER Asphalt Shingles, Built-up Asphalt membrance Roofing and Modified Bituminous Membrane",,,,,
RRR112,4790050198.105.1,,,,,,,,,,,,,,,"CAN, USA",,282,OR DECLARED UNIT,,,,,,,,,,,,,,,23,kg/m3,,,,,,,,,,,,Fiberglass,,,,,4790050198.105.1,Product-specific,,,UL Environment,,,"ISO 14025, ISO 21930:2017, EN 15804, ISO 14040","REFERENCE PCR AND VERSION NUMBER Asphalt Shingles, Built-up Asphalt membrance Roofing and Modified Bituminous Membrane",,,,,
RRR113,4790050198.105.1,,,,,,,,,,,,,,,"CAN, USA",,282,OR DECLARED UNIT,,,,,,,,,,,,,,,23,kg/m3,,,,,,,,,,,,Fiberglass,,,,,4790050198.105.1,Product-specific,,,UL Environment,,,"ISO 14025, ISO 21930:2017, EN 15804, ISO 14040","REFERENCE PCR AND VERSION NUMBER Asphalt Shingles, Built-up Asphalt membrance Roofing and Modified Bituminous Membrane",,,,,
RRR114,4790050198.106.1,,,,,,,,,,,,,,,"CAN, USA",,225,OR DECLARED UNIT,,,,,,,,,,,,,,,23,kg/m3,,,,,,,,,,,,Fiberglass,,,,,4790050198.106.1,Product-specific,,,UL Environment,,,"ISO 14025, ISO 21930:2017, EN 15804, ISO 14040","REFERENCE PCR AND VERSION NUMBER Asphalt Shingles, Built-up Asphalt membrance Roofing and Modified Bituminous Membrane",,,,,
LVT007,4790050503.103.1,,,,,,,,,,several stages beginning with the,,,,,"CAN, USA",,9.59,= 1 m2 of flooring over RSL of 15 years,,,,,,,,,,,,,,,1700,kg/m3,,,,,,,,,,,,Luxury vinyl tile,,,,,4790050503.103.1,Generic,,,UL Environment,,,"ISO 14025, ISO 21930:2017, EN15804, ISO 14040","Flooring EPD Requirements, v2.0 (September 28, 2018)",,,,,
INS041,4790550934-101.1,,,,,,,,,,the United States. Primary data,,,,,,,1.12,OR DECLARED UNIT resistance RSI=1 m2·K/W,,,,,,,,,,,,,,,30,kg/m3,,,,,,,,,,,,Spray polyurethane foam,,,,,4790550934.101.1,Product-specific,,,UL Environment,,,"ISO 14025, ISO21930:2017, EN 15804, ISO 14040","Building Envelope Thermal Insulation EPD Requirements (UL Environment,",,,,,
INS042,4790550934-101.1,,,,,,,,,,the United States. Primary data,,,,,,,1.12,OR DECLARED UNIT resistance RSI=1 m2·K/W,,,,,,,,,,,,,,,30,kg/m3,,,,,,,,,,,,Spray polyurethane foam,,,,,4790550934.101.1,Product-specific,,,UL Environment,,,"ISO 14025, ISO21930:2017, EN 15804, ISO 14040","Building Envelope Thermal Insulation EPD Requirements (UL Environment,",,,,,
INS044,4790550934-101.1,,,,,,,,,,the United States. Primary data,,,,,,,1.12,OR DECLARED UNIT resistance RSI=1 m2·K/W,,,,,,,,,,,,,,,30,kg/m3,,,,,,,,,,,,Spray polyurethane foam,,,,,4790550934.101.1,Product-specific,,,UL Environment,,,"ISO 14025, ISO21930:2017, EN 15804, ISO 14040","Building Envelope Thermal Insulation EPD Requirements (UL Environment,",,,,,
INS046,4790550934-101.1,,,,,,,,,,the United States. Primary data,,,,,,,1.12,OR DECLARED UNIT resistance RSI=1 m2·K/W,,,,,,,,,,,,,,,30,kg/m3,,,,,,,,,,,,Spray polyurethane foam,,,,,4790550934.101.1,Product-specific,,,UL Environment,,,"ISO 14025, ISO21930:2017, EN 15804, ISO 14040","Building Envelope Thermal Insulation EPD Requirements (UL Environment,",,,,,
INS047,4790550934-101.1,,,,,,,,,,the United States. Primary data,,,,,,,1.12,OR DECLARED UNIT resistance RSI=1 m2·K/W,,,,,,,,,,,,,,,30,kg/m3,,,,,,,,,,,,Spray polyurethane foam,,,,,4790550934.101.1,Product-specific,,,UL Environment,,,"ISO 14025, ISO21930:2017, EN 15804, ISO 14040","Building Envelope Thermal Insulation EPD Requirements (UL Environment,",,,,,
EPS000,4790678084.101.1,,,,,,,,,,EPS-IA member companies. The EPD,,,,,"CAN, USA",,2.38,or Declared Unit,,,,,,,,,,,,,,,25,kg/m3,,,,,,,,,,,,EPS Foam,,,,,4790678084.101.1 EPS Thermal Insulation,Industry Average,,,UL Environment,,,"ISO 14025, ISO 21930:2017, EN 15804, ISO 14040","Building Envelope Thermal Insulation EPD Requirements (UL, v2.0, 2018)",,,,,
EPS001,4790678084.101.1,,,,,,,,,,EPS-IA member companies. The EPD,,,,,"CAN, USA",,2.38,or Declared Unit,,,,,,,,,,,,,,,25,kg/m3,,,,,,,,,,,,EPS Foam,,,,,4790678084.101.1 EPS Thermal Insulation,Industry Average,,,UL Environment,,,"ISO 14025, ISO 21930:2017, EN 15804, ISO 14040","Building Envelope Thermal Insulation EPD Requirements (UL, v2.0, 2018)",,,,,
EPS002,4790678084.101.1,,,,,,,,,,EPS-IA member companies. The EPD,,,,,"CAN, USA",,2.38,or Declared Unit,,,,,,,,,,,,,,,25,kg/m3,,,,,,,,,,,,EPS Foam,,,,,4790678084.101.1 EPS Thermal Insulation,Industry Average,,,UL Environment,,,"ISO 14025, ISO 21930:2017, EN 15804, ISO 14040","Building Envelope Thermal Insulation EPD Requirements (UL, v2.0, 2018)",,,,,
EPS003,4790678084.101.1,,,,,,,,,,EPS-IA member companies. The EPD,,,,,"CAN, USA",,2.38,or Declared Unit,,,,,,,,,,,,,,,25,kg/m3,,,,,,,,,,,,EPS Foam,,,,,4790678084.101.1 EPS Thermal Insulation,Industry Average,,,UL Environment,,,"ISO 14025, ISO 21930:2017, EN 15804, ISO 14040","Building Envelope Thermal Insulation EPD Requirements (UL, v2.0, 2018)",,,,,
LIN005,4790690881.101.1,,,,,,,,,,P.O. Box 13,,,,,,,,of 1m² installed flooring product.,,,,,,,,,,,,,,,,,,,,,,,,,,,,,,,,,4790690881.101.1,,,,UL Environment,,,"ISO 14025, EN 15804, ISO 14040",Declarations — Core rules for the product category of construction products,,,,,
e075b4,4790690881.101.1,,,,,,,,,,P.O. Box 13,,,,,,,,of 1m² installed flooring product.,,,,,,,,,,,,,,,,,,,,,,,,,,,,,,,,,4790690881.101.1,,,,UL Environment,,,"ISO 14025, EN 15804, ISO 14040",Declarations — Core rules for the product category of construction products,,,,,
b8ldec,4937-6316,,,,,,,,,,Long Products Canada,,,,,,,1.2855,The selected declared unit (DU) for this study is 1 metric ton of uncoated fabricated rebar or uncoated fabricated,,,,,,,,,,,,,,,7800,kg/m3,,,,,,,,,,,,Steel,,,,,EPD,,,,CSA Group,External,,"ISO 14025, ISO 21930:2007, ISO 14040, CAN/CSA-ISO 14025",SCS Global,,,,,
kb2gox,4937-6316,,,,,,,,,,Long Products Canada,,,,,,,1.2855,The selected declared unit (DU) for this study is 1 metric ton of uncoated fabricated rebar or uncoated fabricated,,,,,,,,,,,,,,,7800,kg/m3,,,,,,,,,,,,Steel,,,,,EPD,,,,CSA Group,External,,"ISO 14025, ISO 21930:2007, ISO 14040, CAN/CSA-ISO 14025",SCS Global,,,,,
l29vks,4937-6316,,,,,,,,,,Long Products Canada,,,,,,,1.2855,The selected declared unit (DU) for this study is 1 metric ton of uncoated fabricated rebar or uncoated fabricated,,,,,,,,,,,,,,,7800,kg/m3,,,,,,,,,,,,Steel,,,,,EPD,,,,CSA Group,External,,"ISO 14025, ISO 21930:2007, ISO 14040, CAN/CSA-ISO 14025",SCS Global,,,,,
www119,494,,,,,,,2023-09-30,,,"EFCO, LLC, a part of Apogee Enterprises, Inc.",,,,,,,182.61,"EFCO Fixed, Projected, Casement, Hung, and Sliding Windows –",,,,,,,,,,,,,,,2800,kg/m3,,,,,,,,,,,,Aluminum,,,,,494,Product-specific,,,ASTM International,External,,"ISO 14025, ISO 21930, ISO 14040",,,,,,
www120,494,,,,,,,2023-09-30,,,"EFCO, LLC, a part of Apogee Enterprises, Inc.",,,,,,,182.61,"EFCO Fixed, Projected, Casement, Hung, and Sliding Windows –",,,,,,,,,,,,,,,2800,kg/m3,,,,,,,,,,,,Aluminum,,,,,494,Product-specific,,,ASTM International,External,,"ISO 14025, ISO 21930, ISO 14040",,,,,,
LAM010,5915-5885,,,,,,,2023-11-10,,,Nordic Structures located in Chibougamau,,,,,,,,"In LCA, a reference unit is defined based on the quantified performance (functions) of the",,,,,,,,,,,,,,,569,kg/m3,,,,,,,,,,,,Glulam,,,,,Nordic Structures EPD RECIPIENT ORGANIZATION,,,,CSA Group,External,,"ISO 14025, ISO 21930, ISO 14040, CAN/CSA- ISO 14025",Structural and Architectural,,,,,
LAM011,5960-4998,,,,,,,2023-11-10,,,Nordic Structures located in Chibougamau,,,,,,,,One cubic meter (1 m3) of Nordic X-LamTM,,,,,,,,,,,,,,,523,kg/m3,,,,,,,,,,,,Engineered wood,,,,,Nordic Structures EPD RECIPIENT ORGANIZATION,,,,CSA Group,External,,"ISO 14025, ISO 21930, ISO 14040, CAN/CSA- ISO 14025",Structural and Architectural,,,,,
EWF001,6742-7944,,,,,,,,,,Wickham Hardwood Flooring,,,,,,,104.3,Primary data,,,,,,,,,,,,,,,,,,,,,,,,,,,,Hardwood,,,,,EPD,Product-specific,,,CSA Group,External,,"ISO 14025, ISO 21930:2017, EN 15804, ISO 14040",Flooring EPD Requirements. Version 2.0.,,,,,
WWF001,6742-7944,,,,,,,,,,Wickham Hardwood Flooring,,,,,,,104.3,Primary data,,,,,,,,,,,,,,,,,,,,,,,,,,,,Hardwood,,,,,EPD,Product-specific,,,CSA Group,External,,"ISO 14025, ISO 21930:2017, EN 15804, ISO 14040",Flooring EPD Requirements. Version 2.0.,,,,,
8b5828,#7730-2734,,,,,,,2019-12-24,,,,,,,,,,,guidelines on how to conduct the LCA of the product.,,,,,,,,,,,,,,,2800,kg/m3,,,,,,,,,,,,Aluminum,,,,,7730-2734 EPD recipient organization AluQu,,,,CSA Group,External,,"ISO 14025, ISO 21930, ISO 14040, CAN/CSA-ISO 14025",Cradle to Gate Windows Product Category Rule v 1.02 (30171600:2015),,,,,
www117,7730-2734,,,,,,,2019-12-24,,,,,,,,,,,guidelines on how to conduct the LCA of the product.,,,,,,,,,,,,,,,2800,kg/m3,,,,,,,,,,,,Aluminum,,,,,7730-2734 EPD recipient organization AluQu,,,,CSA Group,External,,"ISO 14025, ISO 21930, ISO 14040, CAN/CSA-ISO 14025",Cradle to Gate Windows Product Category Rule v 1.02 (30171600:2015),,,,,
MPS003,7740-1109,,,,,,,2023-11-29,,,ArcelorMittal Dofasco G.P.,,,,,CAN,,1364.28,1 metric ton,,,,,,,,,,,,,,,7800,kg/m3,,,,,,,,,,,,Steel,,,,,7740-1109 Declaration product,Product-specific,,,CSA Group,External,,"ISO 14025, ISO 21930, EN 15804, ISO 14040, CAN/CSA-ISO 14025",Designated Steel Construction Product EPD Requirements,,,,,
Cel001,AFT-20200701-001,,,,,,,,,,several defined by the functional,,,,,,,,/ reference service life:,,,,,,,,,,,,,,,25.214,kg/m3,,,,,,,,,,,,Cellulose,,,,,,Product-specific,,,UL Environment,,,"ISO 14025, ISO 21930:2017, EN 15804",Benchmarking,,,,,
Cel003,AFT-20200701-001,,,,,,,,,,several defined by the functional,,,,,,,,/ reference service life:,,,,,,,,,,,,,,,25.214,kg/m3,,,,,,,,,,,,Cellulose,,,,,,Product-specific,,,UL Environment,,,"ISO 14025, ISO 21930:2017, EN 15804",Benchmarking,,,,,
Cel002,AGG-20221209-001,,,,,,,,,,,,,,,,,,/ reference service life:,,,,,,,,,,,,,,,17.1,kg/m3,,,,,,,,,,,,Cellulose,,,,,,,,,UL Environment,,,"ISO 14025, ISO 21930:2017",Building Envelope Thermal,,,,,
cel004,AGG-20221209-001,,,,,,,,,,,,,,,,,,/ reference service life:,,,,,,,,,,,,,,,17.1,kg/m3,,,,,,,,,,,,Cellulose,,,,,,,,,UL Environment,,,"ISO 14025, ISO 21930:2017",Building Envelope Thermal,,,,,
TPO000,ASTM-EPD425,,,,,,,,,,,,,,,,,,and therefore do not provide sufficient information to establish,,,,,,,,,,,,,,,,,,,,,,,,,,,,Polyisocyanurate,,,,,,,,,NSF International,,,"ISO 14025, ISO 21930:2017, ISO 14040",and Environmental,,,,,
INS021,BAU-EPD-FASBA-2019-01-GABI,,,,,,,,,,,,,,,,,,,,,,,,,,,,,,,,,,,,,,,,,,,,,,,,,,,,,,,,,,"ISO 14025, EN 15804, ISO 14040",,,,,,
CCF001,BAU-EPD-Perlmooser-2022-1-Ecoinvent,,,,,,,,,,,,,,,,,,,,,,,,,,,,,,,,,,,,,,,,,,,,,,,,,,,,,,,IBU,,,"ISO 14025, EN 15804+A2, ISO 14040",,,,,,
INS000,B-EPD n° 21-0123-002-00.00-EN,,,,,,,2026-03-17,,,nor LCA practitioner.,,,,,,,,DESCRIPTION OF THE PRODUCTION PROCESS,,,,,,,,,,,,,,,140,kg/m3,,,,,,,,,,,,Engineered wood,,,,,,,,,,External,,"ISO 14025, EN 15804+A2, ISO 14040",,,,,,
INT009,B-EPD n° 21-0123-002-00.00-EN,,,,,,,2026-03-17,,,nor LCA practitioner.,,,,,,,,DESCRIPTION OF THE PRODUCTION PROCESS,,,,,,,,,,,,,,,140,kg/m3,,,,,,,,,,,,Engineered wood,,,,,,,,,,External,,"ISO 14025, EN 15804+A2, ISO 14040",,,,,,
INS002,CENIA 01.03.2023,,,,,,,,,,,,,,,,,,,,,,,,,,,,,,,,,,,,,,,,,,,,,,,,,,,,,,,,Internal,,"ISO 14025:2006, EN 15804:2012, ISO 14040",,,,,,
1ca576,CIM – 20191223 – 001,,,,,,,,,,several manufacturing steps that involve,,,,,,,,/ reference service life:,,,,,,,,,,,,,,,,,,,,,,,,,,,,Cellulose,,,,,,,,,UL Environment,,,"ISO 14025, ISO 21930:2017, EN 15804",Building Envelope Thermal Insulation,,,,,
967ad6,CIM – 20191223 – 001,,,,,,,,,,several manufacturing steps that involve,,,,,,,,/ reference service life:,,,,,,,,,,,,,,,,,,,,,,,,,,,,Cellulose,,,,,,,,,UL Environment,,,"ISO 14025, ISO 21930:2017, EN 15804",Building Envelope Thermal Insulation,,,,,
fc7d3a,CIM – 20191223 – 001,,,,,,,,,,several manufacturing steps that involve,,,,,,,,/ reference service life:,,,,,,,,,,,,,,,,,,,,,,,,,,,,Cellulose,,,,,,,,,UL Environment,,,"ISO 14025, ISO 21930:2017, EN 15804",Building Envelope Thermal Insulation,,,,,
PLY000,EP397,,,,,,,,,,Canadian Wood Council,,,,,"CAN, USA",,5.220000000000001,of the underlying LCA study was “the production of one cubic meter (1 m ) of softwood plywood,,,,,,,,,,,,,,,500,kg/m3,,,,,,,,,,,,Plywood,,,,,4788424634.103.1,Industry Average,,,UL Environment,,,"ISO 14025:2006, ISO 21930:2017, EN 15804, ISO 14040/44","Structural and Architectural Wood Products EPD Requirements, v1.0",,,,,
PLY001,EP397,,,,,,,,,,Canadian Wood Council,,,,,"CAN, USA",,5.220000000000001,of the underlying LCA study was “the production of one cubic meter (1 m ) of softwood plywood,,,,,,,,,,,,,,,500,kg/m3,,,,,,,,,,,,Plywood,,,,,4788424634.103.1,Industry Average,,,UL Environment,,,"ISO 14025:2006, ISO 21930:2017, EN 15804, ISO 14040/44","Structural and Architectural Wood Products EPD Requirements, v1.0",,,,,
PLY002,EP397,,,,,,,,,,Canadian Wood Council,,,,,"CAN, USA",,5.220000000000001,of the underlying LCA study was “the production of one cubic meter (1 m ) of softwood plywood,,,,,,,,,,,,,,,500,kg/m3,,,,,,,,,,,,Plywood,,,,,4788424634.103.1,Industry Average,,,UL Environment,,,"ISO 14025:2006, ISO 21930:2017, EN 15804, ISO 14040/44","Structural and Architectural Wood Products EPD Requirements, v1.0",,,,,
SPF000,EP398,,,,,,,2028-02-20,,,British Columbia According to EN,,,,,,,45.86,Columbia,,,,,,,,,,,,,,,500,kg/m3,,,,,,,,,,,,Plywood,,,,,EPD 398,Product-specific,,,ASTM International,External,,"ISO 14025, ISO 21930, EN 15804, ISO 14040","Structural and Architectural Wood Products EPD Requirements, v1.1",,,,,
SPF001,EP398,,,,,,,2028-02-20,,,British Columbia According to EN,,,,,,,45.86,Columbia,,,,,,,,,,,,,,,500,kg/m3,,,,,,,,,,,,Plywood,,,,,EPD 398,Product-specific,,,ASTM International,External,,"ISO 14025, ISO 21930, EN 15804, ISO 14040","Structural and Architectural Wood Products EPD Requirements, v1.1",,,,,
SPF002,EP398,,,,,,,2028-02-20,,,British Columbia According to EN,,,,,,,45.86,Columbia,,,,,,,,,,,,,,,500,kg/m3,,,,,,,,,,,,Plywood,,,,,EPD 398,Product-specific,,,ASTM International,External,,"ISO 14025, ISO 21930, EN 15804, ISO 14040","Structural and Architectural Wood Products EPD Requirements, v1.1",,,,,
2014f0,EPD-003,,,,,,,,,,the U.S. average grid.,,,,,"CAN, USA",,,"Reference PCR Part A: PCR for building-related products, 2018",,,,,,,,,,,,,,,,,,,,,,,,,,,,,,,,,EPD-0003,Product-specific,,,ASTM International,,,"ISO 14025, ISO 21930, EN 15804, ISO 14040",Flooring EPD Requirements,,,,,
a3d86b,EPD‐009,,,,,,,2014-15-08,,,Chemical Fabrics and Film Association,,,,,,,4.26,1 m²,,,,,,,,,,,,,,,,,,,,,,,,,,,,,,,,,EPD,,,,IBU,,,"ISO 14025, ISO 21930, EN 15804:2012, ISO 14040",35 Bracebridge Rd.,,,,,
1a89c6,EPD-038,,,,,,,,,,Product group Date of Issue Period of Validity Declaration Number,,,,,,,358,"1,000 square feet (1MSF) of Glass Mat Gypsum Panel",,,,,,,,,,,,,,,900,kg/m3,,,,,,,,,,,,Gypsum,,,,,EPD- 038,Industry Average,,,ASTM International,,,"ISO 14025, ISO 21930, EN 15804:2012, ISO 14040",35 Bracebridge Rd.,,,,,
b23a5c,EPD-038,,,,,,,,,,Product group Date of Issue Period of Validity Declaration Number,,,,,,,358,"1,000 square feet (1MSF) of Glass Mat Gypsum Panel",,,,,,,,,,,,,,,900,kg/m3,,,,,,,,,,,,Gypsum,,,,,EPD- 038,Industry Average,,,ASTM International,,,"ISO 14025, ISO 21930, EN 15804:2012, ISO 14040",35 Bracebridge Rd.,,,,,
21a5bb,EPD-054,,,,,,,,,,Arriscraft,,,,,,,521,is 100 Square Feet of Natural Stone Cladding – as Manufactured at Arriscraft’s,,,,,,,,,,,,,,,1500,kg/m3,,,,,,,,,,,,Brick,,,,,EPD-054,,,,ASTM International,External,,"ISO 14025:2006, ISO 21930:2007, EN 15804:2012, ISO 14040",Underwriters Laboratory Product Category Rule (PCR),,,,,
INS040,EPD 070,,,,,,,,,,each member,,,,,,,4.05,1 m³,,,,,,,,,,,,,,,30,kg/m3,,,,,,,,,,,,Spray polyurethane foam,,,,,EPD-070 Declaration Information Declaration,,,,ASTM International,External,,"ISO 14025, ISO 21930, EN 15804, ISO 14040","– Thomas Gloria, PhD (chair)",,,,,
INS043,EPD 070,,,,,,,,,,each member,,,,,,,4.05,1 m³,,,,,,,,,,,,,,,30,kg/m3,,,,,,,,,,,,Spray polyurethane foam,,,,,EPD-070 Declaration Information Declaration,,,,ASTM International,External,,"ISO 14025, ISO 21930, EN 15804, ISO 14040","– Thomas Gloria, PhD (chair)",,,,,
INS045,EPD 070,,,,,,,,,,each member,,,,,,,4.05,1 m³,,,,,,,,,,,,,,,30,kg/m3,,,,,,,,,,,,Spray polyurethane foam,,,,,EPD-070 Declaration Information Declaration,,,,ASTM International,External,,"ISO 14025, ISO 21930, EN 15804, ISO 14040","– Thomas Gloria, PhD (chair)",,,,,
7f7bd8,EPD-073,,,,,,,2017-23-10,,,GCP Applied Technologies Inc.,,,,,,,2.4,One square meter (1m ) of waterproofing membrane,,,,,,,,,,,,,,,,,,,,,,,,,,,,Membrane,,,,,EPD-073 EPD Information,Product-specific,,,ASTM International,,,"ISO 14025, ISO 21930, EN 15804:2012, ISO 14040/44",35 Bracebridge Rd.,,,,,
8ded24,EPD-087,,,,,,,,,,each member,,,,,,,3.83,1 m²,,,,,,,,,,,,,,,30,kg/m3,,,,,,,,,,,,Spray polyurethane foam,,,,,EPD-087 1 Declaration Number,,,,ASTM International,External,,"ISO 14025, ISO 21930, EN 15804, ISO 14040","– Thomas Gloria, PhD (chair)",,,,,
dc197c,EPD-087,,,,,,,,,,each member,,,,,,,3.83,1 m²,,,,,,,,,,,,,,,30,kg/m3,,,,,,,,,,,,Spray polyurethane foam,,,,,EPD-087 1 Declaration Number,,,,ASTM International,External,,"ISO 14025, ISO 21930, EN 15804, ISO 14040","– Thomas Gloria, PhD (chair)",,,,,
CMU004,EPD-088,,,,,,,,,,Boehmers,,,,,,,158,Declaration Number,,,,,,,,,,,,,,,,,,,,,,,,,,,,Portland Cement,,,,,1 m3 CMU EPD-088 Declaration,,,,ASTM International,,,"ISO 14025, ISO 21930",Email: info@industrial-ecology.com,,,,,
CMU005,EPD-088,,,,,,,,,,Boehmers,,,,,,,158,Declaration Number,,,,,,,,,,,,,,,,,,,,,,,,,,,,Portland Cement,,,,,1 m3 CMU EPD-088 Declaration,,,,ASTM International,,,"ISO 14025, ISO 21930",Email: info@industrial-ecology.com,,,,,
1ea5e4,EPD10092,,,,,,,,,,,,,,,,,3,The declared unit is 1 cubic meter of ready mixed concrete product. Key product variables include:,,,,,,,,,,,,,,,,,,,,,,,,,,,,Portland Cement,,,,,,,,,NSF International,External,,"ISO 14025, ISO 21930, EN 15804:2012, ISO 14040",for ISO 14025 Type III,,,,,
38d491,EPD10092,,,,,,,,,,,,,,,,,3,The declared unit is 1 cubic meter of ready mixed concrete product. Key product variables include:,,,,,,,,,,,,,,,,,,,,,,,,,,,,Portland Cement,,,,,,,,,NSF International,External,,"ISO 14025, ISO 21930, EN 15804:2012, ISO 14040",for ISO 14025 Type III,,,,,
43fc51,EPD10092,,,,,,,,,,,,,,,,,3,The declared unit is 1 cubic meter of ready mixed concrete product. Key product variables include:,,,,,,,,,,,,,,,,,,,,,,,,,,,,Portland Cement,,,,,,,,,NSF International,External,,"ISO 14025, ISO 21930, EN 15804:2012, ISO 14040",for ISO 14025 Type III,,,,,
4e0f8a,EPD10092,,,,,,,,,,,,,,,,,3,The declared unit is 1 cubic meter of ready mixed concrete product. Key product variables include:,,,,,,,,,,,,,,,,,,,,,,,,,,,,Portland Cement,,,,,,,,,NSF International,External,,"ISO 14025, ISO 21930, EN 15804:2012, ISO 14040",for ISO 14025 Type III,,,,,
6ed061,EPD10092,,,,,,,,,,,,,,,,,3,The declared unit is 1 cubic meter of ready mixed concrete product. Key product variables include:,,,,,,,,,,,,,,,,,,,,,,,,,,,,Portland Cement,,,,,,,,,NSF International,External,,"ISO 14025, ISO 21930, EN 15804:2012, ISO 14040",for ISO 14025 Type III,,,,,
7de1da,EPD10092,,,,,,,,,,,,,,,,,3,The declared unit is 1 cubic meter of ready mixed concrete product. Key product variables include:,,,,,,,,,,,,,,,,,,,,,,,,,,,,Portland Cement,,,,,,,,,NSF International,External,,"ISO 14025, ISO 21930, EN 15804:2012, ISO 14040",for ISO 14025 Type III,,,,,
814de3,EPD10092,,,,,,,,,,,,,,,,,3,The declared unit is 1 cubic meter of ready mixed concrete product. Key product variables include:,,,,,,,,,,,,,,,,,,,,,,,,,,,,Portland Cement,,,,,,,,,NSF International,External,,"ISO 14025, ISO 21930, EN 15804:2012, ISO 14040",for ISO 14025 Type III,,,,,
897eab,EPD10092,,,,,,,,,,,,,,,,,3,The declared unit is 1 cubic meter of ready mixed concrete product. Key product variables include:,,,,,,,,,,,,,,,,,,,,,,,,,,,,Portland Cement,,,,,,,,,NSF International,External,,"ISO 14025, ISO 21930, EN 15804:2012, ISO 14040",for ISO 14025 Type III,,,,,
a6839d,EPD10092,,,,,,,,,,,,,,,,,3,The declared unit is 1 cubic meter of ready mixed concrete product. Key product variables include:,,,,,,,,,,,,,,,,,,,,,,,,,,,,Portland Cement,,,,,,,,,NSF International,External,,"ISO 14025, ISO 21930, EN 15804:2012, ISO 14040",for ISO 14025 Type III,,,,,
ad41fc,EPD10092,,,,,,,,,,,,,,,,,3,The declared unit is 1 cubic meter of ready mixed concrete product. Key product variables include:,,,,,,,,,,,,,,,,,,,,,,,,,,,,Portland Cement,,,,,,,,,NSF International,External,,"ISO 14025, ISO 21930, EN 15804:2012, ISO 14040",for ISO 14025 Type III,,,,,
b069b6,EPD10092,,,,,,,,,,,,,,,,,3,The declared unit is 1 cubic meter of ready mixed concrete product. Key product variables include:,,,,,,,,,,,,,,,,,,,,,,,,,,,,Portland Cement,,,,,,,,,NSF International,External,,"ISO 14025, ISO 21930, EN 15804:2012, ISO 14040",for ISO 14025 Type III,,,,,
b1d6d5,EPD10092,,,,,,,,,,,,,,,,,3,The declared unit is 1 cubic meter of ready mixed concrete product. Key product variables include:,,,,,,,,,,,,,,,,,,,,,,,,,,,,Portland Cement,,,,,,,,,NSF International,External,,"ISO 14025, ISO 21930, EN 15804:2012, ISO 14040",for ISO 14025 Type III,,,,,
be7b88,EPD10092,,,,,,,,,,,,,,,,,3,The declared unit is 1 cubic meter of ready mixed concrete product. Key product variables include:,,,,,,,,,,,,,,,,,,,,,,,,,,,,Portland Cement,,,,,,,,,NSF International,External,,"ISO 14025, ISO 21930, EN 15804:2012, ISO 14040",for ISO 14025 Type III,,,,,
cfa664,EPD10092,,,,,,,,,,,,,,,,,3,The declared unit is 1 cubic meter of ready mixed concrete product. Key product variables include:,,,,,,,,,,,,,,,,,,,,,,,,,,,,Portland Cement,,,,,,,,,NSF International,External,,"ISO 14025, ISO 21930, EN 15804:2012, ISO 14040",for ISO 14025 Type III,,,,,
d873ca,EPD10092,,,,,,,,,,,,,,,,,3,The declared unit is 1 cubic meter of ready mixed concrete product. Key product variables include:,,,,,,,,,,,,,,,,,,,,,,,,,,,,Portland Cement,,,,,,,,,NSF International,External,,"ISO 14025, ISO 21930, EN 15804:2012, ISO 14040",for ISO 14025 Type III,,,,,
dac0ae,EPD10092,,,,,,,,,,,,,,,,,3,The declared unit is 1 cubic meter of ready mixed concrete product. Key product variables include:,,,,,,,,,,,,,,,,,,,,,,,,,,,,Portland Cement,,,,,,,,,NSF International,External,,"ISO 14025, ISO 21930, EN 15804:2012, ISO 14040",for ISO 14025 Type III,,,,,
dad6dc,EPD10092,,,,,,,,,,,,,,,,,3,The declared unit is 1 cubic meter of ready mixed concrete product. Key product variables include:,,,,,,,,,,,,,,,,,,,,,,,,,,,,Portland Cement,,,,,,,,,NSF International,External,,"ISO 14025, ISO 21930, EN 15804:2012, ISO 14040",for ISO 14025 Type III,,,,,
e72bcd,EPD10092,,,,,,,,,,,,,,,,,3,The declared unit is 1 cubic meter of ready mixed concrete product. Key product variables include:,,,,,,,,,,,,,,,,,,,,,,,,,,,,Portland Cement,,,,,,,,,NSF International,External,,"ISO 14025, ISO 21930, EN 15804:2012, ISO 14040",for ISO 14025 Type III,,,,,
LVT004,EPD10156,,,,,,,,,,,,,,,,,6.18,is considered negligible. It,,,,,,,,,,,,,,,1700,kg/m3,,,,,,,,,,,,Luxury vinyl tile,,,,,,,,,NSF International,,,"ISO 14025, ISO 21930:2017, EN 15804, ISO 14040/44",,,,,,
LVT009,EPD10158,,,,,,,,,,,,,,,,,6.6,is considered negligible.,,,,,,,,,,,,,,,1700,kg/m3,,,,,,,,,,,,Luxury vinyl tile,,,,,,,,,NSF International,,,"ISO 14025, ISO 21930:2017, EN 15804, ISO 14040/44",,,,,,
GYP002,EPD10268,,,,,,,,,,,,,,,,,454,"1000 square feet, commonly referred to as MSF",,,,,,,,,,,,,,,23,kg/m3,,,,,,,,,,,,Fiberglass,,,,,,,,,NSF International,,,"ISO 14025, ISO 21930, EN 15804, ISO 14040","NSF International, Product Category Rules for North American",,,,,
CER001,EPD10277,,,,,,,,,,the facility located in Lebanon,,,,,"CAN, USA",,11.6,1 square meter of installed flooring and with a building service life of 75,,,,,,,,,,,,,,,,,,,,,,,,,,,,,,,,,EPD10277 Porcelain Floor Tile,Product-specific,,,IBU,,,"ISO 14025, ISO 21930:2017, EN 15804, ISO 14040/44","Flooring EPD Requirements. UL 10010-7, September 28, 2018",,,,,
1a5a48,EPD10294,,,,,,,,,,,,,,,,,194.24,The declared units are 1 cubic meter and 1 cubic yard for 72 ready mixed concrete products. Key product variables,,,,,,,,,,,,,,,,,,,,,,,,,,,,Portland Cement,,,,,,,,,NSF International,External,,"ISO 14025:2006, ISO 21930:2017, EN 15804:2012, ISO 14040","for Concrete Version 1 (February 22, 2019) serves as",,,,,
43fe24,EPD10294,,,,,,,,,,,,,,,,,194.24,The declared units are 1 cubic meter and 1 cubic yard for 72 ready mixed concrete products. Key product variables,,,,,,,,,,,,,,,,,,,,,,,,,,,,Portland Cement,,,,,,,,,NSF International,External,,"ISO 14025:2006, ISO 21930:2017, EN 15804:2012, ISO 14040","for Concrete Version 1 (February 22, 2019) serves as",,,,,
809f93,EPD10294,,,,,,,,,,,,,,,,,194.24,The declared units are 1 cubic meter and 1 cubic yard for 72 ready mixed concrete products. Key product variables,,,,,,,,,,,,,,,,,,,,,,,,,,,,Portland Cement,,,,,,,,,NSF International,External,,"ISO 14025:2006, ISO 21930:2017, EN 15804:2012, ISO 14040","for Concrete Version 1 (February 22, 2019) serves as",,,,,
900b85,EPD10294,,,,,,,,,,,,,,,,,194.24,The declared units are 1 cubic meter and 1 cubic yard for 72 ready mixed concrete products. Key product variables,,,,,,,,,,,,,,,,,,,,,,,,,,,,Portland Cement,,,,,,,,,NSF International,External,,"ISO 14025:2006, ISO 21930:2017, EN 15804:2012, ISO 14040","for Concrete Version 1 (February 22, 2019) serves as",,,,,
921b8b,EPD10294,,,,,,,,,,,,,,,,,194.24,The declared units are 1 cubic meter and 1 cubic yard for 72 ready mixed concrete products. Key product variables,,,,,,,,,,,,,,,,,,,,,,,,,,,,Portland Cement,,,,,,,,,NSF International,External,,"ISO 14025:2006, ISO 21930:2017, EN 15804:2012, ISO 14040","for Concrete Version 1 (February 22, 2019) serves as",,,,,
949348,EPD10294,,,,,,,,,,,,,,,,,194.24,The declared units are 1 cubic meter and 1 cubic yard for 72 ready mixed concrete products. Key product variables,,,,,,,,,,,,,,,,,,,,,,,,,,,,Portland Cement,,,,,,,,,NSF International,External,,"ISO 14025:2006, ISO 21930:2017, EN 15804:2012, ISO 14040","for Concrete Version 1 (February 22, 2019) serves as",,,,,
a7c43b,EPD10294,,,,,,,,,,,,,,,,,194.24,The declared units are 1 cubic meter and 1 cubic yard for 72 ready mixed concrete products. Key product variables,,,,,,,,,,,,,,,,,,,,,,,,,,,,Portland Cement,,,,,,,,,NSF International,External,,"ISO 14025:2006, ISO 21930:2017, EN 15804:2012, ISO 14040","for Concrete Version 1 (February 22, 2019) serves as",,,,,
b7e1fe,EPD10294,,,,,,,,,,,,,,,,,194.24,The declared units are 1 cubic meter and 1 cubic yard for 72 ready mixed concrete products. Key product variables,,,,,,,,,,,,,,,,,,,,,,,,,,,,Portland Cement,,,,,,,,,NSF International,External,,"ISO 14025:2006, ISO 21930:2017, EN 15804:2012, ISO 14040","for Concrete Version 1 (February 22, 2019) serves as",,,,,
c50635,EPD10294,,,,,,,,,,,,,,,,,194.24,The declared units are 1 cubic meter and 1 cubic yard for 72 ready mixed concrete products. Key product variables,,,,,,,,,,,,,,,,,,,,,,,,,,,,Portland Cement,,,,,,,,,NSF International,External,,"ISO 14025:2006, ISO 21930:2017, EN 15804:2012, ISO 14040","for Concrete Version 1 (February 22, 2019) serves as",,,,,
d6132a,EPD10294,,,,,,,,,,,,,,,,,194.24,The declared units are 1 cubic meter and 1 cubic yard for 72 ready mixed concrete products. Key product variables,,,,,,,,,,,,,,,,,,,,,,,,,,,,Portland Cement,,,,,,,,,NSF International,External,,"ISO 14025:2006, ISO 21930:2017, EN 15804:2012, ISO 14040","for Concrete Version 1 (February 22, 2019) serves as",,,,,
s33333,EPD10294,,,,,,,,,,,,,,,,,194.24,The declared units are 1 cubic meter and 1 cubic yard for 72 ready mixed concrete products. Key product variables,,,,,,,,,,,,,,,,,,,,,,,,,,,,Portland Cement,,,,,,,,,NSF International,External,,"ISO 14025:2006, ISO 21930:2017, EN 15804:2012, ISO 14040","for Concrete Version 1 (February 22, 2019) serves as",,,,,
s33334,EPD10294,,,,,,,,,,,,,,,,,194.24,The declared units are 1 cubic meter and 1 cubic yard for 72 ready mixed concrete products. Key product variables,,,,,,,,,,,,,,,,,,,,,,,,,,,,Portland Cement,,,,,,,,,NSF International,External,,"ISO 14025:2006, ISO 21930:2017, EN 15804:2012, ISO 14040","for Concrete Version 1 (February 22, 2019) serves as",,,,,
s33335,EPD10294,,,,,,,,,,,,,,,,,194.24,The declared units are 1 cubic meter and 1 cubic yard for 72 ready mixed concrete products. Key product variables,,,,,,,,,,,,,,,,,,,,,,,,,,,,Portland Cement,,,,,,,,,NSF International,External,,"ISO 14025:2006, ISO 21930:2017, EN 15804:2012, ISO 14040","for Concrete Version 1 (February 22, 2019) serves as",,,,,
s33336,EPD10294,,,,,,,,,,,,,,,,,194.24,The declared units are 1 cubic meter and 1 cubic yard for 72 ready mixed concrete products. Key product variables,,,,,,,,,,,,,,,,,,,,,,,,,,,,Portland Cement,,,,,,,,,NSF International,External,,"ISO 14025:2006, ISO 21930:2017, EN 15804:2012, ISO 14040","for Concrete Version 1 (February 22, 2019) serves as",,,,,
s33337,EPD10294,,,,,,,,,,,,,,,,,194.24,The declared units are 1 cubic meter and 1 cubic yard for 72 ready mixed concrete products. Key product variables,,,,,,,,,,,,,,,,,,,,,,,,,,,,Portland Cement,,,,,,,,,NSF International,External,,"ISO 14025:2006, ISO 21930:2017, EN 15804:2012, ISO 14040","for Concrete Version 1 (February 22, 2019) serves as",,,,,
s33338,EPD10294,,,,,,,,,,,,,,,,,194.24,The declared units are 1 cubic meter and 1 cubic yard for 72 ready mixed concrete products. Key product variables,,,,,,,,,,,,,,,,,,,,,,,,,,,,Portland Cement,,,,,,,,,NSF International,External,,"ISO 14025:2006, ISO 21930:2017, EN 15804:2012, ISO 14040","for Concrete Version 1 (February 22, 2019) serves as",,,,,
s33339,EPD10294,,,,,,,,,,,,,,,,,194.24,The declared units are 1 cubic meter and 1 cubic yard for 72 ready mixed concrete products. Key product variables,,,,,,,,,,,,,,,,,,,,,,,,,,,,Portland Cement,,,,,,,,,NSF International,External,,"ISO 14025:2006, ISO 21930:2017, EN 15804:2012, ISO 14040","for Concrete Version 1 (February 22, 2019) serves as",,,,,
s33340,EPD10294,,,,,,,,,,,,,,,,,194.24,The declared units are 1 cubic meter and 1 cubic yard for 72 ready mixed concrete products. Key product variables,,,,,,,,,,,,,,,,,,,,,,,,,,,,Portland Cement,,,,,,,,,NSF International,External,,"ISO 14025:2006, ISO 21930:2017, EN 15804:2012, ISO 14040","for Concrete Version 1 (February 22, 2019) serves as",,,,,
s33341,EPD10294,,,,,,,,,,,,,,,,,194.24,The declared units are 1 cubic meter and 1 cubic yard for 72 ready mixed concrete products. Key product variables,,,,,,,,,,,,,,,,,,,,,,,,,,,,Portland Cement,,,,,,,,,NSF International,External,,"ISO 14025:2006, ISO 21930:2017, EN 15804:2012, ISO 14040","for Concrete Version 1 (February 22, 2019) serves as",,,,,
s33342,EPD10294,,,,,,,,,,,,,,,,,194.24,The declared units are 1 cubic meter and 1 cubic yard for 72 ready mixed concrete products. Key product variables,,,,,,,,,,,,,,,,,,,,,,,,,,,,Portland Cement,,,,,,,,,NSF International,External,,"ISO 14025:2006, ISO 21930:2017, EN 15804:2012, ISO 14040","for Concrete Version 1 (February 22, 2019) serves as",,,,,
1742d8,EPD10310,,,,,,,,,,,,,,,,,285,"1000 square feet, commonly referred to as MSF",,,,,,,,,,,,,,,900,kg/m3,,,,,,,,,,,,Gypsum,,,,,,,,,NSF International,,,"ISO 14025, ISO 21930, EN 15804, ISO 14040","NSF International, Product Category Rules for North American",,,,,
INT004,EPD10312,,,,,,,,,,,,,,,,,296,"1000 square feet, commonly referred to as MSF",,,,,,,,,,,,,,,900,kg/m3,,,,,,,,,,,,Gypsum,,,,,,,,,NSF International,,,"ISO 14025, ISO 21930, EN 15804, ISO 14040","NSF International, Product Category Rules for North American",,,,,
CER002,EPD10355,,,,,,,,,,the facility located in Aromas,,,,,"CAN, USA",,46.4,1 square meter of installed flooring and with a building service life of,,,,,,,,,,,,,,,,,,,,,,,,,,,,,,,,,EPD10355 Ceramic Floor and Wall Tile manufactured,Product-specific,,,UL Environment,,,"ISO 14025, ISO 21930:2017, EN 15804, ISO 14040/44",Flooring EPD Requirements.,,,,,
GYP001,EPD10358,,,,,,,,,,,,,,,,,400,"1000 square feet, commonly referred to as MSF",,,,,,,,,,,,,,,900,kg/m3,,,,,,,,,,,,Gypsum,,,,,,,,,NSF International,,,"ISO 14025, ISO 21930, EN 15804, ISO 14040","NSF International, Product Category Rules for North American",,,,,
INT003,EPD10360,,,,,,,,,,,,,,,,,237,"1000 square feet, commonly referred to as MSF",,,,,,,,,,,,,,,900,kg/m3,,,,,,,,,,,,Gypsum,,,,,,,,,NSF International,,,"ISO 14025, ISO 21930, EN 15804, ISO 14040","NSF International, Product Category Rules for North American Gypsum",,,,,
LIN006,EPD10362,,,,,,,,,,,,,,,,,2.63,is considered,,,,,,,,,,,,,,,1700,kg/m3,,,,,,,,,,,,Luxury vinyl tile,,,,,,,,,NSF International,,,"ISO 14025, ISO 21930, ISO 14040/44",,,,,,
RRR111,EPD10396,,,,,,,,,,,,,,,,,4.34,manufactured during calendar year 2018 for one square meter of,,,,,,,,,,,,,,,23,kg/m3,,,,,,,,,,,,Fiberglass,,,,,,,,,NSF International,,,"ISO 14025, ISO 21930:2017, EN 15804, ISO 14040/44",,,,,,
2b19ae,EPD10397,,,,,,,,,,,,,,,,,3.88,manufactured during calendar year 2018 for one square meter of,,,,,,,,,,,,,,,23,kg/m3,,,,,,,,,,,,Fiberglass,,,,,,,,,NSF International,,,"ISO 14025, ISO 21930:2017, EN 15804, ISO 14040/44",,,,,,
84c2b6,EPD10447,,,,,,,,,,Brick Industry Association,,,,,,,1.52,The declared unit for this study is the production of one cubic meter (1 m3) of clay brick awaiting delivery to a,,,,,,,,,,,,,,,960,kg/m3,,,,,,,,,,,,Clay Brick,,,,,EPD10447,Industry Average,,,,External,,"ISO 14025, ISO 21930, ISO 14040","referenced below, which is based on",,,,,
e73378,EPD10447,,,,,,,,,,Brick Industry Association,,,,,,,1.52,The declared unit for this study is the production of one cubic meter (1 m3) of clay brick awaiting delivery to a,,,,,,,,,,,,,,,960,kg/m3,,,,,,,,,,,,Clay Brick,,,,,EPD10447,Industry Average,,,,External,,"ISO 14025, ISO 21930, ISO 14040","referenced below, which is based on",,,,,
d0rm3c,EPD10465,,,,,,,2026-02-28,,,Atlas Roofing Corporation,,,,,,,13.354,"The functional unit for building envelope thermal insulation as defined by the PCR (Part B, Section 3.1)",,,,,,,,,,,,,,,,,,,,,,,,,,,,Polyisocyanurate,,,,,EPD10465 ENVIRONMENTAL PRODUCT DECLARATION,Industry Average,,,,,,"ISO 14025, ISO 21930, EN15804, ISO 14040",Building Thermal Insulation,,,,,
f2l0sm,EPD10465,,,,,,,2026-02-28,,,Atlas Roofing Corporation,,,,,,,13.354,"The functional unit for building envelope thermal insulation as defined by the PCR (Part B, Section 3.1)",,,,,,,,,,,,,,,,,,,,,,,,,,,,Polyisocyanurate,,,,,EPD10465 ENVIRONMENTAL PRODUCT DECLARATION,Industry Average,,,,,,"ISO 14025, ISO 21930, EN15804, ISO 14040",Building Thermal Insulation,,,,,
n9cx2a,EPD10466,,,,,,,,,,,,,,,,,3.86,,,,,,,,,,,,,,,,,,,,,,,,,,,,,Polyisocyanurate,,,,,,,,,,,,"ISO 14025, ISO 21930, EN15804, ISO 14040",,,,,,
l2j0sa,EPD10467,,,,,,,2026-02-28,,,Atlas Roofing Corporation,,,,,,,32.339,"The functional unit for building envelope thermal insulation as defined by the PCR (Part B, Section 3.1)",,,,,,,,,,,,,,,,,,,,,,,,,,,,Polyisocyanurate,,,,,EPD10467 ENVIRONMENTAL PRODUCT DECLARATION,Industry Average,,,,,,"ISO 14025, ISO 21930, EN15804, ISO 14040",Building Thermal Insulation EPD,,,,,
bbb008,EPD10568,,,,,,,,,,,,,,,,,,is defined as (1) m of product following the ASTM International Waster-Resistive & Air Barrier PCR [1].,,,,,,,,,,,,,,,,,,,,,,,,,,,,Membrane,,,,,,,,,NSF International,,,"ISO 14025:2006, ISO 21930:2007, ISO 14040",,,,,,
bbb024,EPD10568,,,,,,,,,,,,,,,,,,is defined as (1) m of product following the ASTM International Waster-Resistive & Air Barrier PCR [1].,,,,,,,,,,,,,,,,,,,,,,,,,,,,Membrane,,,,,,,,,NSF International,,,"ISO 14025:2006, ISO 21930:2007, ISO 14040",,,,,,
bbb023,EPD10572,,,,,,,,,,,,,,,,,,is defined as (1) m of product following the ASTM International Waster-Resistive & Air Barrier PCR [1].,,,,,,,,,,,,,,,,,,,,,,,,,,,,Membrane,,,,,,,,,NSF International,,,"ISO 14025:2006, ISO 21930:2007, ISO 14040",,,,,,
LVT006,EPD10668,,,,,,,,,,,,,,,,,6.2,is considered negligible. The recommended coverage,,,,,,,,,,,,,,,1700,kg/m3,,,,,,,,,,,,Luxury vinyl tile,,,,,,,,,NSF International,,,"ISO 14025, ISO 21930:2017, EN 15804, ISO 14040/44",,,,,,
LVT011,EPD10668,,,,,,,,,,,,,,,,,6.2,is considered negligible. The recommended coverage,,,,,,,,,,,,,,,1700,kg/m3,,,,,,,,,,,,Luxury vinyl tile,,,,,,,,,NSF International,,,"ISO 14025, ISO 21930:2017, EN 15804, ISO 14040/44",,,,,,
bbb016,EPD10786,,,,,,,,,,NSF Certification LLC,,,,,"CAN, USA",,4.05,"PERM-A-BARRIER® VPL 50RS UV Stable, PERM-A-BARRIER® VPL LT,",,,,,,,,,,,,,,,,,,,,,,,,,,,,Membrane,,,,,EPD10786 PERM-A-BARRIER,Product-specific,,,ASTM International,,,"ISO 14025:2006, ISO 21930:2017, EN 15804, ISO 14040/44",Insulated Metal Panels Metal Composite,,,,,
bbb017,EPD10786,,,,,,,,,,NSF Certification LLC,,,,,"CAN, USA",,4.05,"PERM-A-BARRIER® VPL 50RS UV Stable, PERM-A-BARRIER® VPL LT,",,,,,,,,,,,,,,,,,,,,,,,,,,,,Membrane,,,,,EPD10786 PERM-A-BARRIER,Product-specific,,,ASTM International,,,"ISO 14025:2006, ISO 21930:2017, EN 15804, ISO 14040/44",Insulated Metal Panels Metal Composite,,,,,
bbb018,EPD10786,,,,,,,,,,NSF Certification LLC,,,,,"CAN, USA",,4.05,"PERM-A-BARRIER® VPL 50RS UV Stable, PERM-A-BARRIER® VPL LT,",,,,,,,,,,,,,,,,,,,,,,,,,,,,Membrane,,,,,EPD10786 PERM-A-BARRIER,Product-specific,,,ASTM International,,,"ISO 14025:2006, ISO 21930:2017, EN 15804, ISO 14040/44",Insulated Metal Panels Metal Composite,,,,,
bbb019,EPD10786,,,,,,,,,,NSF Certification LLC,,,,,"CAN, USA",,4.05,"PERM-A-BARRIER® VPL 50RS UV Stable, PERM-A-BARRIER® VPL LT,",,,,,,,,,,,,,,,,,,,,,,,,,,,,Membrane,,,,,EPD10786 PERM-A-BARRIER,Product-specific,,,ASTM International,,,"ISO 14025:2006, ISO 21930:2017, EN 15804, ISO 14040/44",Insulated Metal Panels Metal Composite,,,,,
bbb011,EPD10787,,,,,,,,,,NSF Certification LLC,,,,,"CAN, USA",,1.81,"LT, PERM-A-BARRIER ® AL Wall Membrane",,,,,,,,,,,,,,,,,,,,,,,,,,,,Membrane,,,,,EPD10787 PERM-A-BARRIER,Product-specific,,,ASTM International,,,"ISO 14025:2006, ISO 21930:2017, EN 15804, ISO 14040/44",Insulated Metal Panels Metal Composite,,,,,
INT000,EPD10792,,,,,,,,,,the facilities shown in the,,,,,"CAN, USA",,,1/2 inch and Gold Bond® XP® Fire-Shield® Gypsum Board 5/8,,,,,,,,,,,,,,,900,kg/m3,,,,,,,,,,,,Gypsum,,,,,EPD10792 92.9 m2,Product-specific,,,,,,"ISO 14025, ISO 21930:2017, ISO 14040/44","NSF PCR for Gypsum Panel Products (Version 1.1, 2020)",,,,,
INT005,EPD10792,,,,,,,,,,the facilities shown in the,,,,,"CAN, USA",,,1/2 inch and Gold Bond® XP® Fire-Shield® Gypsum Board 5/8,,,,,,,,,,,,,,,900,kg/m3,,,,,,,,,,,,Gypsum,,,,,EPD10792 92.9 m2,Product-specific,,,,,,"ISO 14025, ISO 21930:2017, ISO 14040/44","NSF PCR for Gypsum Panel Products (Version 1.1, 2020)",,,,,
EPS004,EPD10841,,,,,,,,,,BASF Corporation,,,,,,,1.05,,,,,,,,,,,,,,,,25,kg/m3,,,,,,,,,,,,EPS Foam,,,,,,,,,IBU,,,"ISO 14025, ISO 21930:2017, ISO 14040",,,,,,
EPS005,EPD10841,,,,,,,,,,BASF Corporation,,,,,,,1.05,,,,,,,,,,,,,,,,25,kg/m3,,,,,,,,,,,,EPS Foam,,,,,,,,,IBU,,,"ISO 14025, ISO 21930:2017, ISO 14040",,,,,,
EPS006,EPD10842,,,,,,,,,,BASF Corporation,,,,,,,1.12,,,,,,,,,,,,,,,,25,kg/m3,,,,,,,,,,,,EPS Foam,,,,,,,,,IBU,,,"ISO 14025, ISO 21930:2017, ISO 14040",,,,,,
EPS007,EPD10842,,,,,,,,,,BASF Corporation,,,,,,,1.12,,,,,,,,,,,,,,,,25,kg/m3,,,,,,,,,,,,EPS Foam,,,,,,,,,IBU,,,"ISO 14025, ISO 21930:2017, ISO 14040",,,,,,
4s1lp2,EPD-117,,,,,,,,,,Canadian Precast,,,,,,,280.12,"1 metric tonne (1,000 kg) of structural precast product",,,,,,,,,,,,,,,,,,,,,,,,,,,,Portland Cement,,,,,EPD #433 1 A Canadian Regionalized Industry,Industry Average,,,ASTM International,,,"ISO 14025:2006, ISO 21930:2017, ISO 14040","Newton, MA 02459-1728",,,,,
134c8d,EPD124,,,,,,,2025-01-12,,,Structurlam in Okanagan Falls,,,,,,,187.73,1 m³,,,,,,,,,,,,,,,500,kg/m3,,,,,,,,,,,,Engineered wood,,,,,EPD124,Product-specific,,,ASTM International,External,,"ISO 14025:2006, ISO 21930:2017, EN 15804, ISO 14040/44","Structural and Architectural Wood Products EPD Requirements, v1.0",,,,,
da1134,EPD125,,,,,,,2025-01-12,,,Structurlam in Okanagan Falls,,,,,,,170.94,1 m³,,,,,,,,,,,,,,,500,kg/m3,,,,,,,,,,,,Engineered wood,,,,,EPD125,Product-specific,,,ASTM International,External,,"ISO 14025:2006, ISO 21930:2017, EN 15804, ISO 14040/44","Structural and Architectural Wood Products EPD Requirements, v1.0",,,,,
2d7548,EPD-131,,,,,,,,,,"Climate Earth, Inc",,,,,,,,1 cubic meter (m3),,,,,,,,,,,,,,,960,kg/m3,,,,,,,,,,,,Clay Brick,,,,,EPD-131 Page,Product-specific,,,ASTM International,External,,"ISO 14025, ISO 21930, ISO 14040","for Clay Bricks, Clay Brick Pavers, and Structural Clay Tile (ASTM, 2016). This study was conducted in",,,,,
c9a7f3,EPD-131,,,,,,,,,,"Climate Earth, Inc",,,,,,,,1 cubic meter (m3),,,,,,,,,,,,,,,960,kg/m3,,,,,,,,,,,,Clay Brick,,,,,EPD-131 Page,Product-specific,,,ASTM International,External,,"ISO 14025, ISO 21930, ISO 14040","for Clay Bricks, Clay Brick Pavers, and Structural Clay Tile (ASTM, 2016). This study was conducted in",,,,,
cfd454,EPD-132,,,,,,,,,,"USG Corporation - 550 W. Adams St., Chicago, IL USA",,,,,,,599,"– 1,000 square feet",,,,,,,,,,,,,,,1139,kg/m3,,,,,,,,,,,,Brick,,,,,EPD 132,,,,ASTM International,,,"ISO 14025, ISO 21930, EN 15804, ISO 14040",2012:01 The International EPD System Construction products and,,,,,
f034jf,EPD-132,,,,,,,,,,"USG Corporation - 550 W. Adams St., Chicago, IL USA",,,,,,,599,"– 1,000 square feet",,,,,,,,,,,,,,,1139,kg/m3,,,,,,,,,,,,Brick,,,,,EPD 132,,,,ASTM International,,,"ISO 14025, ISO 21930, EN 15804, ISO 14040",2012:01 The International EPD System Construction products and,,,,,
m210vf,EPD-132,,,,,,,,,,"USG Corporation - 550 W. Adams St., Chicago, IL USA",,,,,,,599,"– 1,000 square feet",,,,,,,,,,,,,,,1139,kg/m3,,,,,,,,,,,,Brick,,,,,EPD 132,,,,ASTM International,,,"ISO 14025, ISO 21930, EN 15804, ISO 14040",2012:01 The International EPD System Construction products and,,,,,
d00294,EPD 142,,,,,,,,,,"USG Corporation - 550 W. Adams St., Chicago, IL USA",,,,,,,185,– 1 tonne (A1-A3) (A1-A3),,,,,,,,,,,,,,,500,kg/m3,,,,,,,,,,,,Plywood,,,,,EPD 863,Product-specific,,,ASTM International,,,"ISO 14025, ISO 21930, EN 15804, ISO 14040",by: Consultants,,,,,
bc703d,EPD-156,,,,,,,,,,,,,,,,,1309.6,"92.9 m (1,000 square feet (MSF))",,,,,,,,,,,,,,,900,kg/m3,,,,,,,,,,,,Gypsum,,,,,,,,,NSF International,,,"ISO 14025:2006, ISO 21930:2017, ISO 14040/44",for preparing an environmental,,,,,
c930d2,EPD157,,,,,,,2025-09-02,,,StructureCraft in Abbotsford,,,,,,,177.84,1 m³,,,,,,,,,,,,,,,500,kg/m3,,,,,,,,,,,,Engineered wood,,,,,EPD157,Product-specific,,,ASTM International,External,,"ISO 14025:2006, ISO 21930:2017, EN 15804, ISO 14040/44","Structural and Architectural Wood Products EPD Requirements, v1.0",,,,,
LAM012,EPD160,,,,,,,2025-11-04,,,Freres Lumber in Lyons,,,,,,,365.17,1 m³,,,,,,,,,,,,,,,500,kg/m3,,,,,,,,,,,,Engineered wood,,,,,EPD160,Product-specific,,,ASTM International,External,,"ISO 14025:2006, ISO 21930:2017, ISO 14040/44","Structural and Architectural Wood Products EPD Requirements, v1.0",,,,,
LAM002,EPD 168,,,,,,,2026-04-15,,,Vaagen Timbers in Colville,,,,,,,226.96,1 m³,,,,,,,,,,,,,,,500,kg/m3,,,,,,,,,,,,Engineered wood,,,,,EPD 168,Product-specific,,,ASTM International,External,,"ISO 14025:2006, ISO 21930:2017, ISO 14040/44","Structural and Architectural Wood Products EPD Requirements, v1.0",,,,,
LAM009,EPD 168,,,,,,,2026-04-15,,,Vaagen Timbers in Colville,,,,,,,226.96,1 m³,,,,,,,,,,,,,,,500,kg/m3,,,,,,,,,,,,Engineered wood,,,,,EPD 168,Product-specific,,,ASTM International,External,,"ISO 14025:2006, ISO 21930:2017, ISO 14040/44","Structural and Architectural Wood Products EPD Requirements, v1.0",,,,,
LAM000,EPD 169,,,,,,,2026-03-31,,,Boise Cascade in White City,,,,,,,382.96,installed in a building for 75 years.,,,,,,,,,,,,,,,483.4,kg/m3,,,,,,,,,,,,LVL,,,,,EPD 169 Veneer Laminated Timber,Product-specific,,,ASTM International,External,,"ISO 14025:2006, ISO 21930:2017, ISO 14040/44","Structural and Architectural Wood Products EPD Requirements, v1.0",,,,,
LAM013,EPD 169,,,,,,,2026-03-31,,,Boise Cascade in White City,,,,,,,382.96,installed in a building for 75 years.,,,,,,,,,,,,,,,483.4,kg/m3,,,,,,,,,,,,LVL,,,,,EPD 169 Veneer Laminated Timber,Product-specific,,,ASTM International,External,,"ISO 14025:2006, ISO 21930:2017, ISO 14040/44","Structural and Architectural Wood Products EPD Requirements, v1.0",,,,,
2480d6,EPD 1725-6769,,,,,,,2017-05-18,,,,,,,,,,214.8,3 treatment. The method is defined by the International,,,,,,,,,,,,,,,500,kg/m3,,,,,,,,,,,,LVL,,,,,1725-6769 EPD recipient organization Quebec,,,,CSA Group,External,,"ISO 14025, ISO 21930, EN 15804, ISO 14040, CAN/CSA-ISO 14025",North American Structural and Architectural Wood Products (version,,,,,
2fe063,EPD-197,,,,,,,,,,Canada,,,,,"CAN, USA",,1,The LCA results are the life cycle environmental impacts related to the mass of insulation panel required to achieve the,,,,,,,,,,,,,,,35,kg/m3,,,,,,,,,,,,Cellulose,,,,,EPD-197,Product-specific,,,ASTM International,,,"ISO 14025, ISO 21930, EN 15804, ISO 14040",Building Envelope Thermal,,,,,
g93fwm,EPD-2022-7601,,,,,,,,,,Kybartai,,,,,,,,"The LCA results are presented in accordance with the Assessment Method. Set 1 is in accordance with EN15804+A1:2013, and is supplemented with the correct characterization factors as",,,,,,,,,,,,,,,,,,,,,,,,,,,,,,,,,,,,,,External,,"ISO 14025, EN 15804+A2, ISO 14040",,,,,,
LVT008,EPD 207,,,,,,,,,,the U.S. average grid.,,,,,"CAN, USA",,,"Reference PCR Part A: PCR for building-related products, 2018",,,,,,,,,,,,,,,1700,kg/m3,,,,,,,,,,,,Luxury vinyl tile,,,,,EPD 207,Product-specific,,,ASTM International,,,"ISO 14025, ISO 21930, EN 15804, ISO 14040",Flooring EPD Requirements,,,,,
INT002,EPD211,,,,,,,,,,,,,,,,,266,,,,,,,,,,,,,,,,900,kg/m3,,,,,,,,,,,,Gypsum,,,,,,,,,NSF International,,,"ISO 14025, ISO 21930, EN 15804:2012, ISO 14040",Guidance for Building-Related Products and Services Part B: Joint,,,,,
INT001,EPD215,,,,,,,,,,,,,,,,,260,,,,,,,,,,,,,,,,900,kg/m3,,,,,,,,,,,,Gypsum,,,,,,,,,NSF International,,,"ISO 14025, ISO 21930, EN 15804:2012, ISO 14040",Guidance for Building-Related Products and Services Part B: Joint,,,,,
INT006,EPD 216,,,,,,,,,,,,,,,,,356,,,,,,,,,,,,,,,,900,kg/m3,,,,,,,,,,,,Gypsum,,,,,,,,,NSF International,,,"ISO 14025, ISO 21930, EN 15804:2012, ISO 14040",Guidance for Building-Related Products and Services Part B: Joint,,,,,
EWF003,EPD-234,,,,,,,2021-07-34,,,China. Its impact represents,,,,,,,-184.5,Year of Reported Manufacturer Primary Data,,,,,,,,,,,,,,,,,,,,,,,,,,,,Hardwood,,,,,234 July 2021 July 2021 - July 2026 Creative,Product-specific,,,IBU,External,,"ISO 14025, ISO 21930:2017, EN 15804, ISO 14040, CAN/CSA-ISO 14025",Flooring EPD Requirements. Version 2.0.,,,,,
LAM004,EPD246,,,,,,,2026-08-19,,,Western Archrib in Boissevain,,,,,,,169.48,1 m³,,,,,,,,,,,,,,,500,kg/m3,,,,,,,,,,,,Engineered wood,,,,,EPD 246,Product-specific,,,ASTM International,External,,"ISO 14025:2006, ISO 21930:2017, ISO 14040/44","Structural and Architectural Wood Products EPD Requirements, v1.0",,,,,
LAM005,EPD247,,,,,,,2026-08-19,,,Western Archrib in Edmonton,,,,,,,396.8,1 m³,,,,,,,,,,,,,,,500,kg/m3,,,,,,,,,,,,Engineered wood,,,,,EPD 247,Product-specific,,,ASTM International,External,,"ISO 14025:2006, ISO 21930:2017, ISO 14040/44","Structural and Architectural Wood Products EPD Requirements, v1.0",,,,,
POLY10,EPD 253,,,,,,,2021-09-17,,,"For more information, please contact",,,,,,,3.95,"The functional unit for building envelope thermal insulation as defined by the PCR (Part B, Section 3.1) is: 1",,,,,,,,,,,,,,,2800,kg/m3,,,,,,,,,,,,Aluminum,,,,,EPD 253 Product Polyisocyanurate Wall Insulation,,,,ASTM International,,,"ISO 14025, ISO 21930, EN15804, ISO 14040",Building Thermal,,,,,
POLY00,EPD254,,,,,,,2021-09-17,,,"For more information, please contact",,,,,,,10.5,"The functional unit for building envelope thermal insulation as defined by the PCR (Part B, Section 3.1) is: 1",,,,,,,,,,,,,,,,,,,,,,,,,,,,Polyisocyanurate,,,,,EPD 254 Product Polyisocyanurate High-Density,,,,ASTM International,,,"ISO 14025, ISO 21930, EN15804, ISO 14040",Building Thermal,,,,,
POLY03,EPD255,,,,,,,2021-09-17,,,"For more information, please contact",,,,,,,1.85,"The functional unit for building envelope thermal insulation as defined by the PCR (Part B, Section 3.1) is: 1",,,,,,,,,,,,,,,,,,,,,,,,,,,,Polyisocyanurate,,,,,EPD 255 Product Polyisocyanurate Roof Insulation,,,,ASTM International,,,"ISO 14025, ISO 21930, EN15804, ISO 14040",Building Thermal,,,,,
POLY06,EPD 255,,,,,,,2021-09-17,,,"For more information, please contact",,,,,,,1.85,"The functional unit for building envelope thermal insulation as defined by the PCR (Part B, Section 3.1) is: 1",,,,,,,,,,,,,,,,,,,,,,,,,,,,Polyisocyanurate,,,,,EPD 255 Product Polyisocyanurate Roof Insulation,,,,ASTM International,,,"ISO 14025, ISO 21930, EN15804, ISO 14040",Building Thermal,,,,,
s76tf2,EPD 266,,,,,,,,,,Inline,,,,,,,139.75,1 kg,,,,,,,,,,,,,,,23,kg/m3,,,,,,,,,,,,Fiberglass,,,,,EPD 266,,,,ASTM International,External,,"ISO 14025, ISO 21930, EN 15804",Earthsure Cradle to Gate Window Product Category Rule,,,,,
POLY02,EPD 267,,,,,,,2021-11-23,,,"For more information, please contact",,,,,,,10.5,"The functional unit for building envelope thermal insulation as defined by the PCR (Part B, Section 3.1) is: 1",,,,,,,,,,,,,,,,,,,,,,,,,,,,Polyisocyanurate,,,,,EPD 267 Product Polyisocyanurate High-Density,,,,ASTM International,,,"ISO 14025, ISO 21930, EN15804, ISO 14040",Building Thermal,,,,,
POLY01,EPD 268,,,,,,,,,,"For more information, please contact",,,,,,,10.5,"The functional unit for building envelope thermal insulation as defined by the PCR (Part B, Section 3.1) is: 1",,,,,,,,,,,,,,,,,,,,,,,,,,,,Polyisocyanurate,,,,,EPD 268 Product Polyisocyanurate High-Density,,,,ASTM International,,,"ISO 14025, ISO 21930, EN15804, ISO 14040",Building Thermal,,,,,
POLY04,EPD 270,,,,,,,,,,"For more information, please contact",,,,,,,1.85,"The functional unit for building envelope thermal insulation as defined by the PCR (Part B, Section 3.1) is: 1",,,,,,,,,,,,,,,,,,,,,,,,,,,,Polyisocyanurate,,,,,EPD 270 Product Polyisocyanurate Roof Insulation,,,,ASTM International,,,"ISO 14025, ISO 21930, EN15804, ISO 14040",Building Thermal,,,,,
POLY08,EPD 270,,,,,,,,,,"For more information, please contact",,,,,,,1.85,"The functional unit for building envelope thermal insulation as defined by the PCR (Part B, Section 3.1) is: 1",,,,,,,,,,,,,,,,,,,,,,,,,,,,Polyisocyanurate,,,,,EPD 270 Product Polyisocyanurate Roof Insulation,,,,ASTM International,,,"ISO 14025, ISO 21930, EN15804, ISO 14040",Building Thermal,,,,,
POLY05,EPD 271,,,,,,,,,,"For more information, please contact",,,,,,,1.85,"The functional unit for building envelope thermal insulation as defined by the PCR (Part B, Section 3.1) is: 1",,,,,,,,,,,,,,,,,,,,,,,,,,,,Polyisocyanurate,,,,,EPD 271 Product Polyisocyanurate Roof Insulation,,,,ASTM International,,,"ISO 14025, ISO 21930, EN15804, ISO 14040",Building Thermal,,,,,
POLY07,EPD 271,,,,,,,,,,"For more information, please contact",,,,,,,1.85,"The functional unit for building envelope thermal insulation as defined by the PCR (Part B, Section 3.1) is: 1",,,,,,,,,,,,,,,,,,,,,,,,,,,,Polyisocyanurate,,,,,EPD 271 Product Polyisocyanurate Roof Insulation,,,,ASTM International,,,"ISO 14025, ISO 21930, EN15804, ISO 14040",Building Thermal,,,,,
POLY09,EPD273,,,,,,,,,,"For more information, please contact",,,,,,,3.95,"The functional unit for building envelope thermal insulation as defined by the PCR (Part B, Section 3.1) is: 1",,,,,,,,,,,,,,,2800,kg/m3,,,,,,,,,,,,Aluminum,,,,,EPD 273 Product Polyisocyanurate Wall Insulation,,,,ASTM International,,,"ISO 14025, ISO 21930, EN15804, ISO 14040",Building Thermal,,,,,
3kglse,EPD-283,,,,,,,,,,Canada J2C 8E9,,,,,"CAN, USA",,2,The LCA results are the life cycle environmental impacts related to the mass of insulation board required to achieve the,,,,,,,,,,,,,,,32.8,kg/m3,,,,,,,,,,,,XPS Foam,,,,,EPD-283,Product-specific,,,ASTM International,,,"ISO 14025, ISO 21930, EN 15804, ISO 14040",UL Environment. Building Related Products and Services. Building Envelope,,,,,
LAM008,EPD295,,,,,,,2027-03-16,,,Kalesnikoff in South Slocan,,,,,,,124.5,1 m³,,,,,,,,,,,,,,,481.68,kg/m3,,,,,,,,,,,,Engineered wood,,,,,EPD 295,Product-specific,,,ASTM International,External,,"ISO 14025:2006, ISO 21930:2017, ISO 14040/44","Structural and Architectural Wood Products EPD Requirements, v1.0",,,,,
LAM003,EPD296,,,,,,,2027-03-16,,,Kalesnikoff in South Slocan,,,,,,,124.5,1 m³,,,,,,,,,,,,,,,481.68,kg/m3,,,,,,,,,,,,Glulam,,,,,EPD 296,Product-specific,,,ASTM International,External,,"ISO 14025:2006, ISO 21930:2017, ISO 14040/44","Structural and Architectural Wood Products EPD Requirements, v1.0",,,,,
VIN001,EPD 325,,,,,,,,,,Vinyl Siding Institute,,,,,,,4.71,for this study is 1 meter squared,,,,,,,,,,,,,,,1430,kg/m3,,,,,,,,,,,,,,,,,EPD 325,,,,,External,,"ISO 14025:2006, ISO 21930:2017, ISO 14040",Cladding Product Systems EPD Requirements.,,,,,
VIN002,EPD 326,,,,,,,,,,Vinyl Siding Institute,,,,,,,6.05,for this study is 1 meter squared,,,,,,,,,,,,,,,25,kg/m3,,,,,,,,,,,,EPS Foam,,,,,EPD 326,,,,,External,,"ISO 14025:2006, ISO 21930, ISO 14040","y DOE’s Building America program. As part of this retrofit study, which took place from fall 2010 through spring",,,,,
VIN000,EPD 327,,,,,,,,,,Vinyl Siding Institute,,,,,,,9.81,for this study is 1 meter,,,,,,,,,,,,,,,1025,kg/m3,,,,,,,,,,,,,,,,,EPD 327,,,,,External,,"ISO 14025, ISO 21930, ISO 14040",Cladding Product Systems EPD Requirements.,,,,,
CMU000,EPD-338,,,,,,,2022-09-06,,,Canadian Concrete Masonry Producers,,,,,,,138.67,Declaration Number,,,,,,,,,,,,,,,,,,,,,,,,,,,,Portland Cement,,,,,1 m3 of concrete formed into manufactured,Industry Average,,,ASTM International,,,"ISO 14025, ISO 21930, ISO 14040",Concrete Masonry and Segmental Concrete Paving Product EPD,,,,,
CMU001,EPD-338,,,,,,,2022-09-06,,,Canadian Concrete Masonry Producers,,,,,,,138.67,Declaration Number,,,,,,,,,,,,,,,,,,,,,,,,,,,,Portland Cement,,,,,1 m3 of concrete formed into manufactured,Industry Average,,,ASTM International,,,"ISO 14025, ISO 21930, ISO 14040",Concrete Masonry and Segmental Concrete Paving Product EPD,,,,,
CMU002,EPD-338,,,,,,,2022-09-06,,,Canadian Concrete Masonry Producers,,,,,,,138.67,Declaration Number,,,,,,,,,,,,,,,,,,,,,,,,,,,,Portland Cement,,,,,1 m3 of concrete formed into manufactured,Industry Average,,,ASTM International,,,"ISO 14025, ISO 21930, ISO 14040",Concrete Masonry and Segmental Concrete Paving Product EPD,,,,,
CMU003,EPD-338,,,,,,,2022-09-06,,,Canadian Concrete Masonry Producers,,,,,,,138.67,Declaration Number,,,,,,,,,,,,,,,,,,,,,,,,,,,,Portland Cement,,,,,1 m3 of concrete formed into manufactured,Industry Average,,,ASTM International,,,"ISO 14025, ISO 21930, ISO 14040",Concrete Masonry and Segmental Concrete Paving Product EPD,,,,,
91617a,EPD 3409-8229,,,,,,,2017-05-18,,,,,,,,,,207.9,3 treatment. The method is defined by the International,,,,,,,,,,,,,,,500,kg/m3,,,,,,,,,,,,LVL,,,,,3409-8229 EPD recipient organization Quebec,,,,CSA Group,External,,"ISO 14025, ISO 21930, EN 15804, ISO 14040, CAN/CSA-ISO 14025",North American Structural and Architectural Wood Products (version,,,,,
A12363,EPD 346,,,,,,,,,,,,,,,,,273.04,The declared unit is 1 cubic metre of ready mixed concrete. Products covered by this EPD satisfy general,,,,,,,,,,,,,,,,,,,,,,,,,,,,Portland Cement,,,,,,,,,NSF International,External,,"ISO 14025:2006, ISO 21930:2017, EN 15804:2012, ISO 14040","for Concrete Version 2.1 (August 2021),",,,,,
A12364,EPD 346,,,,,,,,,,,,,,,,,273.04,The declared unit is 1 cubic metre of ready mixed concrete. Products covered by this EPD satisfy general,,,,,,,,,,,,,,,,,,,,,,,,,,,,Portland Cement,,,,,,,,,NSF International,External,,"ISO 14025:2006, ISO 21930:2017, EN 15804:2012, ISO 14040","for Concrete Version 2.1 (August 2021),",,,,,
A12365,EPD 346,,,,,,,,,,,,,,,,,273.04,The declared unit is 1 cubic metre of ready mixed concrete. Products covered by this EPD satisfy general,,,,,,,,,,,,,,,,,,,,,,,,,,,,Portland Cement,,,,,,,,,NSF International,External,,"ISO 14025:2006, ISO 21930:2017, EN 15804:2012, ISO 14040","for Concrete Version 2.1 (August 2021),",,,,,
aaacc100,EPD 346,,,,,,,,,,,,,,,,,273.04,The declared unit is 1 cubic metre of ready mixed concrete. Products covered by this EPD satisfy general,,,,,,,,,,,,,,,,,,,,,,,,,,,,Portland Cement,,,,,,,,,NSF International,External,,"ISO 14025:2006, ISO 21930:2017, EN 15804:2012, ISO 14040","for Concrete Version 2.1 (August 2021),",,,,,
aaacc101,EPD 346,,,,,,,,,,,,,,,,,273.04,The declared unit is 1 cubic metre of ready mixed concrete. Products covered by this EPD satisfy general,,,,,,,,,,,,,,,,,,,,,,,,,,,,Portland Cement,,,,,,,,,NSF International,External,,"ISO 14025:2006, ISO 21930:2017, EN 15804:2012, ISO 14040","for Concrete Version 2.1 (August 2021),",,,,,
aaacc93,EPD 346,,,,,,,,,,,,,,,,,273.04,The declared unit is 1 cubic metre of ready mixed concrete. Products covered by this EPD satisfy general,,,,,,,,,,,,,,,,,,,,,,,,,,,,Portland Cement,,,,,,,,,NSF International,External,,"ISO 14025:2006, ISO 21930:2017, EN 15804:2012, ISO 14040","for Concrete Version 2.1 (August 2021),",,,,,
aaacc94,EPD 346,,,,,,,,,,,,,,,,,273.04,The declared unit is 1 cubic metre of ready mixed concrete. Products covered by this EPD satisfy general,,,,,,,,,,,,,,,,,,,,,,,,,,,,Portland Cement,,,,,,,,,NSF International,External,,"ISO 14025:2006, ISO 21930:2017, EN 15804:2012, ISO 14040","for Concrete Version 2.1 (August 2021),",,,,,
aaacc95,EPD 346,,,,,,,,,,,,,,,,,273.04,The declared unit is 1 cubic metre of ready mixed concrete. Products covered by this EPD satisfy general,,,,,,,,,,,,,,,,,,,,,,,,,,,,Portland Cement,,,,,,,,,NSF International,External,,"ISO 14025:2006, ISO 21930:2017, EN 15804:2012, ISO 14040","for Concrete Version 2.1 (August 2021),",,,,,
aaacc96,EPD 346,,,,,,,,,,,,,,,,,273.04,The declared unit is 1 cubic metre of ready mixed concrete. Products covered by this EPD satisfy general,,,,,,,,,,,,,,,,,,,,,,,,,,,,Portland Cement,,,,,,,,,NSF International,External,,"ISO 14025:2006, ISO 21930:2017, EN 15804:2012, ISO 14040","for Concrete Version 2.1 (August 2021),",,,,,
aaacc97,EPD 346,,,,,,,,,,,,,,,,,273.04,The declared unit is 1 cubic metre of ready mixed concrete. Products covered by this EPD satisfy general,,,,,,,,,,,,,,,,,,,,,,,,,,,,Portland Cement,,,,,,,,,NSF International,External,,"ISO 14025:2006, ISO 21930:2017, EN 15804:2012, ISO 14040","for Concrete Version 2.1 (August 2021),",,,,,
aaacc98,EPD 346,,,,,,,,,,,,,,,,,273.04,The declared unit is 1 cubic metre of ready mixed concrete. Products covered by this EPD satisfy general,,,,,,,,,,,,,,,,,,,,,,,,,,,,Portland Cement,,,,,,,,,NSF International,External,,"ISO 14025:2006, ISO 21930:2017, EN 15804:2012, ISO 14040","for Concrete Version 2.1 (August 2021),",,,,,
aaacc99,EPD 346,,,,,,,,,,,,,,,,,273.04,The declared unit is 1 cubic metre of ready mixed concrete. Products covered by this EPD satisfy general,,,,,,,,,,,,,,,,,,,,,,,,,,,,Portland Cement,,,,,,,,,NSF International,External,,"ISO 14025:2006, ISO 21930:2017, EN 15804:2012, ISO 14040","for Concrete Version 2.1 (August 2021),",,,,,
A12361,EPD 347,,,,,,,,,,,,,,,,,336.63,The declared unit is 1 cubic metre of ready mixed concrete. Products covered by this EPD satisfy general,,,,,,,,,,,,,,,,,,,,,,,,,,,,Portland Cement,,,,,,,,,NSF International,External,,"ISO 14025:2006, ISO 21930:2017, EN 15804:2012, ISO 14040",for Concrete Version 2.1 (August,,,,,
A12362,EPD 347,,,,,,,,,,,,,,,,,336.63,The declared unit is 1 cubic metre of ready mixed concrete. Products covered by this EPD satisfy general,,,,,,,,,,,,,,,,,,,,,,,,,,,,Portland Cement,,,,,,,,,NSF International,External,,"ISO 14025:2006, ISO 21930:2017, EN 15804:2012, ISO 14040",for Concrete Version 2.1 (August,,,,,
A12368,EPD 347,,,,,,,,,,,,,,,,,336.63,The declared unit is 1 cubic metre of ready mixed concrete. Products covered by this EPD satisfy general,,,,,,,,,,,,,,,,,,,,,,,,,,,,Portland Cement,,,,,,,,,NSF International,External,,"ISO 14025:2006, ISO 21930:2017, EN 15804:2012, ISO 14040",for Concrete Version 2.1 (August,,,,,
aaacc78,EPD 347,,,,,,,,,,,,,,,,,336.63,The declared unit is 1 cubic metre of ready mixed concrete. Products covered by this EPD satisfy general,,,,,,,,,,,,,,,,,,,,,,,,,,,,Portland Cement,,,,,,,,,NSF International,External,,"ISO 14025:2006, ISO 21930:2017, EN 15804:2012, ISO 14040",for Concrete Version 2.1 (August,,,,,
aaacc79,EPD 347,,,,,,,,,,,,,,,,,336.63,The declared unit is 1 cubic metre of ready mixed concrete. Products covered by this EPD satisfy general,,,,,,,,,,,,,,,,,,,,,,,,,,,,Portland Cement,,,,,,,,,NSF International,External,,"ISO 14025:2006, ISO 21930:2017, EN 15804:2012, ISO 14040",for Concrete Version 2.1 (August,,,,,
aaacc80,EPD 347,,,,,,,,,,,,,,,,,336.63,The declared unit is 1 cubic metre of ready mixed concrete. Products covered by this EPD satisfy general,,,,,,,,,,,,,,,,,,,,,,,,,,,,Portland Cement,,,,,,,,,NSF International,External,,"ISO 14025:2006, ISO 21930:2017, EN 15804:2012, ISO 14040",for Concrete Version 2.1 (August,,,,,
aaacc81,EPD 347,,,,,,,,,,,,,,,,,336.63,The declared unit is 1 cubic metre of ready mixed concrete. Products covered by this EPD satisfy general,,,,,,,,,,,,,,,,,,,,,,,,,,,,Portland Cement,,,,,,,,,NSF International,External,,"ISO 14025:2006, ISO 21930:2017, EN 15804:2012, ISO 14040",for Concrete Version 2.1 (August,,,,,
aaacc82,EPD 347,,,,,,,,,,,,,,,,,336.63,The declared unit is 1 cubic metre of ready mixed concrete. Products covered by this EPD satisfy general,,,,,,,,,,,,,,,,,,,,,,,,,,,,Portland Cement,,,,,,,,,NSF International,External,,"ISO 14025:2006, ISO 21930:2017, EN 15804:2012, ISO 14040",for Concrete Version 2.1 (August,,,,,
aaacc83,EPD 347,,,,,,,,,,,,,,,,,336.63,The declared unit is 1 cubic metre of ready mixed concrete. Products covered by this EPD satisfy general,,,,,,,,,,,,,,,,,,,,,,,,,,,,Portland Cement,,,,,,,,,NSF International,External,,"ISO 14025:2006, ISO 21930:2017, EN 15804:2012, ISO 14040",for Concrete Version 2.1 (August,,,,,
aaacc84,EPD 347,,,,,,,,,,,,,,,,,336.63,The declared unit is 1 cubic metre of ready mixed concrete. Products covered by this EPD satisfy general,,,,,,,,,,,,,,,,,,,,,,,,,,,,Portland Cement,,,,,,,,,NSF International,External,,"ISO 14025:2006, ISO 21930:2017, EN 15804:2012, ISO 14040",for Concrete Version 2.1 (August,,,,,
aaacc85,EPD 347,,,,,,,,,,,,,,,,,336.63,The declared unit is 1 cubic metre of ready mixed concrete. Products covered by this EPD satisfy general,,,,,,,,,,,,,,,,,,,,,,,,,,,,Portland Cement,,,,,,,,,NSF International,External,,"ISO 14025:2006, ISO 21930:2017, EN 15804:2012, ISO 14040",for Concrete Version 2.1 (August,,,,,
aaacc86,EPD 347,,,,,,,,,,,,,,,,,336.63,The declared unit is 1 cubic metre of ready mixed concrete. Products covered by this EPD satisfy general,,,,,,,,,,,,,,,,,,,,,,,,,,,,Portland Cement,,,,,,,,,NSF International,External,,"ISO 14025:2006, ISO 21930:2017, EN 15804:2012, ISO 14040",for Concrete Version 2.1 (August,,,,,
aaacc87,EPD 347,,,,,,,,,,,,,,,,,336.63,The declared unit is 1 cubic metre of ready mixed concrete. Products covered by this EPD satisfy general,,,,,,,,,,,,,,,,,,,,,,,,,,,,Portland Cement,,,,,,,,,NSF International,External,,"ISO 14025:2006, ISO 21930:2017, EN 15804:2012, ISO 14040",for Concrete Version 2.1 (August,,,,,
aaacc88,EPD 347,,,,,,,,,,,,,,,,,336.63,The declared unit is 1 cubic metre of ready mixed concrete. Products covered by this EPD satisfy general,,,,,,,,,,,,,,,,,,,,,,,,,,,,Portland Cement,,,,,,,,,NSF International,External,,"ISO 14025:2006, ISO 21930:2017, EN 15804:2012, ISO 14040",for Concrete Version 2.1 (August,,,,,
aaacc89,EPD 347,,,,,,,,,,,,,,,,,336.63,The declared unit is 1 cubic metre of ready mixed concrete. Products covered by this EPD satisfy general,,,,,,,,,,,,,,,,,,,,,,,,,,,,Portland Cement,,,,,,,,,NSF International,External,,"ISO 14025:2006, ISO 21930:2017, EN 15804:2012, ISO 14040",for Concrete Version 2.1 (August,,,,,
aaacc90,EPD 347,,,,,,,,,,,,,,,,,336.63,The declared unit is 1 cubic metre of ready mixed concrete. Products covered by this EPD satisfy general,,,,,,,,,,,,,,,,,,,,,,,,,,,,Portland Cement,,,,,,,,,NSF International,External,,"ISO 14025:2006, ISO 21930:2017, EN 15804:2012, ISO 14040",for Concrete Version 2.1 (August,,,,,
aaacc91,EPD 347,,,,,,,,,,,,,,,,,336.63,The declared unit is 1 cubic metre of ready mixed concrete. Products covered by this EPD satisfy general,,,,,,,,,,,,,,,,,,,,,,,,,,,,Portland Cement,,,,,,,,,NSF International,External,,"ISO 14025:2006, ISO 21930:2017, EN 15804:2012, ISO 14040",for Concrete Version 2.1 (August,,,,,
aaacc92,EPD 347,,,,,,,,,,,,,,,,,336.63,The declared unit is 1 cubic metre of ready mixed concrete. Products covered by this EPD satisfy general,,,,,,,,,,,,,,,,,,,,,,,,,,,,Portland Cement,,,,,,,,,NSF International,External,,"ISO 14025:2006, ISO 21930:2017, EN 15804:2012, ISO 14040",for Concrete Version 2.1 (August,,,,,
A12359,EPD 348,,,,,,,,,,,,,,,,,179.42,The declared unit is 1 cubic metre of ready mixed concrete. Products covered by this EPD satisfy general purpose,,,,,,,,,,,,,,,,,,,,,,,,,,,,Portland Cement,,,,,,,,,NSF International,External,,"ISO 14025:2006, ISO 21930:2017, EN 15804:2012, ISO 14040",for Concrete Version 2.1 (August,,,,,
A12360,EPD 348,,,,,,,,,,,,,,,,,179.42,The declared unit is 1 cubic metre of ready mixed concrete. Products covered by this EPD satisfy general purpose,,,,,,,,,,,,,,,,,,,,,,,,,,,,Portland Cement,,,,,,,,,NSF International,External,,"ISO 14025:2006, ISO 21930:2017, EN 15804:2012, ISO 14040",for Concrete Version 2.1 (August,,,,,
A12366,EPD 348,,,,,,,,,,,,,,,,,179.42,The declared unit is 1 cubic metre of ready mixed concrete. Products covered by this EPD satisfy general purpose,,,,,,,,,,,,,,,,,,,,,,,,,,,,Portland Cement,,,,,,,,,NSF International,External,,"ISO 14025:2006, ISO 21930:2017, EN 15804:2012, ISO 14040",for Concrete Version 2.1 (August,,,,,
aaacc66,EPD 348,,,,,,,,,,,,,,,,,179.42,The declared unit is 1 cubic metre of ready mixed concrete. Products covered by this EPD satisfy general purpose,,,,,,,,,,,,,,,,,,,,,,,,,,,,Portland Cement,,,,,,,,,NSF International,External,,"ISO 14025:2006, ISO 21930:2017, EN 15804:2012, ISO 14040",for Concrete Version 2.1 (August,,,,,
aaacc67,EPD 348,,,,,,,,,,,,,,,,,179.42,The declared unit is 1 cubic metre of ready mixed concrete. Products covered by this EPD satisfy general purpose,,,,,,,,,,,,,,,,,,,,,,,,,,,,Portland Cement,,,,,,,,,NSF International,External,,"ISO 14025:2006, ISO 21930:2017, EN 15804:2012, ISO 14040",for Concrete Version 2.1 (August,,,,,
aaacc68,EPD 348,,,,,,,,,,,,,,,,,179.42,The declared unit is 1 cubic metre of ready mixed concrete. Products covered by this EPD satisfy general purpose,,,,,,,,,,,,,,,,,,,,,,,,,,,,Portland Cement,,,,,,,,,NSF International,External,,"ISO 14025:2006, ISO 21930:2017, EN 15804:2012, ISO 14040",for Concrete Version 2.1 (August,,,,,
aaacc69,EPD 348,,,,,,,,,,,,,,,,,179.42,The declared unit is 1 cubic metre of ready mixed concrete. Products covered by this EPD satisfy general purpose,,,,,,,,,,,,,,,,,,,,,,,,,,,,Portland Cement,,,,,,,,,NSF International,External,,"ISO 14025:2006, ISO 21930:2017, EN 15804:2012, ISO 14040",for Concrete Version 2.1 (August,,,,,
aaacc70,EPD 348,,,,,,,,,,,,,,,,,179.42,The declared unit is 1 cubic metre of ready mixed concrete. Products covered by this EPD satisfy general purpose,,,,,,,,,,,,,,,,,,,,,,,,,,,,Portland Cement,,,,,,,,,NSF International,External,,"ISO 14025:2006, ISO 21930:2017, EN 15804:2012, ISO 14040",for Concrete Version 2.1 (August,,,,,
aaacc71,EPD 348,,,,,,,,,,,,,,,,,179.42,The declared unit is 1 cubic metre of ready mixed concrete. Products covered by this EPD satisfy general purpose,,,,,,,,,,,,,,,,,,,,,,,,,,,,Portland Cement,,,,,,,,,NSF International,External,,"ISO 14025:2006, ISO 21930:2017, EN 15804:2012, ISO 14040",for Concrete Version 2.1 (August,,,,,
aaacc72,EPD 348,,,,,,,,,,,,,,,,,179.42,The declared unit is 1 cubic metre of ready mixed concrete. Products covered by this EPD satisfy general purpose,,,,,,,,,,,,,,,,,,,,,,,,,,,,Portland Cement,,,,,,,,,NSF International,External,,"ISO 14025:2006, ISO 21930:2017, EN 15804:2012, ISO 14040",for Concrete Version 2.1 (August,,,,,
aaacc73,EPD 348,,,,,,,,,,,,,,,,,179.42,The declared unit is 1 cubic metre of ready mixed concrete. Products covered by this EPD satisfy general purpose,,,,,,,,,,,,,,,,,,,,,,,,,,,,Portland Cement,,,,,,,,,NSF International,External,,"ISO 14025:2006, ISO 21930:2017, EN 15804:2012, ISO 14040",for Concrete Version 2.1 (August,,,,,
aaacc74,EPD 348,,,,,,,,,,,,,,,,,179.42,The declared unit is 1 cubic metre of ready mixed concrete. Products covered by this EPD satisfy general purpose,,,,,,,,,,,,,,,,,,,,,,,,,,,,Portland Cement,,,,,,,,,NSF International,External,,"ISO 14025:2006, ISO 21930:2017, EN 15804:2012, ISO 14040",for Concrete Version 2.1 (August,,,,,
aaacc75,EPD 348,,,,,,,,,,,,,,,,,179.42,The declared unit is 1 cubic metre of ready mixed concrete. Products covered by this EPD satisfy general purpose,,,,,,,,,,,,,,,,,,,,,,,,,,,,Portland Cement,,,,,,,,,NSF International,External,,"ISO 14025:2006, ISO 21930:2017, EN 15804:2012, ISO 14040",for Concrete Version 2.1 (August,,,,,
aaacc76,EPD 348,,,,,,,,,,,,,,,,,179.42,The declared unit is 1 cubic metre of ready mixed concrete. Products covered by this EPD satisfy general purpose,,,,,,,,,,,,,,,,,,,,,,,,,,,,Portland Cement,,,,,,,,,NSF International,External,,"ISO 14025:2006, ISO 21930:2017, EN 15804:2012, ISO 14040",for Concrete Version 2.1 (August,,,,,
aaacc77,EPD 348,,,,,,,,,,,,,,,,,179.42,The declared unit is 1 cubic metre of ready mixed concrete. Products covered by this EPD satisfy general purpose,,,,,,,,,,,,,,,,,,,,,,,,,,,,Portland Cement,,,,,,,,,NSF International,External,,"ISO 14025:2006, ISO 21930:2017, EN 15804:2012, ISO 14040",for Concrete Version 2.1 (August,,,,,
A12355,EPD 349,,,,,,,,,,,,,,,,,202.25,The declared unit is 1 cubic metre of ready mixed concrete. Products covered by this EPD satisfy general,,,,,,,,,,,,,,,,,,,,,,,,,,,,Portland Cement,,,,,,,,,NSF International,External,,"ISO 14025:2006, ISO 21930:2017, EN 15804:2012, ISO 14040","for Concrete Version 2.1 (August 2021),",,,,,
A12356,EPD 349,,,,,,,,,,,,,,,,,202.25,The declared unit is 1 cubic metre of ready mixed concrete. Products covered by this EPD satisfy general,,,,,,,,,,,,,,,,,,,,,,,,,,,,Portland Cement,,,,,,,,,NSF International,External,,"ISO 14025:2006, ISO 21930:2017, EN 15804:2012, ISO 14040","for Concrete Version 2.1 (August 2021),",,,,,
A12358,EPD 349,,,,,,,,,,,,,,,,,202.25,The declared unit is 1 cubic metre of ready mixed concrete. Products covered by this EPD satisfy general,,,,,,,,,,,,,,,,,,,,,,,,,,,,Portland Cement,,,,,,,,,NSF International,External,,"ISO 14025:2006, ISO 21930:2017, EN 15804:2012, ISO 14040","for Concrete Version 2.1 (August 2021),",,,,,
aaacc51,EPD 349,,,,,,,,,,,,,,,,,202.25,The declared unit is 1 cubic metre of ready mixed concrete. Products covered by this EPD satisfy general,,,,,,,,,,,,,,,,,,,,,,,,,,,,Portland Cement,,,,,,,,,NSF International,External,,"ISO 14025:2006, ISO 21930:2017, EN 15804:2012, ISO 14040","for Concrete Version 2.1 (August 2021),",,,,,
aaacc52,EPD 349,,,,,,,,,,,,,,,,,202.25,The declared unit is 1 cubic metre of ready mixed concrete. Products covered by this EPD satisfy general,,,,,,,,,,,,,,,,,,,,,,,,,,,,Portland Cement,,,,,,,,,NSF International,External,,"ISO 14025:2006, ISO 21930:2017, EN 15804:2012, ISO 14040","for Concrete Version 2.1 (August 2021),",,,,,
aaacc53,EPD 349,,,,,,,,,,,,,,,,,202.25,The declared unit is 1 cubic metre of ready mixed concrete. Products covered by this EPD satisfy general,,,,,,,,,,,,,,,,,,,,,,,,,,,,Portland Cement,,,,,,,,,NSF International,External,,"ISO 14025:2006, ISO 21930:2017, EN 15804:2012, ISO 14040","for Concrete Version 2.1 (August 2021),",,,,,
aaacc54,EPD 349,,,,,,,,,,,,,,,,,202.25,The declared unit is 1 cubic metre of ready mixed concrete. Products covered by this EPD satisfy general,,,,,,,,,,,,,,,,,,,,,,,,,,,,Portland Cement,,,,,,,,,NSF International,External,,"ISO 14025:2006, ISO 21930:2017, EN 15804:2012, ISO 14040","for Concrete Version 2.1 (August 2021),",,,,,
aaacc55,EPD 349,,,,,,,,,,,,,,,,,202.25,The declared unit is 1 cubic metre of ready mixed concrete. Products covered by this EPD satisfy general,,,,,,,,,,,,,,,,,,,,,,,,,,,,Portland Cement,,,,,,,,,NSF International,External,,"ISO 14025:2006, ISO 21930:2017, EN 15804:2012, ISO 14040","for Concrete Version 2.1 (August 2021),",,,,,
aaacc56,EPD 349,,,,,,,,,,,,,,,,,202.25,The declared unit is 1 cubic metre of ready mixed concrete. Products covered by this EPD satisfy general,,,,,,,,,,,,,,,,,,,,,,,,,,,,Portland Cement,,,,,,,,,NSF International,External,,"ISO 14025:2006, ISO 21930:2017, EN 15804:2012, ISO 14040","for Concrete Version 2.1 (August 2021),",,,,,
aaacc57,EPD 349,,,,,,,,,,,,,,,,,202.25,The declared unit is 1 cubic metre of ready mixed concrete. Products covered by this EPD satisfy general,,,,,,,,,,,,,,,,,,,,,,,,,,,,Portland Cement,,,,,,,,,NSF International,External,,"ISO 14025:2006, ISO 21930:2017, EN 15804:2012, ISO 14040","for Concrete Version 2.1 (August 2021),",,,,,
aaacc58,EPD 349,,,,,,,,,,,,,,,,,202.25,The declared unit is 1 cubic metre of ready mixed concrete. Products covered by this EPD satisfy general,,,,,,,,,,,,,,,,,,,,,,,,,,,,Portland Cement,,,,,,,,,NSF International,External,,"ISO 14025:2006, ISO 21930:2017, EN 15804:2012, ISO 14040","for Concrete Version 2.1 (August 2021),",,,,,
aaacc59,EPD 349,,,,,,,,,,,,,,,,,202.25,The declared unit is 1 cubic metre of ready mixed concrete. Products covered by this EPD satisfy general,,,,,,,,,,,,,,,,,,,,,,,,,,,,Portland Cement,,,,,,,,,NSF International,External,,"ISO 14025:2006, ISO 21930:2017, EN 15804:2012, ISO 14040","for Concrete Version 2.1 (August 2021),",,,,,
aaacc60,EPD 349,,,,,,,,,,,,,,,,,202.25,The declared unit is 1 cubic metre of ready mixed concrete. Products covered by this EPD satisfy general,,,,,,,,,,,,,,,,,,,,,,,,,,,,Portland Cement,,,,,,,,,NSF International,External,,"ISO 14025:2006, ISO 21930:2017, EN 15804:2012, ISO 14040","for Concrete Version 2.1 (August 2021),",,,,,
aaacc61,EPD 349,,,,,,,,,,,,,,,,,202.25,The declared unit is 1 cubic metre of ready mixed concrete. Products covered by this EPD satisfy general,,,,,,,,,,,,,,,,,,,,,,,,,,,,Portland Cement,,,,,,,,,NSF International,External,,"ISO 14025:2006, ISO 21930:2017, EN 15804:2012, ISO 14040","for Concrete Version 2.1 (August 2021),",,,,,
aaacc62,EPD 349,,,,,,,,,,,,,,,,,202.25,The declared unit is 1 cubic metre of ready mixed concrete. Products covered by this EPD satisfy general,,,,,,,,,,,,,,,,,,,,,,,,,,,,Portland Cement,,,,,,,,,NSF International,External,,"ISO 14025:2006, ISO 21930:2017, EN 15804:2012, ISO 14040","for Concrete Version 2.1 (August 2021),",,,,,
aaacc63,EPD 349,,,,,,,,,,,,,,,,,202.25,The declared unit is 1 cubic metre of ready mixed concrete. Products covered by this EPD satisfy general,,,,,,,,,,,,,,,,,,,,,,,,,,,,Portland Cement,,,,,,,,,NSF International,External,,"ISO 14025:2006, ISO 21930:2017, EN 15804:2012, ISO 14040","for Concrete Version 2.1 (August 2021),",,,,,
aaacc64,EPD 349,,,,,,,,,,,,,,,,,202.25,The declared unit is 1 cubic metre of ready mixed concrete. Products covered by this EPD satisfy general,,,,,,,,,,,,,,,,,,,,,,,,,,,,Portland Cement,,,,,,,,,NSF International,External,,"ISO 14025:2006, ISO 21930:2017, EN 15804:2012, ISO 14040","for Concrete Version 2.1 (August 2021),",,,,,
aaacc65,EPD 349,,,,,,,,,,,,,,,,,202.25,The declared unit is 1 cubic metre of ready mixed concrete. Products covered by this EPD satisfy general,,,,,,,,,,,,,,,,,,,,,,,,,,,,Portland Cement,,,,,,,,,NSF International,External,,"ISO 14025:2006, ISO 21930:2017, EN 15804:2012, ISO 14040","for Concrete Version 2.1 (August 2021),",,,,,
A12352,EPD 350,,,,,,,,,,,,,,,,,312.83,The declared unit is 1 cubic metre of ready mixed concrete. Products covered by this EPD satisfy general purpose concrete,,,,,,,,,,,,,,,,,,,,,,,,,,,,Portland Cement,,,,,,,,,NSF International,External,,"ISO 14025:2006, ISO 21930:2017, EN 15804:2012, ISO 14040",for Concrete Version 2.1 (August,,,,,
A12353,EPD 350,,,,,,,,,,,,,,,,,312.83,The declared unit is 1 cubic metre of ready mixed concrete. Products covered by this EPD satisfy general purpose concrete,,,,,,,,,,,,,,,,,,,,,,,,,,,,Portland Cement,,,,,,,,,NSF International,External,,"ISO 14025:2006, ISO 21930:2017, EN 15804:2012, ISO 14040",for Concrete Version 2.1 (August,,,,,
A12354,EPD 350,,,,,,,,,,,,,,,,,312.83,The declared unit is 1 cubic metre of ready mixed concrete. Products covered by this EPD satisfy general purpose concrete,,,,,,,,,,,,,,,,,,,,,,,,,,,,Portland Cement,,,,,,,,,NSF International,External,,"ISO 14025:2006, ISO 21930:2017, EN 15804:2012, ISO 14040",for Concrete Version 2.1 (August,,,,,
aaacc36,EPD 350,,,,,,,,,,,,,,,,,312.83,The declared unit is 1 cubic metre of ready mixed concrete. Products covered by this EPD satisfy general purpose concrete,,,,,,,,,,,,,,,,,,,,,,,,,,,,Portland Cement,,,,,,,,,NSF International,External,,"ISO 14025:2006, ISO 21930:2017, EN 15804:2012, ISO 14040",for Concrete Version 2.1 (August,,,,,
aaacc37,EPD 350,,,,,,,,,,,,,,,,,312.83,The declared unit is 1 cubic metre of ready mixed concrete. Products covered by this EPD satisfy general purpose concrete,,,,,,,,,,,,,,,,,,,,,,,,,,,,Portland Cement,,,,,,,,,NSF International,External,,"ISO 14025:2006, ISO 21930:2017, EN 15804:2012, ISO 14040",for Concrete Version 2.1 (August,,,,,
aaacc38,EPD 350,,,,,,,,,,,,,,,,,312.83,The declared unit is 1 cubic metre of ready mixed concrete. Products covered by this EPD satisfy general purpose concrete,,,,,,,,,,,,,,,,,,,,,,,,,,,,Portland Cement,,,,,,,,,NSF International,External,,"ISO 14025:2006, ISO 21930:2017, EN 15804:2012, ISO 14040",for Concrete Version 2.1 (August,,,,,
aaacc39,EPD 350,,,,,,,,,,,,,,,,,312.83,The declared unit is 1 cubic metre of ready mixed concrete. Products covered by this EPD satisfy general purpose concrete,,,,,,,,,,,,,,,,,,,,,,,,,,,,Portland Cement,,,,,,,,,NSF International,External,,"ISO 14025:2006, ISO 21930:2017, EN 15804:2012, ISO 14040",for Concrete Version 2.1 (August,,,,,
aaacc40,EPD 350,,,,,,,,,,,,,,,,,312.83,The declared unit is 1 cubic metre of ready mixed concrete. Products covered by this EPD satisfy general purpose concrete,,,,,,,,,,,,,,,,,,,,,,,,,,,,Portland Cement,,,,,,,,,NSF International,External,,"ISO 14025:2006, ISO 21930:2017, EN 15804:2012, ISO 14040",for Concrete Version 2.1 (August,,,,,
aaacc41,EPD 350,,,,,,,,,,,,,,,,,312.83,The declared unit is 1 cubic metre of ready mixed concrete. Products covered by this EPD satisfy general purpose concrete,,,,,,,,,,,,,,,,,,,,,,,,,,,,Portland Cement,,,,,,,,,NSF International,External,,"ISO 14025:2006, ISO 21930:2017, EN 15804:2012, ISO 14040",for Concrete Version 2.1 (August,,,,,
aaacc42,EPD 350,,,,,,,,,,,,,,,,,312.83,The declared unit is 1 cubic metre of ready mixed concrete. Products covered by this EPD satisfy general purpose concrete,,,,,,,,,,,,,,,,,,,,,,,,,,,,Portland Cement,,,,,,,,,NSF International,External,,"ISO 14025:2006, ISO 21930:2017, EN 15804:2012, ISO 14040",for Concrete Version 2.1 (August,,,,,
aaacc43,EPD 350,,,,,,,,,,,,,,,,,312.83,The declared unit is 1 cubic metre of ready mixed concrete. Products covered by this EPD satisfy general purpose concrete,,,,,,,,,,,,,,,,,,,,,,,,,,,,Portland Cement,,,,,,,,,NSF International,External,,"ISO 14025:2006, ISO 21930:2017, EN 15804:2012, ISO 14040",for Concrete Version 2.1 (August,,,,,
aaacc44,EPD 350,,,,,,,,,,,,,,,,,312.83,The declared unit is 1 cubic metre of ready mixed concrete. Products covered by this EPD satisfy general purpose concrete,,,,,,,,,,,,,,,,,,,,,,,,,,,,Portland Cement,,,,,,,,,NSF International,External,,"ISO 14025:2006, ISO 21930:2017, EN 15804:2012, ISO 14040",for Concrete Version 2.1 (August,,,,,
aaacc45,EPD 350,,,,,,,,,,,,,,,,,312.83,The declared unit is 1 cubic metre of ready mixed concrete. Products covered by this EPD satisfy general purpose concrete,,,,,,,,,,,,,,,,,,,,,,,,,,,,Portland Cement,,,,,,,,,NSF International,External,,"ISO 14025:2006, ISO 21930:2017, EN 15804:2012, ISO 14040",for Concrete Version 2.1 (August,,,,,
aaacc46,EPD 350,,,,,,,,,,,,,,,,,312.83,The declared unit is 1 cubic metre of ready mixed concrete. Products covered by this EPD satisfy general purpose concrete,,,,,,,,,,,,,,,,,,,,,,,,,,,,Portland Cement,,,,,,,,,NSF International,External,,"ISO 14025:2006, ISO 21930:2017, EN 15804:2012, ISO 14040",for Concrete Version 2.1 (August,,,,,
aaacc47,EPD 350,,,,,,,,,,,,,,,,,312.83,The declared unit is 1 cubic metre of ready mixed concrete. Products covered by this EPD satisfy general purpose concrete,,,,,,,,,,,,,,,,,,,,,,,,,,,,Portland Cement,,,,,,,,,NSF International,External,,"ISO 14025:2006, ISO 21930:2017, EN 15804:2012, ISO 14040",for Concrete Version 2.1 (August,,,,,
aaacc48,EPD 350,,,,,,,,,,,,,,,,,312.83,The declared unit is 1 cubic metre of ready mixed concrete. Products covered by this EPD satisfy general purpose concrete,,,,,,,,,,,,,,,,,,,,,,,,,,,,Portland Cement,,,,,,,,,NSF International,External,,"ISO 14025:2006, ISO 21930:2017, EN 15804:2012, ISO 14040",for Concrete Version 2.1 (August,,,,,
aaacc49,EPD 350,,,,,,,,,,,,,,,,,312.83,The declared unit is 1 cubic metre of ready mixed concrete. Products covered by this EPD satisfy general purpose concrete,,,,,,,,,,,,,,,,,,,,,,,,,,,,Portland Cement,,,,,,,,,NSF International,External,,"ISO 14025:2006, ISO 21930:2017, EN 15804:2012, ISO 14040",for Concrete Version 2.1 (August,,,,,
aaacc50,EPD 350,,,,,,,,,,,,,,,,,312.83,The declared unit is 1 cubic metre of ready mixed concrete. Products covered by this EPD satisfy general purpose concrete,,,,,,,,,,,,,,,,,,,,,,,,,,,,Portland Cement,,,,,,,,,NSF International,External,,"ISO 14025:2006, ISO 21930:2017, EN 15804:2012, ISO 14040",for Concrete Version 2.1 (August,,,,,
A12349,EPD 351,,,,,,,,,,,,,,,,,220.29,The declared unit is 1 cubic metre of ready mixed concrete. Products covered by this EPD satisfy general purpose,,,,,,,,,,,,,,,,,,,,,,,,,,,,Portland Cement,,,,,,,,,NSF International,External,,"ISO 14025:2006, ISO 21930:2017, EN 15804:2012, ISO 14040","for Concrete Version 2.1 (August 2021),",,,,,
A12350,EPD 351,,,,,,,,,,,,,,,,,220.29,The declared unit is 1 cubic metre of ready mixed concrete. Products covered by this EPD satisfy general purpose,,,,,,,,,,,,,,,,,,,,,,,,,,,,Portland Cement,,,,,,,,,NSF International,External,,"ISO 14025:2006, ISO 21930:2017, EN 15804:2012, ISO 14040","for Concrete Version 2.1 (August 2021),",,,,,
A12351,EPD 351,,,,,,,,,,,,,,,,,220.29,The declared unit is 1 cubic metre of ready mixed concrete. Products covered by this EPD satisfy general purpose,,,,,,,,,,,,,,,,,,,,,,,,,,,,Portland Cement,,,,,,,,,NSF International,External,,"ISO 14025:2006, ISO 21930:2017, EN 15804:2012, ISO 14040","for Concrete Version 2.1 (August 2021),",,,,,
aaacc21,EPD 351,,,,,,,,,,,,,,,,,220.29,The declared unit is 1 cubic metre of ready mixed concrete. Products covered by this EPD satisfy general purpose,,,,,,,,,,,,,,,,,,,,,,,,,,,,Portland Cement,,,,,,,,,NSF International,External,,"ISO 14025:2006, ISO 21930:2017, EN 15804:2012, ISO 14040","for Concrete Version 2.1 (August 2021),",,,,,
aaacc22,EPD 351,,,,,,,,,,,,,,,,,220.29,The declared unit is 1 cubic metre of ready mixed concrete. Products covered by this EPD satisfy general purpose,,,,,,,,,,,,,,,,,,,,,,,,,,,,Portland Cement,,,,,,,,,NSF International,External,,"ISO 14025:2006, ISO 21930:2017, EN 15804:2012, ISO 14040","for Concrete Version 2.1 (August 2021),",,,,,
aaacc23,EPD 351,,,,,,,,,,,,,,,,,220.29,The declared unit is 1 cubic metre of ready mixed concrete. Products covered by this EPD satisfy general purpose,,,,,,,,,,,,,,,,,,,,,,,,,,,,Portland Cement,,,,,,,,,NSF International,External,,"ISO 14025:2006, ISO 21930:2017, EN 15804:2012, ISO 14040","for Concrete Version 2.1 (August 2021),",,,,,
aaacc24,EPD 351,,,,,,,,,,,,,,,,,220.29,The declared unit is 1 cubic metre of ready mixed concrete. Products covered by this EPD satisfy general purpose,,,,,,,,,,,,,,,,,,,,,,,,,,,,Portland Cement,,,,,,,,,NSF International,External,,"ISO 14025:2006, ISO 21930:2017, EN 15804:2012, ISO 14040","for Concrete Version 2.1 (August 2021),",,,,,
aaacc25,EPD 351,,,,,,,,,,,,,,,,,220.29,The declared unit is 1 cubic metre of ready mixed concrete. Products covered by this EPD satisfy general purpose,,,,,,,,,,,,,,,,,,,,,,,,,,,,Portland Cement,,,,,,,,,NSF International,External,,"ISO 14025:2006, ISO 21930:2017, EN 15804:2012, ISO 14040","for Concrete Version 2.1 (August 2021),",,,,,
aaacc26,EPD 351,,,,,,,,,,,,,,,,,220.29,The declared unit is 1 cubic metre of ready mixed concrete. Products covered by this EPD satisfy general purpose,,,,,,,,,,,,,,,,,,,,,,,,,,,,Portland Cement,,,,,,,,,NSF International,External,,"ISO 14025:2006, ISO 21930:2017, EN 15804:2012, ISO 14040","for Concrete Version 2.1 (August 2021),",,,,,
aaacc27,EPD 351,,,,,,,,,,,,,,,,,220.29,The declared unit is 1 cubic metre of ready mixed concrete. Products covered by this EPD satisfy general purpose,,,,,,,,,,,,,,,,,,,,,,,,,,,,Portland Cement,,,,,,,,,NSF International,External,,"ISO 14025:2006, ISO 21930:2017, EN 15804:2012, ISO 14040","for Concrete Version 2.1 (August 2021),",,,,,
aaacc28,EPD 351,,,,,,,,,,,,,,,,,220.29,The declared unit is 1 cubic metre of ready mixed concrete. Products covered by this EPD satisfy general purpose,,,,,,,,,,,,,,,,,,,,,,,,,,,,Portland Cement,,,,,,,,,NSF International,External,,"ISO 14025:2006, ISO 21930:2017, EN 15804:2012, ISO 14040","for Concrete Version 2.1 (August 2021),",,,,,
aaacc29,EPD 351,,,,,,,,,,,,,,,,,220.29,The declared unit is 1 cubic metre of ready mixed concrete. Products covered by this EPD satisfy general purpose,,,,,,,,,,,,,,,,,,,,,,,,,,,,Portland Cement,,,,,,,,,NSF International,External,,"ISO 14025:2006, ISO 21930:2017, EN 15804:2012, ISO 14040","for Concrete Version 2.1 (August 2021),",,,,,
aaacc30,EPD 351,,,,,,,,,,,,,,,,,220.29,The declared unit is 1 cubic metre of ready mixed concrete. Products covered by this EPD satisfy general purpose,,,,,,,,,,,,,,,,,,,,,,,,,,,,Portland Cement,,,,,,,,,NSF International,External,,"ISO 14025:2006, ISO 21930:2017, EN 15804:2012, ISO 14040","for Concrete Version 2.1 (August 2021),",,,,,
aaacc31,EPD 351,,,,,,,,,,,,,,,,,220.29,The declared unit is 1 cubic metre of ready mixed concrete. Products covered by this EPD satisfy general purpose,,,,,,,,,,,,,,,,,,,,,,,,,,,,Portland Cement,,,,,,,,,NSF International,External,,"ISO 14025:2006, ISO 21930:2017, EN 15804:2012, ISO 14040","for Concrete Version 2.1 (August 2021),",,,,,
aaacc32,EPD 351,,,,,,,,,,,,,,,,,220.29,The declared unit is 1 cubic metre of ready mixed concrete. Products covered by this EPD satisfy general purpose,,,,,,,,,,,,,,,,,,,,,,,,,,,,Portland Cement,,,,,,,,,NSF International,External,,"ISO 14025:2006, ISO 21930:2017, EN 15804:2012, ISO 14040","for Concrete Version 2.1 (August 2021),",,,,,
aaacc33,EPD 351,,,,,,,,,,,,,,,,,220.29,The declared unit is 1 cubic metre of ready mixed concrete. Products covered by this EPD satisfy general purpose,,,,,,,,,,,,,,,,,,,,,,,,,,,,Portland Cement,,,,,,,,,NSF International,External,,"ISO 14025:2006, ISO 21930:2017, EN 15804:2012, ISO 14040","for Concrete Version 2.1 (August 2021),",,,,,
aaacc34,EPD 351,,,,,,,,,,,,,,,,,220.29,The declared unit is 1 cubic metre of ready mixed concrete. Products covered by this EPD satisfy general purpose,,,,,,,,,,,,,,,,,,,,,,,,,,,,Portland Cement,,,,,,,,,NSF International,External,,"ISO 14025:2006, ISO 21930:2017, EN 15804:2012, ISO 14040","for Concrete Version 2.1 (August 2021),",,,,,
aaacc35,EPD 351,,,,,,,,,,,,,,,,,220.29,The declared unit is 1 cubic metre of ready mixed concrete. Products covered by this EPD satisfy general purpose,,,,,,,,,,,,,,,,,,,,,,,,,,,,Portland Cement,,,,,,,,,NSF International,External,,"ISO 14025:2006, ISO 21930:2017, EN 15804:2012, ISO 14040","for Concrete Version 2.1 (August 2021),",,,,,
A12345,EPD 352,,,,,,,,,,,,,,,,,278.1,The declared unit is 1 cubic metre of ready mixed concrete. Products covered by this EPD satisfy general purpose,,,,,,,,,,,,,,,,,,,,,,,,,,,,Portland Cement,,,,,,,,,NSF International,External,,"ISO 14025:2006, ISO 21930:2017, EN 15804:2012, ISO 14040","for Concrete Version 2.1 (August 2021),",,,,,
A12346,EPD 352,,,,,,,,,,,,,,,,,278.1,The declared unit is 1 cubic metre of ready mixed concrete. Products covered by this EPD satisfy general purpose,,,,,,,,,,,,,,,,,,,,,,,,,,,,Portland Cement,,,,,,,,,NSF International,External,,"ISO 14025:2006, ISO 21930:2017, EN 15804:2012, ISO 14040","for Concrete Version 2.1 (August 2021),",,,,,
A12348,EPD 352,,,,,,,,,,,,,,,,,278.1,The declared unit is 1 cubic metre of ready mixed concrete. Products covered by this EPD satisfy general purpose,,,,,,,,,,,,,,,,,,,,,,,,,,,,Portland Cement,,,,,,,,,NSF International,External,,"ISO 14025:2006, ISO 21930:2017, EN 15804:2012, ISO 14040","for Concrete Version 2.1 (August 2021),",,,,,
aaacc1,EPD 352,,,,,,,,,,,,,,,,,278.1,The declared unit is 1 cubic metre of ready mixed concrete. Products covered by this EPD satisfy general purpose,,,,,,,,,,,,,,,,,,,,,,,,,,,,Portland Cement,,,,,,,,,NSF International,External,,"ISO 14025:2006, ISO 21930:2017, EN 15804:2012, ISO 14040","for Concrete Version 2.1 (August 2021),",,,,,
aaacc10,EPD 352,,,,,,,,,,,,,,,,,278.1,The declared unit is 1 cubic metre of ready mixed concrete. Products covered by this EPD satisfy general purpose,,,,,,,,,,,,,,,,,,,,,,,,,,,,Portland Cement,,,,,,,,,NSF International,External,,"ISO 14025:2006, ISO 21930:2017, EN 15804:2012, ISO 14040","for Concrete Version 2.1 (August 2021),",,,,,
aaacc11,EPD 352,,,,,,,,,,,,,,,,,278.1,The declared unit is 1 cubic metre of ready mixed concrete. Products covered by this EPD satisfy general purpose,,,,,,,,,,,,,,,,,,,,,,,,,,,,Portland Cement,,,,,,,,,NSF International,External,,"ISO 14025:2006, ISO 21930:2017, EN 15804:2012, ISO 14040","for Concrete Version 2.1 (August 2021),",,,,,
aaacc12,EPD 352,,,,,,,,,,,,,,,,,278.1,The declared unit is 1 cubic metre of ready mixed concrete. Products covered by this EPD satisfy general purpose,,,,,,,,,,,,,,,,,,,,,,,,,,,,Portland Cement,,,,,,,,,NSF International,External,,"ISO 14025:2006, ISO 21930:2017, EN 15804:2012, ISO 14040","for Concrete Version 2.1 (August 2021),",,,,,
aaacc13,EPD 352,,,,,,,,,,,,,,,,,278.1,The declared unit is 1 cubic metre of ready mixed concrete. Products covered by this EPD satisfy general purpose,,,,,,,,,,,,,,,,,,,,,,,,,,,,Portland Cement,,,,,,,,,NSF International,External,,"ISO 14025:2006, ISO 21930:2017, EN 15804:2012, ISO 14040","for Concrete Version 2.1 (August 2021),",,,,,
aaacc14,EPD 352,,,,,,,,,,,,,,,,,278.1,The declared unit is 1 cubic metre of ready mixed concrete. Products covered by this EPD satisfy general purpose,,,,,,,,,,,,,,,,,,,,,,,,,,,,Portland Cement,,,,,,,,,NSF International,External,,"ISO 14025:2006, ISO 21930:2017, EN 15804:2012, ISO 14040","for Concrete Version 2.1 (August 2021),",,,,,
aaacc15,EPD 352,,,,,,,,,,,,,,,,,278.1,The declared unit is 1 cubic metre of ready mixed concrete. Products covered by this EPD satisfy general purpose,,,,,,,,,,,,,,,,,,,,,,,,,,,,Portland Cement,,,,,,,,,NSF International,External,,"ISO 14025:2006, ISO 21930:2017, EN 15804:2012, ISO 14040","for Concrete Version 2.1 (August 2021),",,,,,
aaacc16,EPD 352,,,,,,,,,,,,,,,,,278.1,The declared unit is 1 cubic metre of ready mixed concrete. Products covered by this EPD satisfy general purpose,,,,,,,,,,,,,,,,,,,,,,,,,,,,Portland Cement,,,,,,,,,NSF International,External,,"ISO 14025:2006, ISO 21930:2017, EN 15804:2012, ISO 14040","for Concrete Version 2.1 (August 2021),",,,,,
aaacc17,EPD 352,,,,,,,,,,,,,,,,,278.1,The declared unit is 1 cubic metre of ready mixed concrete. Products covered by this EPD satisfy general purpose,,,,,,,,,,,,,,,,,,,,,,,,,,,,Portland Cement,,,,,,,,,NSF International,External,,"ISO 14025:2006, ISO 21930:2017, EN 15804:2012, ISO 14040","for Concrete Version 2.1 (August 2021),",,,,,
aaacc18,EPD 352,,,,,,,,,,,,,,,,,278.1,The declared unit is 1 cubic metre of ready mixed concrete. Products covered by this EPD satisfy general purpose,,,,,,,,,,,,,,,,,,,,,,,,,,,,Portland Cement,,,,,,,,,NSF International,External,,"ISO 14025:2006, ISO 21930:2017, EN 15804:2012, ISO 14040","for Concrete Version 2.1 (August 2021),",,,,,
aaacc19,EPD 352,,,,,,,,,,,,,,,,,278.1,The declared unit is 1 cubic metre of ready mixed concrete. Products covered by this EPD satisfy general purpose,,,,,,,,,,,,,,,,,,,,,,,,,,,,Portland Cement,,,,,,,,,NSF International,External,,"ISO 14025:2006, ISO 21930:2017, EN 15804:2012, ISO 14040","for Concrete Version 2.1 (August 2021),",,,,,
aaacc2,EPD 352,,,,,,,,,,,,,,,,,278.1,The declared unit is 1 cubic metre of ready mixed concrete. Products covered by this EPD satisfy general purpose,,,,,,,,,,,,,,,,,,,,,,,,,,,,Portland Cement,,,,,,,,,NSF International,External,,"ISO 14025:2006, ISO 21930:2017, EN 15804:2012, ISO 14040","for Concrete Version 2.1 (August 2021),",,,,,
aaacc20,EPD 352,,,,,,,,,,,,,,,,,278.1,The declared unit is 1 cubic metre of ready mixed concrete. Products covered by this EPD satisfy general purpose,,,,,,,,,,,,,,,,,,,,,,,,,,,,Portland Cement,,,,,,,,,NSF International,External,,"ISO 14025:2006, ISO 21930:2017, EN 15804:2012, ISO 14040","for Concrete Version 2.1 (August 2021),",,,,,
aaacc3,EPD 352,,,,,,,,,,,,,,,,,278.1,The declared unit is 1 cubic metre of ready mixed concrete. Products covered by this EPD satisfy general purpose,,,,,,,,,,,,,,,,,,,,,,,,,,,,Portland Cement,,,,,,,,,NSF International,External,,"ISO 14025:2006, ISO 21930:2017, EN 15804:2012, ISO 14040","for Concrete Version 2.1 (August 2021),",,,,,
aaacc4,EPD 352,,,,,,,,,,,,,,,,,278.1,The declared unit is 1 cubic metre of ready mixed concrete. Products covered by this EPD satisfy general purpose,,,,,,,,,,,,,,,,,,,,,,,,,,,,Portland Cement,,,,,,,,,NSF International,External,,"ISO 14025:2006, ISO 21930:2017, EN 15804:2012, ISO 14040","for Concrete Version 2.1 (August 2021),",,,,,
aaacc5,EPD 352,,,,,,,,,,,,,,,,,278.1,The declared unit is 1 cubic metre of ready mixed concrete. Products covered by this EPD satisfy general purpose,,,,,,,,,,,,,,,,,,,,,,,,,,,,Portland Cement,,,,,,,,,NSF International,External,,"ISO 14025:2006, ISO 21930:2017, EN 15804:2012, ISO 14040","for Concrete Version 2.1 (August 2021),",,,,,
aaacc6,EPD 352,,,,,,,,,,,,,,,,,278.1,The declared unit is 1 cubic metre of ready mixed concrete. Products covered by this EPD satisfy general purpose,,,,,,,,,,,,,,,,,,,,,,,,,,,,Portland Cement,,,,,,,,,NSF International,External,,"ISO 14025:2006, ISO 21930:2017, EN 15804:2012, ISO 14040","for Concrete Version 2.1 (August 2021),",,,,,
aaacc7,EPD 352,,,,,,,,,,,,,,,,,278.1,The declared unit is 1 cubic metre of ready mixed concrete. Products covered by this EPD satisfy general purpose,,,,,,,,,,,,,,,,,,,,,,,,,,,,Portland Cement,,,,,,,,,NSF International,External,,"ISO 14025:2006, ISO 21930:2017, EN 15804:2012, ISO 14040","for Concrete Version 2.1 (August 2021),",,,,,
aaacc8,EPD 352,,,,,,,,,,,,,,,,,278.1,The declared unit is 1 cubic metre of ready mixed concrete. Products covered by this EPD satisfy general purpose,,,,,,,,,,,,,,,,,,,,,,,,,,,,Portland Cement,,,,,,,,,NSF International,External,,"ISO 14025:2006, ISO 21930:2017, EN 15804:2012, ISO 14040","for Concrete Version 2.1 (August 2021),",,,,,
aaacc9,EPD 352,,,,,,,,,,,,,,,,,278.1,The declared unit is 1 cubic metre of ready mixed concrete. Products covered by this EPD satisfy general purpose,,,,,,,,,,,,,,,,,,,,,,,,,,,,Portland Cement,,,,,,,,,NSF International,External,,"ISO 14025:2006, ISO 21930:2017, EN 15804:2012, ISO 14040","for Concrete Version 2.1 (August 2021),",,,,,
fdsj68,EPD 352,,,,,,,,,,,,,,,,,278.1,The declared unit is 1 cubic metre of ready mixed concrete. Products covered by this EPD satisfy general purpose,,,,,,,,,,,,,,,,,,,,,,,,,,,,Portland Cement,,,,,,,,,NSF International,External,,"ISO 14025:2006, ISO 21930:2017, EN 15804:2012, ISO 14040","for Concrete Version 2.1 (August 2021),",,,,,
INT008,EPD 354,,,,,,,,,,,,,,,"CAN, USA",,2.1,OR DECLARED UNIT 1 Square Foot,,,,,,,,,,,,,,,,,,,,,,,,,,,,Wood fiber insulation,,,,,,Product-specific,,,ASTM International,External,,"ISO 14025, ISO 21930, EN 15804, ISO 14040",Non-Metal Ceiling Panel EPD Requirements.,,,,,
BRI005,EPD 359,,,,,,,2023-06-30,,,the Shaw Brick facility in,,,,,,,787,1 m³,,,,,,,,,,,,,,,2060,kg/m3,,,,,,,,,,,,Brick,,,,,EPD 359,,,,ASTM International,External,,"ISO 14025, ISO 21930","Clay Brick, Clay Brick Pavers, and Structural Clay Tile (UNCPC",,,,,
BRI006,EPD 359,,,,,,,2023-06-30,,,the Shaw Brick facility in,,,,,,,787,1 m³,,,,,,,,,,,,,,,2060,kg/m3,,,,,,,,,,,,Brick,,,,,EPD 359,,,,ASTM International,External,,"ISO 14025, ISO 21930","Clay Brick, Clay Brick Pavers, and Structural Clay Tile (UNCPC",,,,,
HWF000,EPD 360,,,,,,,2027-08-31,,,"MANUFACTURER Fibonacci, LLC",,,,,,,11.62,HempWood® Natural Flooring - 1 m in use for 75 years,,,,,,,,,,,,,,,1063,kg/m3,,,,,,,,,,,,Plywood,,,,,360,Product-specific,,,IBU,External,,"ISO 14025, ISO 21930, EN 15804, ISO 14040","PCR for Flooring EPD Requirements, UL 10010–7, Second",,,,,
REB000,EPD 362,,,,,,,2027-09-19,,,the Concrete Reinforcing Steel Institute,,,,,,,778,and therefore do not provide sufficient information to,,,,,,,,,,,,,,,7850,kg/m3,,,,,,,,,,,,Steel,,,,,EPD 362 Declaration Number,,,,ASTM International,External,,"ISO 14025, ISO 21930:2017, EN15804, ISO 14040",Designated Steel Construction Product EPD,,,,,
REB001,EPD 362,,,,,,,2027-09-19,,,the Concrete Reinforcing Steel Institute,,,,,,,778,and therefore do not provide sufficient information to,,,,,,,,,,,,,,,7850,kg/m3,,,,,,,,,,,,Steel,,,,,EPD 362 Declaration Number,,,,ASTM International,External,,"ISO 14025, ISO 21930:2017, EN15804, ISO 14040",Designated Steel Construction Product EPD,,,,,
REB002,EPD 362,,,,,,,2027-09-19,,,the Concrete Reinforcing Steel Institute,,,,,,,778,and therefore do not provide sufficient information to,,,,,,,,,,,,,,,7850,kg/m3,,,,,,,,,,,,Steel,,,,,EPD 362 Declaration Number,,,,ASTM International,External,,"ISO 14025, ISO 21930:2017, EN15804, ISO 14040",Designated Steel Construction Product EPD,,,,,
REB003,EPD 362,,,,,,,2027-09-19,,,the Concrete Reinforcing Steel Institute,,,,,,,778,and therefore do not provide sufficient information to,,,,,,,,,,,,,,,7850,kg/m3,,,,,,,,,,,,Steel,,,,,EPD 362 Declaration Number,,,,ASTM International,External,,"ISO 14025, ISO 21930:2017, EN15804, ISO 14040",Designated Steel Construction Product EPD,,,,,
REB004,EPD 362,,,,,,,2027-09-19,,,the Concrete Reinforcing Steel Institute,,,,,,,778,and therefore do not provide sufficient information to,,,,,,,,,,,,,,,7850,kg/m3,,,,,,,,,,,,Steel,,,,,EPD 362 Declaration Number,,,,ASTM International,External,,"ISO 14025, ISO 21930:2017, EN15804, ISO 14040",Designated Steel Construction Product EPD,,,,,
REB005,EPD 362,,,,,,,2027-09-19,,,the Concrete Reinforcing Steel Institute,,,,,,,778,and therefore do not provide sufficient information to,,,,,,,,,,,,,,,7850,kg/m3,,,,,,,,,,,,Steel,,,,,EPD 362 Declaration Number,,,,ASTM International,External,,"ISO 14025, ISO 21930:2017, EN15804, ISO 14040",Designated Steel Construction Product EPD,,,,,
REB006,EPD 362,,,,,,,2027-09-19,,,the Concrete Reinforcing Steel Institute,,,,,,,778,and therefore do not provide sufficient information to,,,,,,,,,,,,,,,7850,kg/m3,,,,,,,,,,,,Steel,,,,,EPD 362 Declaration Number,,,,ASTM International,External,,"ISO 14025, ISO 21930:2017, EN15804, ISO 14040",Designated Steel Construction Product EPD,,,,,
REB007,EPD 362,,,,,,,2027-09-19,,,the Concrete Reinforcing Steel Institute,,,,,,,778,and therefore do not provide sufficient information to,,,,,,,,,,,,,,,7850,kg/m3,,,,,,,,,,,,Steel,,,,,EPD 362 Declaration Number,,,,ASTM International,External,,"ISO 14025, ISO 21930:2017, EN15804, ISO 14040",Designated Steel Construction Product EPD,,,,,
REB008,EPD 362,,,,,,,2027-09-19,,,the Concrete Reinforcing Steel Institute,,,,,,,778,and therefore do not provide sufficient information to,,,,,,,,,,,,,,,7850,kg/m3,,,,,,,,,,,,Steel,,,,,EPD 362 Declaration Number,,,,ASTM International,External,,"ISO 14025, ISO 21930:2017, EN15804, ISO 14040",Designated Steel Construction Product EPD,,,,,
EWF000,EPD 392,,,,,,,2027-11-25,,,,,,,,,,6.849,1 m³,,,,,,,,,,,,,,,500,kg/m3,,,,,,,,,,,,Plywood,,,,,EPD 392,Industry Average,,,ASTM International,External,,"ISO 14025, ISO 21930, EN 15804, ISO 14040",Part B: Flooring EPD Requirements UL 10010-7,,,,,
WWF000,EPD 393,,,,,,,2027-11-25,,,the Eastern United States utilizing,,,,,,,9.793,1 m²,,,,,,,,,,,,,,,500,kg/m3,,,,,,,,,,,,Plywood,,,,,EPD 393,Industry Average,,,ASTM International,External,,"ISO 14025, ISO 21930, EN 15804, ISO 14040",Flooring EPD Requirements UL 10010-7,,,,,
LAM006,EPD 407,,,,,,,,,,ELEMENT5 LP,,,,,,,,One cubic meter (1 m ) of Glulam manufactured at St.,,,,,,,,,,,,,,,500,kg/m3,,,,,,,,,,,,Engineered wood,,,,,EPD,Product-specific,,,ASTM International,,,"ISO 14025:2006, ISO 21930:2017, ISO 14040/44","2019 (2), ISO 21930 (3), ISO 14025 (4), ISO 14040/44 (5), (6), and ASTM",,,,,
LAM007,EPD 408,,,,,,,,,,ELEMENT5 LP,,,,,,,,"One cubic meter (1 m ) of CLT manufactured at St. Thomas,",,,,,,,,,,,,,,,500,kg/m3,,,,,,,,,,,,Engineered wood,,,,,EPD,Product-specific,,,ASTM International,,,"ISO 14025:2006, ISO 21930:2017, ISO 14040/44","2019 (2), ISO 21930 (3), ISO 14025 (4), ISO 14040/44 (5), (6), and ASTM",,,,,
TPO001,EPD 446,,,,,,,2028-03-27,,,SPRI members. See Table,,,,,,,21934.600000000002,and therefore do not provide sufficient information to establish,,,,,,,,,,,,,,,,,,,,,,,,,,,,,,,,,ASTM-EPD 446 Declaration Number,Industry Average,,,ASTM International,External,,"ISO 14025, ISO 21930:2017, ISO 14040",,,,,,
TPO002,EPD 446,,,,,,,2028-03-27,,,SPRI members. See Table,,,,,,,21934.600000000002,and therefore do not provide sufficient information to establish,,,,,,,,,,,,,,,,,,,,,,,,,,,,,,,,,ASTM-EPD 446 Declaration Number,Industry Average,,,ASTM International,External,,"ISO 14025, ISO 21930:2017, ISO 14040",,,,,,
S12345,EPD 456,,,,,,,,,,"American Ground Screw, Inc.",,,,,,,1097.6,One (1) piece of ground screw,,,,,,,,,,,,,,,,,,,,,,,,,,,,,,,,,,Product-specific,,,ASTM International,,,"ISO 14025:2006, ISO 21930:2017, ISO 14040/44",ISO 21930:2017 serves as the core PCR (2).,,,,,
S12346,EPD 456,,,,,,,,,,"American Ground Screw, Inc.",,,,,,,1097.6,One (1) piece of ground screw,,,,,,,,,,,,,,,,,,,,,,,,,,,,,,,,,,Product-specific,,,ASTM International,,,"ISO 14025:2006, ISO 21930:2017, ISO 14040/44",ISO 21930:2017 serves as the core PCR (2).,,,,,
www112,EPD 499,,,,,,,2023-09-30,,,"Wausau Window and Wall Systems, a part of Apogee",,,,,,,241.69000000000003,Wausau Window Wall System – per 1 m,,,,,,,,,,,,,,,2800,kg/m3,,,,,,,,,,,,Aluminum,,,,,502,Product-specific,,,ASTM International,External,,"ISO 14025, ISO 21930, ISO 14040",,,,,,
www113,EPD 499,,,,,,,2023-09-30,,,"Wausau Window and Wall Systems, a part of Apogee",,,,,,,241.69000000000003,Wausau Window Wall System – per 1 m,,,,,,,,,,,,,,,2800,kg/m3,,,,,,,,,,,,Aluminum,,,,,502,Product-specific,,,ASTM International,External,,"ISO 14025, ISO 21930, ISO 14040",,,,,,
bbb020,EPD 508,,,,,,,2023-07-20,,,SOPREMA,,,,,,,5.85,Manufacturer,,,,,,,,,,,,,,,1060,kg/m3,,,,,,,,,,,,Cellulose,,,,,EPD,Product-specific,,,ASTM International,External,,"ISO 14025, ISO 21930, ISO 14040",September 2017 to September 2023 (validity period),,,,,
bbb012,EPD 509,,,,,,,2023-07-20,,,mixing the appropriate proportions of,,,,,,,1.78,Manufacturer,,,,,,,,,,,,,,,7800,kg/m3,,,,,,,,,,,,Steel,,,,,EPD,Product-specific,,,ASTM International,External,,"ISO 14025, ISO 21930, ISO 14040",September 2017 to September 2023 (validity period),,,,,
bbb014,EPD 509,,,,,,,2023-07-20,,,mixing the appropriate proportions of,,,,,,,1.78,Manufacturer,,,,,,,,,,,,,,,7800,kg/m3,,,,,,,,,,,,Steel,,,,,EPD,Product-specific,,,ASTM International,External,,"ISO 14025, ISO 21930, ISO 14040",September 2017 to September 2023 (validity period),,,,,
bbb015,EPD 509,,,,,,,2023-07-20,,,mixing the appropriate proportions of,,,,,,,1.78,Manufacturer,,,,,,,,,,,,,,,7800,kg/m3,,,,,,,,,,,,Steel,,,,,EPD,Product-specific,,,ASTM International,External,,"ISO 14025, ISO 21930, ISO 14040",September 2017 to September 2023 (validity period),,,,,
bbb013,EPD 512,,,,,,,2023-07-20,,,SOPREMA,,,,,,,0.969,Manufacturer,,,,,,,,,,,,,,,,,,,,,,,,,,,,Membrane,,,,,EPD,Product-specific,,,ASTM International,External,,"ISO 14025, ISO 21930, ISO 14040",September 2017 to September 2023 (validity period),,,,,
BRI001,"EPD-540, EPD-539",,,,,,,,,,Mutual Material,,,,,,,692.65,1 cubic meter (m3),,,,,,,,,,,,,,,960,kg/m3,,,,,,,,,,,,Clay Brick,,,,,EPD-540 Page,Product-specific,,,ASTM International,External,,"ISO 14025, ISO 21930, ISO 14040","for Clay Bricks, Clay Brick Pavers, and Structural Clay Tile (NSF/ASTM, 2016-v3 2022). This study was conducted in",,,,,
BRI003,"EPD-540, EPD-539",,,,,,,,,,Mutual Material,,,,,,,692.65,1 cubic meter (m3),,,,,,,,,,,,,,,960,kg/m3,,,,,,,,,,,,Clay Brick,,,,,EPD-540 Page,Product-specific,,,ASTM International,External,,"ISO 14025, ISO 21930, ISO 14040","for Clay Bricks, Clay Brick Pavers, and Structural Clay Tile (NSF/ASTM, 2016-v3 2022). This study was conducted in",,,,,
bbb021,EPD 552,,,,,,,2023-07-20,,,the facility located in Michigan,,,,,,,2.44,Manufacturer,,,,,,,,,,,,,,,1080,kg/m3,,,,,,,,,,,,Membrane,,,,,EPD,Product-specific,,,ASTM International,External,,"ISO 14025, ISO 21930, ISO 14040",September 2017 to September 2023 (validity period),,,,,
OSB004,EPD 555,,,,,,,,,,"Nashville, Tennessee USA",,,,,,,323.38,facilities in the United States and installed in a building for 75 years,,,,,,,,,,,,,,,500,kg/m3,,,,,,,,,,,,Plywood,,,,,EPD 555,Product-specific,,,ASTM International,,,"ISO 14025:2006, ISO 21930:2017, ISO 14040","Structural and Architectural Wood Products EPD Requirements, v1.0 2020",,,,,
OSB005,EPD 555,,,,,,,,,,"Nashville, Tennessee USA",,,,,,,323.38,facilities in the United States and installed in a building for 75 years,,,,,,,,,,,,,,,500,kg/m3,,,,,,,,,,,,Plywood,,,,,EPD 555,Product-specific,,,ASTM International,,,"ISO 14025:2006, ISO 21930:2017, ISO 14040","Structural and Architectural Wood Products EPD Requirements, v1.0 2020",,,,,
OSB002,EPD 556,,,,,,,,,,"Nashville, Tennessee USA",,,,,,,333.48,Solutions facilities in the United States and installed in a building for 75 years.,,,,,,,,,,,,,,,500,kg/m3,,,,,,,,,,,,Plywood,,,,,EPD 556,Product-specific,,,ASTM International,,,"ISO 14025:2006, ISO 21930:2017, ISO 14040","Structural and Architectural Wood Products EPD Requirements, v1.0 2020",,,,,
OSB007,EPD 557,,,,,,,,,,"Nashville, Tennessee USA",,,,,,,283.3,facilities in the United States and installed in a building for 75 years.,,,,,,,,,,,,,,,500,kg/m3,,,,,,,,,,,,Plywood,,,,,EPD 557,Product-specific,,,ASTM International,,,"ISO 14025:2006, ISO 21930:2017, ISO 14040","Structural and Architectural Wood Products EPD Requirements, v1.0 2020",,,,,
OSB003,EPD 558,,,,,,,,,,"Nashville, Tennessee USA",,,,,,,264.52,facilities in the United States and installed in a building for 75 years.,,,,,,,,,,,,,,,500,kg/m3,,,,,,,,,,,,Plywood,,,,,EPD 558,Product-specific,,,ASTM International,,,"ISO 14025:2006, ISO 21930:2017, ISO 14040/44","Structural and Architectural Wood Products EPD Requirements, v1.0 2020",,,,,
WIR000,EPD 585,,,,,,,2028-06-10,,,the facility. Allocation was most,,,,,"CAN, USA",,1620,1 metric ton,,,,,,,,,,,,,,,7800,kg/m3,,,,,,,,,,,,Steel,,,,,EPD 585,Product-specific,,,ASTM International,,,"ISO 14025, ISO21930:2017, ISO 14040/44",Designated Steel Construction Product EPD Requirements (UL,,,,,
WIR001,EPD 585,,,,,,,2028-06-10,,,the facility. Allocation was most,,,,,"CAN, USA",,1620,1 metric ton,,,,,,,,,,,,,,,7800,kg/m3,,,,,,,,,,,,Steel,,,,,EPD 585,Product-specific,,,ASTM International,,,"ISO 14025, ISO21930:2017, ISO 14040/44",Designated Steel Construction Product EPD Requirements (UL,,,,,
LP0002,EPD 597,,,,,,,,,,"Nashville, TN 37219 USA",,,,,,,279.43,and installed in a building for 75 years,,,,,,,,,,,,,,,,,,,,,,,,,,,,Hardwood,,,,,EPD 597,Product-specific,,,ASTM International,External,,"ISO 14025:2006, ISO 21930:2017, ISO 14040","Structural and Architectural Wood Products EPD Requirements, v1.0",,,,,
LP0003,EPD 597,,,,,,,,,,"Nashville, TN 37219 USA",,,,,,,279.43,and installed in a building for 75 years,,,,,,,,,,,,,,,,,,,,,,,,,,,,Hardwood,,,,,EPD 597,Product-specific,,,ASTM International,External,,"ISO 14025:2006, ISO 21930:2017, ISO 14040","Structural and Architectural Wood Products EPD Requirements, v1.0",,,,,
LP0004,EPD 597,,,,,,,,,,"Nashville, TN 37219 USA",,,,,,,279.43,and installed in a building for 75 years,,,,,,,,,,,,,,,,,,,,,,,,,,,,Hardwood,,,,,EPD 597,Product-specific,,,ASTM International,External,,"ISO 14025:2006, ISO 21930:2017, ISO 14040","Structural and Architectural Wood Products EPD Requirements, v1.0",,,,,
LP0001,EPD 601,,,,,,,,,,"Nashville, TN 37219 USA",,,,,,,487.03,North America and installed in a building for 75 years,,,,,,,,,,,,,,,657,kg/m3,,,,,,,,,,,,Hardwood,,,,,EPD 601,Product-specific,,,ASTM International,External,,"ISO 14025:2006, ISO 21930:2017, ISO 14040","Structural and Architectural Wood Products EPD Requirements, v1.0",,,,,
LP0000,EPD 617,,,,,,,,,,"Nashville, TN 37219 USA",,,,,,,267.01,"British Columbia, Canada and installed in a building for 75 years",,,,,,,,,,,,,,,664.77,kg/m3,,,,,,,,,,,,Wood fiber insulation,,,,,EPD 617,Product-specific,,,ASTM International,External,,"ISO 14025:2006, ISO 21930:2017, ISO 14040","Structural and Architectural Wood Products EPD Requirements, v1.0",,,,,
a13a3e,EPD-AMO-20150057-IAA1-EN,,,,,,,2021-08-11,,,Amorim Revestimentos S. A.,,,,,,,9.34,,,,,,,,,,,,,,,,1700,kg/m3,,,,,,,,,,,,Luxury vinyl tile,,,,,EPD-AMO-20150057-IAA1-EN,,,,IBU,External,,"ISO 14025, EN 15804",The data on which the Life Cycle Assessment is based,,,,,
b72f13,EPD-CEM-20160113-IAD1-EN,,,,,,,2021-12-01,,,Cembrit Holding A,,,,,,,970.9000000000001,,,,,,,,,,,,,,,,1850,kg/m3,,,,,,,,,,,,Portland Cement,,,,,EPD-CEM-20160113-IAD1-EN,,,,IBU,External,,"ISO 14025, EN 15804, ISO 14040",The Fibre cement slates are produced by Cembrit at,,,,,
8bcce7,EPD-CEM-20160114-IAD1-EN,,,,,,,2021-12-01,,,Cembrit Holding A,,,,,,,819.41,,,,,,,,,,,,,,,,1590,kg/m3,,,,,,,,,,,,Portland Cement,,,,,EPD-CEM-20160114-IAD1-EN,,,,IBU,External,,"ISO 14025, EN 15804, ISO 14040",The corrugated sheet roof covering is produced by,,,,,
bbb009,EPD-DUP-20210183-IBC1-EN,,,,,,,2026-11-29,,,DuPont de Nemours,,,,,,,0.281,,,,,,,,,,,,,,,,50,kg/m3,,,,,,,,,,,,Mineral wool,,,,,EPD-DUP-20210183-IBC1-EN,,,,IBU,External,,"ISO 14025, EN 15804+A2","This document applies to DuPont™ Tyvek® 1060B,",,,,,
ae7e1c,EPD-ERF-20180184-CCI1-EN,,,,,,,2024-03-04,,,ERFMI - European Resilient Flooring Manufacturers' Institute,,,,,,,-2.74,,,,,,,,,,,,,,,,,,,,,,,,,,,,,,,,,,EPD-ERF-20180184-CCI1-EN,,,,IBU,External,,"ISO 14025, EN 15804+A1",In this EPD cork floor tiles are declared. The,,,,,
FIB000,EPD-ETE-20190128-CCA1-EN,,,,,,,2025-01-05,,,Eternit NV,,,,,,,3.7960000000195997,,,,,,,,,,,,,,,,1580,kg/m3,,,,,,,,,,,,Aluminum,,,,,EPD-ETE-20190128-CCA1-EN,,,,IBU,External,,"ISO 14025, EN 15804, ISO 14040",This EPD presents the average of two,,,,,
FIB001,EPD-ETE-20190179-CCC1-EN,,,,,,,2025-02-05,,,Eternit NV,,,,,,,1.0950000000196,,,,,,,,,,,,,,,,2800,kg/m3,,,,,,,,,,,,Aluminum,,,,,EPD-ETE-20190179-CCC1-EN,,,,IBU,External,,"ISO 14025, EN 15804, ISO 14040",This EPD presents the LCA of the product EQUITONE,,,,,
be052f,EPD-GTX-20180071-IBA1-DE,,,,,,,,,,,,,,,,,1681.4,,,,,,,,,,,,,,,,,,,,,,,,,,,,,,,,,,,,,,IBU,,,"ISO 14025, EN 15804",,,,,,
ins035,EPD-GTX-20190018-IBA1-EN,,,,,,,2024-04-17,,,GUTEX Holzfaserplattenwerk H. Henselmann GmbH,,,,,,,-1.1448300000000002,,,,,,,,,,,,,,,,500,kg/m3,,,,,,,,,,,,Engineered wood,,,,,EPD-GTX-20190018-IBA1-EN,,,,IBU,External,,"ISO 14025, EN 15804+A1",This Environmental Product Declaration is valid for,,,,,
ins030,EPD-GTX-20200178-IBC1-EN,,,,,,,2025-10-08,,,GUTEX Holzfaserplattenwerk H. Henselmann GmbH,,,,,,,-198.4,1 m³ wood fibre insulating,,,,,,,,,,,,,,,167,kg/m3,,,,,,,,,,,,Wood fiber insulation,,,,,EPD-GTX-20200178-IBC1-EN,,,,IBU,External,,"ISO 14025, EN 15804+A1",This Declaration applies for wood fibre insulating,,,,,
CCF000,EPD-HOC-20220204-IBD1-EN,,,,,,,2027-09-20,,,Holcim,,,,,,,40.7,,,,,,,,,,,,,,,,130,kg/m3,,,,,,,,,,,,Cellulose,,,,,,,,,IBU,External,,"ISO 14025, EN 15804+A2",Airium™ Spray is a cementbased insulation foam,,,,,
CBI000,EPD HUB-0281,,,,,,,2028-02-13,,,,,,,,,,5.93,1 m³,,,,,,,,,,,,,,,115,kg/m3,,,,,,,,,,,,Cellulose,,,,,,,,,,External,,"ISO 14025, ISO 21930, EN 15804+A2, ISO 14040",,,,,,
bbb027,EPDIE-22-83,,,,,,,,,,,,,,,,,0.41459999999999997,,,,,,,,,,,,,,,,,,,,,,,,,,,,,Membrane,,,,,,,,,IBU,,,"ISO 14025, EN 15804+A2, ISO 14040",Part A Implementation and use of I.S. EN Partel Membranes,,,,,
bbb028,EPDIE-22-83,,,,,,,,,,,,,,,,,0.41459999999999997,,,,,,,,,,,,,,,,,,,,,,,,,,,,,Membrane,,,,,,,,,IBU,,,"ISO 14025, EN 15804+A2, ISO 14040",Part A Implementation and use of I.S. EN Partel Membranes,,,,,
bbb007,EPDIE-22-84,,,,,,,,,,,,,,,,,0.5285,,,,,,,,,,,,,,,,500,kg/m3,,,,,,,,,,,,Engineered wood,,,,,,,,,IBU,,,"ISO 14025, EN 15804+A2, ISO 14040",Part A Implementation and use of I.S. EN,,,,,
bbb010,EPDIE-22-84,,,,,,,,,,,,,,,,,0.5285,,,,,,,,,,,,,,,,500,kg/m3,,,,,,,,,,,,Engineered wood,,,,,,,,,IBU,,,"ISO 14025, EN 15804+A2, ISO 14040",Part A Implementation and use of I.S. EN,,,,,
STU000,EPD-IWM-STO-20210130-IBG1-DE,,,,,,,2026-07-06,,,Sto SE & Co. KGaA,,,,,,,0.433,the production of one assessment have been retrieved from the GaBi8,,,,,,,,,,,,,,,25,kg/m3,,,,,,,,,,,,EPS Foam,,,,,EPD-IWM-STO-20210130-IBG1-DE,,,,IBU,External,,"ISO 14025, EN 15804+A1, ISO 14040",This document is a model EPD. When calculating the,,,,,
A23456,EPD-JAM-20220072-CBD1-EN,,,,,,,2027-10-16,,,James Hardie Europe GmbH,,,,,,,-0.737,,,,,,,,,,,,,,,,1180,kg/m3,,,,,,,,,,,,Cellulose,,,,,EPD-JAM-20220072-CBD1-EN,,,,IBU,External,,"ISO 14025, EN 15804+A2",This Environmental Product Declaration refers to,,,,,
S12347,EPD-KRI-20230308-IBC1-EN,,,,,,,2028-09-10,,,Krinner Schraubfundamente GmbH,,,,,,,0,,,,,,,,,,,,,,,,7850,kg/m3,,,,,,,,,,,,Steel,,,,,EPD-KRI-20230308-IBC1-EN,,,,IBU,External,,"ISO 14025, EN 15804+A2, ISO 14040",Scope:,,,,,
S12348,EPD-KRI-20230308-IBC1-EN,,,,,,,2028-09-10,,,Krinner Schraubfundamente GmbH,,,,,,,0,,,,,,,,,,,,,,,,7850,kg/m3,,,,,,,,,,,,Steel,,,,,EPD-KRI-20230308-IBC1-EN,,,,IBU,External,,"ISO 14025, EN 15804+A2, ISO 14040",Scope:,,,,,
CCF002,EPD-MDS-20210038-CBA1-EN,,,,,,,2026-06-07,,,Master Builders Solutions Deutschland GmbH,,,,,,,45.59,,,,,,,,,,,,,,,,70,kg/m3,,,,,,,,,,,,Brick,,,,,EPD-MDS-20210038-CBA1-EN,,,,IBU,External,,"ISO 14025, EN 15804+A1",The ecobalance is based on the compound,,,,,
INS016,EPD n° 21-0078-001.00.00,,,,,,,,,,,,,,,,,,,,,,,,,,,,,,,,,2800,kg/m3,,,,,,,,,,,,Aluminum,,,,,,,,,,,,"ISO 14025, EN 15804+A2, ISO 14040",,,,,,
BAM004,EPD-NIBE-20210322-18246,,,,,,,,,,,,,,,,,,,,,,,,,,,,,,,,,,,,,,,,,,,,,,Hardwood,,,,,,,,,,External,,"ISO 14025:2010, ISO 21930, EN15804, ISO 14040/44",,,,,,
BAM005,EPD-NIBE-20210322-18246,,,,,,,,,,,,,,,,,,,,,,,,,,,,,,,,,,,,,,,,,,,,,,Hardwood,,,,,,,,,,External,,"ISO 14025:2010, ISO 21930, EN15804, ISO 14040/44",,,,,,
BAM006,EPD-NIBE-20210322-18246,,,,,,,,,,,,,,,,,,,,,,,,,,,,,,,,,,,,,,,,,,,,,,Hardwood,,,,,,,,,,External,,"ISO 14025:2010, ISO 21930, EN15804, ISO 14040/44",,,,,,
BAM008,EPD-NIBE-20210322-18247,,,,,,,,,,,,,,,,,,,,,,,,,,,,,,,,,,,,,,,,,,,,,,,,,,,,,,,,External,,"ISO 14025:2010, ISO 21930, EN15804, ISO 14040/44",,,,,,
INT007,EPD-NIBE-20210615-20084,,,,,,,,,,,,,,,,,7.8100000000000005,,,,,,,,,,,,,,,,,,,,,,,,,,,,,,,,,,,,,,,External,,"ISO 14025:2010, EN15804, ISO 14040",,,,,,
BAM007,EPD-NIBE-20210625-20247,,,,,,,,,,,,,,,,,,,,,,,,,,,,,,,,,,,,,,,,,,,,,,Hardwood,,,,,,,,,,External,,"ISO 14025:2010, ISO 21930, EN15804, ISO 14040/44",,,,,,
bb05fc,EPD-PCE-20200299-IBB1-EN,,,,,,,2026-03-14,,,Pittsburgh Corning Europe NV,,,,,,,1.43,,,,,,,,,,,,,,,,110,kg/m3,,,,,,,,,,,,Brick,,,,,EPD-PCE-20200299-IBB1-EN,,,,IBU,External,,"ISO 14025, EN 15804+A2, ISO 14040",This document refers to the production of 1 kg,,,,,
ebf499,EPD-PCE-20200300-IBB1-EN,,,,,,,2026-03-14,,,Pittsburgh Corning Europe NV,,,,,,,1.45,,,,,,,,,,,,,,,,95,kg/m3,,,,,,,,,,,,Brick,,,,,EPD-PCE-20200300-IBB1-EN,,,,IBU,External,,"ISO 14025, EN 15804+A2, ISO 14040",This document refers to the production of 1 kg,,,,,
40c2ea,EPD-PCE-20200301-IBA1-EN,,,,,,,2026-02-23,,,Pittsburgh Corning Europe NV,,,,,,,1.45,,,,,,,,,,,,,,,,165,kg/m3,,,,,,,,,,,,Brick,,,,,EPD-PCE-20200301-IBA1-EN,,,,IBU,External,,"ISO 14025, EN 15804+A2, ISO 14040",This document refers to the production of 1 kg,,,,,
8f8df3,EPD-PCE-20200302-IBA1-EN,,,,,,,2026-03-14,,,Pittsburgh Corning Europe NV,,,,,,,1.44,,,,,,,,,,,,,,,,130,kg/m3,,,,,,,,,,,,Brick,,,,,EPD-PCE-20200302-IBA1-EN,,,,IBU,External,,"ISO 14025, EN 15804+A2, ISO 14040",This document refers to the production of 1 kg,,,,,
3fc60e,EPD-POR-20140214-IBC1-EN,,,,,,,2019-12-11,,,Porextherm D,,,,,,,42.2,,,,,,,,,,,,,,,,,,,,,,,,,,,,,Polyisocyanurate,,,,,EPD-POR-20140214-IBC1-EN,,,,IBU,External,,"ISO 14025, EN 15804",This Environmental Product Declaration is valid for the,,,,,
www114,EPD-QKE-20220002-IBG1-DE,,,,,,,2027-05-02,,,QKE Qualit,,,,,,,80,,,,,,,,,,,,,,,,2800,kg/m3,,,,,,,,,,,,Aluminum,,,,,EPD-QKE-20220002-IBG1-DE,,,,IBU,External,,"ISO 14025, EN 15804+A2",This declaration is an association EPD.,,,,,
www121,EPD-QKE-20220156-IBG1-DE,,,,,,,,,,IBU,,,,,,,,,,,,,,,,,,,,,,,2800,kg/m3,,,,,,,,,,,,Aluminum,,,,,,,,,IBU,External,,"ISO 14025:2011, EN 15804+A2",This declaration is an association EPD.,,,,,
bbb031,EPD-SIG-20220185-CBA1-EN,,,,,,,2027-10-23,,,SIGA Cover AG,,,,,,,1.17,,,,,,,,,,,,,,,,,,,,,,,,,,,,,,,,,,EPD-SIG-20220185-CBA1-EN,,,,IBU,External,,"ISO 14025, EN 15804+A2",This document applies to SIGA Majrex 200 (Majpell 5,,,,,
ins026,EPD-STE-20150327-IBD1-EN,,,,,,,2021-02-04,,,STEICO SE,,,,,,,-173.133,,,,,,,,,,,,,,,,,,,,,,,,,,,,,Wood fiber insulation,,,,,EPD-STE-20150327-IBD1-EN,,,,IBU,External,,"ISO 14025, EN 15804",This Declaration is an EPD which reflects an average,,,,,
ins027,EPD-STE-20150327-IBD1-EN,,,,,,,2021-02-04,,,STEICO SE,,,,,,,-173.133,,,,,,,,,,,,,,,,,,,,,,,,,,,,,Wood fiber insulation,,,,,EPD-STE-20150327-IBD1-EN,,,,IBU,External,,"ISO 14025, EN 15804",This Declaration is an EPD which reflects an average,,,,,
ins028,EPD-STE-20150327-IBD1-EN,,,,,,,2021-02-04,,,STEICO SE,,,,,,,-173.133,,,,,,,,,,,,,,,,,,,,,,,,,,,,,Wood fiber insulation,,,,,EPD-STE-20150327-IBD1-EN,,,,IBU,External,,"ISO 14025, EN 15804",This Declaration is an EPD which reflects an average,,,,,
ins034,EPD-STE-20150327-IBD1-EN,,,,,,,2021-02-04,,,STEICO SE,,,,,,,-173.133,,,,,,,,,,,,,,,,,,,,,,,,,,,,,Wood fiber insulation,,,,,EPD-STE-20150327-IBD1-EN,,,,IBU,External,,"ISO 14025, EN 15804",This Declaration is an EPD which reflects an average,,,,,
bbb032,EPD-Synwer-234-EN,,,,,,,,,,Kiwa-Ecobility Experts Synwer GmbH,,,,,,,-0.00148,,,,,,,,,,,,,,,,,,,,,,,,,,,,,,,,,,,,,,IBU,,,"ISO 14025, EN 15804+A2, ISO 14040",,,,,,
GRE002,EPD-ZIC-20200082-CCA1-EN,,,,,,,2025-07-30,,,ZinCo GmbH,,,,,,,-2.67,,,,,,,,,,,,,,,,,,,,,,,,,,,,,,,,,,EPD-ZIC-20200082-CCA1-EN,,,,IBU,External,,"ISO 14025, EN 15804+A2","This declaration covers the products of ZinCo GmbH,",,,,,
A23457,GlobalEPD EN15804-036,,,,,,,,,,,,,,,,,-730,,,,,,,,,,,,,,,,,,,,,,,,,,,,,,,,,,,,,,,,,"ISO 14025:2010, EN15804, ISO 14040",,,,,,
285b88,GlobalEPD-RCP-008-001,,,,,,,,,,,,,,,,,,,,,,,,,,,,,,,,,960,kg/m3,,,,,,,,,,,,Clay Brick,,,,,,,,,,External,,"ISO 14025:2010, EN 15804:2012",,,,,,
bbb022,HUB-0233,,,,,,,2027-12-23,,,Building Product Design Ltd,,,,,,,0.3,AND SERVICE LIFE,,,,,,,,,,,,,,,500,kg/m3,,,,,,,,,,,,Engineered wood,,,,,,,,,,External,,"ISO 14025, ISO 21930, EN 15804+A2, ISO 14040",,,,,,
SIP005,HUB-0635,,,,,,,2025-02-18,,,Manufacturer VP-001 Nexii Building Solutions Inc,,,,,,,106,mass 102.32 kg,,,,,,,,,,,,,,,,,,,,,,,,,,,,Portland Cement,,,,,,,,,,External,,"ISO 14025, ISO 21930, EN 15804+A2, ISO 14040",,,,,,
SIP006,HUB-0636,,,,,,,2025-02-18,,,Nexii Building Solutions Inc,,,,,,,93.6,mass 94.7 kg,,,,,,,,,,,,,,,,,,,,,,,,,,,,Portland Cement,,,,,,,,,,External,,"ISO 14025, ISO 21930, EN 15804+A2, ISO 14040",,,,,,
840925,HW-20200605-001,,,,,,,,,,,,,,,,,,/ reference service life:,,,,,,,,,,,,,,,,,,,,,,,,,,,,Sheep wool insulation,,,,,,,,,UL Environment,External,,"ISO 14025, ISO 21930:2017",Building Envelope,,,,,
be49e2,HW-20200605-001,,,,,,,,,,,,,,,,,,/ reference service life:,,,,,,,,,,,,,,,,,,,,,,,,,,,,Sheep wool insulation,,,,,,,,,UL Environment,External,,"ISO 14025, ISO 21930:2017",Building Envelope,,,,,
5231c8,ICC – 20200122– 001,,,,,,,,,,co job site. No wastewater,,,,,,,,mostly due to the raw material ingred,,,,,,,,,,,,,,,,,,,,,,,,,,,,Cellulose,,,,,,,,,UL Environment,,,"ISO 14025, ISO 21930:2017, EN 15804",Building Envelope Thermal Insulation,,,,,
BRI007,LCA888510/R20170487,,,,,,,,,,,,,,,,,,,,,,,,,,,,,,,,,1500,kg/m3,,,,,,,,,,,,Brick,,,,,,,,,IBU,,,"ISO 14025, EN 15804",,,,,,
BRI000,MD-21011-EN,,,,,,,,,,,,,,,,,100,,,,,,,,,,,,,,,,,,,,,,,,,,,,,Portland Cement,,,,,,,,,,,,"ISO 14025, EN 15804:2012, ISO 14040",,,,,,
sl3g0r,MD-21034-EN,,,,,,,,,,,,,,,,,-0.377,,,,,,,,,,,,,,,,,,,,,,,,,,,,,,,,,,,,,,,,,"ISO 14025, EN 15804, ISO 14040",,,,,,
WWC000,MD-22122-EN,,,,,,,,,,,,,,,,,-30.9,,,,,,,,,,,,,,,,,,,,,,,,,,,,,,,,,,,,,,,,,"ISO 14025, EN 15804, ISO 14040",,,,,,
WWC001,MD-22122-EN,,,,,,,,,,,,,,,,,-30.9,,,,,,,,,,,,,,,,,,,,,,,,,,,,,,,,,,,,,,,,,"ISO 14025, EN 15804, ISO 14040",,,,,,
103ade,NEPD-1243-396-EN,,,,,,,,,,,,,,,,,,,,,,,,,,,,,,,,,180,kg/m3,,,,,,,,,,,,,,,,,,,,,IBU,,,"ISO 14025, ISO 21930, EN 15804",Organisation no:,,,,,
LEC001,NEPD-1742-715-EN,,,,,,,,,,,,,,,,,,,,,,,,,,,,,,,,,,,,,,,,,,,,,,,,,,,,,,,IBU,Internal,,"ISO 14025, ISO 21930, EN 15804",Organisation no:,,,,,
LEC002,NEPD-2304-1052-EN,,,,,,,,,,,,,,,,,,,,,,,,,,,,,,,,,,,,,,,,,,,,,,,,,,,,,,,IBU,,,"ISO 14025, ISO 21930, EN 15804",Organisation no:,,,,,
LEC000,NEPD-2540-1277-EN,,,,,,,,,,,,,,,,,,,,,,,,,,,,,,,,,,,,,,,,,,,,,,,,,,,,,,,IBU,Internal,,"ISO 14025, ISO 21930, EN 15804",Organisation no:,,,,,
2c53be,NRMCAEPD: 10020,,,,,,,,,,,,,,,,,9.1472,The declared unit is 1 metric ton (dry weight basis) of construction aggregate. The declared unit is an average product,,,,,,,,,,,,,,,2200,kg/m3,,,,,,,,,,,,Concrete,,,,,,,,,NSF International,External,,"ISO 14025:2006, ISO 21930, ISO 14040","for Construction Aggregates: Natural Aggregate, Crushed Concrete,",,,,,
NSF000,NSI-20221101-002,,,,,,,,,,,,,,,,,,/ reference service life: Member Directory,,,,,,,,,,,,,,,,,,,,,,,,,,,,,,,,,,,,,,,,"ISO 14025:2006, ISO 21930:2017, EN 15804",Interior and Exterior Stone,,,,,
n93fd1,NSI – 20221101 – 003,,,,,,,,,,all facilities which submitted data,,,,,,,,/ reference service life: Member Directory,,,,,,,,,,,,,,,2507,kg/m3,,,,,,,,,,,,,,,,,,,,,UL Environment,,,"ISO 14025, ISO 21930:2017",Cladding Product Systems,,,,,
NSF001,POL-20230213-001,,,,,,,,,,Polycor Inc,,,,,,,,/ reference service life:,,,,,,,,,,,,,,,,,,,,,,,,,,,,,,,,,,,,,,,,"ISO 14025:2006, ISO 21930:2017, EN 15804",Interior and Exterior Stone,,,,,
NSF002,POL-20230213-002,,,,,,,,,,Polycor Inc,,,,,,,,/ reference service life:,,,,,,,,,,,,,,,,,,,,,,,,,,,,,,,,,,Product-specific,,,,,,"ISO 14025:2006, ISO 21930:2017, EN 15804",Benchmarking Addendum.,,,,,
NSF003,POL-20230213-003,,,,,,,,,,Polycor Inc,,,,,,,,/ reference service life:,,,,,,,,,,,,,,,,,,,,,,,,,,,,,,,,,,,,,,,,"ISO 14025:2006, ISO 21930:2017, EN 15804",Interior and Exterior Stone,,,,,
HTW001,RTS 180 22,,,,,,,,,,,,,,,,,,,,,,,,,,,,,,,,,,,,,,,,,,,,,,,,,,,,,,,,,,"ISO 14025, EN 15804:2012, ISO 14040",,,,,,
HTW002,RTS 180 22,,,,,,,,,,,,,,,,,,,,,,,,,,,,,,,,,,,,,,,,,,,,,,,,,,,,,,,,,,"ISO 14025, EN 15804:2012, ISO 14040",,,,,,
e06534,SCS-EPD-03576,,,,,,,,,,,,,,,,,,,,,,,,,,,,,,,,,2800,kg/m3,,,,,,,,,,,,Aluminum,,,,,,,,,NSF International,,,"ISO 14025, ISO 21930:2007, ISO 14040",for preparing an Environmental Product,,,,,
63d778,SCS-EPD-04873,,,,,,,2018-02-09,,,North American MgO,,,,,,,,The functional unit is one square meter of mineral panel.,,,,,,,,,,,,,,,,,,,,,,,,,,,,Portland Cement,,,,,and,,,,IBU,External,,"ISO 14025, ISO 21930, EN 15804, ISO 14040","Requirements on the EPD for Mineral panels. Version 1.5, 2016.",,,,,
LVT003,SCS-EPD-05530,,,,,,,,,,,,,,,,,5.5,,,,,,,,,,,,,,,,1700,kg/m3,,,,,,,,,,,,Luxury vinyl tile,,,,,,,,,NSF International,,,"ISO 14025, ISO 21930, ISO 14040",for preparing an Environmental Product,,,,,
3a1205,SCS-EPD05752,,,,,,,2019-10-21,,,SCAFCO Steel Stud Company at,,,,,,,,The declared unit is one metric ton of light gauge steel studs and track.,,,,,,,,,,,,,,,7850,kg/m3,,,,,,,,,,,,Steel,,,,,SCS-EPD-05752 Declaration,,,,,External,,"ISO 14025, ISO 21930, ISO 14040",,,,,,
58154c,SCS-EPD05752,,,,,,,2019-10-21,,,SCAFCO Steel Stud Company at,,,,,,,,The declared unit is one metric ton of light gauge steel studs and track.,,,,,,,,,,,,,,,7850,kg/m3,,,,,,,,,,,,Steel,,,,,SCS-EPD-05752 Declaration,,,,,External,,"ISO 14025, ISO 21930, ISO 14040",,,,,,
A23458,SCS-EPD-06489,,,,,,,2020-10-26,,,Des Moines,,,,,,,,The functional unit is one square meter of roof cover board product,,,,,,,,,,,,,,,,,,,,,,,,,,,,Cellulose,,,,,SCS-EPD-06489 Declaration,,,,,External,,"ISO 14025, ISO 21930:2017, ISO 14040",,,,,,
A23459,SCS-EPD-06489,,,,,,,2020-10-26,,,Des Moines,,,,,,,,The functional unit is one square meter of roof cover board product,,,,,,,,,,,,,,,,,,,,,,,,,,,,Cellulose,,,,,SCS-EPD-06489 Declaration,,,,,External,,"ISO 14025, ISO 21930:2017, ISO 14040",,,,,,
SSS005,SCS-EPD-07103,,,,,,,2021-05-28,,,the US. SFIA and its,,,,,,,11,The declared unit is one ton of industry-averaged cold-formed steel,,,,,,,,,,,,,,,7800,kg/m3,,,,,,,,,,,,Steel,,,,,SCS-EPD-07103 Declaration,,,,UL Environment,External,,"ISO 14025, ISO 21930, ISO 14040",Designated Steel Construction Product EPD Requirements. UL,,,,,
SSS006,SCS-EPD-07103,,,,,,,2021-05-28,,,the US. SFIA and its,,,,,,,11,The declared unit is one ton of industry-averaged cold-formed steel,,,,,,,,,,,,,,,7800,kg/m3,,,,,,,,,,,,Steel,,,,,SCS-EPD-07103 Declaration,,,,UL Environment,External,,"ISO 14025, ISO 21930, ISO 14040",Designated Steel Construction Product EPD Requirements. UL,,,,,
LVT013,SCS-EPD-07131,,,,,,,2021-06-09,,,"Altro USA, Inc",,,,,USA,,,The functional unit is one square meter of flooring over a 75-,,,,,,,,,,,,,,,1700,kg/m3,,,,,,,,,,,,Luxury vinyl tile,,,,,SCS-EPD-07131 Declaration,Product-specific,,,UL Environment,External,,"ISO 14025, ISO 21930, ISO 14040",Flooring EPD Requirements. Version 2. UL Environment. Sept.,,,,,
XPS001,SCS-EPD-07175,,,,,,,2021-07-01,,,Kingspan Insulation LLC,,,,,,,11,1 m³,,,,,,,,,,,,,,,28,kg/m3,,,,,,,,,,,,XPS Foam,,,,,SCS-EPD-07175 Declaration,,,,UL Environment,External,,"ISO 14025, ISO 21930:2017, ISO 14040",Building Envelope Thermal Insulation EPD Requirements. Version 2.0.,,,,,
www111,SCS-EPD-07201,,,,,,,,,,,,,,,,,,www.scsglobalservices.com,,,,,,,,,,,,,,,2800,kg/m3,,,,,,,,,,,,Aluminum,,,,,,,,,NSF International,,,"ISO 14025, ISO 21930, ISO 14040",,,,,,
WIJ000,SCS-EPD-07524,,,,,,,2021-12-20,,,,,,,,,,11,The declared unit is 1 meter (one linear meter) of Red-I™ Joist.,,,,,,,,,,,,,,,500,kg/m3,,,,,,,,,,,,LVL,,,,,SCS-EPD-07524 Declaration,Product-specific,,,UL Environment,External,,"ISO 14025, ISO 21930:2017, ISO 14040/44","Structural and Architectural Wood Products, EPD Requirements UL",,,,,
WIJ001,SCS-EPD-07524,,,,,,,2021-12-20,,,,,,,,,,11,The declared unit is 1 meter (one linear meter) of Red-I™ Joist.,,,,,,,,,,,,,,,500,kg/m3,,,,,,,,,,,,LVL,,,,,SCS-EPD-07524 Declaration,Product-specific,,,UL Environment,External,,"ISO 14025, ISO 21930:2017, ISO 14040/44","Structural and Architectural Wood Products, EPD Requirements UL",,,,,
WIJ002,SCS-EPD-07524,,,,,,,2021-12-20,,,,,,,,,,11,The declared unit is 1 meter (one linear meter) of Red-I™ Joist.,,,,,,,,,,,,,,,500,kg/m3,,,,,,,,,,,,LVL,,,,,SCS-EPD-07524 Declaration,Product-specific,,,UL Environment,External,,"ISO 14025, ISO 21930:2017, ISO 14040/44","Structural and Architectural Wood Products, EPD Requirements UL",,,,,
WIJ003,SCS-EPD-07524,,,,,,,2021-12-20,,,,,,,,,,11,The declared unit is 1 meter (one linear meter) of Red-I™ Joist.,,,,,,,,,,,,,,,500,kg/m3,,,,,,,,,,,,LVL,,,,,SCS-EPD-07524 Declaration,Product-specific,,,UL Environment,External,,"ISO 14025, ISO 21930:2017, ISO 14040/44","Structural and Architectural Wood Products, EPD Requirements UL",,,,,
WIJ004,SCS-EPD-07524,,,,,,,2021-12-20,,,,,,,,,,11,The declared unit is 1 meter (one linear meter) of Red-I™ Joist.,,,,,,,,,,,,,,,500,kg/m3,,,,,,,,,,,,LVL,,,,,SCS-EPD-07524 Declaration,Product-specific,,,UL Environment,External,,"ISO 14025, ISO 21930:2017, ISO 14040/44","Structural and Architectural Wood Products, EPD Requirements UL",,,,,
WIJ005,SCS-EPD-07524,,,,,,,2021-12-20,,,,,,,,,,11,The declared unit is 1 meter (one linear meter) of Red-I™ Joist.,,,,,,,,,,,,,,,500,kg/m3,,,,,,,,,,,,LVL,,,,,SCS-EPD-07524 Declaration,Product-specific,,,UL Environment,External,,"ISO 14025, ISO 21930:2017, ISO 14040/44","Structural and Architectural Wood Products, EPD Requirements UL",,,,,
LAM001,SCS-EPD-07525,,,,,,,2021-12-20,,,,,,,,,,11,is one cubic meter (1m )) of RedLam™ LVL.,,,,,,,,,,,,,,,500,kg/m3,,,,,,,,,,,,LVL,,,,,SCS-EPD-07525 Declaration,Product-specific,,,UL Environment,External,,"ISO 14025, ISO 21930:2017, ISO 14040/44","Structural and Architectural Wood Products, EPD Requirements UL",,,,,
TRU000,SCS-EPD-07526,,,,,,,2021-12-20,,,,,,,,,,11,The declared unit is 1 meter (one linear meter) of Open-Web Truss.,,,,,,,,,,,,,,,500,kg/m3,,,,,,,,,,,,LVL,,,,,SCS-EPD-07526 Declaration,Product-specific,,,UL Environment,External,,"ISO 14025, ISO 21930:2017, ISO 14040/44","Structural and Architectural Wood Products, EPD Requirements UL",,,,,
TRU001,SCS-EPD-07526,,,,,,,2021-12-20,,,,,,,,,,11,The declared unit is 1 meter (one linear meter) of Open-Web Truss.,,,,,,,,,,,,,,,500,kg/m3,,,,,,,,,,,,LVL,,,,,SCS-EPD-07526 Declaration,Product-specific,,,UL Environment,External,,"ISO 14025, ISO 21930:2017, ISO 14040/44","Structural and Architectural Wood Products, EPD Requirements UL",,,,,
TRU002,SCS-EPD-07526,,,,,,,2021-12-20,,,,,,,,,,11,The declared unit is 1 meter (one linear meter) of Open-Web Truss.,,,,,,,,,,,,,,,500,kg/m3,,,,,,,,,,,,LVL,,,,,SCS-EPD-07526 Declaration,Product-specific,,,UL Environment,External,,"ISO 14025, ISO 21930:2017, ISO 14040/44","Structural and Architectural Wood Products, EPD Requirements UL",,,,,
MPS004,SCS-EPD-07578,,,,,,,2022-01-13,,,,,,,,,,,"is 100 m of AEP Span product, based on Basic",,,,,,,,,,,,,,,7850,kg/m3,,,,,,,,,,,,Steel,,,,,SCS-EPD-07578 Declaration,Product-specific,,,,External,,"ISO 14025, ISO 21930, ISO 14040","Insulated Metal Panels, Metal Composite Panels, and Meta Cladding",,,,,
CCC000,SCS-EPD-08200,,,,,,,2022-08-30,,,"Fiber Composites, LLC",,,,,,,11,The functional unit is one square meter of Composite Cladding,,,,,,,,,,,,,,,2800,kg/m3,,,,,,,,,,,,Aluminum,,,,,SCS-EPD-08200 Declaration,Product-specific,,,UL Environment,External,,"ISO 14025, ISO 21930:2017, ISO 14040","Cladding Product Systems EPD Requirements, UL 10010–25. April",,,,,
CCC001,SCS-EPD-08391,,,,,,,2022-11-15,,,,,,,,,,11,The declared unit is one square meter (1 m2) of ACRE™ at a nominal,,,,,,,,,,,,,,,,,,,,,,,,,,,,,,,,,SCS-EPD-08391 Declaration,Product-specific,,,,External,,"ISO 14025, ISO 21930:2017, ISO 14040/44",,,,,,
LVT002,SCS-EPD-08570,,,,,,,2023-01-11,,,,,,,,USA,,,The functional unit is one square meter of flooring over a 75-,,,,,,,,,,,,,,,1700,kg/m3,,,,,,,,,,,,Luxury vinyl tile,,,,,SCS-EPD-08570 Declaration,Product-specific,,,UL Environment,External,,"ISO 14025, ISO 21930:2017, ISO 14040",Flooring EPD Requirements. Version 2. UL Environment. Sept.,,,,,
INS048,SCS-EPD-09348,,,,,,,2023-09-01,,,R- values from,,,,,,,0.659,1 m³,,,,,,,,,,,,,,,2800,kg/m3,,,,,,,,,,,,Aluminum,,,,,SCS-EPD-09348 Declaration,Product-specific,,,UL Environment,External,,"ISO 14025, ISO 21930, ISO 14040",Building Envelope Thermal Insulation EPD Requirements. Version 3.0.,,,,,
INS049,SCS-EPD-09349,,,,,,,2023-09-01,,,the following locations,,,,,,,0.872,1 m³,,,,,,,,,,,,,,,2800,kg/m3,,,,,,,,,,,,Aluminum,,,,,SCS-EPD-09349 Declaration,Product-specific,,,UL Environment,External,,"ISO 14025, ISO 21930, ISO 14040",Building Envelope Thermal Insulation EPD Requirements. Version 3.0.,,,,,
95e2e7,SCS-EPD-09753,,,,,,,2024-01-10,,,the locations listed below.,,,,,,,6.58,1 m³,,,,,,,,,,,,,,,28,kg/m3,,,,,,,,,,,,XPS Foam,,,,,SCS-EPD-09753 Declaration,Product-specific,,,UL Environment,External,,"ISO 14025, ISO 21930, ISO 14040",Building Envelope Thermal Insulation EPD Requirements. Version 3.0.,,,,,
XPS002,SCS-EPD-09753,,,,,,,2024-01-10,,,the locations listed below.,,,,,,,6.58,1 m³,,,,,,,,,,,,,,,28,kg/m3,,,,,,,,,,,,XPS Foam,,,,,SCS-EPD-09753 Declaration,Product-specific,,,UL Environment,External,,"ISO 14025, ISO 21930, ISO 14040",Building Envelope Thermal Insulation EPD Requirements. Version 3.0.,,,,,
INS013,SEN-01_22,,,,,,,2027-09-29,,,EPD OWNER Senini S.r.l.,,,,,,,3.51,COMPOSITION OF THE PRODUCTS,,,,,,,,,,,,,,,1500,kg/m3,,,,,,,,,,,,Brick,,,,,SEN-01,,,,,External,,"ISO 14025, EN 15804:2012, ISO 14040",The EN 15804/2019 standard constitutes the framework reference for the PCR.,,,,,
INS014,SEN-01_22,,,,,,,2027-09-29,,,EPD OWNER Senini S.r.l.,,,,,,,3.51,COMPOSITION OF THE PRODUCTS,,,,,,,,,,,,,,,1500,kg/m3,,,,,,,,,,,,Brick,,,,,SEN-01,,,,,External,,"ISO 14025, EN 15804:2012, ISO 14040",The EN 15804/2019 standard constitutes the framework reference for the PCR.,,,,,
INS015,SEN-01_22,,,,,,,2027-09-29,,,EPD OWNER Senini S.r.l.,,,,,,,3.51,COMPOSITION OF THE PRODUCTS,,,,,,,,,,,,,,,1500,kg/m3,,,,,,,,,,,,Brick,,,,,SEN-01,,,,,External,,"ISO 14025, EN 15804:2012, ISO 14040",The EN 15804/2019 standard constitutes the framework reference for the PCR.,,,,,
INS005,SmartEPD-2023-003-0010-01,,,,,,,2023-04-10,,,all manufacturers. As all the,,,,,,,0.988,1 m²,,,,,,,,,,,,,,,23,kg/m3,,,,,,,,,,,,Fiberglass,,,,,SmartEPD-2023-003-0010-01,Industry Average,,,UL Environment,External,,"ISO 14025, ISO 21930:2017, EN 15804, ISO 14040",Building Envelope Thermal Insulation Products,,,,,
INS008,SmartEPD-2023-003-0010-01,,,,,,,2023-04-10,,,all manufacturers. As all the,,,,,,,0.988,1 m²,,,,,,,,,,,,,,,23,kg/m3,,,,,,,,,,,,Fiberglass,,,,,SmartEPD-2023-003-0010-01,Industry Average,,,UL Environment,External,,"ISO 14025, ISO 21930:2017, EN 15804, ISO 14040",Building Envelope Thermal Insulation Products,,,,,
INS004,SmartEPD-2023-003-0012-01,,,,,,,2023-04-10,,,,,,,,,,,1 m²,,,,,,,,,,,,,,,23,kg/m3,,,,,,,,,,,,Fiberglass,,,,,SmartEPD-2023-003-0012-01,,,,,,,"ISO 14025, ISO 21930:2017",Building Envelope Thermal Insulation Products v.2,,,,,
INS020,SmartEPD-2023-008-0021-01,,,,,,,,,,sale on the market.,,,,,,,,1 m²,,,,,,,,,,,,,,,32.1,kg/m3,,,,,,,,,,,,Mineral wool,,,,,,Industry Average,,,,,,"ISO 14025, ISO 21930:2017",Building Envelope Thermal Insulation Products v.3,,,,,
INS019,SmartEPD-2023-008-0022-01,,,,,,,,,,sale on the market.,,,,,,,,°1 m2 of insulation material with a thickness,,,,,,,,,,,,,,,38.3,kg/m3,,,,,,,,,,,,Mineral wool,,,,,,Industry Average,,,,,,"ISO 14025, ISO 21930:2017",Building Envelope Thermal Insulation Products v.3,,,,,
INS018,SmartEPD-2023-008-0023-01,,,,,,,,,,sale on the market.,,,,,,,,°1 m2 of insulation material with a thickness,,,,,,,,,,,,,,,99.9,kg/m3,,,,,,,,,,,,Mineral wool,,,,,,Industry Average,,,,,,"ISO 14025, ISO 21930:2017",Building Envelope Thermal Insulation Products v.3,,,,,
BAM002,SmartEPD-2023-009-0024-01,,,,,,,,,,,,,,,,,,,,,,,,,,,,,,,,,500,kg/m3,,,,,,,,,,,,Plywood,,,,,,,,,,,,"ISO 14025, ISO 21930:2017, EN 15804, ISO 14040",,,,,,
BAM003,SmartEPD-2023-009-0024-01,,,,,,,,,,,,,,,,,,,,,,,,,,,,,,,,,500,kg/m3,,,,,,,,,,,,Plywood,,,,,,,,,,,,"ISO 14025, ISO 21930:2017, EN 15804, ISO 14040",,,,,,
199253,S-P-00725,,,,,,,,,,,,,,,,,24.98,,,,,,,,,,,,,,,,900,kg/m3,,,,,,,,,,,,Gypsum,,,,,S-P-00725,,,,IBU,,,"ISO 14025, ISO 21930:2007, EN 15804",,,,,,
21cbc7,S-P-01088,,,,,,,,,,Silicon,,,,,,,,,,,,,,,,,,,,,,,,,,,,,,,,,,,,,,,,,S-P-01088,,,,EPD International AB,,,"ISO 14025, ISO 21930, EN 15804","Product category rules (PCR): CONSTRUCTION PRODUCTS AND CONSTRUCTION SERVICES, 2012:01, version 2.2",,,,,
bbb025,S-P-01140,,,,,,,,,,,,,,,,,0.621,,,,,,,,,,,,,,,,,,,,,,,,,,,,,,,,,,S-P-01140,,,,IBU,,,"ISO 14025:2006, ISO 21930:2017, EN 15804:2012, ISO 14040",,,,,,
bbb026,S-P-01141,,,,,,,,,,,,,,,,,0.543,,,,,,,,,,,,,,,,,,,,,,,,,,,,,,,,,,S-P-01141,,,,IBU,,,"ISO 14025:2006, ISO 21930:2017, EN 15804:2012, ISO 14040",,,,,,
HTW000,S-P-01543,,,,,,,2025-08-12,,,Abodo Wood Ltd.,,,,,,,0.105,,,,,,,,,,,,,,,,500,kg/m3,,,,,,,,,,,,Glulam,,,,,S-P-01543,,,,EPD International AB,,,"ISO 14025, EN 15804+A1, ISO 14040",,,,,,
d0rk2l,S-P-01928 (registration MR-ENV-EPD-ZDB-20200278-EN),,,,,,,2025-04-01,,,"Zhejiang Daocheng Bamboo Industry Co., Ltd",,,,,,,,,,,,,,,,,,,,,,,1150,kg/m3,,,,,,,,,,,,Plywood,,,,,S-P-01928,,,,IBU,,,"ISO 14025, ISO 21930:2017, EN 15804, ISO 14040",,,,,,
s0glec,S-P-01928 (registration MR-ENV-EPD-ZDB-20200278-EN),,,,,,,2025-04-01,,,"Zhejiang Daocheng Bamboo Industry Co., Ltd",,,,,,,,,,,,,,,,,,,,,,,1150,kg/m3,,,,,,,,,,,,Plywood,,,,,S-P-01928,,,,IBU,,,"ISO 14025, ISO 21930:2017, EN 15804, ISO 14040",,,,,,
INS011,S-P-01961,,,,,,,2025-09-24,,,Thinkstep,,,,,,,,,,,,,,,,,,,,,,,25,kg/m3,,,,,,,,,,,,EPS Foam,,,,,S-P-01961,,,,EPD International AB,,,"ISO 14025, EN 15804",Product category rules (PCR): PCR 2012:01. Construction products and construction services. Version 2.3. of 2018-11-15,,,,,
INS012,S-P-02290,,,,,,,2025-09-24,,,Thinkstep,,,,,,,,,,,,,,,,,,,,,,,25,kg/m3,,,,,,,,,,,,EPS Foam,,,,,S-P-02290,,,,EPD International AB,,,"ISO 14025, EN 15804",Product category rules (PCR): PCR 2012:01. Construction products and construction services. Version 2.3. of 2018-11-15,,,,,
p3m1f1,S-P-03160,,,,,,,2026-03-15,,,EN15804,,,,,,,0.321,,,,,,,,,,,,,,,,25,kg/m3,,,,,,,,,,,,EPS Foam,,,,,S-P-03160,,,,EPD International AB,,,"ISO 14025, EN 15804:2012, ISO 14040",Product category rules (PCR): PCR 2019:14 Construction products (EN 15804:A2) Version 1.11,,,,,
LCP001,S-P-03516,,,,,,,2026-04-05,,,TDS,,,,,,,0.737,,,,,,,,,,,,,,,,,,,,,,,,,,,,,,,,,,S-P-03516,,,,EPD International AB,,,"ISO 14025, EN 15804:2012, ISO 14040","Product category rules (PCR): PCR 2019:14 Construction products, Version 1.11",,,,,
LCP002,S-P-03516,,,,,,,2026-04-05,,,TDS,,,,,,,0.737,,,,,,,,,,,,,,,,,,,,,,,,,,,,,,,,,,S-P-03516,,,,EPD International AB,,,"ISO 14025, EN 15804:2012, ISO 14040","Product category rules (PCR): PCR 2019:14 Construction products, Version 1.11",,,,,
LCP003,S-P-03516,,,,,,,2026-04-05,,,TDS,,,,,,,0.737,,,,,,,,,,,,,,,,,,,,,,,,,,,,,,,,,,S-P-03516,,,,EPD International AB,,,"ISO 14025, EN 15804:2012, ISO 14040","Product category rules (PCR): PCR 2019:14 Construction products, Version 1.11",,,,,
b4t02m,S-P-03854,,,,,,,,,,,,,,,,,0.8815,,,,,,,,,,,,,,,,,,,,,,,,,,,,,,,,,,S-P-03854,,,,EPD International AB,,,"ISO 14025, EN 15804:2012, ISO 14040",,,,,,
INS022,S-P-04468,,,,,,,2026-10-31,,,Eden Renewable Innovations Limited,,,,,,,0.707,"1 m2 of CosyWool roll or slab, or UltraWool roll with an R = 1 m2K/W,",,,,,,,,,,,,,,,,,,,,,,,,,,,,Sheep wool insulation,,,,,S-P-04468,,,,EPD International AB,,,"ISO 14025, ISO 21930:2017, EN 15804:2012, ISO 14040",Product category rules (PCR): PCR 2019:14 Construction products (version 1.11) and C-PCR-005,,,,,
INS023,S-P-04468,,,,,,,2026-10-31,,,Eden Renewable Innovations Limited,,,,,,,0.707,"1 m2 of CosyWool roll or slab, or UltraWool roll with an R = 1 m2K/W,",,,,,,,,,,,,,,,,,,,,,,,,,,,,Sheep wool insulation,,,,,S-P-04468,,,,EPD International AB,,,"ISO 14025, ISO 21930:2017, EN 15804:2012, ISO 14040",Product category rules (PCR): PCR 2019:14 Construction products (version 1.11) and C-PCR-005,,,,,
INS024,S-P-04468,,,,,,,2026-10-31,,,Eden Renewable Innovations Limited,,,,,,,0.707,"1 m2 of CosyWool roll or slab, or UltraWool roll with an R = 1 m2K/W,",,,,,,,,,,,,,,,,,,,,,,,,,,,,Sheep wool insulation,,,,,S-P-04468,,,,EPD International AB,,,"ISO 14025, ISO 21930:2017, EN 15804:2012, ISO 14040",Product category rules (PCR): PCR 2019:14 Construction products (version 1.11) and C-PCR-005,,,,,
FIB002,S-P-05037,,,,,,,2027-12-21,,,"declaration and data, according to ISO are produced across 10 different manufactu",,,,,,,5.11,1 square meter of installed external cladding product over its reference service life (RSL) of 50 years.,,,,,,,,,,,,,,,,,,,,,,,,,,,,Portland Cement,,,,,S-P-05037 Publication,,,,EPD International AB,External,,"ISO 14025, EN 15804:2012, ISO 14040",w: jameshardie.com.au,,,,,
FIB003,S-P-05037,,,,,,,2027-12-21,,,"declaration and data, according to ISO are produced across 10 different manufactu",,,,,,,5.11,1 square meter of installed external cladding product over its reference service life (RSL) of 50 years.,,,,,,,,,,,,,,,,,,,,,,,,,,,,Portland Cement,,,,,S-P-05037 Publication,,,,EPD International AB,External,,"ISO 14025, EN 15804:2012, ISO 14040",w: jameshardie.com.au,,,,,
FIB004,S-P-05037,,,,,,,2027-12-21,,,"declaration and data, according to ISO are produced across 10 different manufactu",,,,,,,5.11,1 square meter of installed external cladding product over its reference service life (RSL) of 50 years.,,,,,,,,,,,,,,,,,,,,,,,,,,,,Portland Cement,,,,,S-P-05037 Publication,,,,EPD International AB,External,,"ISO 14025, EN 15804:2012, ISO 14040",w: jameshardie.com.au,,,,,
FIB005,S-P-05037,,,,,,,2027-12-21,,,"declaration and data, according to ISO are produced across 10 different manufactu",,,,,,,5.11,1 square meter of installed external cladding product over its reference service life (RSL) of 50 years.,,,,,,,,,,,,,,,,,,,,,,,,,,,,Portland Cement,,,,,S-P-05037 Publication,,,,EPD International AB,External,,"ISO 14025, EN 15804:2012, ISO 14040",w: jameshardie.com.au,,,,,
GRE000,S-P-05961,,,,,,,2027-04-20,,,"Slovenia and Italy, both",,,,,,,3.68,Production process:,,,,,,,,,,,,,,,50,kg/m3,,,,,,,,,,,,Mineral wool,,,,,S-P-05961,,,,EPD International AB,,,"ISO 14025, ISO 21930, EN 15804+A2",Product category rules (PCR): PCR 2019:14. Construction products (EN 15804+A2:2019) Version 1.11,,,,,
HTW003,S-P-07182,,,,,,,,,,"Accsys Technologies, release date",,,,,,,,,,,,,,,,,,,,,,,,,,,,,,,,,,,,,,,,,S-P-07182,,,,EPD International AB,,,"ISO 14025, EN 15804:2012",,,,,,
BAM000,S-P-08118,,,,,,,2028-01-16,,,"Lamboo Technologies, LLC",,,,,,,4.74,,,,,,,,,,,,,,,,500,kg/m3,,,,,,,,,,,,Plywood,,,,,S-P-08118,,,,EPD International AB,,,"ISO 14025, EN 15804, ISO 14040",Product category rules (PCR): ‘Construction Products’ Product Category Rules (ISO 14025) 2019:14,,,,,
BAM001,S-P-08118,,,,,,,2028-01-16,,,"Lamboo Technologies, LLC",,,,,,,4.74,,,,,,,,,,,,,,,,500,kg/m3,,,,,,,,,,,,Plywood,,,,,S-P-08118,,,,EPD International AB,,,"ISO 14025, EN 15804, ISO 14040",Product category rules (PCR): ‘Construction Products’ Product Category Rules (ISO 14025) 2019:14,,,,,
Cel000,S-P-08315,,,,,,,2028-07-04,,,Ekovilla,,,,,,,,"Thermal insulation of 1m with Slab, with overall thermal resistance, R-",,,,,,,,,,,,,,,,,,,,,,,,,,,,Cellulose,,,,,S-P-08315,,,,EPD International AB,,,"ISO 14025:2006, EN 15804:2012","Product Category Rules (PCR): Construction products, PCR 2019:14, version 1.2.5 ;",,,,,
WRT000,S-P-10277,,,,,,,2024-09-06,,,Sweden across the Nordics.,,,,,,,-0.898,1 m of wood tube. It weighs 0.685 kg.,,,,,,,,,,,,,,,900,kg/m3,,,,,,,,,,,,Gypsum,,,,,S-P-10277,,,,EPD International AB,,,"ISO 14025:2006, EN 15804:2012, ISO 14040","Product Category Rules (PCR): Construction products, 2019:14, Version 1.3.0",,,,,
INS003,S-P-10940,,,,,,,2029-03-19,,,Ecoinvent,,,,,,,,,,,,,,,,,,,,,,,7800,kg/m3,,,,,,,,,,,,Steel,,,,,S-P-10940,,,,EPD International AB,,,"ISO 14025:2006, EN 15804:2012, ISO 14040",,,,,,
WAL001,S-P-10940,,,,,,,2029-03-19,,,Ecoinvent,,,,,,,,,,,,,,,,,,,,,,,7800,kg/m3,,,,,,,,,,,,Steel,,,,,S-P-10940,,,,EPD International AB,,,"ISO 14025:2006, EN 15804:2012, ISO 14040",,,,,,
