beam_id,epd_id,ID,Display Name,Stated kgCO2e/unit,GWP units per,GWP/common unit,Common unit,GWP-bio from EPD,Biogenic Storage,Carbon content kgC/unit,Full C value,Storage % Reduction,Density,Density Units,Addnl factor,Addnl factor units,EPD ID,EPD Type,EPD Program/Operator,Service Life (yr),mismatch_detail
15e087,,MATCH,MATCH,MATCH,MATCH,MATCH,MATCH,MATCH,MATCH,MATCH,MATCH,MATCH,MATCH,MATCH,MATCH,MATCH,MATCH,MATCH,MATCH,MATCH,
47032e,,MATCH,MATCH,MATCH,MATCH,MATCH,MATCH,MATCH,MATCH,MATCH,MATCH,MATCH,MATCH,MATCH,MATCH,MATCH,MATCH,MATCH,MATCH,MATCH,
5712f2,,MATCH,MATCH,MATCH,MATCH,MATCH,MATCH,MATCH,MATCH,MATCH,MATCH,MATCH,MATCH,MATCH,MATCH,MATCH,MATCH,MATCH,MATCH,MATCH,
5e22ee,,MATCH,MATCH,MATCH,MATCH,MATCH,MATCH,MATCH,MATCH,MATCH,MATCH,MATCH,MATCH,MATCH,MATCH,MATCH,MATCH,MATCH,MATCH,MATCH,
6d2eca,,MATCH,MATCH,MATCH,MATCH,MATCH,MATCH,MATCH,MATCH,MATCH,MATCH,MATCH,MATCH,MATCH,MATCH,MATCH,MATCH,MATCH,MATCH,MATCH,
707a65,,MATCH,MATCH,MATCH,MATCH,MATCH,MATCH,MATCH,MATCH,MATCH,MATCH,MATCH,MATCH,MATCH,MATCH,MATCH,MATCH,MATCH,MATCH,MATCH,
7b40de,,MATCH,MATCH,MATCH,MATCH,MATCH,MATCH,MATCH,MATCH,MATCH,MATCH,MATCH,MATCH,MATCH,MATCH,MATCH,MATCH,MATCH,MATCH,MATCH,
7bc57a,,MATCH,MATCH,MATCH,MATCH,MATCH,MATCH,MATCH,MATCH,MATCH,MATCH,MATCH,MATCH,MATCH,MATCH,MATCH,MATCH,MATCH,MATCH,MATCH,
81f1a7,,MATCH,MATCH,MATCH,MATCH,MATCH,MATCH,MATCH,MATCH,MATCH,MATCH,MATCH,MATCH,MATCH,MATCH,MATCH,MATCH,MATCH,MATCH,MATCH,
8ad79d,,MATCH,MATCH,MATCH,MATCH,MATCH,MATCH,MATCH,MATCH,MATCH,MATCH,MATCH,MATCH,MATCH,MATCH,MATCH,MATCH,MATCH,MATCH,MATCH,
BAM00X,,MATCH,MATCH,MATCH,MATCH,MATCH,MATCH,MATCH,MATCH,MATCH,MATCH,MATCH,MATCH,MATCH,MATCH,MATCH,MATCH,MATCH,MATCH,MATCH,
BAM01X,,MATCH,MATCH,MATCH,MATCH,MATCH,MATCH,MATCH,MATCH,MATCH,MATCH,MATCH,MATCH,MATCH,MATCH,MATCH,MATCH,MATCH,MATCH,MATCH,
BRI00X,,MATCH,MATCH,MATCH,MATCH,MATCH,MATCH,MATCH,MATCH,MATCH,MATCH,MATCH,MATCH,MATCH,MATCH,MATCH,MATCH,MATCH,MATCH,MATCH,
CAR00x,,MATCH,MATCH,MATCH,MATCH,MATCH,MATCH,MATCH,MATCH,MATCH,MATCH,MATCH,MATCH,MATCH,MATCH,MATCH,MATCH,MATCH,MATCH,MATCH,
CSB00X,,MATCH,MATCH,MATCH,MATCH,MATCH,MATCH,MATCH,MATCH,MATCH,MATCH,MATCH,MATCH,MATCH,MATCH,MATCH,MATCH,MATCH,MATCH,MATCH,
FIB00X,,MATCH,MATCH,MATCH,MATCH,MATCH,MATCH,MATCH,MATCH,MATCH,MATCH,MATCH,MATCH,MATCH,MATCH,MATCH,MATCH,MATCH,MATCH,MATCH,
HTW00X,,MATCH,MATCH,MATCH,MATCH,MATCH,MATCH,MATCH,MATCH,MATCH,MATCH,MATCH,MATCH,MATCH,MATCH,MATCH,MATCH,MATCH,MATCH,MATCH,
LAB00X,,MATCH,MATCH,MATCH,MATCH,MATCH,MATCH,MATCH,MATCH,MATCH,MATCH,MATCH,MATCH,MATCH,MATCH,MATCH,MATCH,MATCH,MATCH,MATCH,
LAM00X,,MATCH,MATCH,MATCH,MATCH,MATCH,MATCH,MATCH,MATCH,MATCH,MATCH,MATCH,MATCH,MATCH,MATCH,MATCH,MATCH,MATCH,MATCH,MATCH,
LIN00X,,MATCH,MATCH,MATCH,MATCH,MATCH,MATCH,MATCH,MATCH,MATCH,MATCH,MATCH,MATCH,MATCH,MATCH,MATCH,MATCH,MATCH,MATCH,MATCH,
LP000X,,MATCH,MATCH,MATCH,MATCH,MATCH,MATCH,MATCH,MATCH,MATCH,MATCH,MATCH,MATCH,MATCH,MATCH,MATCH,MATCH,MATCH,MATCH,MATCH,
MWB0ew,,MATCH,MATCH,MATCH,MATCH,MATCH,MATCH,MATCH,MATCH,MATCH,MATCH,MATCH,MATCH,MATCH,MATCH,MATCH,MATCH,MATCH,MATCH,MATCH,
MWB0iw,,MATCH,MATCH,MATCH,MATCH,MATCH,MATCH,MATCH,MATCH,MATCH,MATCH,MATCH,MATCH,MATCH,MATCH,MATCH,MATCH,MATCH,MATCH,MATCH,
RLB00X,,MATCH,MATCH,MATCH,MATCH,MATCH,MATCH,MATCH,MATCH,MATCH,MATCH,MATCH,MATCH,MATCH,MATCH,MATCH,MATCH,MATCH,MATCH,MATCH,
RSB00X,,MATCH,MATCH,MATCH,MATCH,MATCH,MATCH,MATCH,MATCH,MATCH,MATCH,MATCH,MATCH,MATCH,MATCH,MATCH,MATCH,MATCH,MATCH,MATCH,
SAB00X,,MATCH,MATCH,MATCH,MATCH,MATCH,MATCH,MATCH,MATCH,MATCH,MATCH,MATCH,MATCH,MATCH,MATCH,MATCH,MATCH,MATCH,MATCH,MATCH,
SBM00X,,MATCH,MATCH,MATCH,MATCH,MATCH,MATCH,MATCH,MATCH,MATCH,MATCH,MATCH,MATCH,MATCH,MATCH,MATCH,MATCH,MATCH,MATCH,MATCH,
SBNP0X,,MATCH,MATCH,MATCH,MATCH,MATCH,MATCH,MATCH,MATCH,MATCH,MATCH,MATCH,MATCH,MATCH,MATCH,MATCH,MATCH,MATCH,MATCH,MATCH,
SBP00X,,MATCH,MATCH,MATCH,MATCH,MATCH,MATCH,MATCH,MATCH,MATCH,MATCH,MATCH,MATCH,MATCH,MATCH,MATCH,MATCH,MATCH,MATCH,MATCH,
STU00X,,MATCH,MATCH,MATCH,MATCH,MATCH,MATCH,MATCH,MATCH,MATCH,MATCH,MATCH,MATCH,MATCH,MATCH,MATCH,MATCH,MATCH,MATCH,MATCH,
WB000X,,MATCH,MATCH,MATCH,MATCH,MATCH,MATCH,MATCH,MATCH,MATCH,MATCH,MATCH,MATCH,MATCH,MATCH,MATCH,MATCH,MATCH,MATCH,MATCH,
c8fcb5,,MATCH,MATCH,MATCH,MATCH,MATCH,MATCH,MATCH,MATCH,MATCH,MATCH,MATCH,MATCH,MATCH,MATCH,MATCH,MATCH,MATCH,MATCH,MATCH,
d201fq,,MATCH,MATCH,MATCH,MATCH,MATCH,MATCH,MATCH,MATCH,MATCH,MATCH,MATCH,MATCH,MATCH,MATCH,MATCH,MATCH,MATCH,MATCH,MATCH,
d7w02l,,MATCH,MATCH,MATCH,MATCH,MATCH,MATCH,MATCH,MATCH,MATCH,MATCH,MATCH,MATCH,MATCH,MATCH,MATCH,MATCH,MATCH,MATCH,MATCH,
e533ed,,MATCH,MATCH,MATCH,MATCH,MATCH,MATCH,MATCH,MATCH,MATCH,MATCH,MATCH,MATCH,MATCH,MATCH,MATCH,MATCH,MATCH,MATCH,MATCH,
e933b8,,MATCH,MATCH,MATCH,MATCH,MATCH,MATCH,MATCH,MATCH,MATCH,MATCH,MATCH,MATCH,MATCH,MATCH,MATCH,MATCH,MATCH,MATCH,MATCH,
e9d87f,,MATCH,MATCH,MATCH,MATCH,MATCH,MATCH,MATCH,MATCH,MATCH,MATCH,MATCH,MATCH,MATCH,MATCH,MATCH,MATCH,MATCH,MATCH,MATCH,
ecd60d,,MATCH,MATCH,MATCH,MATCH,MATCH,MATCH,MATCH,MATCH,MATCH,MATCH,MATCH,MATCH,MATCH,MATCH,MATCH,MATCH,MATCH,MATCH,MATCH,
efba68,,MATCH,MATCH,MATCH,MATCH,MATCH,MATCH,MATCH,MATCH,MATCH,MATCH,MATCH,MATCH,MATCH,MATCH,MATCH,MATCH,MATCH,MATCH,MATCH,
f03m68,,MATCH,MATCH,MATCH,MATCH,MATCH,MATCH,MATCH,MATCH,MATCH,MATCH,MATCH,MATCH,MATCH,MATCH,MATCH,MATCH,MATCH,MATCH,MATCH,
g692me,,MATCH,MATCH,MATCH,MATCH,MATCH,MATCH,MATCH,MATCH,MATCH,MATCH,MATCH,MATCH,MATCH,MATCH,MATCH,MATCH,MATCH,MATCH,MATCH,
p8c2la,,MATCH,MATCH,MATCH,MATCH,MATCH,MATCH,MATCH,MATCH,MATCH,MATCH,MATCH,MATCH,MATCH,MATCH,MATCH,MATCH,MATCH,MATCH,MATCH,
s0vjke,,MATCH,MATCH,MATCH,MATCH,MATCH,MATCH,MATCH,MATCH,MATCH,MATCH,MATCH,MATCH,MATCH,MATCH,MATCH,MATCH,MATCH,MATCH,MATCH,
21dw0f,01-001,MATCH,MATCH,MATCH,MATCH,MATCH,MATCH,MATCH,MATCH,MATCH,MATCH,MATCH,MATCH,MATCH,MATCH,MATCH,MATCH,MATCH,MATCH,MATCH,
5caf85,01-001,MATCH,MATCH,MATCH,MATCH,MATCH,MATCH,MATCH,MATCH,MATCH,MATCH,MATCH,MATCH,MATCH,MATCH,MATCH,MATCH,MATCH,MATCH,MATCH,
f93xa0,01-001,MATCH,MATCH,MATCH,MATCH,MATCH,MATCH,MATCH,MATCH,MATCH,MATCH,MATCH,MATCH,MATCH,MATCH,MATCH,MATCH,MATCH,MATCH,MATCH,
1fkf0c,01-002,MATCH,MATCH,MATCH,MATCH,MATCH,MATCH,MATCH,MATCH,MATCH,MATCH,MATCH,MATCH,MATCH,MATCH,MATCH,MATCH,MATCH,MATCH,MATCH,
v0w92k,01-002,MATCH,MATCH,MATCH,MATCH,MATCH,MATCH,MATCH,MATCH,MATCH,MATCH,MATCH,MATCH,MATCH,MATCH,MATCH,MATCH,MATCH,MATCH,MATCH,
yds03d,01-002,MATCH,MATCH,MATCH,MATCH,MATCH,MATCH,MATCH,MATCH,MATCH,MATCH,MATCH,MATCH,MATCH,MATCH,MATCH,MATCH,MATCH,MATCH,MATCH,
p9dbo4,01-004,MATCH,MATCH,MATCH,MATCH,MATCH,MATCH,MATCH,MATCH,MATCH,MATCH,MATCH,MATCH,MATCH,MATCH,MATCH,MATCH,MATCH,MATCH,MATCH,
xsp4tl,01-004,MATCH,MATCH,MATCH,MATCH,MATCH,MATCH,MATCH,MATCH,MATCH,MATCH,MATCH,MATCH,MATCH,MATCH,MATCH,MATCH,MATCH,MATCH,MATCH,
9d6057,075/2018,MATCH,MATCH,MATCH,MATCH,MATCH,MATCH,MATCH,MATCH,MATCH,MATCH,MATCH,MATCH,MATCH,MATCH,MATCH,MATCH,MATCH,MATCH,MATCH,
541b20,11345278.101.1,MATCH,MATCH,MATCH,MATCH,MATCH,MATCH,MATCH,MATCH,MATCH,MATCH,MATCH,MATCH,MATCH,MATCH,MATCH,MATCH,MATCH,MATCH,MATCH,
12a279,11345278.101.2,MATCH,MATCH,MATCH,MATCH,MATCH,MATCH,MATCH,MATCH,MATCH,MATCH,MATCH,MATCH,MATCH,MATCH,MATCH,MATCH,MATCH,MATCH,MATCH,
CMU007,176277033092021,MATCH,MATCH,MATCH,MATCH,MATCH,MATCH,MATCH,MATCH,MATCH,MATCH,MATCH,MATCH,MATCH,MATCH,MATCH,MATCH,MATCH,MATCH,MATCH,
www118,200,MATCH,MATCH,MATCH,MATCH,MATCH,MATCH,MATCH,MATCH,MATCH,MATCH,MATCH,MATCH,MATCH,MATCH,MATCH,MATCH,MATCH,MATCH,MATCH,
1110de,2016-06-01,MATCH,MATCH,MATCH,MATCH,MATCH,MATCH,MATCH,MATCH,MISMATCH,MATCH,MATCH,MATCH,MATCH,MATCH,MATCH,MATCH,MATCH,MATCH,MATCH,"Carbon content kgC/unit: csv=∅ json=""246.62"""
f1864e,2016-06-01,MATCH,MATCH,MATCH,MATCH,MATCH,MATCH,MATCH,MATCH,MISMATCH,MATCH,MATCH,MATCH,MATCH,MATCH,MATCH,MATCH,MATCH,MATCH,MATCH,"Carbon content kgC/unit: csv=∅ json=""246.62"""
bbb000,2021M20141,MATCH,MATCH,MATCH,MATCH,MATCH,MATCH,MATCH,MATCH,MATCH,MISMATCH,MATCH,MATCH,MATCH,MATCH,MATCH,MATCH,MATCH,MATCH,MATCH,"Full C value: csv=∅ json=""0.18"""
bbb001,2021M20141,MATCH,MATCH,MATCH,MATCH,MATCH,MATCH,MATCH,MATCH,MATCH,MATCH,MATCH,MATCH,MATCH,MATCH,MATCH,MATCH,MATCH,MATCH,MATCH,
bbb002,2021M20141,MATCH,MATCH,MATCH,MATCH,MATCH,MATCH,MATCH,MATCH,MATCH,MATCH,MATCH,MATCH,MATCH,MATCH,MATCH,MATCH,MATCH,MATCH,MATCH,
bbb003,2021M20141,MATCH,MATCH,MATCH,MATCH,MATCH,MATCH,MATCH,MATCH,MATCH,MATCH,MATCH,MATCH,MATCH,MATCH,MATCH,MATCH,MATCH,MATCH,MATCH,
bbb004,2021M20141,MATCH,MATCH,MATCH,MATCH,MATCH,MATCH,MATCH,MATCH,MATCH,MATCH,MATCH,MATCH,MATCH,MATCH,MATCH,MATCH,MATCH,MATCH,MATCH,
bbb005,2021M20141,MATCH,MATCH,MATCH,MATCH,MATCH,MATCH,MATCH,MATCH,MATCH,MATCH,MATCH,MATCH,MATCH,MATCH,MATCH,MATCH,MATCH,MATCH,MATCH,
bbb006,2021M20141,MATCH,MATCH,MATCH,MATCH,MATCH,MATCH,MATCH,MATCH,MATCH,MATCH,MATCH,MATCH,MATCH,MATCH,MATCH,MATCH,MATCH,MATCH,MATCH,
bbb029,2021M20141,MATCH,MATCH,MATCH,MATCH,MATCH,MATCH,MATCH,MATCH,MATCH,MATCH,MATCH,MATCH,MATCH,MATCH,MATCH,MATCH,MATCH,MATCH,MATCH,
bbb030,2021M20141,MATCH,MATCH,MATCH,MATCH,MATCH,MATCH,MATCH,MATCH,MATCH,MATCH,MATCH,MATCH,MATCH,MATCH,MATCH,MATCH,MATCH,MATCH,MATCH,
CMU006,20220329507,MATCH,MATCH,MATCH,MATCH,MATCH,MATCH,MATCH,MATCH,MATCH,MATCH,MATCH,MATCH,MATCH,MATCH,MATCH,MATCH,MATCH,MATCH,MATCH,
GRE001,30.06.2021,MATCH,MATCH,MATCH,MATCH,MATCH,MATCH,MATCH,MATCH,MATCH,MATCH,MATCH,MATCH,MATCH,MATCH,MATCH,MATCH,MATCH,MATCH,MATCH,
CAR005,4029-8012,MATCH,MATCH,MATCH,MATCH,MATCH,MATCH,MATCH,MATCH,MATCH,MATCH,MATCH,MATCH,MATCH,MATCH,MATCH,MATCH,MATCH,MATCH,MATCH,
CAR006,4029-8012,MATCH,MATCH,MATCH,MATCH,MATCH,MATCH,MATCH,MATCH,MATCH,MATCH,MATCH,MATCH,MATCH,MATCH,MATCH,MATCH,MATCH,MATCH,MATCH,
CAR007,4029-8012,MATCH,MATCH,MATCH,MATCH,MATCH,MATCH,MATCH,MATCH,MATCH,MATCH,MATCH,MATCH,MATCH,MATCH,MATCH,MATCH,MATCH,MATCH,MATCH,
CAR008,4029-8012,MATCH,MATCH,MATCH,MATCH,MATCH,MATCH,MATCH,MATCH,MATCH,MATCH,MATCH,MATCH,MATCH,MATCH,MATCH,MATCH,MATCH,MATCH,MATCH,
MPS002,4078-8004,MATCH,MATCH,MATCH,MATCH,MATCH,MATCH,MATCH,MATCH,MATCH,MATCH,MATCH,MATCH,MATCH,MATCH,MATCH,MATCH,MATCH,MATCH,MATCH,
9d1b2b,4786663719.107.0,MATCH,MATCH,MATCH,MATCH,MATCH,MATCH,MATCH,MATCH,MATCH,MATCH,MATCH,MATCH,MATCH,MATCH,MATCH,MATCH,MATCH,MATCH,MATCH,
676103,4786842353.103.1,MATCH,MATCH,MATCH,MATCH,MATCH,MATCH,MATCH,MATCH,MATCH,MATCH,MATCH,MATCH,MATCH,MATCH,MATCH,MATCH,MATCH,MATCH,MATCH,
PLY004,4786969381.102.1,MATCH,MATCH,MATCH,MATCH,MATCH,MATCH,MATCH,MATCH,MISMATCH,MATCH,MATCH,MATCH,MATCH,MATCH,MATCH,MATCH,MATCH,MATCH,MATCH,"Carbon content kgC/unit: csv=""10.12"" json=∅"
PLY005,4786969381.102.1,MATCH,MATCH,MATCH,MATCH,MATCH,MATCH,MATCH,MATCH,MISMATCH,MATCH,MATCH,MATCH,MATCH,MATCH,MATCH,MATCH,MATCH,MATCH,MATCH,"Carbon content kgC/unit: csv=""15.19"" json=∅"
2c3p9d,4786969381.104.1,MATCH,MATCH,MATCH,MATCH,MATCH,MATCH,MATCH,MATCH,MATCH,MATCH,MATCH,MATCH,MATCH,MATCH,MATCH,MATCH,MATCH,MATCH,MATCH,
f14060,4786969381.105.1,MATCH,MATCH,MATCH,MATCH,MATCH,MATCH,MATCH,MATCH,MATCH,MATCH,MATCH,MATCH,MATCH,MATCH,MATCH,MATCH,MATCH,MATCH,MATCH,
9aedf1,4786969381.106.1,MATCH,MATCH,MATCH,MATCH,MATCH,MATCH,MATCH,MATCH,MISMATCH,MATCH,MATCH,MATCH,MATCH,MATCH,MATCH,MATCH,MATCH,MATCH,MATCH,"Carbon content kgC/unit: csv=""1.755"" json=∅"
PLY003,4786969381.107.1,MATCH,MATCH,MATCH,MATCH,MATCH,MATCH,MATCH,MATCH,MISMATCH,MATCH,MATCH,MATCH,MATCH,MATCH,MATCH,MATCH,MATCH,MATCH,MATCH,"Carbon content kgC/unit: csv=""15.04"" json=∅"
9ee6d9,4787109018.102.1,MATCH,MATCH,MATCH,MATCH,MATCH,MATCH,MATCH,MATCH,MATCH,MATCH,MATCH,MATCH,MATCH,MATCH,MATCH,MATCH,MATCH,MATCH,MATCH,
15067d,4787168709.101.1,MATCH,MATCH,MATCH,MATCH,MATCH,MATCH,MATCH,MATCH,MATCH,MATCH,MATCH,MATCH,MATCH,MATCH,MATCH,MATCH,MATCH,MATCH,MATCH,
237e64,4787168709.104.1,MATCH,MATCH,MATCH,MATCH,MATCH,MATCH,MATCH,MATCH,MATCH,MATCH,MATCH,MATCH,MATCH,MATCH,MATCH,MATCH,MATCH,MATCH,MATCH,
42f8f1,4787319688.101.1,MATCH,MATCH,MATCH,MATCH,MATCH,MATCH,MATCH,MATCH,MISMATCH,MATCH,MATCH,MATCH,MATCH,MATCH,MATCH,MATCH,MATCH,MATCH,MATCH,Carbon content kgC/unit: Δ=+1606.281 (csv=6.349 json=1612.63)
b8e3dc,4787352797.110.1,MATCH,MATCH,MATCH,MATCH,MATCH,MATCH,MATCH,MATCH,MATCH,MATCH,MATCH,MATCH,MATCH,MATCH,MATCH,MATCH,MATCH,MATCH,MATCH,
LVT005,4787521006.133.1,MATCH,MATCH,MATCH,MATCH,MATCH,MATCH,MATCH,MATCH,MATCH,MATCH,MATCH,MATCH,MATCH,MATCH,MATCH,MATCH,MATCH,MATCH,MATCH,
68328c,4788424634.101.1,MATCH,MATCH,MATCH,MATCH,MATCH,MATCH,MATCH,MATCH,MISMATCH,MATCH,MATCH,MATCH,MATCH,MATCH,MATCH,MATCH,MATCH,MATCH,MATCH,"Carbon content kgC/unit: csv=∅ json=""2923.95"""
69ac20,4788424634.101.1,MATCH,MATCH,MATCH,MATCH,MATCH,MATCH,MATCH,MATCH,MISMATCH,MATCH,MATCH,MATCH,MATCH,MATCH,MATCH,MATCH,MATCH,MATCH,MATCH,"Carbon content kgC/unit: csv=∅ json=""3507.63"""
d14a8f,4788424634.101.1,MATCH,MATCH,MATCH,MATCH,MATCH,MATCH,MATCH,MATCH,MISMATCH,MATCH,MATCH,MATCH,MATCH,MATCH,MATCH,MATCH,MATCH,MATCH,MATCH,"Carbon content kgC/unit: csv=∅ json=""4092.24"""
edcc0d,4788424634.101.1,MATCH,MATCH,MATCH,MATCH,MATCH,MATCH,MATCH,MATCH,MISMATCH,MATCH,MATCH,MATCH,MATCH,MATCH,MATCH,MATCH,MATCH,MATCH,MATCH,"Carbon content kgC/unit: csv=∅ json=""2338.42"""
f0c8ce,4788424634.101.1,MATCH,MATCH,MATCH,MATCH,MATCH,MATCH,MATCH,MATCH,MISMATCH,MATCH,MATCH,MATCH,MATCH,MATCH,MATCH,MATCH,MATCH,MATCH,MATCH,"Carbon content kgC/unit: csv=∅ json=""2046.12"""
12dc8t,4788424634.102.1,MATCH,MATCH,MATCH,MATCH,MATCH,MATCH,MATCH,MATCH,MATCH,MATCH,MATCH,MATCH,MATCH,MATCH,MATCH,MATCH,MATCH,MATCH,MATCH,
1k46tl,4788424634.102.1,MATCH,MATCH,MATCH,MATCH,MATCH,MATCH,MATCH,MATCH,MATCH,MATCH,MATCH,MATCH,MATCH,MATCH,MATCH,MATCH,MATCH,MATCH,MATCH,
2m3nf4,4788424634.102.1,MATCH,MATCH,MATCH,MATCH,MATCH,MATCH,MATCH,MATCH,MATCH,MATCH,MATCH,MATCH,MATCH,MATCH,MATCH,MATCH,MATCH,MATCH,MATCH,
4f140x,4788424634.102.1,MATCH,MATCH,MATCH,MATCH,MATCH,MATCH,MATCH,MATCH,MATCH,MATCH,MATCH,MATCH,MATCH,MATCH,MATCH,MATCH,MATCH,MATCH,MATCH,
4lv9wd,4788424634.102.1,MATCH,MATCH,MATCH,MATCH,MATCH,MATCH,MATCH,MATCH,MATCH,MATCH,MATCH,MATCH,MATCH,MATCH,MATCH,MATCH,MATCH,MATCH,MATCH,
4scwf3,4788424634.102.1,MATCH,MATCH,MATCH,MATCH,MATCH,MATCH,MATCH,MATCH,MATCH,MATCH,MATCH,MATCH,MATCH,MATCH,MATCH,MATCH,MATCH,MATCH,MATCH,
8vkef3,4788424634.102.1,MATCH,MATCH,MATCH,MATCH,MATCH,MATCH,MATCH,MATCH,MATCH,MATCH,MATCH,MATCH,MATCH,MATCH,MATCH,MATCH,MATCH,MATCH,MATCH,
9219e5,4788424634.102.1,MATCH,MATCH,MATCH,MATCH,MATCH,MATCH,MATCH,MATCH,MATCH,MATCH,MATCH,MATCH,MATCH,MATCH,MATCH,MATCH,MATCH,MATCH,MATCH,
92d24d,4788424634.102.1,MATCH,MATCH,MATCH,MATCH,MATCH,MATCH,MATCH,MATCH,MATCH,MATCH,MATCH,MATCH,MATCH,MATCH,MATCH,MATCH,MATCH,MATCH,MATCH,
c309dk,4788424634.102.1,MATCH,MATCH,MATCH,MATCH,MATCH,MATCH,MATCH,MATCH,MATCH,MATCH,MATCH,MATCH,MATCH,MATCH,MATCH,MATCH,MATCH,MATCH,MATCH,
k2f2dm,4788424634.102.1,MATCH,MATCH,MATCH,MATCH,MATCH,MATCH,MATCH,MATCH,MATCH,MATCH,MATCH,MATCH,MATCH,MATCH,MATCH,MATCH,MATCH,MATCH,MATCH,
l2kgs9,4788424634.102.1,MATCH,MATCH,MATCH,MATCH,MATCH,MATCH,MATCH,MATCH,MATCH,MATCH,MATCH,MATCH,MATCH,MATCH,MATCH,MATCH,MATCH,MATCH,MATCH,
o3kwx9,4788424634.102.1,MATCH,MATCH,MATCH,MATCH,MATCH,MATCH,MATCH,MATCH,MATCH,MATCH,MATCH,MATCH,MATCH,MATCH,MATCH,MATCH,MATCH,MATCH,MATCH,
p2v3x5,4788424634.102.1,MATCH,MATCH,MATCH,MATCH,MATCH,MATCH,MATCH,MATCH,MATCH,MATCH,MATCH,MATCH,MATCH,MATCH,MATCH,MATCH,MATCH,MATCH,MATCH,
s029f2,4788424634.102.1,MATCH,MATCH,MATCH,MATCH,MATCH,MATCH,MATCH,MATCH,MATCH,MATCH,MATCH,MATCH,MATCH,MATCH,MATCH,MATCH,MATCH,MATCH,MATCH,
t2c9ss,4788424634.102.1,MATCH,MATCH,MATCH,MATCH,MATCH,MATCH,MATCH,MATCH,MATCH,MATCH,MATCH,MATCH,MATCH,MATCH,MATCH,MATCH,MATCH,MATCH,MATCH,
w93kcl,4788424634.102.1,MATCH,MATCH,MATCH,MATCH,MATCH,MATCH,MATCH,MATCH,MATCH,MATCH,MATCH,MATCH,MATCH,MATCH,MATCH,MATCH,MATCH,MATCH,MATCH,
x3fk2s,4788424634.102.1,MATCH,MATCH,MATCH,MATCH,MATCH,MATCH,MATCH,MATCH,MATCH,MATCH,MATCH,MATCH,MATCH,MATCH,MATCH,MATCH,MATCH,MATCH,MATCH,
61a79e,4788424634.103.1,MATCH,MATCH,MATCH,MATCH,MATCH,MATCH,MATCH,MATCH,MISMATCH,MATCH,MATCH,MATCH,MATCH,MATCH,MATCH,MATCH,MATCH,MATCH,MATCH,"Carbon content kgC/unit: csv=∅ json=""2166.58"""
c41283,4788424634.103.1,MATCH,MATCH,MATCH,MATCH,MATCH,MATCH,MATCH,MATCH,MISMATCH,MATCH,MATCH,MATCH,MATCH,MATCH,MATCH,MATCH,MATCH,MATCH,MATCH,"Carbon content kgC/unit: csv=∅ json=""1444.39"""
d88aad,4788424634.103.1,MATCH,MATCH,MATCH,MATCH,MATCH,MATCH,MATCH,MATCH,MISMATCH,MATCH,MATCH,MATCH,MATCH,MATCH,MATCH,MATCH,MATCH,MATCH,MATCH,"Carbon content kgC/unit: csv=∅ json=""1808.33"""
f92a05,4788424634.104.1,MATCH,MATCH,MATCH,MATCH,MATCH,MATCH,MATCH,MATCH,MATCH,MATCH,MATCH,MATCH,MATCH,MATCH,MATCH,MATCH,MATCH,MATCH,MATCH,
vd92kd,4788424634.104.1,MATCH,MATCH,MATCH,MATCH,MATCH,MATCH,MATCH,MATCH,MATCH,MATCH,MATCH,MATCH,MATCH,MATCH,MATCH,MATCH,MATCH,MATCH,MATCH,
ebd574,4788424634.105.1,MATCH,MATCH,MATCH,MATCH,MATCH,MATCH,MATCH,MATCH,MATCH,MATCH,MATCH,MATCH,MATCH,MATCH,MATCH,MATCH,MATCH,MATCH,MATCH,
a6h0p2,4788424634.106.1,MATCH,MATCH,MATCH,MATCH,MATCH,MATCH,MATCH,MATCH,MATCH,MATCH,MATCH,MATCH,MATCH,MATCH,MATCH,MATCH,MATCH,MATCH,MATCH,
cec541,4788424634.106.1,MATCH,MATCH,MATCH,MATCH,MATCH,MATCH,MATCH,MATCH,MISMATCH,MATCH,MATCH,MATCH,MATCH,MATCH,MATCH,MATCH,MATCH,MATCH,MATCH,"Carbon content kgC/unit: csv=""2.11575"" json=∅"
d92kl5,4788424634.106.1,MATCH,MATCH,MATCH,MATCH,MATCH,MATCH,MATCH,MATCH,MATCH,MATCH,MATCH,MATCH,MATCH,MATCH,MATCH,MATCH,MATCH,MATCH,MATCH,
dk02lm,4788424634.106.1,MATCH,MATCH,MATCH,MATCH,MATCH,MATCH,MATCH,MATCH,MATCH,MATCH,MATCH,MATCH,MATCH,MATCH,MATCH,MATCH,MATCH,MATCH,MATCH,
f53d9a,4788424634.106.1,MATCH,MATCH,MATCH,MATCH,MATCH,MATCH,MATCH,MATCH,MATCH,MATCH,MATCH,MATCH,MATCH,MATCH,MATCH,MATCH,MATCH,MATCH,MATCH,
10d47f,4788424634.107.1,MATCH,MATCH,MATCH,MATCH,MATCH,MATCH,MATCH,MATCH,MATCH,MATCH,MATCH,MATCH,MATCH,MATCH,MATCH,MATCH,MATCH,MATCH,MATCH,
31ckd0,4788424634.107.1,MATCH,MATCH,MATCH,MATCH,MATCH,MATCH,MATCH,MATCH,MATCH,MATCH,MATCH,MATCH,MATCH,MATCH,MATCH,MATCH,MATCH,MATCH,MATCH,
iv303x,4788424634.107.1,MATCH,MATCH,MATCH,MATCH,MATCH,MATCH,MATCH,MATCH,MATCH,MATCH,MATCH,MATCH,MATCH,MATCH,MATCH,MATCH,MATCH,MATCH,MATCH,
jk29kd,4788424634.107.1,MATCH,MATCH,MATCH,MATCH,MATCH,MATCH,MATCH,MATCH,MATCH,MATCH,MATCH,MATCH,MATCH,MATCH,MATCH,MATCH,MATCH,MATCH,MATCH,
pd92mn,4788424634.107.1,MATCH,MATCH,MATCH,MATCH,MATCH,MATCH,MATCH,MATCH,MATCH,MATCH,MATCH,MATCH,MATCH,MATCH,MATCH,MATCH,MATCH,MATCH,MATCH,
1f3cc3,4788647002.101.1,MATCH,MATCH,MATCH,MATCH,MATCH,MATCH,MATCH,MATCH,MATCH,MATCH,MATCH,MATCH,MATCH,MATCH,MATCH,MATCH,MATCH,MATCH,MATCH,
f33e5e,4788647002.102.1,MATCH,MATCH,MATCH,MATCH,MATCH,MATCH,MATCH,MATCH,MATCH,MATCH,MATCH,MATCH,MATCH,MATCH,MATCH,MATCH,MATCH,MATCH,MATCH,
9cd566,4788721182.101.1,MATCH,MATCH,MATCH,MATCH,MATCH,MATCH,MATCH,MATCH,MATCH,MATCH,MATCH,MATCH,MATCH,MATCH,MATCH,MATCH,MATCH,MATCH,MATCH,
MPA001,4788736474.105.1,MATCH,MATCH,MATCH,MATCH,MATCH,MATCH,MATCH,MATCH,MATCH,MATCH,MATCH,MATCH,MATCH,MATCH,MATCH,MATCH,MATCH,MATCH,MATCH,
MPA002,4788736474.105.1,MATCH,MATCH,MATCH,MATCH,MATCH,MATCH,MATCH,MATCH,MATCH,MATCH,MATCH,MATCH,MATCH,MATCH,MATCH,MATCH,MATCH,MATCH,MATCH,
LVT014,4788753451.101.1,MATCH,MATCH,MATCH,MATCH,MATCH,MATCH,MATCH,MATCH,MATCH,MATCH,MATCH,MATCH,MATCH,MATCH,MATCH,MATCH,MATCH,MATCH,MATCH,
LVT000,4788753451.103.1,MATCH,MATCH,MATCH,MATCH,MATCH,MATCH,MATCH,MATCH,MATCH,MATCH,MATCH,MATCH,MATCH,MATCH,MATCH,MATCH,MATCH,MATCH,MATCH,
891444,4788753451.104.1,MATCH,MATCH,MATCH,MATCH,MATCH,MATCH,MATCH,MATCH,MATCH,MATCH,MATCH,MATCH,MATCH,MATCH,MATCH,MATCH,MATCH,MATCH,MATCH,
f2932d,4788753451.105.1,MATCH,MATCH,MATCH,MATCH,MATCH,MATCH,MATCH,MATCH,MATCH,MATCH,MATCH,MATCH,MATCH,MATCH,MATCH,MATCH,MATCH,MATCH,MATCH,
LVT001,4788753451.106.1,MATCH,MATCH,MATCH,MATCH,MATCH,MATCH,MATCH,MATCH,MATCH,MATCH,MATCH,MATCH,MATCH,MATCH,MATCH,MATCH,MATCH,MATCH,MATCH,
LIN000,4788756650.101.1,MATCH,MATCH,MATCH,MATCH,MATCH,MATCH,MATCH,MATCH,MISMATCH,MATCH,MATCH,MATCH,MATCH,MATCH,MATCH,MATCH,MATCH,MATCH,MATCH,"Carbon content kgC/unit: csv=""1.47"" json=∅"
LIN003,4788756650.102.1,MATCH,MATCH,MATCH,MATCH,MATCH,MATCH,MATCH,MATCH,MISMATCH,MATCH,MATCH,MATCH,MATCH,MATCH,MATCH,MATCH,MATCH,MATCH,MATCH,"Carbon content kgC/unit: csv=""1.3818"" json=∅"
4dadb7,4788863727.101.1,MATCH,MATCH,MATCH,MATCH,MATCH,MATCH,MATCH,MATCH,MATCH,MATCH,MATCH,MATCH,MATCH,MATCH,MATCH,MATCH,MATCH,MATCH,MATCH,
5a9ecd,4788873607.102.1,MATCH,MATCH,MATCH,MATCH,MATCH,MATCH,MATCH,MATCH,MATCH,MATCH,MATCH,MATCH,MATCH,MATCH,MATCH,MATCH,MATCH,MATCH,MATCH,
MWB006,4789092768.101.1,MATCH,MATCH,MATCH,MATCH,MATCH,MATCH,MATCH,MATCH,MATCH,MATCH,MATCH,MATCH,MATCH,MATCH,MATCH,MATCH,MATCH,MATCH,MATCH,
MWB008,4789092768.101.1,MATCH,MATCH,MATCH,MATCH,MATCH,MATCH,MATCH,MATCH,MATCH,MATCH,MATCH,MATCH,MATCH,MATCH,MATCH,MATCH,MATCH,MATCH,MATCH,
MWB009,4789092768.101.1,MATCH,MATCH,MATCH,MATCH,MATCH,MATCH,MATCH,MATCH,MATCH,MATCH,MATCH,MATCH,MATCH,MATCH,MATCH,MATCH,MATCH,MATCH,MATCH,
MWB010,4789092768.101.1,MATCH,MATCH,MATCH,MATCH,MATCH,MATCH,MATCH,MATCH,MATCH,MATCH,MATCH,MATCH,MATCH,MATCH,MATCH,MATCH,MATCH,MATCH,MATCH,
MWB011,4789092768.101.1,MATCH,MATCH,MATCH,MATCH,MATCH,MATCH,MATCH,MATCH,MATCH,MATCH,MATCH,MATCH,MATCH,MATCH,MATCH,MATCH,MATCH,MATCH,MATCH,
MWB014,4789092768.101.1,MATCH,MATCH,MATCH,MATCH,MATCH,MATCH,MATCH,MATCH,MATCH,MATCH,MATCH,MATCH,MATCH,MATCH,MATCH,MATCH,MATCH,MATCH,MATCH,
MWB017,4789092768.101.1,MATCH,MATCH,MATCH,MATCH,MATCH,MATCH,MATCH,MATCH,MATCH,MATCH,MATCH,MATCH,MATCH,MATCH,MATCH,MATCH,MATCH,MATCH,MATCH,
MWB018,4789092768.101.1,MATCH,MATCH,MATCH,MATCH,MATCH,MATCH,MATCH,MATCH,MATCH,MATCH,MATCH,MATCH,MATCH,MATCH,MATCH,MATCH,MATCH,MATCH,MATCH,
MWB019,4789092768.101.1,MATCH,MATCH,MATCH,MATCH,MATCH,MATCH,MATCH,MATCH,MATCH,MATCH,MATCH,MATCH,MATCH,MATCH,MATCH,MATCH,MATCH,MATCH,MATCH,
MWB020,4789092768.101.1,MATCH,MATCH,MATCH,MATCH,MATCH,MATCH,MATCH,MATCH,MATCH,MATCH,MATCH,MATCH,MATCH,MATCH,MATCH,MATCH,MATCH,MATCH,MATCH,
CER000,4789101745.101.1,MATCH,MATCH,MATCH,MATCH,MATCH,MATCH,MATCH,MATCH,MATCH,MATCH,MATCH,MATCH,MATCH,MATCH,MATCH,MATCH,MATCH,MATCH,MATCH,
OSB000,4789103593.101.1,MATCH,MATCH,MATCH,MATCH,MATCH,MATCH,MATCH,MATCH,MISMATCH,MATCH,MATCH,MATCH,MATCH,MATCH,MATCH,MATCH,MATCH,MATCH,MATCH,"Carbon content kgC/unit: csv=∅ json=""2574.01"""
OSB006,4789103593.101.1,MATCH,MATCH,MATCH,MATCH,MATCH,MATCH,MATCH,MATCH,MISMATCH,MATCH,MATCH,MATCH,MATCH,MATCH,MATCH,MATCH,MATCH,MATCH,MATCH,"Carbon content kgC/unit: csv=∅ json=""3135.94"""
2fg4um,4789103593.102.1,MATCH,MATCH,MATCH,MATCH,MATCH,MATCH,MATCH,MATCH,MISMATCH,MATCH,MATCH,MATCH,MATCH,MATCH,MATCH,MATCH,MATCH,MATCH,MATCH,"Carbon content kgC/unit: csv=∅ json=""3203.29"""
2gy8rd,4789103593.102.1,MATCH,MATCH,MATCH,MATCH,MATCH,MATCH,MATCH,MATCH,MATCH,MATCH,MATCH,MATCH,MATCH,MATCH,MATCH,MATCH,MATCH,MATCH,MATCH,
3lkfm3,4789103593.102.1,MATCH,MATCH,MATCH,MATCH,MATCH,MATCH,MATCH,MATCH,MATCH,MATCH,MATCH,MATCH,MATCH,MATCH,MATCH,MATCH,MATCH,MATCH,MATCH,
7vi3jf,4789103593.102.1,MATCH,MATCH,MATCH,MATCH,MATCH,MATCH,MATCH,MATCH,MISMATCH,MATCH,MATCH,MATCH,MATCH,MATCH,MATCH,MATCH,MATCH,MATCH,MATCH,"Carbon content kgC/unit: csv=∅ json=""2216.11"""
dsa30i,4789103593.102.1,MATCH,MATCH,MATCH,MATCH,MATCH,MATCH,MATCH,MATCH,MATCH,MATCH,MATCH,MATCH,MATCH,MATCH,MATCH,MATCH,MATCH,MATCH,MATCH,
g83od3,4789103593.102.1,MATCH,MATCH,MATCH,MATCH,MATCH,MATCH,MATCH,MATCH,MISMATCH,MATCH,MATCH,MATCH,MATCH,MATCH,MATCH,MATCH,MATCH,MATCH,MATCH,"Carbon content kgC/unit: csv=∅ json=""2558.61"""
t5ydsd,4789103593.102.1,MATCH,MATCH,MATCH,MATCH,MATCH,MATCH,MATCH,MATCH,MATCH,MATCH,MATCH,MATCH,MATCH,MATCH,MATCH,MATCH,MATCH,MATCH,MATCH,
34db3d,4789289084.103.1,MATCH,MATCH,MATCH,MATCH,MATCH,MATCH,MATCH,MATCH,MATCH,MATCH,MATCH,MATCH,MATCH,MATCH,MATCH,MATCH,MATCH,MATCH,MATCH,
98a9cd,4789289084.103.1,MATCH,MATCH,MATCH,MATCH,MATCH,MATCH,MATCH,MATCH,MATCH,MATCH,MATCH,MATCH,MATCH,MATCH,MATCH,MATCH,MATCH,MATCH,MATCH,
LIN001,4789356590.101.2,MATCH,MATCH,MATCH,MATCH,MATCH,MATCH,MATCH,MATCH,MISMATCH,MATCH,MATCH,MATCH,MATCH,MATCH,MATCH,MATCH,MATCH,MATCH,MATCH,"Carbon content kgC/unit: csv=""1.43106"" json=∅"
LIN002,4789356590.101.2,MATCH,MATCH,MATCH,MATCH,MATCH,MATCH,MATCH,MATCH,MISMATCH,MATCH,MATCH,MATCH,MATCH,MATCH,MATCH,MATCH,MATCH,MATCH,MATCH,"Carbon content kgC/unit: csv=""1.90808"" json=∅"
LIN004,4789356590.101.2,MATCH,MATCH,MATCH,MATCH,MATCH,MATCH,MATCH,MATCH,MISMATCH,MATCH,MATCH,MATCH,MATCH,MATCH,MATCH,MATCH,MATCH,MATCH,MATCH,"Carbon content kgC/unit: csv=""1.24338"" json=∅"
MPA000,4789365778.101.1,MATCH,MATCH,MATCH,MATCH,MATCH,MATCH,MATCH,MATCH,MATCH,MATCH,MATCH,MATCH,MATCH,MATCH,MATCH,MATCH,MATCH,MATCH,MATCH,
MPS000,4789365778.101.1,MATCH,MATCH,MATCH,MATCH,MATCH,MATCH,MATCH,MATCH,MATCH,MATCH,MATCH,MATCH,MATCH,MATCH,MATCH,MATCH,MATCH,MATCH,MATCH,
s0gp3f,4789365778.101.1,MATCH,MATCH,MATCH,MATCH,MATCH,MATCH,MATCH,MATCH,MATCH,MATCH,MATCH,MATCH,MATCH,MATCH,MATCH,MATCH,MATCH,MATCH,MATCH,
61aa40,4789400789.101.1,MATCH,MATCH,MATCH,MATCH,MATCH,MATCH,MATCH,MATCH,MATCH,MATCH,MATCH,MATCH,MATCH,MATCH,MATCH,MATCH,MATCH,MATCH,MATCH,
G60979,4789400789.101.1,MATCH,MATCH,MATCH,MATCH,MATCH,MATCH,MATCH,MATCH,MATCH,MATCH,MATCH,MATCH,MATCH,MATCH,MATCH,MATCH,MATCH,MATCH,MATCH,
e7ab5a,4789400789.101.1,MATCH,MATCH,MATCH,MATCH,MATCH,MATCH,MATCH,MATCH,MATCH,MATCH,MATCH,MATCH,MATCH,MATCH,MATCH,MATCH,MATCH,MATCH,MATCH,
f4l2kx,4789410886.101.1,MATCH,MATCH,MATCH,MATCH,MATCH,MATCH,MATCH,MATCH,MISMATCH,MATCH,MATCH,MATCH,MATCH,MATCH,MATCH,MATCH,MATCH,MATCH,MATCH,Carbon content kgC/unit: Δ=+1606.281 (csv=6.349 json=1612.63)
ac0e7f,4789456400.101.1,MATCH,MATCH,MATCH,MATCH,MATCH,MATCH,MATCH,MATCH,MATCH,MATCH,MATCH,MATCH,MATCH,MATCH,MATCH,MATCH,MATCH,MATCH,MATCH,
GYP000,4789532059.140.1,MATCH,MATCH,MATCH,MATCH,MATCH,MATCH,MATCH,MATCH,MATCH,MATCH,MATCH,MATCH,MATCH,MATCH,MATCH,MATCH,MATCH,MATCH,MATCH,
STR000,4789556099.102.1,MATCH,MATCH,MATCH,MATCH,MATCH,MATCH,MATCH,MATCH,MATCH,MATCH,MATCH,MATCH,MATCH,MATCH,MATCH,MATCH,MATCH,MATCH,MATCH,
STR001,4789556099.102.1,MATCH,MATCH,MATCH,MATCH,MATCH,MATCH,MATCH,MATCH,MATCH,MATCH,MATCH,MATCH,MATCH,MATCH,MATCH,MATCH,MATCH,MATCH,MATCH,
STR002,4789556099.102.1,MATCH,MATCH,MATCH,MATCH,MATCH,MATCH,MATCH,MATCH,MATCH,MATCH,MATCH,MATCH,MATCH,MATCH,MATCH,MATCH,MATCH,MATCH,MATCH,
STR003,4789556099.102.1,MATCH,MATCH,MATCH,MATCH,MATCH,MATCH,MATCH,MATCH,MATCH,MATCH,MATCH,MATCH,MATCH,MATCH,MATCH,MATCH,MATCH,MATCH,MATCH,
STR004,4789556099.102.1,MATCH,MATCH,MATCH,MATCH,MATCH,MATCH,MATCH,MATCH,MATCH,MATCH,MATCH,MATCH,MATCH,MATCH,MATCH,MATCH,MATCH,MATCH,MATCH,
STR005,4789556099.102.1,MATCH,MATCH,MATCH,MATCH,MATCH,MATCH,MATCH,MATCH,MATCH,MATCH,MATCH,MATCH,MATCH,MATCH,MATCH,MATCH,MATCH,MATCH,MATCH,
STR006,4789556099.102.1,MATCH,MATCH,MATCH,MATCH,MATCH,MATCH,MATCH,MATCH,MATCH,MATCH,MATCH,MATCH,MATCH,MATCH,MATCH,MATCH,MATCH,MATCH,MATCH,
STR007,4789556099.102.1,MATCH,MATCH,MATCH,MATCH,MATCH,MATCH,MATCH,MATCH,MATCH,MATCH,MATCH,MATCH,MATCH,MATCH,MATCH,MATCH,MATCH,MATCH,MATCH,
STR008,4789556099.102.1,MATCH,MATCH,MATCH,MATCH,MATCH,MATCH,MATCH,MATCH,MATCH,MATCH,MATCH,MATCH,MATCH,MATCH,MATCH,MATCH,MATCH,MATCH,MATCH,
STR009,4789556099.102.1,MATCH,MATCH,MATCH,MATCH,MATCH,MATCH,MATCH,MATCH,MATCH,MATCH,MATCH,MATCH,MATCH,MATCH,MATCH,MATCH,MATCH,MATCH,MATCH,
STR010,4789556099.102.1,MATCH,MATCH,MATCH,MATCH,MATCH,MATCH,MATCH,MATCH,MATCH,MATCH,MATCH,MATCH,MATCH,MATCH,MATCH,MATCH,MATCH,MATCH,MATCH,
STR011,4789556099.102.1,MATCH,MATCH,MATCH,MATCH,MATCH,MATCH,MATCH,MATCH,MATCH,MATCH,MATCH,MATCH,MATCH,MATCH,MATCH,MATCH,MATCH,MATCH,MATCH,
STR012,4789556099.102.1,MATCH,MATCH,MATCH,MATCH,MATCH,MATCH,MATCH,MATCH,MATCH,MATCH,MATCH,MATCH,MATCH,MATCH,MATCH,MATCH,MATCH,MATCH,MATCH,
STR013,4789556099.102.1,MATCH,MATCH,MATCH,MATCH,MATCH,MATCH,MATCH,MATCH,MATCH,MATCH,MATCH,MATCH,MATCH,MATCH,MATCH,MATCH,MATCH,MATCH,MATCH,
STR014,4789556099.102.1,MATCH,MATCH,MATCH,MATCH,MATCH,MATCH,MATCH,MATCH,MATCH,MATCH,MATCH,MATCH,MATCH,MATCH,MATCH,MATCH,MATCH,MATCH,MATCH,
STR015,4789556099.102.1,MATCH,MATCH,MATCH,MATCH,MATCH,MATCH,MATCH,MATCH,MATCH,MATCH,MATCH,MATCH,MATCH,MATCH,MATCH,MATCH,MATCH,MATCH,MATCH,
STR016,4789556099.102.1,MATCH,MATCH,MATCH,MATCH,MATCH,MATCH,MATCH,MATCH,MATCH,MATCH,MATCH,MATCH,MATCH,MATCH,MATCH,MATCH,MATCH,MATCH,MATCH,
STR017,4789556099.102.1,MATCH,MATCH,MATCH,MATCH,MATCH,MATCH,MATCH,MATCH,MATCH,MATCH,MATCH,MATCH,MATCH,MATCH,MATCH,MATCH,MATCH,MATCH,MATCH,
STR018,4789556099.102.1,MATCH,MATCH,MATCH,MATCH,MATCH,MATCH,MATCH,MATCH,MATCH,MATCH,MATCH,MATCH,MATCH,MATCH,MATCH,MATCH,MATCH,MATCH,MATCH,
STR019,4789556099.102.1,MATCH,MATCH,MATCH,MATCH,MATCH,MATCH,MATCH,MATCH,MATCH,MATCH,MATCH,MATCH,MATCH,MATCH,MATCH,MATCH,MATCH,MATCH,MATCH,
STR020,4789556099.102.1,MATCH,MATCH,MATCH,MATCH,MATCH,MATCH,MATCH,MATCH,MATCH,MATCH,MATCH,MATCH,MATCH,MATCH,MATCH,MATCH,MATCH,MATCH,MATCH,
STR021,4789556099.102.1,MATCH,MATCH,MATCH,MATCH,MATCH,MATCH,MATCH,MATCH,MATCH,MATCH,MATCH,MATCH,MATCH,MATCH,MATCH,MATCH,MATCH,MATCH,MATCH,
STR022,4789556099.102.1,MATCH,MATCH,MATCH,MATCH,MATCH,MATCH,MATCH,MATCH,MATCH,MATCH,MATCH,MATCH,MATCH,MATCH,MATCH,MATCH,MATCH,MATCH,MATCH,
STR023,4789556099.102.1,MATCH,MATCH,MATCH,MATCH,MATCH,MATCH,MATCH,MATCH,MATCH,MATCH,MATCH,MATCH,MATCH,MATCH,MATCH,MATCH,MATCH,MATCH,MATCH,
STR024,4789556099.102.1,MATCH,MATCH,MATCH,MATCH,MATCH,MATCH,MATCH,MATCH,MATCH,MATCH,MATCH,MATCH,MATCH,MATCH,MATCH,MATCH,MATCH,MATCH,MATCH,
STR025,4789556099.102.1,MATCH,MATCH,MATCH,MATCH,MATCH,MATCH,MATCH,MATCH,MATCH,MATCH,MATCH,MATCH,MATCH,MATCH,MATCH,MATCH,MATCH,MATCH,MATCH,
STR026,4789556099.102.1,MATCH,MATCH,MATCH,MATCH,MATCH,MATCH,MATCH,MATCH,MATCH,MATCH,MATCH,MATCH,MATCH,MATCH,MATCH,MATCH,MATCH,MATCH,MATCH,
STR027,4789556099.102.1,MATCH,MATCH,MATCH,MATCH,MATCH,MATCH,MATCH,MATCH,MATCH,MATCH,MATCH,MATCH,MATCH,MATCH,MATCH,MATCH,MATCH,MATCH,MATCH,
STR028,4789556099.102.1,MATCH,MATCH,MATCH,MATCH,MATCH,MATCH,MATCH,MATCH,MATCH,MATCH,MATCH,MATCH,MATCH,MATCH,MATCH,MATCH,MATCH,MATCH,MATCH,
STR029,4789556099.102.1,MATCH,MATCH,MATCH,MATCH,MATCH,MATCH,MATCH,MATCH,MATCH,MATCH,MATCH,MATCH,MATCH,MATCH,MATCH,MATCH,MATCH,MATCH,MATCH,
STR030,4789556099.102.1,MATCH,MATCH,MATCH,MATCH,MATCH,MATCH,MATCH,MATCH,MATCH,MATCH,MATCH,MATCH,MATCH,MATCH,MATCH,MATCH,MATCH,MATCH,MATCH,
STR031,4789556099.102.1,MATCH,MATCH,MATCH,MATCH,MATCH,MATCH,MATCH,MATCH,MATCH,MATCH,MATCH,MATCH,MATCH,MATCH,MATCH,MATCH,MATCH,MATCH,MATCH,
STR032,4789556099.102.1,MATCH,MATCH,MATCH,MATCH,MATCH,MATCH,MATCH,MATCH,MATCH,MATCH,MATCH,MATCH,MATCH,MATCH,MATCH,MATCH,MATCH,MATCH,MATCH,
STR033,4789556099.102.1,MATCH,MATCH,MATCH,MATCH,MATCH,MATCH,MATCH,MATCH,MATCH,MATCH,MATCH,MATCH,MATCH,MATCH,MATCH,MATCH,MATCH,MATCH,MATCH,
STR034,4789556099.102.1,MATCH,MATCH,MATCH,MATCH,MATCH,MATCH,MATCH,MATCH,MATCH,MATCH,MATCH,MATCH,MATCH,MATCH,MATCH,MATCH,MATCH,MATCH,MATCH,
STR035,4789556099.102.1,MATCH,MATCH,MATCH,MATCH,MATCH,MATCH,MATCH,MATCH,MATCH,MATCH,MATCH,MATCH,MATCH,MATCH,MATCH,MATCH,MATCH,MATCH,MATCH,
STR036,4789556099.102.1,MATCH,MATCH,MATCH,MATCH,MATCH,MATCH,MATCH,MATCH,MATCH,MATCH,MATCH,MATCH,MATCH,MATCH,MATCH,MATCH,MATCH,MATCH,MATCH,
STR037,4789556099.102.1,MATCH,MATCH,MATCH,MATCH,MATCH,MATCH,MATCH,MATCH,MATCH,MATCH,MATCH,MATCH,MATCH,MATCH,MATCH,MATCH,MATCH,MATCH,MATCH,
STR038,4789556099.102.1,MATCH,MATCH,MATCH,MATCH,MATCH,MATCH,MATCH,MATCH,MATCH,MATCH,MATCH,MATCH,MATCH,MATCH,MATCH,MATCH,MATCH,MATCH,MATCH,
STR039,4789556099.102.1,MATCH,MATCH,MATCH,MATCH,MATCH,MATCH,MATCH,MATCH,MATCH,MATCH,MATCH,MATCH,MATCH,MATCH,MATCH,MATCH,MATCH,MATCH,MATCH,
STR040,4789556099.102.1,MATCH,MATCH,MATCH,MATCH,MATCH,MATCH,MATCH,MATCH,MATCH,MATCH,MATCH,MATCH,MATCH,MATCH,MATCH,MATCH,MATCH,MATCH,MATCH,
STR041,4789556099.102.1,MATCH,MATCH,MATCH,MATCH,MATCH,MATCH,MATCH,MATCH,MATCH,MATCH,MATCH,MATCH,MATCH,MATCH,MATCH,MATCH,MATCH,MATCH,MATCH,
STR042,4789556099.102.1,MATCH,MATCH,MATCH,MATCH,MATCH,MATCH,MATCH,MATCH,MATCH,MATCH,MATCH,MATCH,MATCH,MATCH,MATCH,MATCH,MATCH,MATCH,MATCH,
19e71c,4789559274.101.1,MATCH,MATCH,MATCH,MATCH,MATCH,MATCH,MATCH,MATCH,MATCH,MATCH,MATCH,MATCH,MATCH,MATCH,MATCH,MATCH,MATCH,MATCH,MATCH,
175f1a,4789559274.102.1,MATCH,MATCH,MATCH,MATCH,MATCH,MATCH,MATCH,MATCH,MATCH,MATCH,MATCH,MATCH,MATCH,MATCH,MATCH,MATCH,MATCH,MATCH,MATCH,
c630d2,4789559274.103.1,MATCH,MATCH,MATCH,MATCH,MATCH,MATCH,MATCH,MATCH,MATCH,MATCH,MATCH,MATCH,MATCH,MATCH,MATCH,MATCH,MATCH,MATCH,MATCH,
4k2v0s,4789710952.101.1,MATCH,MATCH,MATCH,MATCH,MATCH,MATCH,MATCH,MATCH,MATCH,MATCH,MATCH,MATCH,MATCH,MATCH,MATCH,MATCH,MATCH,MATCH,MATCH,
www115,4789733794.104.1,MATCH,MATCH,MATCH,MATCH,MATCH,MATCH,MATCH,MATCH,MATCH,MATCH,MATCH,MATCH,MATCH,MATCH,MATCH,MATCH,MATCH,MATCH,MATCH,
www116,4789733794.106.1,MATCH,MATCH,MATCH,MATCH,MATCH,MATCH,MATCH,MATCH,MATCH,MATCH,MATCH,MATCH,MATCH,MATCH,MATCH,MATCH,MATCH,MATCH,MATCH,
20fslq,4789752901.101.1,MATCH,MATCH,MATCH,MATCH,MATCH,MATCH,MATCH,MATCH,MATCH,MATCH,MATCH,MATCH,MATCH,MATCH,MATCH,MATCH,MATCH,MATCH,MATCH,
3kg0d7,4789752901.101.1,MATCH,MATCH,MATCH,MATCH,MATCH,MATCH,MATCH,MATCH,MATCH,MATCH,MATCH,MATCH,MATCH,MATCH,MATCH,MATCH,MATCH,MATCH,MATCH,
9wmfex,4789752901.101.1,MATCH,MATCH,MATCH,MATCH,MATCH,MATCH,MATCH,MATCH,MATCH,MATCH,MATCH,MATCH,MATCH,MATCH,MATCH,MATCH,MATCH,MATCH,MATCH,
SSS000,4789752901.101.1,MATCH,MATCH,MATCH,MATCH,MATCH,MATCH,MATCH,MATCH,MATCH,MATCH,MATCH,MATCH,MATCH,MATCH,MATCH,MATCH,MATCH,MATCH,MATCH,
SSS002,4789752901.101.1,MATCH,MATCH,MATCH,MATCH,MATCH,MATCH,MATCH,MATCH,MATCH,MATCH,MATCH,MATCH,MATCH,MATCH,MATCH,MATCH,MATCH,MATCH,MATCH,
bv0gw2,4789752901.101.1,MATCH,MATCH,MATCH,MATCH,MATCH,MATCH,MATCH,MATCH,MATCH,MATCH,MATCH,MATCH,MATCH,MATCH,MATCH,MATCH,MATCH,MATCH,MATCH,
cd204s,4789752901.101.1,MATCH,MATCH,MATCH,MATCH,MATCH,MATCH,MATCH,MATCH,MATCH,MATCH,MATCH,MATCH,MATCH,MATCH,MATCH,MATCH,MATCH,MATCH,MATCH,
cx93wm,4789752901.101.1,MATCH,MATCH,MATCH,MATCH,MATCH,MATCH,MATCH,MATCH,MATCH,MATCH,MATCH,MATCH,MATCH,MATCH,MATCH,MATCH,MATCH,MATCH,MATCH,
e923k2,4789752901.101.1,MATCH,MATCH,MATCH,MATCH,MATCH,MATCH,MATCH,MATCH,MATCH,MATCH,MATCH,MATCH,MATCH,MATCH,MATCH,MATCH,MATCH,MATCH,MATCH,
gsl3dd,4789752901.101.1,MATCH,MATCH,MATCH,MATCH,MATCH,MATCH,MATCH,MATCH,MATCH,MATCH,MATCH,MATCH,MATCH,MATCH,MATCH,MATCH,MATCH,MATCH,MATCH,
v2r3a4,4789752901.101.1,MATCH,MATCH,MATCH,MATCH,MATCH,MATCH,MATCH,MATCH,MATCH,MATCH,MATCH,MATCH,MATCH,MATCH,MATCH,MATCH,MATCH,MATCH,MATCH,
xv9sm2,4789752901.101.1,MATCH,MATCH,MATCH,MATCH,MATCH,MATCH,MATCH,MATCH,MATCH,MATCH,MATCH,MATCH,MATCH,MATCH,MATCH,MATCH,MATCH,MATCH,MATCH,
MPS001,4789771662.103.1,MATCH,MATCH,MATCH,MATCH,MATCH,MATCH,MATCH,MATCH,MATCH,MATCH,MATCH,MATCH,MATCH,MATCH,MATCH,MATCH,MATCH,MATCH,MATCH,
rnd601,4789773836.101.1,MATCH,MATCH,MATCH,MATCH,MATCH,MATCH,MATCH,MATCH,MATCH,MATCH,MATCH,MATCH,MATCH,MATCH,MATCH,MATCH,MATCH,MATCH,MATCH,
1cgews,4789793365.101.1,MATCH,MATCH,MATCH,MATCH,MATCH,MATCH,MATCH,MATCH,MATCH,MATCH,MATCH,MATCH,MATCH,MATCH,MATCH,MATCH,MATCH,MATCH,MATCH,
3fxswa,4789793365.101.1,MATCH,MATCH,MATCH,MATCH,MATCH,MATCH,MATCH,MATCH,MATCH,MATCH,MATCH,MATCH,MATCH,MATCH,MATCH,MATCH,MATCH,MATCH,MATCH,
3vwqxf,4789793365.101.1,MATCH,MATCH,MATCH,MATCH,MATCH,MATCH,MATCH,MATCH,MATCH,MATCH,MATCH,MATCH,MATCH,MATCH,MATCH,MATCH,MATCH,MATCH,MATCH,
a03cls,4789793365.101.1,MATCH,MATCH,MATCH,MATCH,MATCH,MATCH,MATCH,MATCH,MATCH,MATCH,MATCH,MATCH,MATCH,MATCH,MATCH,MATCH,MATCH,MATCH,MATCH,
bomxc2,4789793365.101.1,MATCH,MATCH,MATCH,MATCH,MATCH,MATCH,MATCH,MATCH,MATCH,MATCH,MATCH,MATCH,MATCH,MATCH,MATCH,MATCH,MATCH,MATCH,MATCH,
fdk49v,4789793365.101.1,MATCH,MATCH,MATCH,MATCH,MATCH,MATCH,MATCH,MATCH,MATCH,MATCH,MATCH,MATCH,MATCH,MATCH,MATCH,MATCH,MATCH,MATCH,MATCH,
g42xas,4789793365.101.1,MATCH,MATCH,MATCH,MATCH,MATCH,MATCH,MATCH,MATCH,MATCH,MATCH,MATCH,MATCH,MATCH,MATCH,MATCH,MATCH,MATCH,MATCH,MATCH,
l2jfis,4789793365.101.1,MATCH,MATCH,MATCH,MATCH,MATCH,MATCH,MATCH,MATCH,MATCH,MATCH,MATCH,MATCH,MATCH,MATCH,MATCH,MATCH,MATCH,MATCH,MATCH,
sdf38s,4789793365.101.1,MATCH,MATCH,MATCH,MATCH,MATCH,MATCH,MATCH,MATCH,MATCH,MATCH,MATCH,MATCH,MATCH,MATCH,MATCH,MATCH,MATCH,MATCH,MATCH,
CAR000,4789796942.128.2,MATCH,MATCH,MATCH,MATCH,MATCH,MATCH,MATCH,MATCH,MATCH,MATCH,MATCH,MATCH,MATCH,MATCH,MATCH,MATCH,MATCH,MATCH,MATCH,
CAR001,4789796942.139.1,MATCH,MATCH,MATCH,MATCH,MATCH,MATCH,MATCH,MATCH,MATCH,MATCH,MATCH,MATCH,MATCH,MATCH,MATCH,MATCH,MATCH,MATCH,MATCH,
CAR002,4789796942.140.1.1,MATCH,MATCH,MATCH,MATCH,MATCH,MATCH,MATCH,MATCH,MATCH,MATCH,MATCH,MATCH,MATCH,MATCH,MATCH,MATCH,MATCH,MATCH,MATCH,
CAR003,4789796942.141.1,MATCH,MATCH,MATCH,MATCH,MATCH,MATCH,MATCH,MATCH,MATCH,MATCH,MATCH,MATCH,MATCH,MATCH,MATCH,MATCH,MATCH,MATCH,MATCH,
CAR004,4789796942.141.1,MATCH,MATCH,MATCH,MATCH,MATCH,MATCH,MATCH,MATCH,MATCH,MATCH,MATCH,MATCH,MATCH,MATCH,MATCH,MATCH,MATCH,MATCH,MATCH,
RRR110,4789862118.111.1,MATCH,MATCH,MATCH,MATCH,MATCH,MATCH,MATCH,MATCH,MATCH,MATCH,MATCH,MATCH,MATCH,MATCH,MATCH,MATCH,MATCH,MATCH,MATCH,
1a16ad,4789868895.101.1,MATCH,MATCH,MATCH,MATCH,MATCH,MATCH,MATCH,MATCH,MATCH,MATCH,MATCH,MATCH,MATCH,MATCH,MATCH,MATCH,MATCH,MATCH,MATCH,
9ee6d0,4789883337.101.1,MATCH,MATCH,MATCH,MATCH,MATCH,MATCH,MATCH,MATCH,MATCH,MATCH,MATCH,MATCH,MATCH,MATCH,MATCH,MATCH,MATCH,MATCH,MATCH,
INS009,4789973160.110.1,MATCH,MATCH,MATCH,MATCH,MATCH,MATCH,MATCH,MATCH,MATCH,MATCH,MATCH,MATCH,MATCH,MATCH,MATCH,MATCH,MATCH,MATCH,MATCH,
INS006,47899773160.101.1,MATCH,MATCH,MATCH,MATCH,MATCH,MATCH,MATCH,MATCH,MATCH,MATCH,MATCH,MATCH,MATCH,MATCH,MATCH,MATCH,MATCH,MATCH,MATCH,
SSS004,4789985166.101.1,MATCH,MATCH,MATCH,MATCH,MATCH,MATCH,MATCH,MATCH,MATCH,MATCH,MATCH,MATCH,MATCH,MATCH,MATCH,MATCH,MATCH,MATCH,MATCH,
LVT012,4789992969.101.1,MATCH,MATCH,MATCH,MATCH,MATCH,MATCH,MATCH,MATCH,MATCH,MATCH,MATCH,MATCH,MATCH,MATCH,MATCH,MATCH,MATCH,MATCH,MATCH,
SSS001,4789995390.101.1,MATCH,MATCH,MATCH,MATCH,MATCH,MATCH,MATCH,MATCH,MATCH,MATCH,MATCH,MATCH,MATCH,MATCH,MATCH,MATCH,MATCH,MATCH,MATCH,
SSS003,4789995390.101.1,MATCH,MATCH,MATCH,MATCH,MATCH,MATCH,MATCH,MATCH,MATCH,MATCH,MATCH,MATCH,MATCH,MATCH,MATCH,MATCH,MATCH,MATCH,MATCH,
MWB001,4790011847.101.1,MATCH,MATCH,MATCH,MATCH,MATCH,MATCH,MATCH,MATCH,MATCH,MATCH,MATCH,MATCH,MATCH,MATCH,MATCH,MATCH,MATCH,MATCH,MATCH,
MWB003,4790011847.101.1,MATCH,MATCH,MATCH,MATCH,MATCH,MATCH,MATCH,MATCH,MATCH,MATCH,MATCH,MATCH,MATCH,MATCH,MATCH,MATCH,MATCH,MATCH,MATCH,
MWB004,4790011847.101.1,MATCH,MATCH,MATCH,MATCH,MATCH,MATCH,MATCH,MATCH,MATCH,MATCH,MATCH,MATCH,MATCH,MATCH,MATCH,MATCH,MATCH,MATCH,MATCH,
MWB005,4790011847.101.1,MATCH,MATCH,MATCH,MATCH,MATCH,MATCH,MATCH,MATCH,MATCH,MATCH,MATCH,MATCH,MATCH,MATCH,MATCH,MATCH,MATCH,MATCH,MATCH,
MWB012,4790011847.101.1,MATCH,MATCH,MATCH,MATCH,MATCH,MATCH,MATCH,MATCH,MATCH,MATCH,MATCH,MATCH,MATCH,MATCH,MATCH,MATCH,MATCH,MATCH,MATCH,
MWB013,4790011847.101.1,MATCH,MATCH,MATCH,MATCH,MATCH,MATCH,MATCH,MATCH,MATCH,MATCH,MATCH,MATCH,MATCH,MATCH,MATCH,MATCH,MATCH,MATCH,MATCH,
MWB015,4790011847.101.1,MATCH,MATCH,MATCH,MATCH,MATCH,MATCH,MATCH,MATCH,MATCH,MATCH,MATCH,MATCH,MATCH,MATCH,MATCH,MATCH,MATCH,MATCH,MATCH,
MWB016,4790011847.101.1,MATCH,MATCH,MATCH,MATCH,MATCH,MATCH,MATCH,MATCH,MATCH,MATCH,MATCH,MATCH,MATCH,MATCH,MATCH,MATCH,MATCH,MATCH,MATCH,
RRR116,4790050198.101.1,MATCH,MATCH,MATCH,MATCH,MATCH,MATCH,MATCH,MATCH,MATCH,MATCH,MATCH,MATCH,MATCH,MATCH,MATCH,MATCH,MATCH,MATCH,MATCH,
RRR117,4790050198.102.1,MATCH,MATCH,MATCH,MATCH,MATCH,MATCH,MATCH,MATCH,MATCH,MATCH,MATCH,MATCH,MATCH,MATCH,MATCH,MATCH,MATCH,MATCH,MATCH,
RRR118,4790050198.103.1,MATCH,MATCH,MATCH,MATCH,MATCH,MATCH,MATCH,MATCH,MATCH,MATCH,MATCH,MATCH,MATCH,MATCH,MATCH,MATCH,MATCH,MATCH,MATCH,
RRR115,4790050198.104.1,MATCH,MATCH,MATCH,MATCH,MATCH,MATCH,MATCH,MATCH,MATCH,MATCH,MATCH,MATCH,MATCH,MATCH,MATCH,MATCH,MATCH,MATCH,MATCH,
RRR112,4790050198.105.1,MATCH,MATCH,MATCH,MATCH,MATCH,MATCH,MATCH,MATCH,MATCH,MATCH,MATCH,MATCH,MATCH,MATCH,MATCH,MATCH,MATCH,MATCH,MATCH,
RRR113,4790050198.105.1,MATCH,MATCH,MATCH,MATCH,MATCH,MATCH,MATCH,MATCH,MATCH,MATCH,MATCH,MATCH,MATCH,MATCH,MATCH,MATCH,MATCH,MATCH,MATCH,
RRR114,4790050198.106.1,MATCH,MATCH,MATCH,MATCH,MATCH,MATCH,MATCH,MATCH,MATCH,MATCH,MATCH,MATCH,MATCH,MATCH,MATCH,MATCH,MATCH,MATCH,MATCH,
LVT007,4790050503.103.1,MATCH,MATCH,MATCH,MATCH,MATCH,MATCH,MATCH,MATCH,MATCH,MATCH,MATCH,MATCH,MATCH,MATCH,MATCH,MATCH,MATCH,MATCH,MATCH,
VRS000,4790500569.102.1,MATCH,MATCH,MATCH,MATCH,MATCH,MATCH,MATCH,MATCH,MATCH,MATCH,MATCH,MATCH,MATCH,MATCH,MATCH,MATCH,MATCH,MATCH,MATCH,
INS041,4790550934-101.1,MATCH,MATCH,MATCH,MATCH,MATCH,MATCH,MATCH,MATCH,MATCH,MATCH,MATCH,MATCH,MATCH,MATCH,MATCH,MATCH,MATCH,MATCH,MATCH,
INS042,4790550934-101.1,MATCH,MATCH,MATCH,MATCH,MATCH,MATCH,MATCH,MATCH,MATCH,MATCH,MATCH,MATCH,MATCH,MATCH,MATCH,MATCH,MATCH,MATCH,MATCH,
INS044,4790550934-101.1,MATCH,MATCH,MATCH,MATCH,MATCH,MATCH,MATCH,MATCH,MATCH,MATCH,MATCH,MATCH,MATCH,MATCH,MATCH,MATCH,MATCH,MATCH,MATCH,
INS046,4790550934-101.1,MATCH,MATCH,MATCH,MATCH,MATCH,MATCH,MATCH,MATCH,MATCH,MATCH,MATCH,MATCH,MATCH,MATCH,MATCH,MATCH,MATCH,MATCH,MATCH,
INS047,4790550934-101.1,MATCH,MATCH,MATCH,MATCH,MATCH,MATCH,MATCH,MATCH,MATCH,MATCH,MATCH,MATCH,MATCH,MATCH,MATCH,MATCH,MATCH,MATCH,MATCH,
EPS000,4790678084.101.1,MATCH,MATCH,MATCH,MATCH,MATCH,MATCH,MATCH,MATCH,MATCH,MATCH,MATCH,MATCH,MATCH,MATCH,MATCH,MATCH,MATCH,MATCH,MATCH,
EPS001,4790678084.101.1,MATCH,MATCH,MATCH,MATCH,MATCH,MATCH,MATCH,MATCH,MATCH,MATCH,MATCH,MATCH,MATCH,MATCH,MATCH,MATCH,MATCH,MATCH,MATCH,
EPS002,4790678084.101.1,MATCH,MATCH,MATCH,MATCH,MATCH,MATCH,MATCH,MATCH,MATCH,MATCH,MATCH,MATCH,MATCH,MATCH,MATCH,MATCH,MATCH,MATCH,MATCH,
EPS003,4790678084.101.1,MATCH,MATCH,MATCH,MATCH,MATCH,MATCH,MATCH,MATCH,MATCH,MATCH,MATCH,MATCH,MATCH,MATCH,MATCH,MATCH,MATCH,MATCH,MATCH,
LIN005,4790690881.101.1,MATCH,MATCH,MATCH,MATCH,MATCH,MATCH,MATCH,MATCH,MATCH,MISMATCH,MATCH,MATCH,MATCH,MATCH,MATCH,MATCH,MATCH,MATCH,MATCH,"Full C value: csv=∅ json=""2.73"""
e075b4,4790690881.101.1,MATCH,MATCH,MATCH,MATCH,MATCH,MATCH,MATCH,MATCH,MATCH,MISMATCH,MATCH,MATCH,MATCH,MATCH,MATCH,MATCH,MATCH,MATCH,MATCH,"Full C value: csv=∅ json=""4.17"""
b8ldec,4937-6316,MATCH,MATCH,MATCH,MATCH,MATCH,MATCH,MATCH,MATCH,MATCH,MATCH,MATCH,MATCH,MATCH,MATCH,MATCH,MATCH,MATCH,MATCH,MATCH,
kb2gox,4937-6316,MATCH,MATCH,MATCH,MATCH,MATCH,MATCH,MATCH,MATCH,MATCH,MATCH,MATCH,MATCH,MATCH,MATCH,MATCH,MATCH,MATCH,MATCH,MATCH,
l29vks,4937-6316,MATCH,MATCH,MATCH,MATCH,MATCH,MATCH,MATCH,MATCH,MATCH,MATCH,MATCH,MATCH,MATCH,MATCH,MATCH,MATCH,MATCH,MATCH,MATCH,
www119,494,MATCH,MATCH,MATCH,MATCH,MATCH,MATCH,MATCH,MATCH,MATCH,MATCH,MATCH,MATCH,MATCH,MATCH,MATCH,MATCH,MATCH,MATCH,MATCH,
www120,494,MATCH,MATCH,MATCH,MATCH,MATCH,MATCH,MATCH,MATCH,MATCH,MATCH,MATCH,MATCH,MATCH,MATCH,MATCH,MATCH,MATCH,MATCH,MATCH,
LAM010,5915-5885,MATCH,MATCH,MATCH,MATCH,MATCH,MATCH,MATCH,MATCH,MISMATCH,MATCH,MATCH,MATCH,MATCH,MATCH,MATCH,MATCH,MATCH,MATCH,MATCH,"Carbon content kgC/unit: csv=∅ json=""21.15"""
LAM011,5960-4998,MATCH,MATCH,MATCH,MATCH,MATCH,MATCH,MATCH,MATCH,MISMATCH,MATCH,MATCH,MATCH,MATCH,MATCH,MATCH,MATCH,MATCH,MATCH,MATCH,"Carbon content kgC/unit: csv=∅ json=""20.31"""
EWF001,6742-7944,MATCH,MATCH,MATCH,MATCH,MATCH,MATCH,MATCH,MATCH,MATCH,MATCH,MATCH,MATCH,MATCH,MATCH,MATCH,MATCH,MATCH,MATCH,MATCH,
WWF001,6742-7944,MATCH,MATCH,MATCH,MATCH,MATCH,MATCH,MATCH,MATCH,MATCH,MATCH,MATCH,MATCH,MATCH,MATCH,MATCH,MATCH,MATCH,MATCH,MATCH,
8b5828,#7730-2734,MATCH,MATCH,MATCH,MATCH,MATCH,MATCH,MATCH,MATCH,MATCH,MATCH,MATCH,MATCH,MATCH,MATCH,MATCH,MATCH,MATCH,MATCH,MATCH,
www117,7730-2734,MATCH,MATCH,MATCH,MATCH,MATCH,MATCH,MATCH,MATCH,MATCH,MATCH,MATCH,MATCH,MATCH,MATCH,MATCH,MATCH,MATCH,MATCH,MATCH,
MPS003,7740-1109,MATCH,MATCH,MATCH,MATCH,MATCH,MATCH,MATCH,MATCH,MATCH,MATCH,MATCH,MATCH,MATCH,MATCH,MATCH,MATCH,MATCH,MATCH,MATCH,
Cel001,AFT-20200701-001,MATCH,MATCH,MATCH,MATCH,MATCH,MATCH,MATCH,MATCH,MISMATCH,MISMATCH,MATCH,MATCH,MATCH,MATCH,MATCH,MATCH,MATCH,MATCH,MATCH,"Carbon content kgC/unit: csv=∅ json=""51.29"" | Full C value: csv=∅ json=""3.36"""
Cel003,AFT-20200701-001,MATCH,MATCH,MATCH,MATCH,MATCH,MATCH,MATCH,MATCH,MISMATCH,MISMATCH,MATCH,MATCH,MATCH,MATCH,MATCH,MATCH,MATCH,MATCH,MATCH,"Carbon content kgC/unit: csv=∅ json=""10.38"" | Full C value: csv=∅ json=""1.51"""
Cel002,AGG-20221209-001,MATCH,MATCH,MATCH,MATCH,MATCH,MATCH,MATCH,MATCH,MISMATCH,MISMATCH,MATCH,MATCH,MATCH,MATCH,MATCH,MATCH,MATCH,MATCH,MATCH,"Carbon content kgC/unit: csv=∅ json=""51.15"" | Full C value: csv=∅ json=""3.34"""
cel004,AGG-20221209-001,MATCH,MATCH,MATCH,MATCH,MATCH,MATCH,MATCH,MATCH,MISMATCH,MISMATCH,MATCH,MATCH,MATCH,MATCH,MATCH,MATCH,MATCH,MATCH,MATCH,"Carbon content kgC/unit: csv=∅ json=""4.75"" | Full C value: csv=∅ json=""1.02"""
7d79df,"April, 2018",MATCH,MATCH,MATCH,MATCH,MATCH,MATCH,MATCH,MATCH,MISMATCH,MATCH,MATCH,MATCH,MATCH,MATCH,MATCH,MATCH,MATCH,MATCH,MATCH,Carbon content kgC/unit: Δ=+927.73 (csv=3.1 json=930.83)
HEMPCX,"April, 2018, Arehart et al, 2020 LCA, SEN-01_22, SEN-01_22",MATCH,MATCH,MATCH,MATCH,MATCH,MATCH,MATCH,MATCH,MATCH,MATCH,MATCH,MATCH,MATCH,MATCH,MATCH,MATCH,MATCH,MATCH,MATCH,
5731ae,"Arehart et al, 2020 LCA",MATCH,MATCH,MATCH,MATCH,MATCH,MATCH,MATCH,MATCH,MISMATCH,MATCH,MATCH,MATCH,MATCH,MATCH,MATCH,MATCH,MATCH,MATCH,MATCH,Carbon content kgC/unit: Δ=+927.73 (csv=3.1 json=930.83)
TPO000,ASTM-EPD425,MATCH,MATCH,MATCH,MATCH,MATCH,MATCH,MATCH,MATCH,MATCH,MATCH,MATCH,MATCH,MATCH,MATCH,MATCH,MATCH,MATCH,MATCH,MATCH,
INS021,BAU-EPD-FASBA-2019-01-GABI,MATCH,MATCH,MATCH,MATCH,MATCH,MATCH,MATCH,MATCH,MISMATCH,MISMATCH,MATCH,MATCH,MATCH,MATCH,MATCH,MATCH,MATCH,MATCH,MATCH,"Carbon content kgC/unit: csv=""5.8"" json=∅ | Full C value: csv=∅ json=""5.77"""
CCF001,BAU-EPD-Perlmooser-2022-1-Ecoinvent,MATCH,MATCH,MATCH,MATCH,MATCH,MATCH,MATCH,MATCH,MATCH,MATCH,MATCH,MATCH,MATCH,MATCH,MATCH,MATCH,MATCH,MATCH,MATCH,
95a692,"Ben-Alon et al LCA, 2019",MATCH,MATCH,MATCH,MATCH,MATCH,MATCH,MATCH,MATCH,MATCH,MISMATCH,MATCH,MATCH,MATCH,MATCH,MATCH,MATCH,MATCH,MATCH,MATCH,"Full C value: csv=∅ json=""3.1"""
f8cf09,"Ben-Alon et al LCA, 2019",MATCH,MATCH,MATCH,MATCH,MATCH,MATCH,MATCH,MATCH,MISMATCH,MISMATCH,MATCH,MATCH,MATCH,MATCH,MATCH,MATCH,MATCH,MATCH,MATCH,"Carbon content kgC/unit: csv=∅ json=""5903.27"" | Full C value: csv=∅ json=""17.41"""
INS010,B-EPD 23.0183.001-01.00.01,MATCH,MATCH,MATCH,MATCH,MATCH,MATCH,MATCH,MATCH,MATCH,MATCH,MATCH,MATCH,MATCH,MATCH,MATCH,MATCH,MATCH,MATCH,MATCH,
INS000,B-EPD n° 21-0123-002-00.00-EN,MATCH,MATCH,MATCH,MATCH,MATCH,MATCH,MATCH,MATCH,MATCH,MISMATCH,MATCH,MATCH,MATCH,MATCH,MATCH,MATCH,MATCH,MATCH,MATCH,"Full C value: csv=∅ json=""8.53"""
INT009,B-EPD n° 21-0123-002-00.00-EN,MATCH,MATCH,MATCH,MATCH,MATCH,MATCH,MATCH,MATCH,MATCH,MISMATCH,MATCH,MATCH,MATCH,MATCH,MATCH,MATCH,MATCH,MATCH,MATCH,"Full C value: csv=∅ json=""11.91"""
1c4002,BfCA Study (Tally),MATCH,MATCH,MATCH,MATCH,MATCH,MATCH,MATCH,MATCH,MATCH,MATCH,MATCH,MATCH,MATCH,MATCH,MATCH,MATCH,MATCH,MATCH,MATCH,
32a4e7,BfCA Study (Tally),MATCH,MATCH,MATCH,MATCH,MATCH,MATCH,MATCH,MATCH,MATCH,MATCH,MATCH,MATCH,MATCH,MATCH,MATCH,MATCH,MATCH,MATCH,MATCH,
5644c4,BfCA Study (Tally),MATCH,MATCH,MATCH,MATCH,MATCH,MATCH,MATCH,MATCH,MATCH,MATCH,MATCH,MATCH,MATCH,MATCH,MATCH,MATCH,MATCH,MATCH,MATCH,
595ddd,BfCA Study (Tally),MATCH,MATCH,MATCH,MATCH,MATCH,MATCH,MATCH,MATCH,MATCH,MATCH,MATCH,MATCH,MATCH,MATCH,MATCH,MATCH,MATCH,MATCH,MATCH,
6f579d,BfCA Study (Tally),MATCH,MATCH,MATCH,MATCH,MATCH,MATCH,MATCH,MATCH,MATCH,MATCH,MATCH,MATCH,MATCH,MATCH,MATCH,MATCH,MATCH,MATCH,MATCH,
952dee,BfCA Study (Tally),MATCH,MATCH,MATCH,MATCH,MATCH,MATCH,MATCH,MATCH,MATCH,MATCH,MATCH,MATCH,MATCH,MATCH,MATCH,MATCH,MATCH,MATCH,MATCH,
a4f3bf,BfCA Study (Tally),MATCH,MATCH,MATCH,MATCH,MATCH,MATCH,MATCH,MATCH,MATCH,MATCH,MATCH,MATCH,MATCH,MATCH,MATCH,MATCH,MATCH,MATCH,MATCH,
bc7038,BfCA Study (Tally),MATCH,MATCH,MATCH,MATCH,MATCH,MATCH,MATCH,MATCH,MATCH,MATCH,MATCH,MATCH,MATCH,MATCH,MATCH,MATCH,MATCH,MATCH,MATCH,
6ab68b,"Bolin & Smith, 2011, LCA Assessment of ACQ-treated lumber, Journal of Cleaner Production",MATCH,MATCH,MATCH,MATCH,MATCH,MATCH,MATCH,MATCH,MATCH,MATCH,MATCH,MATCH,MATCH,MATCH,MATCH,MATCH,MATCH,MATCH,MATCH,
INS002,CENIA 01.03.2023,MATCH,MATCH,MATCH,MATCH,MATCH,MATCH,MATCH,MATCH,MISMATCH,MISMATCH,MATCH,MATCH,MATCH,MATCH,MATCH,MATCH,MATCH,MATCH,MATCH,"Carbon content kgC/unit: csv=""85.68"" json=∅ | Full C value: csv=∅ json=""85.68"""
INS001,CENIA 01.03.2024,MATCH,MATCH,MATCH,MATCH,MATCH,MATCH,MATCH,MATCH,MISMATCH,MISMATCH,MATCH,MATCH,MATCH,MATCH,MATCH,MATCH,MATCH,MATCH,MATCH,"Carbon content kgC/unit: csv=""86.515"" json=∅ | Full C value: csv=∅ json=""86.51"""
WAL000,CENIA 01.03.2024,MATCH,MATCH,MATCH,MATCH,MATCH,MATCH,MATCH,MATCH,MATCH,MISMATCH,MATCH,MATCH,MATCH,MATCH,MATCH,MATCH,MATCH,MATCH,MATCH,"Full C value: csv=∅ json=""54"""
STRABX,"CENIA 01.03.2024, CENIA 01.03.2023, S-P-10940, B-EPD n° 21-0123-002-00.00-EN",MATCH,MATCH,MATCH,MATCH,MATCH,MATCH,MATCH,MATCH,MATCH,MATCH,MATCH,MATCH,MATCH,MATCH,MATCH,MATCH,MATCH,MATCH,MATCH,
1ca576,CIM – 20191223 – 001,MATCH,MATCH,MATCH,MATCH,MATCH,MATCH,MATCH,MATCH,MISMATCH,MISMATCH,MATCH,MATCH,MATCH,MATCH,MATCH,MATCH,MATCH,MATCH,MATCH,"Carbon content kgC/unit: csv=∅ json=""9.98"" | Full C value: csv=∅ json=""1.5"""
967ad6,CIM – 20191223 – 001,MATCH,MATCH,MATCH,MATCH,MATCH,MATCH,MATCH,MATCH,MISMATCH,MISMATCH,MATCH,MATCH,MATCH,MATCH,MATCH,MATCH,MATCH,MATCH,MATCH,"Carbon content kgC/unit: csv=∅ json=""27.52"" | Full C value: csv=∅ json=""2.52"""
fc7d3a,CIM – 20191223 – 001,MATCH,MATCH,MATCH,MATCH,MATCH,MATCH,MATCH,MATCH,MISMATCH,MISMATCH,MATCH,MATCH,MATCH,MATCH,MATCH,MATCH,MATCH,MATCH,MATCH,"Carbon content kgC/unit: csv=∅ json=""52.59"" | Full C value: csv=∅ json=""3.44"""
PLY000,EP397,MATCH,MATCH,MATCH,MATCH,MATCH,MATCH,MATCH,MATCH,MISMATCH,MATCH,MATCH,MATCH,MATCH,MATCH,MATCH,MATCH,MATCH,MATCH,MATCH,"Carbon content kgC/unit: csv=""8.648573"" json=∅"
PLY001,EP397,MATCH,MATCH,MATCH,MATCH,MATCH,MATCH,MATCH,MATCH,MISMATCH,MATCH,MATCH,MATCH,MATCH,MATCH,MATCH,MATCH,MATCH,MATCH,MATCH,"Carbon content kgC/unit: csv=""13.62"" json=∅"
PLY002,EP397,MATCH,MATCH,MATCH,MATCH,MATCH,MATCH,MATCH,MATCH,MISMATCH,MATCH,MATCH,MATCH,MATCH,MATCH,MATCH,MATCH,MATCH,MATCH,MATCH,"Carbon content kgC/unit: csv=""10.81"" json=∅"
SPF000,EP398,MATCH,MATCH,MATCH,MATCH,MATCH,MATCH,MATCH,MATCH,MISMATCH,MATCH,MATCH,MATCH,MATCH,MATCH,MATCH,MATCH,MATCH,MATCH,MATCH,"Carbon content kgC/unit: csv=""69.8"" json=∅"
SPF001,EP398,MATCH,MATCH,MATCH,MATCH,MATCH,MATCH,MATCH,MATCH,MISMATCH,MATCH,MATCH,MATCH,MATCH,MATCH,MATCH,MATCH,MATCH,MATCH,MATCH,"Carbon content kgC/unit: csv=""109.8"" json=∅"
SPF002,EP398,MATCH,MATCH,MATCH,MATCH,MATCH,MATCH,MATCH,MATCH,MISMATCH,MATCH,MATCH,MATCH,MATCH,MATCH,MATCH,MATCH,MATCH,MATCH,MATCH,"Carbon content kgC/unit: csv=""144.7"" json=∅"
2014f0,EPD-003,MATCH,MATCH,MATCH,MATCH,MATCH,MATCH,MATCH,MATCH,MATCH,MATCH,MATCH,MATCH,MATCH,MATCH,MATCH,MATCH,MATCH,MATCH,MATCH,
a3d86b,EPD‐009,MATCH,MATCH,MATCH,MATCH,MATCH,MATCH,MATCH,MATCH,MATCH,MATCH,MATCH,MATCH,MATCH,MATCH,MATCH,MATCH,MATCH,MATCH,MATCH,
e0e76c,EPD 034,MATCH,MATCH,MATCH,MATCH,MATCH,MATCH,MATCH,MATCH,MATCH,MATCH,MATCH,MATCH,MATCH,MATCH,MATCH,MATCH,MATCH,MATCH,MATCH,
1a89c6,EPD-038,MATCH,MATCH,MATCH,MATCH,MATCH,MATCH,MATCH,MATCH,MATCH,MATCH,MATCH,MATCH,MATCH,MATCH,MATCH,MATCH,MATCH,MATCH,MATCH,
b23a5c,EPD-038,MATCH,MATCH,MATCH,MATCH,MATCH,MATCH,MATCH,MATCH,MATCH,MATCH,MATCH,MATCH,MATCH,MATCH,MATCH,MATCH,MATCH,MATCH,MATCH,
21a5bb,EPD-054,MATCH,MATCH,MATCH,MATCH,MATCH,MATCH,MATCH,MATCH,MATCH,MATCH,MATCH,MATCH,MATCH,MATCH,MATCH,MATCH,MATCH,MATCH,MATCH,
INS040,EPD 070,MATCH,MATCH,MATCH,MATCH,MATCH,MATCH,MATCH,MATCH,MATCH,MATCH,MATCH,MATCH,MATCH,MATCH,MATCH,MATCH,MATCH,MATCH,MATCH,
INS043,EPD 070,MATCH,MATCH,MATCH,MATCH,MATCH,MATCH,MATCH,MATCH,MATCH,MATCH,MATCH,MATCH,MATCH,MATCH,MATCH,MATCH,MATCH,MATCH,MATCH,
INS045,EPD 070,MATCH,MATCH,MATCH,MATCH,MATCH,MATCH,MATCH,MATCH,MATCH,MATCH,MATCH,MATCH,MATCH,MATCH,MATCH,MATCH,MATCH,MATCH,MATCH,
7f7bd8,EPD-073,MATCH,MATCH,MATCH,MATCH,MATCH,MATCH,MATCH,MATCH,MATCH,MATCH,MATCH,MATCH,MATCH,MATCH,MATCH,MATCH,MATCH,MATCH,MATCH,
8ded24,EPD-087,MATCH,MATCH,MATCH,MATCH,MATCH,MATCH,MATCH,MATCH,MATCH,MATCH,MATCH,MATCH,MATCH,MATCH,MATCH,MATCH,MATCH,MATCH,MATCH,
dc197c,EPD-087,MATCH,MATCH,MATCH,MATCH,MATCH,MATCH,MATCH,MATCH,MATCH,MATCH,MATCH,MATCH,MATCH,MATCH,MATCH,MATCH,MATCH,MATCH,MATCH,
CMU004,EPD-088,MATCH,MATCH,MATCH,MATCH,MATCH,MATCH,MATCH,MATCH,MATCH,MATCH,MATCH,MATCH,MATCH,MATCH,MATCH,MATCH,MATCH,MATCH,MATCH,
CMU005,EPD-088,MATCH,MATCH,MATCH,MATCH,MATCH,MATCH,MATCH,MATCH,MATCH,MATCH,MATCH,MATCH,MATCH,MATCH,MATCH,MATCH,MATCH,MATCH,MATCH,
391b5b,EPD10056,MATCH,MATCH,MATCH,MATCH,MATCH,MATCH,MATCH,MATCH,MATCH,MATCH,MATCH,MATCH,MATCH,MATCH,MATCH,MATCH,MATCH,MATCH,MATCH,
1ea5e4,EPD10092,MATCH,MATCH,MATCH,MATCH,MATCH,MATCH,MATCH,MATCH,MATCH,MATCH,MATCH,MATCH,MATCH,MATCH,MATCH,MATCH,MATCH,MATCH,MATCH,
38d491,EPD10092,MATCH,MATCH,MATCH,MATCH,MATCH,MATCH,MATCH,MATCH,MATCH,MATCH,MATCH,MATCH,MATCH,MATCH,MATCH,MATCH,MATCH,MATCH,MATCH,
43fc51,EPD10092,MATCH,MATCH,MATCH,MATCH,MATCH,MATCH,MATCH,MATCH,MATCH,MATCH,MATCH,MATCH,MATCH,MATCH,MATCH,MATCH,MATCH,MATCH,MATCH,
4e0f8a,EPD10092,MATCH,MATCH,MATCH,MATCH,MATCH,MATCH,MATCH,MATCH,MATCH,MATCH,MATCH,MATCH,MATCH,MATCH,MATCH,MATCH,MATCH,MATCH,MATCH,
6ed061,EPD10092,MATCH,MATCH,MATCH,MATCH,MATCH,MATCH,MATCH,MATCH,MATCH,MATCH,MATCH,MATCH,MATCH,MATCH,MATCH,MATCH,MATCH,MATCH,MATCH,
7de1da,EPD10092,MATCH,MATCH,MATCH,MATCH,MATCH,MATCH,MATCH,MATCH,MATCH,MATCH,MATCH,MATCH,MATCH,MATCH,MATCH,MATCH,MATCH,MATCH,MATCH,
814de3,EPD10092,MATCH,MATCH,MATCH,MATCH,MATCH,MATCH,MATCH,MATCH,MATCH,MATCH,MATCH,MATCH,MATCH,MATCH,MATCH,MATCH,MATCH,MATCH,MATCH,
897eab,EPD10092,MATCH,MATCH,MATCH,MATCH,MATCH,MATCH,MATCH,MATCH,MATCH,MATCH,MATCH,MATCH,MATCH,MATCH,MATCH,MATCH,MATCH,MATCH,MATCH,
a6839d,EPD10092,MATCH,MATCH,MATCH,MATCH,MATCH,MATCH,MATCH,MATCH,MATCH,MATCH,MATCH,MATCH,MATCH,MATCH,MATCH,MATCH,MATCH,MATCH,MATCH,
ad41fc,EPD10092,MATCH,MATCH,MATCH,MATCH,MATCH,MATCH,MATCH,MATCH,MATCH,MATCH,MATCH,MATCH,MATCH,MATCH,MATCH,MATCH,MATCH,MATCH,MATCH,
b069b6,EPD10092,MATCH,MATCH,MATCH,MATCH,MATCH,MATCH,MATCH,MATCH,MATCH,MATCH,MATCH,MATCH,MATCH,MATCH,MATCH,MATCH,MATCH,MATCH,MATCH,
b1d6d5,EPD10092,MATCH,MATCH,MATCH,MATCH,MATCH,MATCH,MATCH,MATCH,MATCH,MATCH,MATCH,MATCH,MATCH,MATCH,MATCH,MATCH,MATCH,MATCH,MATCH,
be7b88,EPD10092,MATCH,MATCH,MATCH,MATCH,MATCH,MATCH,MATCH,MATCH,MATCH,MATCH,MATCH,MATCH,MATCH,MATCH,MATCH,MATCH,MATCH,MATCH,MATCH,
cfa664,EPD10092,MATCH,MATCH,MATCH,MATCH,MATCH,MATCH,MATCH,MATCH,MATCH,MATCH,MATCH,MATCH,MATCH,MATCH,MATCH,MATCH,MATCH,MATCH,MATCH,
d873ca,EPD10092,MATCH,MATCH,MATCH,MATCH,MATCH,MATCH,MATCH,MATCH,MATCH,MATCH,MATCH,MATCH,MATCH,MATCH,MATCH,MATCH,MATCH,MATCH,MATCH,
dac0ae,EPD10092,MATCH,MATCH,MATCH,MATCH,MATCH,MATCH,MATCH,MATCH,MATCH,MATCH,MATCH,MATCH,MATCH,MATCH,MATCH,MATCH,MATCH,MATCH,MATCH,
dad6dc,EPD10092,MATCH,MATCH,MATCH,MATCH,MATCH,MATCH,MATCH,MATCH,MATCH,MATCH,MATCH,MATCH,MATCH,MATCH,MATCH,MATCH,MATCH,MATCH,MATCH,
e72bcd,EPD10092,MATCH,MATCH,MATCH,MATCH,MATCH,MATCH,MATCH,MATCH,MATCH,MATCH,MATCH,MATCH,MATCH,MATCH,MATCH,MATCH,MATCH,MATCH,MATCH,
LVT004,EPD10156,MATCH,MATCH,MATCH,MATCH,MATCH,MATCH,MATCH,MATCH,MATCH,MATCH,MATCH,MATCH,MATCH,MATCH,MATCH,MATCH,MATCH,MATCH,MATCH,
LVT009,EPD10158,MATCH,MATCH,MATCH,MATCH,MATCH,MATCH,MATCH,MATCH,MATCH,MATCH,MATCH,MATCH,MATCH,MATCH,MATCH,MATCH,MATCH,MATCH,MATCH,
GYP002,EPD10268,MATCH,MATCH,MATCH,MATCH,MATCH,MATCH,MATCH,MATCH,MATCH,MATCH,MATCH,MATCH,MATCH,MATCH,MATCH,MATCH,MATCH,MATCH,MATCH,
ba3064,EPD 10270,MATCH,MATCH,MATCH,MATCH,MATCH,MATCH,MATCH,MATCH,MATCH,MATCH,MATCH,MATCH,MATCH,MATCH,MATCH,MATCH,MATCH,MATCH,MATCH,
eddd4c,EPD 10270,MATCH,MATCH,MATCH,MATCH,MATCH,MATCH,MATCH,MATCH,MATCH,MATCH,MATCH,MATCH,MATCH,MATCH,MATCH,MATCH,MATCH,MATCH,MATCH,
CER001,EPD10277,MATCH,MATCH,MATCH,MATCH,MATCH,MATCH,MATCH,MATCH,MATCH,MATCH,MATCH,MATCH,MATCH,MATCH,MATCH,MATCH,MATCH,MATCH,MATCH,
1a5a48,EPD10294,MATCH,MATCH,MATCH,MATCH,MATCH,MATCH,MATCH,MATCH,MATCH,MATCH,MATCH,MATCH,MATCH,MATCH,MATCH,MATCH,MATCH,MATCH,MATCH,
43fe24,EPD10294,MATCH,MATCH,MATCH,MATCH,MATCH,MATCH,MATCH,MATCH,MATCH,MATCH,MATCH,MATCH,MATCH,MATCH,MATCH,MATCH,MATCH,MATCH,MATCH,
809f93,EPD10294,MATCH,MATCH,MATCH,MATCH,MATCH,MATCH,MATCH,MATCH,MATCH,MATCH,MATCH,MATCH,MATCH,MATCH,MATCH,MATCH,MATCH,MATCH,MATCH,
900b85,EPD10294,MATCH,MATCH,MATCH,MATCH,MATCH,MATCH,MATCH,MATCH,MATCH,MATCH,MATCH,MATCH,MATCH,MATCH,MATCH,MATCH,MATCH,MATCH,MATCH,
921b8b,EPD10294,MATCH,MATCH,MATCH,MATCH,MATCH,MATCH,MATCH,MATCH,MATCH,MATCH,MATCH,MATCH,MATCH,MATCH,MATCH,MATCH,MATCH,MATCH,MATCH,
949348,EPD10294,MATCH,MATCH,MATCH,MATCH,MATCH,MATCH,MATCH,MATCH,MATCH,MATCH,MATCH,MATCH,MATCH,MATCH,MATCH,MATCH,MATCH,MATCH,MATCH,
a7c43b,EPD10294,MATCH,MATCH,MATCH,MATCH,MATCH,MATCH,MATCH,MATCH,MATCH,MATCH,MATCH,MATCH,MATCH,MATCH,MATCH,MATCH,MATCH,MATCH,MATCH,
b7e1fe,EPD10294,MATCH,MATCH,MATCH,MATCH,MATCH,MATCH,MATCH,MATCH,MATCH,MATCH,MATCH,MATCH,MATCH,MATCH,MATCH,MATCH,MATCH,MATCH,MATCH,
c50635,EPD10294,MATCH,MATCH,MATCH,MATCH,MATCH,MATCH,MATCH,MATCH,MATCH,MATCH,MATCH,MATCH,MATCH,MATCH,MATCH,MATCH,MATCH,MATCH,MATCH,
d6132a,EPD10294,MATCH,MATCH,MATCH,MATCH,MATCH,MATCH,MATCH,MATCH,MATCH,MATCH,MATCH,MATCH,MATCH,MATCH,MATCH,MATCH,MATCH,MATCH,MATCH,
s33333,EPD10294,MATCH,MATCH,MATCH,MATCH,MATCH,MATCH,MATCH,MATCH,MATCH,MATCH,MATCH,MATCH,MATCH,MATCH,MATCH,MATCH,MATCH,MATCH,MATCH,
s33334,EPD10294,MATCH,MATCH,MATCH,MATCH,MATCH,MATCH,MATCH,MATCH,MATCH,MATCH,MATCH,MATCH,MATCH,MATCH,MATCH,MATCH,MATCH,MATCH,MATCH,
s33335,EPD10294,MATCH,MATCH,MATCH,MATCH,MATCH,MATCH,MATCH,MATCH,MATCH,MATCH,MATCH,MATCH,MATCH,MATCH,MATCH,MATCH,MATCH,MATCH,MATCH,
s33336,EPD10294,MATCH,MATCH,MATCH,MATCH,MATCH,MATCH,MATCH,MATCH,MATCH,MATCH,MATCH,MATCH,MATCH,MATCH,MATCH,MATCH,MATCH,MATCH,MATCH,
s33337,EPD10294,MATCH,MATCH,MATCH,MATCH,MATCH,MATCH,MATCH,MATCH,MATCH,MATCH,MATCH,MATCH,MATCH,MATCH,MATCH,MATCH,MATCH,MATCH,MATCH,
s33338,EPD10294,MATCH,MATCH,MATCH,MATCH,MATCH,MATCH,MATCH,MATCH,MATCH,MATCH,MATCH,MATCH,MATCH,MATCH,MATCH,MATCH,MATCH,MATCH,MATCH,
s33339,EPD10294,MATCH,MATCH,MATCH,MATCH,MATCH,MATCH,MATCH,MATCH,MATCH,MATCH,MATCH,MATCH,MATCH,MATCH,MATCH,MATCH,MATCH,MATCH,MATCH,
s33340,EPD10294,MATCH,MATCH,MATCH,MATCH,MATCH,MATCH,MATCH,MATCH,MATCH,MATCH,MATCH,MATCH,MATCH,MATCH,MATCH,MATCH,MATCH,MATCH,MATCH,
s33341,EPD10294,MATCH,MATCH,MATCH,MATCH,MATCH,MATCH,MATCH,MATCH,MATCH,MATCH,MATCH,MATCH,MATCH,MATCH,MATCH,MATCH,MATCH,MATCH,MATCH,
s33342,EPD10294,MATCH,MATCH,MATCH,MATCH,MATCH,MATCH,MATCH,MATCH,MATCH,MATCH,MATCH,MATCH,MATCH,MATCH,MATCH,MATCH,MATCH,MATCH,MATCH,
1742d8,EPD10310,MATCH,MATCH,MATCH,MATCH,MATCH,MATCH,MATCH,MATCH,MATCH,MATCH,MATCH,MATCH,MATCH,MATCH,MATCH,MATCH,MATCH,MATCH,MATCH,
INT004,EPD10312,MATCH,MATCH,MATCH,MATCH,MATCH,MATCH,MATCH,MATCH,MATCH,MATCH,MATCH,MATCH,MATCH,MATCH,MATCH,MATCH,MATCH,MATCH,MATCH,
CER002,EPD10355,MATCH,MATCH,MATCH,MATCH,MATCH,MATCH,MATCH,MATCH,MATCH,MATCH,MATCH,MATCH,MATCH,MATCH,MATCH,MATCH,MATCH,MATCH,MATCH,
GYP001,EPD10358,MATCH,MATCH,MATCH,MATCH,MATCH,MATCH,MATCH,MATCH,MATCH,MATCH,MATCH,MATCH,MATCH,MATCH,MATCH,MATCH,MATCH,MATCH,MATCH,
INT003,EPD10360,MATCH,MATCH,MATCH,MATCH,MATCH,MATCH,MATCH,MATCH,MATCH,MATCH,MATCH,MATCH,MATCH,MATCH,MATCH,MATCH,MATCH,MATCH,MATCH,
LIN006,EPD10362,MATCH,MATCH,MATCH,MATCH,MATCH,MATCH,MATCH,MATCH,MISMATCH,MATCH,MATCH,MATCH,MATCH,MATCH,MATCH,MATCH,MATCH,MATCH,MATCH,"Carbon content kgC/unit: csv=""1.188"" json=∅"
RRR111,EPD10396,MATCH,MATCH,MATCH,MATCH,MATCH,MATCH,MATCH,MATCH,MATCH,MATCH,MATCH,MATCH,MATCH,MATCH,MATCH,MATCH,MATCH,MATCH,MATCH,
2b19ae,EPD10397,MATCH,MATCH,MATCH,MATCH,MATCH,MATCH,MATCH,MATCH,MATCH,MATCH,MATCH,MATCH,MATCH,MATCH,MATCH,MATCH,MATCH,MATCH,MATCH,
84c2b6,EPD10447,MATCH,MATCH,MATCH,MATCH,MATCH,MATCH,MATCH,MATCH,MATCH,MATCH,MATCH,MATCH,MATCH,MATCH,MATCH,MATCH,MATCH,MATCH,MATCH,
e73378,EPD10447,MATCH,MATCH,MATCH,MATCH,MATCH,MATCH,MATCH,MATCH,MATCH,MATCH,MATCH,MATCH,MATCH,MATCH,MATCH,MATCH,MATCH,MATCH,MATCH,
d0rm3c,EPD10465,MATCH,MATCH,MATCH,MATCH,MATCH,MATCH,MATCH,MATCH,MATCH,MATCH,MATCH,MATCH,MATCH,MATCH,MATCH,MATCH,MATCH,MATCH,MATCH,
f2l0sm,EPD10465,MATCH,MATCH,MATCH,MATCH,MATCH,MATCH,MATCH,MATCH,MATCH,MATCH,MATCH,MATCH,MATCH,MATCH,MATCH,MATCH,MATCH,MATCH,MATCH,
n9cx2a,EPD10466,MATCH,MATCH,MATCH,MATCH,MATCH,MATCH,MATCH,MATCH,MATCH,MATCH,MATCH,MATCH,MATCH,MATCH,MATCH,MATCH,MATCH,MATCH,MATCH,
l2j0sa,EPD10467,MATCH,MATCH,MATCH,MATCH,MATCH,MATCH,MATCH,MATCH,MATCH,MATCH,MATCH,MATCH,MATCH,MATCH,MATCH,MATCH,MATCH,MATCH,MATCH,
bbb008,EPD10568,MATCH,MATCH,MATCH,MATCH,MATCH,MATCH,MATCH,MATCH,MATCH,MATCH,MATCH,MATCH,MATCH,MATCH,MATCH,MATCH,MATCH,MATCH,MATCH,
bbb024,EPD10568,MATCH,MATCH,MATCH,MATCH,MATCH,MATCH,MATCH,MATCH,MATCH,MATCH,MATCH,MATCH,MATCH,MATCH,MATCH,MATCH,MATCH,MATCH,MATCH,
bbb023,EPD10572,MATCH,MATCH,MATCH,MATCH,MATCH,MATCH,MATCH,MATCH,MATCH,MATCH,MATCH,MATCH,MATCH,MATCH,MATCH,MATCH,MATCH,MATCH,MATCH,
LVT006,EPD10668,MATCH,MATCH,MATCH,MATCH,MATCH,MATCH,MATCH,MATCH,MATCH,MATCH,MATCH,MATCH,MATCH,MATCH,MATCH,MATCH,MATCH,MATCH,MATCH,
LVT011,EPD10668,MATCH,MATCH,MATCH,MATCH,MATCH,MATCH,MATCH,MATCH,MATCH,MATCH,MATCH,MATCH,MATCH,MATCH,MATCH,MATCH,MATCH,MATCH,MATCH,
bbb016,EPD10786,MATCH,MATCH,MATCH,MATCH,MATCH,MATCH,MATCH,MATCH,MATCH,MATCH,MATCH,MATCH,MATCH,MATCH,MATCH,MATCH,MATCH,MATCH,MATCH,
bbb017,EPD10786,MATCH,MATCH,MATCH,MATCH,MATCH,MATCH,MATCH,MATCH,MATCH,MATCH,MATCH,MATCH,MATCH,MATCH,MATCH,MATCH,MATCH,MATCH,MATCH,
bbb018,EPD10786,MATCH,MATCH,MATCH,MATCH,MATCH,MATCH,MATCH,MATCH,MATCH,MATCH,MATCH,MATCH,MATCH,MATCH,MATCH,MATCH,MATCH,MATCH,MATCH,
bbb019,EPD10786,MATCH,MATCH,MATCH,MATCH,MATCH,MATCH,MATCH,MATCH,MATCH,MATCH,MATCH,MATCH,MATCH,MATCH,MATCH,MATCH,MATCH,MATCH,MATCH,
bbb011,EPD10787,MATCH,MATCH,MATCH,MATCH,MATCH,MATCH,MATCH,MATCH,MATCH,MATCH,MATCH,MATCH,MATCH,MATCH,MATCH,MATCH,MATCH,MATCH,MATCH,
INT000,EPD10792,MATCH,MATCH,MATCH,MATCH,MATCH,MATCH,MATCH,MATCH,MISMATCH,MATCH,MATCH,MATCH,MATCH,MATCH,MATCH,MATCH,MATCH,MATCH,MATCH,"Carbon content kgC/unit: csv=""0"" json=∅"
INT005,EPD10792,MATCH,MATCH,MATCH,MATCH,MATCH,MATCH,MATCH,MATCH,MATCH,MISMATCH,MATCH,MATCH,MATCH,MATCH,MATCH,MATCH,MATCH,MATCH,MATCH,"Full C value: csv=∅ json=""0.52"""
EPS004,EPD10841,MATCH,MATCH,MATCH,MATCH,MATCH,MATCH,MATCH,MATCH,MATCH,MATCH,MATCH,MATCH,MATCH,MATCH,MATCH,MATCH,MATCH,MATCH,MATCH,
EPS005,EPD10841,MATCH,MATCH,MATCH,MATCH,MATCH,MATCH,MATCH,MATCH,MATCH,MATCH,MATCH,MATCH,MATCH,MATCH,MATCH,MATCH,MATCH,MATCH,MATCH,
EPS006,EPD10842,MATCH,MATCH,MATCH,MATCH,MATCH,MATCH,MATCH,MATCH,MATCH,MATCH,MATCH,MATCH,MATCH,MATCH,MATCH,MATCH,MATCH,MATCH,MATCH,
EPS007,EPD10842,MATCH,MATCH,MATCH,MATCH,MATCH,MATCH,MATCH,MATCH,MATCH,MATCH,MATCH,MATCH,MATCH,MATCH,MATCH,MATCH,MATCH,MATCH,MATCH,
4s1lp2,EPD-117,MATCH,MATCH,MATCH,MATCH,MATCH,MATCH,MATCH,MATCH,MATCH,MATCH,MATCH,MATCH,MATCH,MATCH,MATCH,MATCH,MATCH,MATCH,MATCH,
134c8d,EPD124,MATCH,MATCH,MATCH,MATCH,MATCH,MATCH,MATCH,MATCH,MISMATCH,MATCH,MATCH,MATCH,MATCH,MATCH,MATCH,MATCH,MATCH,MATCH,MATCH,"Carbon content kgC/unit: csv=∅ json=""21.54"""
da1134,EPD125,MATCH,MATCH,MATCH,MATCH,MATCH,MATCH,MATCH,MATCH,MATCH,MATCH,MATCH,MATCH,MATCH,MATCH,MATCH,MATCH,MATCH,MATCH,MATCH,
2d7548,EPD-131,MATCH,MATCH,MATCH,MATCH,MATCH,MATCH,MATCH,MATCH,MATCH,MATCH,MATCH,MATCH,MATCH,MATCH,MATCH,MATCH,MATCH,MATCH,MATCH,
c9a7f3,EPD-131,MATCH,MATCH,MATCH,MATCH,MATCH,MATCH,MATCH,MATCH,MATCH,MATCH,MATCH,MATCH,MATCH,MATCH,MATCH,MATCH,MATCH,MATCH,MATCH,
cfd454,EPD-132,MATCH,MATCH,MATCH,MATCH,MATCH,MATCH,MATCH,MATCH,MATCH,MATCH,MATCH,MATCH,MATCH,MATCH,MATCH,MATCH,MATCH,MATCH,MATCH,
f034jf,EPD-132,MATCH,MATCH,MATCH,MATCH,MATCH,MATCH,MATCH,MATCH,MATCH,MATCH,MATCH,MATCH,MATCH,MATCH,MATCH,MATCH,MATCH,MATCH,MATCH,
m210vf,EPD-132,MATCH,MATCH,MATCH,MATCH,MATCH,MATCH,MATCH,MATCH,MATCH,MATCH,MATCH,MATCH,MATCH,MATCH,MATCH,MATCH,MATCH,MATCH,MATCH,
d00294,EPD 142,MATCH,MATCH,MATCH,MATCH,MATCH,MATCH,MATCH,MATCH,MATCH,MATCH,MATCH,MATCH,MATCH,MATCH,MATCH,MATCH,MATCH,MATCH,MATCH,
bc703d,EPD-156,MATCH,MATCH,MATCH,MATCH,MATCH,MATCH,MATCH,MATCH,MATCH,MATCH,MATCH,MATCH,MATCH,MATCH,MATCH,MATCH,MATCH,MATCH,MATCH,
c930d2,EPD157,MATCH,MATCH,MATCH,MATCH,MATCH,MATCH,MATCH,MATCH,MATCH,MATCH,MATCH,MATCH,MATCH,MATCH,MATCH,MATCH,MATCH,MATCH,MATCH,
LAM012,EPD160,MATCH,MATCH,MATCH,MATCH,MATCH,MATCH,MATCH,MATCH,MISMATCH,MATCH,MATCH,MATCH,MATCH,MATCH,MATCH,MATCH,MATCH,MATCH,MATCH,"Carbon content kgC/unit: csv=""2105.83"" json=∅"
LAM002,EPD 168,MATCH,MATCH,MATCH,MATCH,MATCH,MATCH,MATCH,MATCH,MATCH,MATCH,MATCH,MATCH,MATCH,MATCH,MATCH,MATCH,MATCH,MATCH,MATCH,
LAM009,EPD 168,MATCH,MATCH,MATCH,MATCH,MATCH,MATCH,MATCH,MATCH,MATCH,MATCH,MATCH,MATCH,MATCH,MATCH,MATCH,MATCH,MATCH,MATCH,MATCH,
LAM000,EPD 169,MATCH,MATCH,MATCH,MATCH,MATCH,MATCH,MATCH,MATCH,MISMATCH,MATCH,MATCH,MATCH,MATCH,MATCH,MATCH,MATCH,MATCH,MATCH,MATCH,"Carbon content kgC/unit: csv=""777.59"" json=∅"
LAM013,EPD 169,MATCH,MATCH,MATCH,MATCH,MATCH,MATCH,MATCH,MATCH,MISMATCH,MATCH,MATCH,MATCH,MATCH,MATCH,MATCH,MATCH,MATCH,MATCH,MATCH,"Carbon content kgC/unit: csv=""777.59"" json=∅"
2480d6,EPD 1725-6769,MATCH,MATCH,MATCH,MATCH,MATCH,MATCH,MATCH,MATCH,MATCH,MATCH,MATCH,MATCH,MATCH,MATCH,MATCH,MATCH,MATCH,MATCH,MATCH,
s93mwu,EPD 194,MATCH,MATCH,MATCH,MATCH,MATCH,MATCH,MATCH,MATCH,MATCH,MATCH,MATCH,MATCH,MATCH,MATCH,MATCH,MATCH,MATCH,MATCH,MATCH,
p3fe4l,EPD 195,MATCH,MATCH,MATCH,MATCH,MATCH,MATCH,MATCH,MATCH,MATCH,MATCH,MATCH,MATCH,MATCH,MATCH,MATCH,MATCH,MATCH,MATCH,MATCH,
2fe063,EPD-197,MATCH,MATCH,MATCH,MATCH,MATCH,MATCH,MATCH,MATCH,MATCH,MISMATCH,MATCH,MATCH,MATCH,MATCH,MATCH,MATCH,MATCH,MATCH,MATCH,"Full C value: csv=∅ json=""1.9"""
HEMP0X,"EPD-197, S-P-01961, S-P-02290",MATCH,MATCH,MATCH,MATCH,MATCH,MATCH,MATCH,MATCH,MATCH,MATCH,MATCH,MATCH,MATCH,MATCH,MATCH,MATCH,MATCH,MATCH,MATCH,
g93fwm,EPD-2022-7601,MATCH,MATCH,MATCH,MATCH,MATCH,MATCH,MATCH,MATCH,MISMATCH,MISMATCH,MATCH,MATCH,MATCH,MATCH,MATCH,MATCH,MATCH,MATCH,MATCH,"Carbon content kgC/unit: csv=""25.75"" json=∅ | Full C value: csv=∅ json=""94.42"""
155f0d,EPD 206,MATCH,MATCH,MATCH,MATCH,MATCH,MATCH,MATCH,MATCH,MATCH,MATCH,MATCH,MATCH,MATCH,MATCH,MATCH,MATCH,MATCH,MATCH,MATCH,
bf151b,EPD 206,MATCH,MATCH,MATCH,MATCH,MATCH,MATCH,MATCH,MATCH,MATCH,MATCH,MATCH,MATCH,MATCH,MATCH,MATCH,MATCH,MATCH,MATCH,MATCH,
LVT008,EPD 207,MATCH,MATCH,MATCH,MATCH,MATCH,MATCH,MATCH,MATCH,MATCH,MATCH,MATCH,MATCH,MATCH,MATCH,MATCH,MATCH,MATCH,MATCH,MATCH,
INT002,EPD211,MATCH,MATCH,MATCH,MATCH,MATCH,MATCH,MATCH,MATCH,MATCH,MATCH,MATCH,MATCH,MATCH,MATCH,MATCH,MATCH,MATCH,MATCH,MATCH,
INT001,EPD215,MATCH,MATCH,MATCH,MATCH,MATCH,MATCH,MATCH,MATCH,MATCH,MATCH,MATCH,MATCH,MATCH,MATCH,MATCH,MATCH,MATCH,MATCH,MATCH,
INT006,EPD 216,MATCH,MATCH,MATCH,MATCH,MATCH,MATCH,MATCH,MATCH,MATCH,MATCH,MATCH,MATCH,MATCH,MATCH,MATCH,MATCH,MATCH,MATCH,MATCH,
EWF003,EPD-234,MATCH,MATCH,MATCH,MATCH,MATCH,MATCH,MATCH,MATCH,MATCH,MATCH,MATCH,MATCH,MATCH,MATCH,MATCH,MATCH,MATCH,MATCH,MATCH,
LAM004,EPD246,MATCH,MATCH,MATCH,MATCH,MATCH,MATCH,MATCH,MATCH,MATCH,MATCH,MATCH,MATCH,MATCH,MATCH,MATCH,MATCH,MATCH,MATCH,MATCH,
LAM005,EPD247,MATCH,MATCH,MATCH,MATCH,MATCH,MATCH,MATCH,MATCH,MATCH,MATCH,MATCH,MATCH,MATCH,MATCH,MATCH,MATCH,MATCH,MATCH,MATCH,
POLY10,EPD 253,MATCH,MATCH,MATCH,MATCH,MATCH,MATCH,MATCH,MATCH,MATCH,MATCH,MATCH,MATCH,MATCH,MATCH,MATCH,MATCH,MATCH,MATCH,MATCH,
POLY00,EPD254,MATCH,MATCH,MATCH,MATCH,MATCH,MATCH,MATCH,MATCH,MATCH,MATCH,MATCH,MATCH,MATCH,MATCH,MATCH,MATCH,MATCH,MATCH,MATCH,
POLY03,EPD255,MATCH,MATCH,MATCH,MATCH,MATCH,MATCH,MATCH,MATCH,MATCH,MATCH,MATCH,MATCH,MATCH,MATCH,MATCH,MATCH,MATCH,MATCH,MATCH,
POLY06,EPD 255,MATCH,MATCH,MATCH,MATCH,MATCH,MATCH,MATCH,MATCH,MATCH,MATCH,MATCH,MATCH,MATCH,MATCH,MATCH,MATCH,MATCH,MATCH,MATCH,
s76tf2,EPD 266,MATCH,MATCH,MATCH,MATCH,MATCH,MATCH,MATCH,MATCH,MATCH,MATCH,MATCH,MATCH,MATCH,MATCH,MATCH,MATCH,MATCH,MATCH,MATCH,
POLY02,EPD 267,MATCH,MATCH,MATCH,MATCH,MATCH,MATCH,MATCH,MATCH,MATCH,MATCH,MATCH,MATCH,MATCH,MATCH,MATCH,MATCH,MATCH,MATCH,MATCH,
POLY01,EPD 268,MATCH,MATCH,MATCH,MATCH,MATCH,MATCH,MATCH,MATCH,MATCH,MATCH,MATCH,MATCH,MATCH,MATCH,MATCH,MATCH,MATCH,MATCH,MATCH,
POLY04,EPD 270,MATCH,MATCH,MATCH,MATCH,MATCH,MATCH,MATCH,MATCH,MATCH,MATCH,MATCH,MATCH,MATCH,MATCH,MATCH,MATCH,MATCH,MATCH,MATCH,
POLY08,EPD 270,MATCH,MATCH,MATCH,MATCH,MATCH,MATCH,MATCH,MATCH,MATCH,MATCH,MATCH,MATCH,MATCH,MATCH,MATCH,MATCH,MATCH,MATCH,MATCH,
POLY05,EPD 271,MATCH,MATCH,MATCH,MATCH,MATCH,MATCH,MATCH,MATCH,MATCH,MATCH,MATCH,MATCH,MATCH,MATCH,MATCH,MATCH,MATCH,MATCH,MATCH,
POLY07,EPD 271,MATCH,MATCH,MATCH,MATCH,MATCH,MATCH,MATCH,MATCH,MATCH,MATCH,MATCH,MATCH,MATCH,MATCH,MATCH,MATCH,MATCH,MATCH,MATCH,
POLY09,EPD273,MATCH,MATCH,MATCH,MATCH,MATCH,MATCH,MATCH,MATCH,MATCH,MATCH,MATCH,MATCH,MATCH,MATCH,MATCH,MATCH,MATCH,MATCH,MATCH,
3kglse,EPD-283,MATCH,MATCH,MATCH,MATCH,MATCH,MATCH,MATCH,MATCH,MATCH,MATCH,MATCH,MATCH,MATCH,MATCH,MATCH,MATCH,MATCH,MATCH,MATCH,
LAM008,EPD295,MATCH,MATCH,MATCH,MATCH,MATCH,MATCH,MATCH,MATCH,MATCH,MATCH,MATCH,MATCH,MATCH,MATCH,MATCH,MATCH,MATCH,MATCH,MATCH,
LAM003,EPD296,MATCH,MATCH,MATCH,MATCH,MATCH,MATCH,MATCH,MATCH,MATCH,MATCH,MATCH,MATCH,MATCH,MATCH,MATCH,MATCH,MATCH,MATCH,MATCH,
VIN001,EPD 325,MATCH,MATCH,MATCH,MATCH,MATCH,MATCH,MATCH,MATCH,MATCH,MATCH,MATCH,MATCH,MATCH,MATCH,MATCH,MATCH,MATCH,MATCH,MATCH,
VIN002,EPD 326,MATCH,MATCH,MATCH,MATCH,MATCH,MATCH,MATCH,MATCH,MATCH,MATCH,MATCH,MATCH,MATCH,MATCH,MATCH,MATCH,MATCH,MATCH,MATCH,
VIN000,EPD 327,MATCH,MATCH,MATCH,MATCH,MATCH,MATCH,MATCH,MATCH,MATCH,MATCH,MATCH,MATCH,MATCH,MATCH,MATCH,MATCH,MATCH,MATCH,MATCH,
CMU000,EPD-338,MATCH,MATCH,MATCH,MATCH,MATCH,MATCH,MATCH,MATCH,MATCH,MATCH,MATCH,MATCH,MATCH,MATCH,MATCH,MATCH,MATCH,MATCH,MATCH,
CMU001,EPD-338,MATCH,MATCH,MATCH,MATCH,MATCH,MATCH,MATCH,MATCH,MATCH,MATCH,MATCH,MATCH,MATCH,MATCH,MATCH,MATCH,MATCH,MATCH,MATCH,
CMU002,EPD-338,MATCH,MATCH,MATCH,MATCH,MATCH,MATCH,MATCH,MATCH,MATCH,MATCH,MATCH,MATCH,MATCH,MATCH,MATCH,MATCH,MATCH,MATCH,MATCH,
CMU003,EPD-338,MATCH,MATCH,MATCH,MATCH,MATCH,MATCH,MATCH,MATCH,MATCH,MATCH,MATCH,MATCH,MATCH,MATCH,MATCH,MATCH,MATCH,MATCH,MATCH,
91617a,EPD 3409-8229,MATCH,MATCH,MATCH,MATCH,MATCH,MATCH,MATCH,MATCH,MISMATCH,MATCH,MATCH,MATCH,MATCH,MATCH,MATCH,MATCH,MATCH,MATCH,MATCH,"Carbon content kgC/unit: csv=∅ json=""2.81"""
A12363,EPD 346,MATCH,MATCH,MATCH,MATCH,MATCH,MATCH,MATCH,MATCH,MATCH,MATCH,MATCH,MATCH,MATCH,MATCH,MATCH,MATCH,MATCH,MATCH,MATCH,
A12364,EPD 346,MATCH,MATCH,MATCH,MATCH,MATCH,MATCH,MATCH,MATCH,MATCH,MATCH,MATCH,MATCH,MATCH,MATCH,MATCH,MATCH,MATCH,MATCH,MATCH,
A12365,EPD 346,MATCH,MATCH,MATCH,MATCH,MATCH,MATCH,MATCH,MATCH,MATCH,MATCH,MATCH,MATCH,MATCH,MATCH,MATCH,MATCH,MATCH,MATCH,MATCH,
aaacc100,EPD 346,MATCH,MATCH,MATCH,MATCH,MATCH,MATCH,MATCH,MATCH,MATCH,MATCH,MATCH,MATCH,MATCH,MATCH,MATCH,MATCH,MATCH,MATCH,MATCH,
aaacc101,EPD 346,MATCH,MATCH,MATCH,MATCH,MATCH,MATCH,MATCH,MATCH,MATCH,MATCH,MATCH,MATCH,MATCH,MATCH,MATCH,MATCH,MATCH,MATCH,MATCH,
aaacc93,EPD 346,MATCH,MATCH,MATCH,MATCH,MATCH,MATCH,MATCH,MATCH,MATCH,MATCH,MATCH,MATCH,MATCH,MATCH,MATCH,MATCH,MATCH,MATCH,MATCH,
aaacc94,EPD 346,MATCH,MATCH,MATCH,MATCH,MATCH,MATCH,MATCH,MATCH,MATCH,MATCH,MATCH,MATCH,MATCH,MATCH,MATCH,MATCH,MATCH,MATCH,MATCH,
aaacc95,EPD 346,MATCH,MATCH,MATCH,MATCH,MATCH,MATCH,MATCH,MATCH,MATCH,MATCH,MATCH,MATCH,MATCH,MATCH,MATCH,MATCH,MATCH,MATCH,MATCH,
aaacc96,EPD 346,MATCH,MATCH,MATCH,MATCH,MATCH,MATCH,MATCH,MATCH,MATCH,MATCH,MATCH,MATCH,MATCH,MATCH,MATCH,MATCH,MATCH,MATCH,MATCH,
aaacc97,EPD 346,MATCH,MATCH,MATCH,MATCH,MATCH,MATCH,MATCH,MATCH,MATCH,MATCH,MATCH,MATCH,MATCH,MATCH,MATCH,MATCH,MATCH,MATCH,MATCH,
aaacc98,EPD 346,MATCH,MATCH,MATCH,MATCH,MATCH,MATCH,MATCH,MATCH,MATCH,MATCH,MATCH,MATCH,MATCH,MATCH,MATCH,MATCH,MATCH,MATCH,MATCH,
aaacc99,EPD 346,MATCH,MATCH,MATCH,MATCH,MATCH,MATCH,MATCH,MATCH,MATCH,MATCH,MATCH,MATCH,MATCH,MATCH,MATCH,MATCH,MATCH,MATCH,MATCH,
A12361,EPD 347,MATCH,MATCH,MATCH,MATCH,MATCH,MATCH,MATCH,MATCH,MATCH,MATCH,MATCH,MATCH,MATCH,MATCH,MATCH,MATCH,MATCH,MATCH,MATCH,
A12362,EPD 347,MATCH,MATCH,MATCH,MATCH,MATCH,MATCH,MATCH,MATCH,MATCH,MATCH,MATCH,MATCH,MATCH,MATCH,MATCH,MATCH,MATCH,MATCH,MATCH,
A12368,EPD 347,MATCH,MATCH,MATCH,MATCH,MATCH,MATCH,MATCH,MATCH,MATCH,MATCH,MATCH,MATCH,MATCH,MATCH,MATCH,MATCH,MATCH,MATCH,MATCH,
aaacc78,EPD 347,MATCH,MATCH,MATCH,MATCH,MATCH,MATCH,MATCH,MATCH,MATCH,MATCH,MATCH,MATCH,MATCH,MATCH,MATCH,MATCH,MATCH,MATCH,MATCH,
aaacc79,EPD 347,MATCH,MATCH,MATCH,MATCH,MATCH,MATCH,MATCH,MATCH,MATCH,MATCH,MATCH,MATCH,MATCH,MATCH,MATCH,MATCH,MATCH,MATCH,MATCH,
aaacc80,EPD 347,MATCH,MATCH,MATCH,MATCH,MATCH,MATCH,MATCH,MATCH,MATCH,MATCH,MATCH,MATCH,MATCH,MATCH,MATCH,MATCH,MATCH,MATCH,MATCH,
aaacc81,EPD 347,MATCH,MATCH,MATCH,MATCH,MATCH,MATCH,MATCH,MATCH,MATCH,MATCH,MATCH,MATCH,MATCH,MATCH,MATCH,MATCH,MATCH,MATCH,MATCH,
aaacc82,EPD 347,MATCH,MATCH,MATCH,MATCH,MATCH,MATCH,MATCH,MATCH,MATCH,MATCH,MATCH,MATCH,MATCH,MATCH,MATCH,MATCH,MATCH,MATCH,MATCH,
aaacc83,EPD 347,MATCH,MATCH,MATCH,MATCH,MATCH,MATCH,MATCH,MATCH,MATCH,MATCH,MATCH,MATCH,MATCH,MATCH,MATCH,MATCH,MATCH,MATCH,MATCH,
aaacc84,EPD 347,MATCH,MATCH,MATCH,MATCH,MATCH,MATCH,MATCH,MATCH,MATCH,MATCH,MATCH,MATCH,MATCH,MATCH,MATCH,MATCH,MATCH,MATCH,MATCH,
aaacc85,EPD 347,MATCH,MATCH,MATCH,MATCH,MATCH,MATCH,MATCH,MATCH,MATCH,MATCH,MATCH,MATCH,MATCH,MATCH,MATCH,MATCH,MATCH,MATCH,MATCH,
aaacc86,EPD 347,MATCH,MATCH,MATCH,MATCH,MATCH,MATCH,MATCH,MATCH,MATCH,MATCH,MATCH,MATCH,MATCH,MATCH,MATCH,MATCH,MATCH,MATCH,MATCH,
aaacc87,EPD 347,MATCH,MATCH,MATCH,MATCH,MATCH,MATCH,MATCH,MATCH,MATCH,MATCH,MATCH,MATCH,MATCH,MATCH,MATCH,MATCH,MATCH,MATCH,MATCH,
aaacc88,EPD 347,MATCH,MATCH,MATCH,MATCH,MATCH,MATCH,MATCH,MATCH,MATCH,MATCH,MATCH,MATCH,MATCH,MATCH,MATCH,MATCH,MATCH,MATCH,MATCH,
aaacc89,EPD 347,MATCH,MATCH,MATCH,MATCH,MATCH,MATCH,MATCH,MATCH,MATCH,MATCH,MATCH,MATCH,MATCH,MATCH,MATCH,MATCH,MATCH,MATCH,MATCH,
aaacc90,EPD 347,MATCH,MATCH,MATCH,MATCH,MATCH,MATCH,MATCH,MATCH,MATCH,MATCH,MATCH,MATCH,MATCH,MATCH,MATCH,MATCH,MATCH,MATCH,MATCH,
aaacc91,EPD 347,MATCH,MATCH,MATCH,MATCH,MATCH,MATCH,MATCH,MATCH,MATCH,MATCH,MATCH,MATCH,MATCH,MATCH,MATCH,MATCH,MATCH,MATCH,MATCH,
aaacc92,EPD 347,MATCH,MATCH,MATCH,MATCH,MATCH,MATCH,MATCH,MATCH,MATCH,MATCH,MATCH,MATCH,MATCH,MATCH,MATCH,MATCH,MATCH,MATCH,MATCH,
A12359,EPD 348,MATCH,MATCH,MATCH,MATCH,MATCH,MATCH,MATCH,MATCH,MATCH,MATCH,MATCH,MATCH,MATCH,MATCH,MATCH,MATCH,MATCH,MATCH,MATCH,
A12360,EPD 348,MATCH,MATCH,MATCH,MATCH,MATCH,MATCH,MATCH,MATCH,MATCH,MATCH,MATCH,MATCH,MATCH,MATCH,MATCH,MATCH,MATCH,MATCH,MATCH,
A12366,EPD 348,MATCH,MATCH,MATCH,MATCH,MATCH,MATCH,MATCH,MATCH,MATCH,MATCH,MATCH,MATCH,MATCH,MATCH,MATCH,MATCH,MATCH,MATCH,MATCH,
aaacc66,EPD 348,MATCH,MATCH,MATCH,MATCH,MATCH,MATCH,MATCH,MATCH,MATCH,MATCH,MATCH,MATCH,MATCH,MATCH,MATCH,MATCH,MATCH,MATCH,MATCH,
aaacc67,EPD 348,MATCH,MATCH,MATCH,MATCH,MATCH,MATCH,MATCH,MATCH,MATCH,MATCH,MATCH,MATCH,MATCH,MATCH,MATCH,MATCH,MATCH,MATCH,MATCH,
aaacc68,EPD 348,MATCH,MATCH,MATCH,MATCH,MATCH,MATCH,MATCH,MATCH,MATCH,MATCH,MATCH,MATCH,MATCH,MATCH,MATCH,MATCH,MATCH,MATCH,MATCH,
aaacc69,EPD 348,MATCH,MATCH,MATCH,MATCH,MATCH,MATCH,MATCH,MATCH,MATCH,MATCH,MATCH,MATCH,MATCH,MATCH,MATCH,MATCH,MATCH,MATCH,MATCH,
aaacc70,EPD 348,MATCH,MATCH,MATCH,MATCH,MATCH,MATCH,MATCH,MATCH,MATCH,MATCH,MATCH,MATCH,MATCH,MATCH,MATCH,MATCH,MATCH,MATCH,MATCH,
aaacc71,EPD 348,MATCH,MATCH,MATCH,MATCH,MATCH,MATCH,MATCH,MATCH,MATCH,MATCH,MATCH,MATCH,MATCH,MATCH,MATCH,MATCH,MATCH,MATCH,MATCH,
aaacc72,EPD 348,MATCH,MATCH,MATCH,MATCH,MATCH,MATCH,MATCH,MATCH,MATCH,MATCH,MATCH,MATCH,MATCH,MATCH,MATCH,MATCH,MATCH,MATCH,MATCH,
aaacc73,EPD 348,MATCH,MATCH,MATCH,MATCH,MATCH,MATCH,MATCH,MATCH,MATCH,MATCH,MATCH,MATCH,MATCH,MATCH,MATCH,MATCH,MATCH,MATCH,MATCH,
aaacc74,EPD 348,MATCH,MATCH,MATCH,MATCH,MATCH,MATCH,MATCH,MATCH,MATCH,MATCH,MATCH,MATCH,MATCH,MATCH,MATCH,MATCH,MATCH,MATCH,MATCH,
aaacc75,EPD 348,MATCH,MATCH,MATCH,MATCH,MATCH,MATCH,MATCH,MATCH,MATCH,MATCH,MATCH,MATCH,MATCH,MATCH,MATCH,MATCH,MATCH,MATCH,MATCH,
aaacc76,EPD 348,MATCH,MATCH,MATCH,MATCH,MATCH,MATCH,MATCH,MATCH,MATCH,MATCH,MATCH,MATCH,MATCH,MATCH,MATCH,MATCH,MATCH,MATCH,MATCH,
aaacc77,EPD 348,MATCH,MATCH,MATCH,MATCH,MATCH,MATCH,MATCH,MATCH,MATCH,MATCH,MATCH,MATCH,MATCH,MATCH,MATCH,MATCH,MATCH,MATCH,MATCH,
A12355,EPD 349,MATCH,MATCH,MATCH,MATCH,MATCH,MATCH,MATCH,MATCH,MATCH,MATCH,MATCH,MATCH,MATCH,MATCH,MATCH,MATCH,MATCH,MATCH,MATCH,
A12356,EPD 349,MATCH,MATCH,MATCH,MATCH,MATCH,MATCH,MATCH,MATCH,MATCH,MATCH,MATCH,MATCH,MATCH,MATCH,MATCH,MATCH,MATCH,MATCH,MATCH,
A12358,EPD 349,MATCH,MATCH,MATCH,MATCH,MATCH,MATCH,MATCH,MATCH,MATCH,MATCH,MATCH,MATCH,MATCH,MATCH,MATCH,MATCH,MATCH,MATCH,MATCH,
aaacc51,EPD 349,MATCH,MATCH,MATCH,MATCH,MATCH,MATCH,MATCH,MATCH,MATCH,MATCH,MATCH,MATCH,MATCH,MATCH,MATCH,MATCH,MATCH,MATCH,MATCH,
aaacc52,EPD 349,MATCH,MATCH,MATCH,MATCH,MATCH,MATCH,MATCH,MATCH,MATCH,MATCH,MATCH,MATCH,MATCH,MATCH,MATCH,MATCH,MATCH,MATCH,MATCH,
aaacc53,EPD 349,MATCH,MATCH,MATCH,MATCH,MATCH,MATCH,MATCH,MATCH,MATCH,MATCH,MATCH,MATCH,MATCH,MATCH,MATCH,MATCH,MATCH,MATCH,MATCH,
aaacc54,EPD 349,MATCH,MATCH,MATCH,MATCH,MATCH,MATCH,MATCH,MATCH,MATCH,MATCH,MATCH,MATCH,MATCH,MATCH,MATCH,MATCH,MATCH,MATCH,MATCH,
aaacc55,EPD 349,MATCH,MATCH,MATCH,MATCH,MATCH,MATCH,MATCH,MATCH,MATCH,MATCH,MATCH,MATCH,MATCH,MATCH,MATCH,MATCH,MATCH,MATCH,MATCH,
aaacc56,EPD 349,MATCH,MATCH,MATCH,MATCH,MATCH,MATCH,MATCH,MATCH,MATCH,MATCH,MATCH,MATCH,MATCH,MATCH,MATCH,MATCH,MATCH,MATCH,MATCH,
aaacc57,EPD 349,MATCH,MATCH,MATCH,MATCH,MATCH,MATCH,MATCH,MATCH,MATCH,MATCH,MATCH,MATCH,MATCH,MATCH,MATCH,MATCH,MATCH,MATCH,MATCH,
aaacc58,EPD 349,MATCH,MATCH,MATCH,MATCH,MATCH,MATCH,MATCH,MATCH,MATCH,MATCH,MATCH,MATCH,MATCH,MATCH,MATCH,MATCH,MATCH,MATCH,MATCH,
aaacc59,EPD 349,MATCH,MATCH,MATCH,MATCH,MATCH,MATCH,MATCH,MATCH,MATCH,MATCH,MATCH,MATCH,MATCH,MATCH,MATCH,MATCH,MATCH,MATCH,MATCH,
aaacc60,EPD 349,MATCH,MATCH,MATCH,MATCH,MATCH,MATCH,MATCH,MATCH,MATCH,MATCH,MATCH,MATCH,MATCH,MATCH,MATCH,MATCH,MATCH,MATCH,MATCH,
aaacc61,EPD 349,MATCH,MATCH,MATCH,MATCH,MATCH,MATCH,MATCH,MATCH,MATCH,MATCH,MATCH,MATCH,MATCH,MATCH,MATCH,MATCH,MATCH,MATCH,MATCH,
aaacc62,EPD 349,MATCH,MATCH,MATCH,MATCH,MATCH,MATCH,MATCH,MATCH,MATCH,MATCH,MATCH,MATCH,MATCH,MATCH,MATCH,MATCH,MATCH,MATCH,MATCH,
aaacc63,EPD 349,MATCH,MATCH,MATCH,MATCH,MATCH,MATCH,MATCH,MATCH,MATCH,MATCH,MATCH,MATCH,MATCH,MATCH,MATCH,MATCH,MATCH,MATCH,MATCH,
aaacc64,EPD 349,MATCH,MATCH,MATCH,MATCH,MATCH,MATCH,MATCH,MATCH,MATCH,MATCH,MATCH,MATCH,MATCH,MATCH,MATCH,MATCH,MATCH,MATCH,MATCH,
aaacc65,EPD 349,MATCH,MATCH,MATCH,MATCH,MATCH,MATCH,MATCH,MATCH,MATCH,MATCH,MATCH,MATCH,MATCH,MATCH,MATCH,MATCH,MATCH,MATCH,MATCH,
A12352,EPD 350,MATCH,MATCH,MATCH,MATCH,MATCH,MATCH,MATCH,MATCH,MATCH,MATCH,MATCH,MATCH,MATCH,MATCH,MATCH,MATCH,MATCH,MATCH,MATCH,
A12353,EPD 350,MATCH,MATCH,MATCH,MATCH,MATCH,MATCH,MATCH,MATCH,MATCH,MATCH,MATCH,MATCH,MATCH,MATCH,MATCH,MATCH,MATCH,MATCH,MATCH,
A12354,EPD 350,MATCH,MATCH,MATCH,MATCH,MATCH,MATCH,MATCH,MATCH,MATCH,MATCH,MATCH,MATCH,MATCH,MATCH,MATCH,MATCH,MATCH,MATCH,MATCH,
aaacc36,EPD 350,MATCH,MATCH,MATCH,MATCH,MATCH,MATCH,MATCH,MATCH,MATCH,MATCH,MATCH,MATCH,MATCH,MATCH,MATCH,MATCH,MATCH,MATCH,MATCH,
aaacc37,EPD 350,MATCH,MATCH,MATCH,MATCH,MATCH,MATCH,MATCH,MATCH,MATCH,MATCH,MATCH,MATCH,MATCH,MATCH,MATCH,MATCH,MATCH,MATCH,MATCH,
aaacc38,EPD 350,MATCH,MATCH,MATCH,MATCH,MATCH,MATCH,MATCH,MATCH,MATCH,MATCH,MATCH,MATCH,MATCH,MATCH,MATCH,MATCH,MATCH,MATCH,MATCH,
aaacc39,EPD 350,MATCH,MATCH,MATCH,MATCH,MATCH,MATCH,MATCH,MATCH,MATCH,MATCH,MATCH,MATCH,MATCH,MATCH,MATCH,MATCH,MATCH,MATCH,MATCH,
aaacc40,EPD 350,MATCH,MATCH,MATCH,MATCH,MATCH,MATCH,MATCH,MATCH,MATCH,MATCH,MATCH,MATCH,MATCH,MATCH,MATCH,MATCH,MATCH,MATCH,MATCH,
aaacc41,EPD 350,MATCH,MATCH,MATCH,MATCH,MATCH,MATCH,MATCH,MATCH,MATCH,MATCH,MATCH,MATCH,MATCH,MATCH,MATCH,MATCH,MATCH,MATCH,MATCH,
aaacc42,EPD 350,MATCH,MATCH,MATCH,MATCH,MATCH,MATCH,MATCH,MATCH,MATCH,MATCH,MATCH,MATCH,MATCH,MATCH,MATCH,MATCH,MATCH,MATCH,MATCH,
aaacc43,EPD 350,MATCH,MATCH,MATCH,MATCH,MATCH,MATCH,MATCH,MATCH,MATCH,MATCH,MATCH,MATCH,MATCH,MATCH,MATCH,MATCH,MATCH,MATCH,MATCH,
aaacc44,EPD 350,MATCH,MATCH,MATCH,MATCH,MATCH,MATCH,MATCH,MATCH,MATCH,MATCH,MATCH,MATCH,MATCH,MATCH,MATCH,MATCH,MATCH,MATCH,MATCH,
aaacc45,EPD 350,MATCH,MATCH,MATCH,MATCH,MATCH,MATCH,MATCH,MATCH,MATCH,MATCH,MATCH,MATCH,MATCH,MATCH,MATCH,MATCH,MATCH,MATCH,MATCH,
aaacc46,EPD 350,MATCH,MATCH,MATCH,MATCH,MATCH,MATCH,MATCH,MATCH,MATCH,MATCH,MATCH,MATCH,MATCH,MATCH,MATCH,MATCH,MATCH,MATCH,MATCH,
aaacc47,EPD 350,MATCH,MATCH,MATCH,MATCH,MATCH,MATCH,MATCH,MATCH,MATCH,MATCH,MATCH,MATCH,MATCH,MATCH,MATCH,MATCH,MATCH,MATCH,MATCH,
aaacc48,EPD 350,MATCH,MATCH,MATCH,MATCH,MATCH,MATCH,MATCH,MATCH,MATCH,MATCH,MATCH,MATCH,MATCH,MATCH,MATCH,MATCH,MATCH,MATCH,MATCH,
aaacc49,EPD 350,MATCH,MATCH,MATCH,MATCH,MATCH,MATCH,MATCH,MATCH,MATCH,MATCH,MATCH,MATCH,MATCH,MATCH,MATCH,MATCH,MATCH,MATCH,MATCH,
aaacc50,EPD 350,MATCH,MATCH,MATCH,MATCH,MATCH,MATCH,MATCH,MATCH,MATCH,MATCH,MATCH,MATCH,MATCH,MATCH,MATCH,MATCH,MATCH,MATCH,MATCH,
A12349,EPD 351,MATCH,MATCH,MATCH,MATCH,MATCH,MATCH,MATCH,MATCH,MATCH,MATCH,MATCH,MATCH,MATCH,MATCH,MATCH,MATCH,MATCH,MATCH,MATCH,
A12350,EPD 351,MATCH,MATCH,MATCH,MATCH,MATCH,MATCH,MATCH,MATCH,MATCH,MATCH,MATCH,MATCH,MATCH,MATCH,MATCH,MATCH,MATCH,MATCH,MATCH,
A12351,EPD 351,MATCH,MATCH,MATCH,MATCH,MATCH,MATCH,MATCH,MATCH,MATCH,MATCH,MATCH,MATCH,MATCH,MATCH,MATCH,MATCH,MATCH,MATCH,MATCH,
aaacc21,EPD 351,MATCH,MATCH,MATCH,MATCH,MATCH,MATCH,MATCH,MATCH,MATCH,MATCH,MATCH,MATCH,MATCH,MATCH,MATCH,MATCH,MATCH,MATCH,MATCH,
aaacc22,EPD 351,MATCH,MATCH,MATCH,MATCH,MATCH,MATCH,MATCH,MATCH,MATCH,MATCH,MATCH,MATCH,MATCH,MATCH,MATCH,MATCH,MATCH,MATCH,MATCH,
aaacc23,EPD 351,MATCH,MATCH,MATCH,MATCH,MATCH,MATCH,MATCH,MATCH,MATCH,MATCH,MATCH,MATCH,MATCH,MATCH,MATCH,MATCH,MATCH,MATCH,MATCH,
aaacc24,EPD 351,MATCH,MATCH,MATCH,MATCH,MATCH,MATCH,MATCH,MATCH,MATCH,MATCH,MATCH,MATCH,MATCH,MATCH,MATCH,MATCH,MATCH,MATCH,MATCH,
aaacc25,EPD 351,MATCH,MATCH,MATCH,MATCH,MATCH,MATCH,MATCH,MATCH,MATCH,MATCH,MATCH,MATCH,MATCH,MATCH,MATCH,MATCH,MATCH,MATCH,MATCH,
aaacc26,EPD 351,MATCH,MATCH,MATCH,MATCH,MATCH,MATCH,MATCH,MATCH,MATCH,MATCH,MATCH,MATCH,MATCH,MATCH,MATCH,MATCH,MATCH,MATCH,MATCH,
aaacc27,EPD 351,MATCH,MATCH,MATCH,MATCH,MATCH,MATCH,MATCH,MATCH,MATCH,MATCH,MATCH,MATCH,MATCH,MATCH,MATCH,MATCH,MATCH,MATCH,MATCH,
aaacc28,EPD 351,MATCH,MATCH,MATCH,MATCH,MATCH,MATCH,MATCH,MATCH,MATCH,MATCH,MATCH,MATCH,MATCH,MATCH,MATCH,MATCH,MATCH,MATCH,MATCH,
aaacc29,EPD 351,MATCH,MATCH,MATCH,MATCH,MATCH,MATCH,MATCH,MATCH,MATCH,MATCH,MATCH,MATCH,MATCH,MATCH,MATCH,MATCH,MATCH,MATCH,MATCH,
aaacc30,EPD 351,MATCH,MATCH,MATCH,MATCH,MATCH,MATCH,MATCH,MATCH,MATCH,MATCH,MATCH,MATCH,MATCH,MATCH,MATCH,MATCH,MATCH,MATCH,MATCH,
aaacc31,EPD 351,MATCH,MATCH,MATCH,MATCH,MATCH,MATCH,MATCH,MATCH,MATCH,MATCH,MATCH,MATCH,MATCH,MATCH,MATCH,MATCH,MATCH,MATCH,MATCH,
aaacc32,EPD 351,MATCH,MATCH,MATCH,MATCH,MATCH,MATCH,MATCH,MATCH,MATCH,MATCH,MATCH,MATCH,MATCH,MATCH,MATCH,MATCH,MATCH,MATCH,MATCH,
aaacc33,EPD 351,MATCH,MATCH,MATCH,MATCH,MATCH,MATCH,MATCH,MATCH,MATCH,MATCH,MATCH,MATCH,MATCH,MATCH,MATCH,MATCH,MATCH,MATCH,MATCH,
aaacc34,EPD 351,MATCH,MATCH,MATCH,MATCH,MATCH,MATCH,MATCH,MATCH,MATCH,MATCH,MATCH,MATCH,MATCH,MATCH,MATCH,MATCH,MATCH,MATCH,MATCH,
aaacc35,EPD 351,MATCH,MATCH,MATCH,MATCH,MATCH,MATCH,MATCH,MATCH,MATCH,MATCH,MATCH,MATCH,MATCH,MATCH,MATCH,MATCH,MATCH,MATCH,MATCH,
A12345,EPD 352,MATCH,MATCH,MATCH,MATCH,MATCH,MATCH,MATCH,MATCH,MATCH,MATCH,MATCH,MATCH,MATCH,MATCH,MATCH,MATCH,MATCH,MATCH,MATCH,
A12346,EPD 352,MATCH,MATCH,MATCH,MATCH,MATCH,MATCH,MATCH,MATCH,MATCH,MATCH,MATCH,MATCH,MATCH,MATCH,MATCH,MATCH,MATCH,MATCH,MATCH,
A12348,EPD 352,MATCH,MATCH,MATCH,MATCH,MATCH,MATCH,MATCH,MATCH,MATCH,MATCH,MATCH,MATCH,MATCH,MATCH,MATCH,MATCH,MATCH,MATCH,MATCH,
aaacc1,EPD 352,MATCH,MATCH,MATCH,MATCH,MATCH,MATCH,MATCH,MATCH,MATCH,MATCH,MATCH,MATCH,MATCH,MATCH,MATCH,MATCH,MATCH,MATCH,MATCH,
aaacc10,EPD 352,MATCH,MATCH,MATCH,MATCH,MATCH,MATCH,MATCH,MATCH,MATCH,MATCH,MATCH,MATCH,MATCH,MATCH,MATCH,MATCH,MATCH,MATCH,MATCH,
aaacc11,EPD 352,MATCH,MATCH,MATCH,MATCH,MATCH,MATCH,MATCH,MATCH,MATCH,MATCH,MATCH,MATCH,MATCH,MATCH,MATCH,MATCH,MATCH,MATCH,MATCH,
aaacc12,EPD 352,MATCH,MATCH,MATCH,MATCH,MATCH,MATCH,MATCH,MATCH,MATCH,MATCH,MATCH,MATCH,MATCH,MATCH,MATCH,MATCH,MATCH,MATCH,MATCH,
aaacc13,EPD 352,MATCH,MATCH,MATCH,MATCH,MATCH,MATCH,MATCH,MATCH,MATCH,MATCH,MATCH,MATCH,MATCH,MATCH,MATCH,MATCH,MATCH,MATCH,MATCH,
aaacc14,EPD 352,MATCH,MATCH,MATCH,MATCH,MATCH,MATCH,MATCH,MATCH,MATCH,MATCH,MATCH,MATCH,MATCH,MATCH,MATCH,MATCH,MATCH,MATCH,MATCH,
aaacc15,EPD 352,MATCH,MATCH,MATCH,MATCH,MATCH,MATCH,MATCH,MATCH,MATCH,MATCH,MATCH,MATCH,MATCH,MATCH,MATCH,MATCH,MATCH,MATCH,MATCH,
aaacc16,EPD 352,MATCH,MATCH,MATCH,MATCH,MATCH,MATCH,MATCH,MATCH,MATCH,MATCH,MATCH,MATCH,MATCH,MATCH,MATCH,MATCH,MATCH,MATCH,MATCH,
aaacc17,EPD 352,MATCH,MATCH,MATCH,MATCH,MATCH,MATCH,MATCH,MATCH,MATCH,MATCH,MATCH,MATCH,MATCH,MATCH,MATCH,MATCH,MATCH,MATCH,MATCH,
aaacc18,EPD 352,MATCH,MATCH,MATCH,MATCH,MATCH,MATCH,MATCH,MATCH,MATCH,MATCH,MATCH,MATCH,MATCH,MATCH,MATCH,MATCH,MATCH,MATCH,MATCH,
aaacc19,EPD 352,MATCH,MATCH,MATCH,MATCH,MATCH,MATCH,MATCH,MATCH,MATCH,MATCH,MATCH,MATCH,MATCH,MATCH,MATCH,MATCH,MATCH,MATCH,MATCH,
aaacc2,EPD 352,MATCH,MATCH,MATCH,MATCH,MATCH,MATCH,MATCH,MATCH,MATCH,MATCH,MATCH,MATCH,MATCH,MATCH,MATCH,MATCH,MATCH,MATCH,MATCH,
aaacc20,EPD 352,MATCH,MATCH,MATCH,MATCH,MATCH,MATCH,MATCH,MATCH,MATCH,MATCH,MATCH,MATCH,MATCH,MATCH,MATCH,MATCH,MATCH,MATCH,MATCH,
aaacc3,EPD 352,MATCH,MATCH,MATCH,MATCH,MATCH,MATCH,MATCH,MATCH,MATCH,MATCH,MATCH,MATCH,MATCH,MATCH,MATCH,MATCH,MATCH,MATCH,MATCH,
aaacc4,EPD 352,MATCH,MATCH,MATCH,MATCH,MATCH,MATCH,MATCH,MATCH,MATCH,MATCH,MATCH,MATCH,MATCH,MATCH,MATCH,MATCH,MATCH,MATCH,MATCH,
aaacc5,EPD 352,MATCH,MATCH,MATCH,MATCH,MATCH,MATCH,MATCH,MATCH,MATCH,MATCH,MATCH,MATCH,MATCH,MATCH,MATCH,MATCH,MATCH,MATCH,MATCH,
aaacc6,EPD 352,MATCH,MATCH,MATCH,MATCH,MATCH,MATCH,MATCH,MATCH,MATCH,MATCH,MATCH,MATCH,MATCH,MATCH,MATCH,MATCH,MATCH,MATCH,MATCH,
aaacc7,EPD 352,MATCH,MATCH,MATCH,MATCH,MATCH,MATCH,MATCH,MATCH,MATCH,MATCH,MATCH,MATCH,MATCH,MATCH,MATCH,MATCH,MATCH,MATCH,MATCH,
aaacc8,EPD 352,MATCH,MATCH,MATCH,MATCH,MATCH,MATCH,MATCH,MATCH,MATCH,MATCH,MATCH,MATCH,MATCH,MATCH,MATCH,MATCH,MATCH,MATCH,MATCH,
aaacc9,EPD 352,MATCH,MATCH,MATCH,MATCH,MATCH,MATCH,MATCH,MATCH,MATCH,MATCH,MATCH,MATCH,MATCH,MATCH,MATCH,MATCH,MATCH,MATCH,MATCH,
fdsj68,EPD 352,MATCH,MATCH,MATCH,MATCH,MATCH,MATCH,MATCH,MATCH,MATCH,MATCH,MATCH,MATCH,MATCH,MATCH,MATCH,MATCH,MATCH,MATCH,MATCH,
INT008,EPD 354,MATCH,MATCH,MATCH,MATCH,MATCH,MATCH,MATCH,MATCH,MATCH,MATCH,MATCH,MATCH,MATCH,MATCH,MATCH,MATCH,MATCH,MATCH,MATCH,
BRI005,EPD 359,MATCH,MATCH,MATCH,MATCH,MATCH,MATCH,MATCH,MATCH,MATCH,MATCH,MATCH,MATCH,MATCH,MATCH,MATCH,MATCH,MATCH,MATCH,MATCH,
BRI006,EPD 359,MATCH,MATCH,MATCH,MATCH,MATCH,MATCH,MATCH,MATCH,MATCH,MATCH,MATCH,MATCH,MATCH,MATCH,MATCH,MATCH,MATCH,MATCH,MATCH,
HWF000,EPD 360,MATCH,MATCH,MATCH,MATCH,MATCH,MATCH,MATCH,MATCH,MATCH,MISMATCH,MATCH,MATCH,MATCH,MATCH,MATCH,MATCH,MATCH,MATCH,MATCH,"Full C value: csv=∅ json=""5.97"""
REB000,EPD 362,MATCH,MATCH,MATCH,MATCH,MATCH,MATCH,MATCH,MATCH,MATCH,MATCH,MATCH,MATCH,MATCH,MATCH,MATCH,MATCH,MATCH,MATCH,MATCH,
REB001,EPD 362,MATCH,MATCH,MATCH,MATCH,MATCH,MATCH,MATCH,MATCH,MATCH,MATCH,MATCH,MATCH,MATCH,MATCH,MATCH,MATCH,MATCH,MATCH,MATCH,
REB002,EPD 362,MATCH,MATCH,MATCH,MATCH,MATCH,MATCH,MATCH,MATCH,MATCH,MATCH,MATCH,MATCH,MATCH,MATCH,MATCH,MATCH,MATCH,MATCH,MATCH,
REB003,EPD 362,MATCH,MATCH,MATCH,MATCH,MATCH,MATCH,MATCH,MATCH,MATCH,MATCH,MATCH,MATCH,MATCH,MATCH,MATCH,MATCH,MATCH,MATCH,MATCH,
REB004,EPD 362,MATCH,MATCH,MATCH,MATCH,MATCH,MATCH,MATCH,MATCH,MATCH,MATCH,MATCH,MATCH,MATCH,MATCH,MATCH,MATCH,MATCH,MATCH,MATCH,
REB005,EPD 362,MATCH,MATCH,MATCH,MATCH,MATCH,MATCH,MATCH,MATCH,MATCH,MATCH,MATCH,MATCH,MATCH,MATCH,MATCH,MATCH,MATCH,MATCH,MATCH,
REB006,EPD 362,MATCH,MATCH,MATCH,MATCH,MATCH,MATCH,MATCH,MATCH,MATCH,MATCH,MATCH,MATCH,MATCH,MATCH,MATCH,MATCH,MATCH,MATCH,MATCH,
REB007,EPD 362,MATCH,MATCH,MATCH,MATCH,MATCH,MATCH,MATCH,MATCH,MATCH,MATCH,MATCH,MATCH,MATCH,MATCH,MATCH,MATCH,MATCH,MATCH,MATCH,
REB008,EPD 362,MATCH,MATCH,MATCH,MATCH,MATCH,MATCH,MATCH,MATCH,MATCH,MATCH,MATCH,MATCH,MATCH,MATCH,MATCH,MATCH,MATCH,MATCH,MATCH,
EWF000,EPD 392,MATCH,MATCH,MATCH,MATCH,MATCH,MATCH,MATCH,MATCH,MATCH,MATCH,MATCH,MATCH,MATCH,MATCH,MATCH,MATCH,MATCH,MATCH,MATCH,
WWF000,EPD 393,MATCH,MATCH,MATCH,MATCH,MATCH,MATCH,MATCH,MATCH,MATCH,MATCH,MATCH,MATCH,MATCH,MATCH,MATCH,MATCH,MATCH,MATCH,MATCH,
LAM006,EPD 407,MATCH,MATCH,MATCH,MATCH,MATCH,MATCH,MATCH,MATCH,MATCH,MATCH,MATCH,MATCH,MATCH,MATCH,MATCH,MATCH,MATCH,MATCH,MATCH,
LAM007,EPD 408,MATCH,MATCH,MATCH,MATCH,MATCH,MATCH,MATCH,MATCH,MATCH,MATCH,MATCH,MATCH,MATCH,MATCH,MATCH,MATCH,MATCH,MATCH,MATCH,
TPO001,EPD 446,MATCH,MATCH,MATCH,MATCH,MATCH,MATCH,MATCH,MATCH,MATCH,MATCH,MATCH,MATCH,MATCH,MATCH,MATCH,MATCH,MATCH,MATCH,MATCH,
TPO002,EPD 446,MATCH,MATCH,MATCH,MATCH,MATCH,MATCH,MATCH,MATCH,MATCH,MATCH,MATCH,MATCH,MATCH,MATCH,MATCH,MATCH,MATCH,MATCH,MATCH,
S12345,EPD 456,MATCH,MATCH,MATCH,MATCH,MATCH,MATCH,MATCH,MATCH,MATCH,MATCH,MATCH,MATCH,MATCH,MATCH,MATCH,MATCH,MATCH,MATCH,MATCH,
S12346,EPD 456,MATCH,MATCH,MATCH,MATCH,MATCH,MATCH,MATCH,MATCH,MATCH,MATCH,MATCH,MATCH,MATCH,MATCH,MATCH,MATCH,MATCH,MATCH,MATCH,
www112,EPD 499,MATCH,MATCH,MATCH,MATCH,MATCH,MATCH,MATCH,MATCH,MATCH,MATCH,MATCH,MATCH,MATCH,MATCH,MATCH,MATCH,MATCH,MATCH,MATCH,
www113,EPD 499,MATCH,MATCH,MATCH,MATCH,MATCH,MATCH,MATCH,MATCH,MATCH,MATCH,MATCH,MATCH,MATCH,MATCH,MATCH,MATCH,MATCH,MATCH,MATCH,
bbb020,EPD 508,MATCH,MATCH,MATCH,MATCH,MATCH,MATCH,MATCH,MATCH,MATCH,MATCH,MATCH,MATCH,MATCH,MATCH,MATCH,MATCH,MATCH,MATCH,MATCH,
bbb012,EPD 509,MATCH,MATCH,MATCH,MATCH,MATCH,MATCH,MATCH,MATCH,MATCH,MATCH,MATCH,MATCH,MATCH,MATCH,MATCH,MATCH,MATCH,MATCH,MATCH,
bbb014,EPD 509,MATCH,MATCH,MATCH,MATCH,MATCH,MATCH,MATCH,MATCH,MATCH,MATCH,MATCH,MATCH,MATCH,MATCH,MATCH,MATCH,MATCH,MATCH,MATCH,
bbb015,EPD 509,MATCH,MATCH,MATCH,MATCH,MATCH,MATCH,MATCH,MATCH,MATCH,MATCH,MATCH,MATCH,MATCH,MATCH,MATCH,MATCH,MATCH,MATCH,MATCH,
bbb013,EPD 512,MATCH,MATCH,MATCH,MATCH,MATCH,MATCH,MATCH,MATCH,MATCH,MATCH,MATCH,MATCH,MATCH,MATCH,MATCH,MATCH,MATCH,MATCH,MATCH,
BRI001,"EPD-540, EPD-539",MATCH,MATCH,MATCH,MATCH,MATCH,MATCH,MATCH,MATCH,MATCH,MATCH,MATCH,MATCH,MATCH,MATCH,MATCH,MATCH,MATCH,MATCH,MATCH,
BRI003,"EPD-540, EPD-539",MATCH,MATCH,MATCH,MATCH,MATCH,MATCH,MATCH,MATCH,MATCH,MATCH,MATCH,MATCH,MATCH,MATCH,MATCH,MATCH,MATCH,MATCH,MATCH,
bbb021,EPD 552,MATCH,MATCH,MATCH,MATCH,MATCH,MATCH,MATCH,MATCH,MATCH,MATCH,MATCH,MATCH,MATCH,MATCH,MATCH,MATCH,MATCH,MATCH,MATCH,
OSB004,EPD 555,MATCH,MATCH,MATCH,MATCH,MATCH,MATCH,MATCH,MATCH,MISMATCH,MATCH,MATCH,MATCH,MATCH,MATCH,MATCH,MATCH,MATCH,MATCH,MATCH,"Carbon content kgC/unit: csv=""17.765"" json=∅"
OSB005,EPD 555,MATCH,MATCH,MATCH,MATCH,MATCH,MATCH,MATCH,MATCH,MISMATCH,MATCH,MATCH,MATCH,MATCH,MATCH,MATCH,MATCH,MATCH,MATCH,MATCH,"Carbon content kgC/unit: csv=""15.56198375"" json=∅"
OSB002,EPD 556,MATCH,MATCH,MATCH,MATCH,MATCH,MATCH,MATCH,MATCH,MISMATCH,MATCH,MATCH,MATCH,MATCH,MATCH,MATCH,MATCH,MATCH,MATCH,MATCH,Carbon content kgC/unit: Δ=+2629.1597 (csv=13.3603 json=2642.52)
OSB007,EPD 557,MATCH,MATCH,MATCH,MATCH,MATCH,MATCH,MATCH,MATCH,MISMATCH,MATCH,MATCH,MATCH,MATCH,MATCH,MATCH,MATCH,MATCH,MATCH,MATCH,"Carbon content kgC/unit: csv=""20.671"" json=∅"
OSB003,EPD 558,MATCH,MATCH,MATCH,MATCH,MATCH,MATCH,MATCH,MATCH,MISMATCH,MATCH,MATCH,MATCH,MATCH,MATCH,MATCH,MATCH,MATCH,MATCH,MATCH,"Carbon content kgC/unit: csv=""13.42"" json=∅"
WIR000,EPD 585,MATCH,MATCH,MATCH,MATCH,MATCH,MATCH,MATCH,MATCH,MATCH,MATCH,MATCH,MATCH,MATCH,MATCH,MATCH,MATCH,MATCH,MATCH,MATCH,
WIR001,EPD 585,MATCH,MATCH,MATCH,MATCH,MATCH,MATCH,MATCH,MATCH,MATCH,MATCH,MATCH,MATCH,MATCH,MATCH,MATCH,MATCH,MATCH,MATCH,MATCH,
LP0002,EPD 597,MATCH,MATCH,MATCH,MATCH,MATCH,MATCH,MATCH,MATCH,MATCH,MATCH,MATCH,MATCH,MATCH,MATCH,MATCH,MATCH,MATCH,MATCH,MATCH,
LP0003,EPD 597,MATCH,MATCH,MATCH,MATCH,MATCH,MATCH,MATCH,MATCH,MATCH,MATCH,MATCH,MATCH,MATCH,MATCH,MATCH,MATCH,MATCH,MATCH,MATCH,
LP0004,EPD 597,MATCH,MATCH,MATCH,MATCH,MATCH,MATCH,MATCH,MATCH,MATCH,MATCH,MATCH,MATCH,MATCH,MATCH,MATCH,MATCH,MATCH,MATCH,MATCH,
LP0001,EPD 601,MATCH,MATCH,MATCH,MATCH,MATCH,MATCH,MATCH,MATCH,MATCH,MATCH,MATCH,MATCH,MATCH,MATCH,MATCH,MATCH,MATCH,MATCH,MATCH,
LP0000,EPD 617,MATCH,MATCH,MATCH,MATCH,MATCH,MATCH,MATCH,MATCH,MATCH,MATCH,MATCH,MATCH,MATCH,MATCH,MATCH,MATCH,MATCH,MATCH,MATCH,
a13a3e,EPD-AMO-20150057-IAA1-EN,MATCH,MATCH,MATCH,MATCH,MATCH,MATCH,MATCH,MATCH,MATCH,MATCH,MATCH,MATCH,MATCH,MATCH,MATCH,MATCH,MATCH,MATCH,MATCH,
b72f13,EPD-CEM-20160113-IAD1-EN,MATCH,MATCH,MATCH,MATCH,MATCH,MATCH,MATCH,MATCH,MISMATCH,MATCH,MATCH,MATCH,MATCH,MATCH,MATCH,MATCH,MATCH,MATCH,MATCH,"Carbon content kgC/unit: csv=""0.1295"" json=∅"
8bcce7,EPD-CEM-20160114-IAD1-EN,MATCH,MATCH,MATCH,MATCH,MATCH,MATCH,MATCH,MATCH,MISMATCH,MATCH,MATCH,MATCH,MATCH,MATCH,MATCH,MATCH,MATCH,MATCH,MATCH,"Carbon content kgC/unit: csv=""0.2067"" json=∅"
bbb009,EPD-DUP-20210183-IBC1-EN,MATCH,MATCH,MATCH,MATCH,MATCH,MATCH,MATCH,MATCH,MATCH,MATCH,MATCH,MATCH,MATCH,MATCH,MATCH,MATCH,MATCH,MATCH,MATCH,
ae7e1c,EPD-ERF-20180184-CCI1-EN,MATCH,MATCH,MATCH,MATCH,MATCH,MATCH,MATCH,MATCH,MATCH,MATCH,MATCH,MATCH,MATCH,MATCH,MATCH,MATCH,MATCH,MATCH,MATCH,
FIB000,EPD-ETE-20190128-CCA1-EN,MATCH,MATCH,MATCH,MATCH,MATCH,MATCH,MATCH,MATCH,MISMATCH,MATCH,MATCH,MATCH,MATCH,MATCH,MATCH,MATCH,MATCH,MATCH,MATCH,"Carbon content kgC/unit: csv=""0"" json=∅"
FIB001,EPD-ETE-20190179-CCC1-EN,MATCH,MATCH,MATCH,MATCH,MATCH,MATCH,MATCH,MATCH,MISMATCH,MATCH,MATCH,MATCH,MATCH,MATCH,MATCH,MATCH,MATCH,MATCH,MATCH,Carbon content kgC/unit: Δ=+1299.847 (csv=0.703 json=1300.55)
be052f,EPD-GTX-20180071-IBA1-DE,MATCH,MATCH,MATCH,MATCH,MATCH,MATCH,MATCH,MATCH,MISMATCH,MATCH,MATCH,MATCH,MATCH,MATCH,MATCH,MATCH,MATCH,MATCH,MATCH,Carbon content kgC/unit: Δ=+37.485 (csv=0.765 json=38.25)
ins035,EPD-GTX-20190018-IBA1-EN,MATCH,MATCH,MATCH,MATCH,MATCH,MATCH,MATCH,MATCH,MISMATCH,MATCH,MATCH,MATCH,MATCH,MATCH,MATCH,MATCH,MATCH,MATCH,MATCH,Carbon content kgC/unit: Δ=+22.615 (csv=0.665 json=23.28)
ins030,EPD-GTX-20200178-IBC1-EN,MATCH,MATCH,MATCH,MATCH,MATCH,MATCH,MATCH,MATCH,MISMATCH,MATCH,MATCH,MATCH,MATCH,MATCH,MATCH,MATCH,MATCH,MATCH,MATCH,Carbon content kgC/unit: Δ=+369.74 (csv=2.66 json=372.4)
CCF000,EPD-HOC-20220204-IBD1-EN,MATCH,MATCH,MATCH,MATCH,MATCH,MATCH,MATCH,MATCH,MATCH,MATCH,MATCH,MATCH,MATCH,MATCH,MATCH,MATCH,MATCH,MATCH,MATCH,
CCF00X,"EPD-HOC-20220204-IBD1-EN, BAU-EPD-Perlmooser-2022-1-Ecoinvent, EPD-MDS-20210038-CBA1-EN",MATCH,MATCH,MATCH,MATCH,MATCH,MATCH,MATCH,MATCH,MATCH,MATCH,MATCH,MATCH,MATCH,MATCH,MATCH,MATCH,MATCH,MATCH,MATCH,
CBI000,EPD HUB-0281,MATCH,MATCH,MATCH,MATCH,MATCH,MATCH,MATCH,MATCH,MISMATCH,MATCH,MATCH,MATCH,MATCH,MATCH,MATCH,MATCH,MATCH,MATCH,MATCH,Carbon content kgC/unit: Δ=+333.25 (csv=8.48 json=341.73)
bbb027,EPDIE-22-83,MATCH,MATCH,MATCH,MATCH,MATCH,MATCH,MATCH,MATCH,MATCH,MATCH,MATCH,MATCH,MATCH,MATCH,MATCH,MATCH,MATCH,MATCH,MATCH,
bbb028,EPDIE-22-83,MATCH,MATCH,MATCH,MATCH,MATCH,MATCH,MATCH,MATCH,MATCH,MATCH,MATCH,MATCH,MATCH,MATCH,MATCH,MATCH,MATCH,MATCH,MATCH,
bbb007,EPDIE-22-84,MATCH,MATCH,MATCH,MATCH,MATCH,MATCH,MATCH,MATCH,MATCH,MATCH,MATCH,MATCH,MATCH,MATCH,MATCH,MATCH,MATCH,MATCH,MATCH,
bbb010,EPDIE-22-84,MATCH,MATCH,MATCH,MATCH,MATCH,MATCH,MATCH,MATCH,MATCH,MATCH,MATCH,MATCH,MATCH,MATCH,MATCH,MATCH,MATCH,MATCH,MATCH,
STU000,EPD-IWM-STO-20210130-IBG1-DE,MATCH,MATCH,MATCH,MATCH,MATCH,MATCH,MATCH,MATCH,MATCH,MATCH,MATCH,MATCH,MATCH,MATCH,MATCH,MATCH,MATCH,MATCH,MATCH,
A23456,EPD-JAM-20220072-CBD1-EN,MATCH,MATCH,MATCH,MATCH,MATCH,MATCH,MATCH,MATCH,MATCH,MISMATCH,MATCH,MATCH,MATCH,MATCH,MATCH,MATCH,MATCH,MATCH,MATCH,"Full C value: csv=∅ json=""3.58"""
S12347,EPD-KRI-20230308-IBC1-EN,MATCH,MATCH,MATCH,MATCH,MATCH,MATCH,MATCH,MATCH,MATCH,MATCH,MATCH,MATCH,MATCH,MATCH,MATCH,MATCH,MATCH,MATCH,MATCH,
S12348,EPD-KRI-20230308-IBC1-EN,MATCH,MATCH,MATCH,MATCH,MATCH,MATCH,MATCH,MATCH,MATCH,MATCH,MATCH,MATCH,MATCH,MATCH,MATCH,MATCH,MATCH,MATCH,MATCH,
CCF002,EPD-MDS-20210038-CBA1-EN,MATCH,MATCH,MATCH,MATCH,MATCH,MATCH,MATCH,MATCH,MATCH,MATCH,MATCH,MATCH,MATCH,MATCH,MATCH,MATCH,MATCH,MATCH,MATCH,
beed82,EPD-MIS-20150019-IAA2-DE,MATCH,MATCH,MATCH,MATCH,MATCH,MATCH,MATCH,MATCH,MATCH,MATCH,MATCH,MATCH,MATCH,MATCH,MATCH,MATCH,MATCH,MATCH,MATCH,
INS016,EPD n° 21-0078-001.00.00,MATCH,MATCH,MATCH,MATCH,MATCH,MATCH,MATCH,MATCH,MISMATCH,MATCH,MATCH,MATCH,MATCH,MATCH,MATCH,MATCH,MATCH,MATCH,MATCH,Carbon content kgC/unit: Δ=+1075.54 (csv=2.79 json=1078.33)
BAM004,EPD-NIBE-20210322-18246,MATCH,MATCH,MATCH,MATCH,MATCH,MATCH,MATCH,MATCH,MISMATCH,MISMATCH,MATCH,MATCH,MATCH,MATCH,MATCH,MATCH,MATCH,MATCH,MATCH,"Carbon content kgC/unit: csv=∅ json=""8336.36"" | Full C value: csv=∅ json=""23.24"""
BAM005,EPD-NIBE-20210322-18246,MATCH,MATCH,MATCH,MATCH,MATCH,MATCH,MATCH,MATCH,MISMATCH,MISMATCH,MATCH,MATCH,MATCH,MATCH,MATCH,MATCH,MATCH,MATCH,MATCH,"Carbon content kgC/unit: Δ=+7186.1075 (csv=38.7325 json=7224.84) | Full C value: csv=∅ json=""47.82"""
BAM006,EPD-NIBE-20210322-18246,MATCH,MATCH,MATCH,MATCH,MATCH,MATCH,MATCH,MATCH,MATCH,MATCH,MATCH,MATCH,MATCH,MATCH,MATCH,MATCH,MATCH,MATCH,MATCH,
BAM008,EPD-NIBE-20210322-18247,MATCH,MATCH,MATCH,MATCH,MATCH,MATCH,MATCH,MATCH,MISMATCH,MISMATCH,MATCH,MATCH,MATCH,MATCH,MATCH,MATCH,MATCH,MATCH,MATCH,"Carbon content kgC/unit: csv=∅ json=""3365.12"" | Full C value: csv=∅ json=""17.11"""
INT007,EPD-NIBE-20210615-20084,MATCH,MATCH,MATCH,MATCH,MATCH,MATCH,MATCH,MATCH,MATCH,MISMATCH,MATCH,MATCH,MATCH,MATCH,MATCH,MATCH,MATCH,MATCH,MATCH,"Full C value: csv=∅ json=""0.48"""
BAM007,EPD-NIBE-20210625-20247,MATCH,MATCH,MATCH,MATCH,MATCH,MATCH,MATCH,MATCH,MATCH,MISMATCH,MATCH,MATCH,MATCH,MATCH,MATCH,MATCH,MATCH,MATCH,MATCH,"Full C value: csv=∅ json=""32.73"""
ins029,EPD-PAV-20190182-ABA4-EN,MATCH,MATCH,MATCH,MATCH,MATCH,MATCH,MATCH,MATCH,MATCH,MATCH,MATCH,MATCH,MATCH,MATCH,MATCH,MATCH,MATCH,MATCH,MATCH,
ins031,EPD-PAV-20190182-ABA4-EN,MATCH,MATCH,MATCH,MATCH,MATCH,MATCH,MATCH,MATCH,MATCH,MATCH,MATCH,MATCH,MATCH,MATCH,MATCH,MATCH,MATCH,MATCH,MATCH,
ins032,EPD-PAV-20190182-ABA4-EN,MATCH,MATCH,MATCH,MATCH,MATCH,MATCH,MATCH,MATCH,MATCH,MATCH,MATCH,MATCH,MATCH,MATCH,MATCH,MATCH,MATCH,MATCH,MATCH,
ins033,EPD-PAV-20190182-ABA4-EN,MATCH,MATCH,MATCH,MATCH,MATCH,MATCH,MATCH,MATCH,MATCH,MATCH,MATCH,MATCH,MATCH,MATCH,MATCH,MATCH,MATCH,MATCH,MATCH,
92febd,EPD-PCE-2013256-IBA2-DE,MATCH,MATCH,MATCH,MATCH,MATCH,MATCH,MATCH,MATCH,MATCH,MATCH,MATCH,MATCH,MATCH,MATCH,MATCH,MATCH,MATCH,MATCH,MATCH,
34c7c1,EPD-PCE-20150042-IBA1-DE,MATCH,MATCH,MATCH,MATCH,MATCH,MATCH,MATCH,MATCH,MATCH,MATCH,MATCH,MATCH,MATCH,MATCH,MATCH,MATCH,MATCH,MATCH,MATCH,
bb05fc,EPD-PCE-20200299-IBB1-EN,MATCH,MATCH,MATCH,MATCH,MATCH,MATCH,MATCH,MATCH,MATCH,MATCH,MATCH,MATCH,MATCH,MATCH,MATCH,MATCH,MATCH,MATCH,MATCH,
ebf499,EPD-PCE-20200300-IBB1-EN,MATCH,MATCH,MATCH,MATCH,MATCH,MATCH,MATCH,MATCH,MATCH,MATCH,MATCH,MATCH,MATCH,MATCH,MATCH,MATCH,MATCH,MATCH,MATCH,
40c2ea,EPD-PCE-20200301-IBA1-EN,MATCH,MATCH,MATCH,MATCH,MATCH,MATCH,MATCH,MATCH,MATCH,MATCH,MATCH,MATCH,MATCH,MATCH,MATCH,MATCH,MATCH,MATCH,MATCH,
a94jf2,"EPD-PCE-20200301-IBA1-EN, EPD-PCE-20200302-IBA1-EN, EPD-PCE-20200300-IBB1-EN, EPD-PCE-20200299-IBB1-EN",MATCH,MATCH,MATCH,MATCH,MATCH,MATCH,MATCH,MATCH,MATCH,MATCH,MATCH,MATCH,MATCH,MATCH,MATCH,MATCH,MATCH,MATCH,MATCH,
8f8df3,EPD-PCE-20200302-IBA1-EN,MATCH,MATCH,MATCH,MATCH,MATCH,MATCH,MATCH,MATCH,MATCH,MATCH,MATCH,MATCH,MATCH,MATCH,MATCH,MATCH,MATCH,MATCH,MATCH,
3fc60e,EPD-POR-20140214-IBC1-EN,MATCH,MATCH,MATCH,MATCH,MATCH,MATCH,MATCH,MATCH,MATCH,MATCH,MATCH,MATCH,MATCH,MATCH,MATCH,MATCH,MATCH,MATCH,MATCH,
www114,EPD-QKE-20220002-IBG1-DE,MATCH,MATCH,MATCH,MATCH,MATCH,MATCH,MATCH,MATCH,MATCH,MATCH,MATCH,MATCH,MATCH,MATCH,MATCH,MATCH,MATCH,MATCH,MATCH,
www121,EPD-QKE-20220156-IBG1-DE,MATCH,MATCH,MATCH,MATCH,MATCH,MATCH,MATCH,MATCH,MATCH,MATCH,MATCH,MATCH,MATCH,MATCH,MATCH,MATCH,MATCH,MATCH,MATCH,
bbb031,EPD-SIG-20220185-CBA1-EN,MATCH,MATCH,MATCH,MATCH,MATCH,MATCH,MATCH,MATCH,MATCH,MATCH,MATCH,MATCH,MATCH,MATCH,MATCH,MATCH,MATCH,MATCH,MATCH,
ins026,EPD-STE-20150327-IBD1-EN,MATCH,MATCH,MATCH,MATCH,MATCH,MATCH,MATCH,MATCH,MISMATCH,MATCH,MATCH,MATCH,MATCH,MATCH,MATCH,MATCH,MATCH,MATCH,MATCH,Carbon content kgC/unit: Δ=+836.53 (csv=2.66 json=839.19)
ins027,EPD-STE-20150327-IBD1-EN,MATCH,MATCH,MATCH,MATCH,MATCH,MATCH,MATCH,MATCH,MISMATCH,MATCH,MATCH,MATCH,MATCH,MATCH,MATCH,MATCH,MATCH,MATCH,MATCH,Carbon content kgC/unit: Δ=+370.31 (csv=2.66 json=372.97)
ins028,EPD-STE-20150327-IBD1-EN,MATCH,MATCH,MATCH,MATCH,MATCH,MATCH,MATCH,MATCH,MISMATCH,MATCH,MATCH,MATCH,MATCH,MATCH,MATCH,MATCH,MATCH,MATCH,MATCH,Carbon content kgC/unit: Δ=+227.59 (csv=2.66 json=230.25)
ins034,EPD-STE-20150327-IBD1-EN,MATCH,MATCH,MATCH,MATCH,MATCH,MATCH,MATCH,MATCH,MISMATCH,MATCH,MATCH,MATCH,MATCH,MATCH,MATCH,MATCH,MATCH,MATCH,MATCH,Carbon content kgC/unit: Δ=+50.3036 (csv=0.8465 json=51.15)
bbb032,EPD-Synwer-234-EN,MATCH,MATCH,MATCH,MATCH,MATCH,MATCH,MATCH,MATCH,MATCH,MATCH,MATCH,MATCH,MATCH,MATCH,MATCH,MATCH,MATCH,MATCH,MATCH,
GRE002,EPD-ZIC-20200082-CCA1-EN,MATCH,MATCH,MATCH,MATCH,MATCH,MATCH,MATCH,MATCH,MATCH,MATCH,MATCH,MATCH,MATCH,MATCH,MATCH,MATCH,MATCH,MATCH,MATCH,
5161f8,"Fernandes et al LCA, 2019",MATCH,MATCH,MATCH,MATCH,MATCH,MATCH,MATCH,MATCH,MATCH,MATCH,MATCH,MATCH,MATCH,MATCH,MATCH,MATCH,MATCH,MATCH,MATCH,
f62c9s,"Fernandes et al LCA, 2019",MATCH,MATCH,MATCH,MATCH,MATCH,MATCH,MATCH,MATCH,MATCH,MATCH,MATCH,MATCH,MATCH,MATCH,MATCH,MATCH,MATCH,MATCH,MATCH,
c09ed4,"Fernandes et al LCA, 2020",MATCH,MATCH,MATCH,MATCH,MATCH,MATCH,MATCH,MATCH,MATCH,MATCH,MATCH,MATCH,MATCH,MATCH,MATCH,MATCH,MATCH,MATCH,MATCH,
bbb033,From ICE Database V3,MATCH,MATCH,MATCH,MATCH,MATCH,MATCH,MATCH,MATCH,MATCH,MATCH,MATCH,MATCH,MATCH,MATCH,MATCH,MATCH,MATCH,MATCH,MATCH,
bbb034,From ICE Database V3,MATCH,MATCH,MATCH,MATCH,MATCH,MATCH,MATCH,MATCH,MATCH,MATCH,MATCH,MATCH,MATCH,MATCH,MATCH,MATCH,MATCH,MATCH,MATCH,
A23457,GlobalEPD EN15804-036,MATCH,MATCH,MATCH,MATCH,MATCH,MATCH,MATCH,MATCH,MATCH,MISMATCH,MATCH,MATCH,MATCH,MATCH,MATCH,MATCH,MATCH,MATCH,MATCH,"Full C value: csv=∅ json=""9.01"""
285b88,GlobalEPD-RCP-008-001,MATCH,MATCH,MATCH,MATCH,MATCH,MATCH,MATCH,MATCH,MATCH,MATCH,MATCH,MATCH,MATCH,MATCH,MATCH,MATCH,MATCH,MATCH,MATCH,
bbb022,HUB-0233,MATCH,MATCH,MATCH,MATCH,MATCH,MATCH,MATCH,MATCH,MATCH,MATCH,MATCH,MATCH,MATCH,MATCH,MATCH,MATCH,MATCH,MATCH,MATCH,
SIP007,HUB-0634,MATCH,MATCH,MATCH,MATCH,MATCH,MATCH,MATCH,MATCH,MATCH,MATCH,MATCH,MATCH,MATCH,MATCH,MATCH,MATCH,MATCH,MATCH,MATCH,
SIP005,HUB-0635,MATCH,MATCH,MATCH,MATCH,MATCH,MATCH,MATCH,MATCH,MATCH,MATCH,MATCH,MATCH,MATCH,MATCH,MATCH,MATCH,MATCH,MATCH,MATCH,
SIP006,HUB-0636,MATCH,MATCH,MATCH,MATCH,MATCH,MATCH,MATCH,MATCH,MATCH,MATCH,MATCH,MATCH,MATCH,MATCH,MATCH,MATCH,MATCH,MATCH,MATCH,
840925,HW-20200605-001,MATCH,MATCH,MATCH,MATCH,MATCH,MATCH,MATCH,MATCH,MISMATCH,MISMATCH,MATCH,MATCH,MATCH,MATCH,MATCH,MATCH,MATCH,MATCH,MATCH,"Carbon content kgC/unit: Δ=+5.1348 (csv=0.2952 json=5.43) | Full C value: csv=∅ json=""1.1"""
be49e2,HW-20200605-001,MATCH,MATCH,MATCH,MATCH,MATCH,MATCH,MATCH,MATCH,MISMATCH,MISMATCH,MATCH,MATCH,MATCH,MATCH,MATCH,MATCH,MATCH,MATCH,MATCH,"Carbon content kgC/unit: Δ=+11.8475 (csv=0.4625 json=12.31) | Full C value: csv=∅ json=""1.81"""
5231c8,ICC – 20200122– 001,MATCH,MATCH,MATCH,MATCH,MATCH,MATCH,MATCH,MATCH,MISMATCH,MISMATCH,MATCH,MATCH,MATCH,MATCH,MATCH,MATCH,MATCH,MATCH,MATCH,"Carbon content kgC/unit: csv=∅ json=""40.07"" | Full C value: csv=∅ json=""2.7"""
5fe983,"ICE V3.0, 2019",MATCH,MATCH,MATCH,MATCH,MATCH,MATCH,MATCH,MATCH,MATCH,MATCH,MATCH,MATCH,MATCH,MATCH,MATCH,MATCH,MATCH,MATCH,MATCH,
e5a3bb,"ICE V3.0, 2019",MATCH,MATCH,MATCH,MATCH,MATCH,MATCH,MATCH,MATCH,MATCH,MATCH,MATCH,MATCH,MATCH,MATCH,MATCH,MATCH,MATCH,MATCH,MATCH,
bd05f4,"ICE V3.0, 2020",MATCH,MATCH,MATCH,MATCH,MATCH,MATCH,MATCH,MATCH,MATCH,MATCH,MATCH,MATCH,MATCH,MATCH,MATCH,MATCH,MATCH,MATCH,MATCH,
6877c8,LCA,MATCH,MATCH,MATCH,MATCH,MATCH,MATCH,MATCH,MATCH,MISMATCH,MATCH,MATCH,MATCH,MATCH,MATCH,MATCH,MATCH,MATCH,MATCH,MATCH,"Carbon content kgC/unit: csv=∅ json=""37.46"""
cac908,LCA,MATCH,MATCH,MATCH,MATCH,MATCH,MATCH,MATCH,MATCH,MISMATCH,MATCH,MATCH,MATCH,MATCH,MATCH,MATCH,MATCH,MATCH,MATCH,MATCH,"Carbon content kgC/unit: csv=∅ json=""41.4"""
BRI007,LCA888510/R20170487,MATCH,MATCH,MATCH,MATCH,MATCH,MATCH,MATCH,MATCH,MATCH,MATCH,MATCH,MATCH,MATCH,MATCH,MATCH,MATCH,MATCH,MATCH,MATCH,
BRI000,MD-21011-EN,MATCH,MATCH,MATCH,MATCH,MATCH,MATCH,MATCH,MATCH,MATCH,MATCH,MATCH,MATCH,MATCH,MATCH,MATCH,MATCH,MATCH,MATCH,MATCH,
sl3g0r,MD-21034-EN,MATCH,MATCH,MATCH,MATCH,MATCH,MATCH,MATCH,MATCH,MATCH,MISMATCH,MATCH,MATCH,MATCH,MATCH,MATCH,MATCH,MATCH,MATCH,MATCH,"Full C value: csv=∅ json=""4.53"""
WWC000,MD-22122-EN,MATCH,MATCH,MATCH,MATCH,MATCH,MATCH,MATCH,MATCH,MATCH,MISMATCH,MATCH,MATCH,MATCH,MATCH,MATCH,MATCH,MATCH,MATCH,MATCH,"Full C value: csv=∅ json=""2.72"""
WWC001,MD-22122-EN,MATCH,MATCH,MATCH,MATCH,MATCH,MATCH,MATCH,MATCH,MATCH,MATCH,MATCH,MATCH,MATCH,MATCH,MATCH,MATCH,MATCH,MATCH,MATCH,
2ecd60,"Melia et al LCA, 2014",MATCH,MATCH,MATCH,MATCH,MATCH,MATCH,MATCH,MATCH,MATCH,MATCH,MATCH,MATCH,MATCH,MATCH,MATCH,MATCH,MATCH,MATCH,MATCH,
103ade,NEPD-1243-396-EN,MATCH,MATCH,MATCH,MATCH,MATCH,MATCH,MATCH,MATCH,MATCH,MATCH,MATCH,MATCH,MATCH,MATCH,MATCH,MATCH,MATCH,MATCH,MATCH,
LEC001,NEPD-1742-715-EN,MATCH,MATCH,MATCH,MATCH,MATCH,MATCH,MATCH,MATCH,MATCH,MATCH,MATCH,MATCH,MATCH,MATCH,MATCH,MATCH,MATCH,MATCH,MATCH,
LEC002,NEPD-2304-1052-EN,MATCH,MATCH,MATCH,MATCH,MATCH,MATCH,MATCH,MATCH,MATCH,MATCH,MATCH,MATCH,MATCH,MATCH,MATCH,MATCH,MATCH,MATCH,MATCH,
LEC000,NEPD-2540-1277-EN,MATCH,MATCH,MATCH,MATCH,MATCH,MATCH,MATCH,MATCH,MATCH,MATCH,MATCH,MATCH,MATCH,MATCH,MATCH,MATCH,MATCH,MATCH,MATCH,
3416a8,"New York State Pollution Prevention Institute LCA, 2013",MATCH,MATCH,MATCH,MATCH,MATCH,MATCH,MATCH,MATCH,MISMATCH,MATCH,MATCH,MATCH,MATCH,MATCH,MATCH,MATCH,MATCH,MATCH,MATCH,"Carbon content kgC/unit: csv=∅ json=""285.5"""
INS025,None,MATCH,MATCH,MATCH,MATCH,MATCH,MATCH,MATCH,MATCH,MATCH,MISMATCH,MATCH,MATCH,MATCH,MATCH,MATCH,MATCH,MATCH,MATCH,MATCH,"Full C value: csv=∅ json=""1.22"""
SIP000,Not yet published,MATCH,MATCH,MATCH,MATCH,MATCH,MATCH,MATCH,MATCH,MATCH,MATCH,MATCH,MATCH,MATCH,MATCH,MATCH,MATCH,MATCH,MATCH,MATCH,
SIP001,Not yet published,MATCH,MATCH,MATCH,MATCH,MATCH,MATCH,MATCH,MATCH,MATCH,MATCH,MATCH,MATCH,MATCH,MATCH,MATCH,MATCH,MATCH,MATCH,MATCH,
SIP002,Not yet published,MATCH,MATCH,MATCH,MATCH,MATCH,MATCH,MATCH,MATCH,MATCH,MATCH,MATCH,MATCH,MATCH,MATCH,MATCH,MATCH,MATCH,MATCH,MATCH,
SIP003,Not yet published,MATCH,MATCH,MATCH,MATCH,MATCH,MATCH,MATCH,MATCH,MATCH,MATCH,MATCH,MATCH,MATCH,MATCH,MATCH,MATCH,MATCH,MATCH,MATCH,
SIP004,Not yet published,MATCH,MATCH,MATCH,MATCH,MATCH,MATCH,MATCH,MATCH,MATCH,MATCH,MATCH,MATCH,MATCH,MATCH,MATCH,MATCH,MATCH,MATCH,MATCH,
2c53be,NRMCAEPD: 10020,MATCH,MATCH,MATCH,MATCH,MATCH,MATCH,MATCH,MATCH,MATCH,MATCH,MATCH,MATCH,MATCH,MATCH,MATCH,MATCH,MATCH,MATCH,MATCH,
NSF000,NSI-20221101-002,MATCH,MATCH,MATCH,MATCH,MATCH,MATCH,MATCH,MATCH,MATCH,MATCH,MATCH,MATCH,MATCH,MATCH,MATCH,MATCH,MATCH,MATCH,MATCH,
n93fd1,NSI – 20221101 – 003,MATCH,MATCH,MATCH,MATCH,MATCH,MATCH,MATCH,MATCH,MATCH,MATCH,MATCH,MATCH,MATCH,MATCH,MATCH,MATCH,MATCH,MATCH,MATCH,
NSF001,POL-20230213-001,MATCH,MATCH,MATCH,MATCH,MATCH,MATCH,MATCH,MATCH,MATCH,MATCH,MATCH,MATCH,MATCH,MATCH,MATCH,MATCH,MATCH,MATCH,MATCH,
NSF002,POL-20230213-002,MATCH,MATCH,MATCH,MATCH,MATCH,MATCH,MATCH,MATCH,MATCH,MATCH,MATCH,MATCH,MATCH,MATCH,MATCH,MATCH,MATCH,MATCH,MATCH,
NSF003,POL-20230213-003,MATCH,MATCH,MATCH,MATCH,MATCH,MATCH,MATCH,MATCH,MATCH,MATCH,MATCH,MATCH,MATCH,MATCH,MATCH,MATCH,MATCH,MATCH,MATCH,
f02kr5,RTS_153_21,MATCH,MATCH,MATCH,MATCH,MATCH,MATCH,MATCH,MATCH,MATCH,MATCH,MATCH,MATCH,MATCH,MATCH,MATCH,MATCH,MATCH,MATCH,MATCH,
HTW001,RTS 180 22,MATCH,MATCH,MATCH,MATCH,MATCH,MATCH,MATCH,MATCH,MISMATCH,MATCH,MATCH,MATCH,MATCH,MATCH,MATCH,MATCH,MATCH,MATCH,MATCH,"Carbon content kgC/unit: csv=""13.04"" json=∅"
HTW002,RTS 180 22,MATCH,MATCH,MATCH,MATCH,MATCH,MATCH,MATCH,MATCH,MISMATCH,MATCH,MATCH,MATCH,MATCH,MATCH,MATCH,MATCH,MATCH,MATCH,MATCH,"Carbon content kgC/unit: csv=""12.68"" json=∅"
e06534,SCS-EPD-03576,MATCH,MATCH,MATCH,MATCH,MATCH,MATCH,MATCH,MATCH,MATCH,MATCH,MATCH,MATCH,MATCH,MATCH,MATCH,MATCH,MATCH,MATCH,MATCH,
63d778,SCS-EPD-04873,MATCH,MATCH,MATCH,MATCH,MATCH,MATCH,MATCH,MATCH,MATCH,MATCH,MATCH,MATCH,MATCH,MATCH,MATCH,MATCH,MATCH,MATCH,MATCH,
MGOB0X,"SCS-EPD-04873, EPD-NIBE-20210615-20084",MATCH,MATCH,MATCH,MATCH,MATCH,MATCH,MATCH,MATCH,MATCH,MATCH,MATCH,MATCH,MATCH,MATCH,MATCH,MATCH,MATCH,MATCH,MATCH,
LVT003,SCS-EPD-05530,MATCH,MATCH,MATCH,MATCH,MATCH,MATCH,MATCH,MATCH,MATCH,MATCH,MATCH,MATCH,MATCH,MATCH,MATCH,MATCH,MATCH,MATCH,MATCH,
3a1205,SCS-EPD05752,MATCH,MATCH,MATCH,MATCH,MATCH,MATCH,MATCH,MATCH,MATCH,MATCH,MATCH,MATCH,MATCH,MATCH,MATCH,MATCH,MATCH,MATCH,MATCH,
58154c,SCS-EPD05752,MATCH,MATCH,MATCH,MATCH,MATCH,MATCH,MATCH,MATCH,MATCH,MATCH,MATCH,MATCH,MATCH,MATCH,MATCH,MATCH,MATCH,MATCH,MATCH,
A23458,SCS-EPD-06489,MATCH,MATCH,MATCH,MATCH,MATCH,MATCH,MATCH,MATCH,MATCH,MATCH,MATCH,MATCH,MATCH,MATCH,MATCH,MATCH,MATCH,MATCH,MATCH,
A23459,SCS-EPD-06489,MATCH,MATCH,MATCH,MATCH,MATCH,MATCH,MATCH,MATCH,MISMATCH,MISMATCH,MATCH,MATCH,MATCH,MATCH,MATCH,MATCH,MATCH,MATCH,MATCH,"Carbon content kgC/unit: csv=""9.1939005"" json=∅ | Full C value: csv=∅ json=""9.19"""
SSS005,SCS-EPD-07103,MATCH,MATCH,MATCH,MATCH,MATCH,MATCH,MATCH,MATCH,MATCH,MATCH,MATCH,MATCH,MATCH,MATCH,MATCH,MATCH,MATCH,MATCH,MATCH,
SSS006,SCS-EPD-07103,MATCH,MATCH,MATCH,MATCH,MATCH,MATCH,MATCH,MATCH,MATCH,MATCH,MATCH,MATCH,MATCH,MATCH,MATCH,MATCH,MATCH,MATCH,MATCH,
LVT013,SCS-EPD-07131,MATCH,MATCH,MATCH,MATCH,MATCH,MATCH,MATCH,MATCH,MATCH,MATCH,MATCH,MATCH,MATCH,MATCH,MATCH,MATCH,MATCH,MATCH,MATCH,
XPS001,SCS-EPD-07175,MATCH,MATCH,MATCH,MATCH,MATCH,MATCH,MATCH,MATCH,MATCH,MATCH,MATCH,MATCH,MATCH,MATCH,MATCH,MATCH,MATCH,MATCH,MATCH,
www111,SCS-EPD-07201,MATCH,MATCH,MATCH,MATCH,MATCH,MATCH,MATCH,MATCH,MATCH,MATCH,MATCH,MATCH,MATCH,MATCH,MATCH,MATCH,MATCH,MATCH,MATCH,
WIJ000,SCS-EPD-07524,MATCH,MATCH,MATCH,MATCH,MATCH,MATCH,MATCH,MATCH,MATCH,MATCH,MATCH,MATCH,MATCH,MATCH,MATCH,MATCH,MATCH,MATCH,MATCH,
WIJ001,SCS-EPD-07524,MATCH,MATCH,MATCH,MATCH,MATCH,MATCH,MATCH,MATCH,MATCH,MATCH,MATCH,MATCH,MATCH,MATCH,MATCH,MATCH,MATCH,MATCH,MATCH,
WIJ002,SCS-EPD-07524,MATCH,MATCH,MATCH,MATCH,MATCH,MATCH,MATCH,MATCH,MATCH,MATCH,MATCH,MATCH,MATCH,MATCH,MATCH,MATCH,MATCH,MATCH,MATCH,
WIJ003,SCS-EPD-07524,MATCH,MATCH,MATCH,MATCH,MATCH,MATCH,MATCH,MATCH,MATCH,MATCH,MATCH,MATCH,MATCH,MATCH,MATCH,MATCH,MATCH,MATCH,MATCH,
WIJ004,SCS-EPD-07524,MATCH,MATCH,MATCH,MATCH,MATCH,MATCH,MATCH,MATCH,MATCH,MATCH,MATCH,MATCH,MATCH,MATCH,MATCH,MATCH,MATCH,MATCH,MATCH,
WIJ005,SCS-EPD-07524,MATCH,MATCH,MATCH,MATCH,MATCH,MATCH,MATCH,MATCH,MATCH,MATCH,MATCH,MATCH,MATCH,MATCH,MATCH,MATCH,MATCH,MATCH,MATCH,
LAM001,SCS-EPD-07525,MATCH,MATCH,MATCH,MATCH,MATCH,MATCH,MATCH,MATCH,MATCH,MATCH,MATCH,MATCH,MATCH,MATCH,MATCH,MATCH,MATCH,MATCH,MATCH,
TRU000,SCS-EPD-07526,MATCH,MATCH,MATCH,MATCH,MATCH,MATCH,MATCH,MATCH,MATCH,MATCH,MATCH,MATCH,MATCH,MATCH,MATCH,MATCH,MATCH,MATCH,MATCH,
TRU001,SCS-EPD-07526,MATCH,MATCH,MATCH,MATCH,MATCH,MATCH,MATCH,MATCH,MATCH,MATCH,MATCH,MATCH,MATCH,MATCH,MATCH,MATCH,MATCH,MATCH,MATCH,
TRU002,SCS-EPD-07526,MATCH,MATCH,MATCH,MATCH,MATCH,MATCH,MATCH,MATCH,MATCH,MATCH,MATCH,MATCH,MATCH,MATCH,MATCH,MATCH,MATCH,MATCH,MATCH,
MPS004,SCS-EPD-07578,MATCH,MATCH,MATCH,MATCH,MATCH,MATCH,MATCH,MATCH,MATCH,MATCH,MATCH,MATCH,MATCH,MATCH,MATCH,MATCH,MATCH,MATCH,MATCH,
CCC000,SCS-EPD-08200,MATCH,MATCH,MATCH,MATCH,MATCH,MATCH,MATCH,MATCH,MATCH,MATCH,MATCH,MATCH,MATCH,MATCH,MATCH,MATCH,MATCH,MATCH,MATCH,
CCC001,SCS-EPD-08391,MATCH,MATCH,MATCH,MATCH,MATCH,MATCH,MATCH,MATCH,MATCH,MATCH,MATCH,MATCH,MATCH,MATCH,MATCH,MATCH,MATCH,MATCH,MATCH,
LVT002,SCS-EPD-08570,MATCH,MATCH,MATCH,MATCH,MATCH,MATCH,MATCH,MATCH,MATCH,MATCH,MATCH,MATCH,MATCH,MATCH,MATCH,MATCH,MATCH,MATCH,MATCH,
INS048,SCS-EPD-09348,MATCH,MATCH,MATCH,MATCH,MATCH,MATCH,MATCH,MATCH,MATCH,MATCH,MATCH,MATCH,MATCH,MATCH,MATCH,MATCH,MATCH,MATCH,MATCH,
INS049,SCS-EPD-09349,MATCH,MATCH,MATCH,MATCH,MATCH,MATCH,MATCH,MATCH,MATCH,MATCH,MATCH,MATCH,MATCH,MATCH,MATCH,MATCH,MATCH,MATCH,MATCH,
95e2e7,SCS-EPD-09753,MATCH,MATCH,MATCH,MATCH,MATCH,MATCH,MATCH,MATCH,MATCH,MATCH,MATCH,MATCH,MATCH,MATCH,MATCH,MATCH,MATCH,MATCH,MATCH,
XPS002,SCS-EPD-09753,MATCH,MATCH,MATCH,MATCH,MATCH,MATCH,MATCH,MATCH,MATCH,MATCH,MATCH,MATCH,MATCH,MATCH,MATCH,MATCH,MATCH,MATCH,MATCH,
a94mfe,"SCS-EPD-09753, 4789868895.101.1",MATCH,MATCH,MATCH,MATCH,MATCH,MATCH,MATCH,MATCH,MATCH,MATCH,MATCH,MATCH,MATCH,MATCH,MATCH,MATCH,MATCH,MATCH,MATCH,
INS013,SEN-01_22,MATCH,MATCH,MATCH,MATCH,MATCH,MATCH,MATCH,MATCH,MISMATCH,MISMATCH,MATCH,MATCH,MATCH,MATCH,MATCH,MATCH,MATCH,MATCH,MATCH,"Carbon content kgC/unit: csv=""10.92"" json=∅ | Full C value: csv=∅ json=""10.92"""
INS014,SEN-01_22,MATCH,MATCH,MATCH,MATCH,MATCH,MATCH,MATCH,MATCH,MISMATCH,MISMATCH,MATCH,MATCH,MATCH,MATCH,MATCH,MATCH,MATCH,MATCH,MATCH,"Carbon content kgC/unit: csv=""10.69"" json=∅ | Full C value: csv=∅ json=""10.69"""
INS015,SEN-01_22,MATCH,MATCH,MATCH,MATCH,MATCH,MATCH,MATCH,MATCH,MISMATCH,MISMATCH,MATCH,MATCH,MATCH,MATCH,MATCH,MATCH,MATCH,MATCH,MATCH,"Carbon content kgC/unit: csv=""15.37"" json=∅ | Full C value: csv=∅ json=""15.38"""
INS005,SmartEPD-2023-003-0010-01,MATCH,MATCH,MATCH,MATCH,MATCH,MATCH,MATCH,MATCH,MATCH,MATCH,MATCH,MATCH,MATCH,MATCH,MATCH,MATCH,MATCH,MATCH,MATCH,
INS008,SmartEPD-2023-003-0010-01,MATCH,MATCH,MATCH,MATCH,MATCH,MATCH,MATCH,MATCH,MATCH,MATCH,MATCH,MATCH,MATCH,MATCH,MATCH,MATCH,MATCH,MATCH,MATCH,
INS004,SmartEPD-2023-003-0012-01,MATCH,MATCH,MATCH,MATCH,MATCH,MATCH,MATCH,MATCH,MATCH,MATCH,MATCH,MATCH,MATCH,MATCH,MATCH,MATCH,MATCH,MATCH,MATCH,
INS020,SmartEPD-2023-008-0021-01,MATCH,MATCH,MATCH,MATCH,MATCH,MATCH,MATCH,MATCH,MATCH,MATCH,MATCH,MATCH,MATCH,MATCH,MATCH,MATCH,MATCH,MATCH,MATCH,
INS019,SmartEPD-2023-008-0022-01,MATCH,MATCH,MATCH,MATCH,MATCH,MATCH,MATCH,MATCH,MATCH,MATCH,MATCH,MATCH,MATCH,MATCH,MATCH,MATCH,MATCH,MATCH,MATCH,
INS018,SmartEPD-2023-008-0023-01,MATCH,MATCH,MATCH,MATCH,MATCH,MATCH,MATCH,MATCH,MATCH,MATCH,MATCH,MATCH,MATCH,MATCH,MATCH,MATCH,MATCH,MATCH,MATCH,
BAM002,SmartEPD-2023-009-0024-01,MATCH,MATCH,MATCH,MATCH,MATCH,MATCH,MATCH,MATCH,MISMATCH,MISMATCH,MATCH,MATCH,MATCH,MATCH,MATCH,MATCH,MATCH,MATCH,MATCH,"Carbon content kgC/unit: csv=∅ json=""2710.31"" | Full C value: csv=∅ json=""14.41"""
BAM003,SmartEPD-2023-009-0024-01,MATCH,MATCH,MATCH,MATCH,MATCH,MATCH,MATCH,MATCH,MISMATCH,MISMATCH,MATCH,MATCH,MATCH,MATCH,MATCH,MATCH,MATCH,MATCH,MATCH,"Carbon content kgC/unit: csv=∅ json=""4056.18"" | Full C value: csv=∅ json=""21.58"""
199253,S-P-00725,MATCH,MATCH,MATCH,MATCH,MATCH,MATCH,MATCH,MATCH,MATCH,MATCH,MATCH,MATCH,MATCH,MATCH,MATCH,MATCH,MATCH,MATCH,MATCH,
21cbc7,S-P-01088,MATCH,MATCH,MATCH,MATCH,MATCH,MATCH,MATCH,MATCH,MATCH,MATCH,MATCH,MATCH,MATCH,MATCH,MATCH,MATCH,MATCH,MATCH,MATCH,
bbb025,S-P-01140,MATCH,MATCH,MATCH,MATCH,MATCH,MATCH,MATCH,MATCH,MATCH,MATCH,MATCH,MATCH,MATCH,MATCH,MATCH,MATCH,MATCH,MATCH,MATCH,
bbb026,S-P-01141,MATCH,MATCH,MATCH,MATCH,MATCH,MATCH,MATCH,MATCH,MATCH,MATCH,MATCH,MATCH,MATCH,MATCH,MATCH,MATCH,MATCH,MATCH,MATCH,
HTW000,S-P-01543,MATCH,MATCH,MATCH,MATCH,MATCH,MATCH,MATCH,MATCH,MISMATCH,MATCH,MATCH,MATCH,MATCH,MATCH,MATCH,MATCH,MATCH,MATCH,MATCH,"Carbon content kgC/unit: csv=∅ json=""2310"""
g1g2cs,S-P-01642,MATCH,MATCH,MATCH,MATCH,MATCH,MATCH,MATCH,MATCH,MATCH,MATCH,MATCH,MATCH,MATCH,MATCH,MATCH,MATCH,MATCH,MATCH,MATCH,
d0rk2l,S-P-01928 (registration MR-ENV-EPD-ZDB-20200278-EN),MATCH,MATCH,MATCH,MATCH,MATCH,MATCH,MATCH,MATCH,MISMATCH,MISMATCH,MATCH,MATCH,MATCH,MATCH,MATCH,MATCH,MATCH,MATCH,MATCH,"Carbon content kgC/unit: csv=∅ json=""10318.36"" | Full C value: csv=∅ json=""32.9"""
s0glec,S-P-01928 (registration MR-ENV-EPD-ZDB-20200278-EN),MATCH,MATCH,MATCH,MATCH,MATCH,MATCH,MATCH,MATCH,MISMATCH,MISMATCH,MATCH,MATCH,MATCH,MATCH,MATCH,MATCH,MATCH,MATCH,MATCH,"Carbon content kgC/unit: csv=∅ json=""11549.25"" | Full C value: csv=∅ json=""33.88"""
INS011,S-P-01961,MATCH,MATCH,MATCH,MATCH,MATCH,MATCH,MATCH,MATCH,MATCH,MISMATCH,MATCH,MATCH,MATCH,MATCH,MATCH,MATCH,MATCH,MATCH,MATCH,"Full C value: csv=∅ json=""1.76"""
4gd03s,S-P-02278,MATCH,MATCH,MATCH,MATCH,MATCH,MATCH,MATCH,MATCH,MATCH,MATCH,MATCH,MATCH,MATCH,MATCH,MATCH,MATCH,MATCH,MATCH,MATCH,
ekda34,S-P-02278,MATCH,MATCH,MATCH,MATCH,MATCH,MATCH,MATCH,MATCH,MATCH,MATCH,MATCH,MATCH,MATCH,MATCH,MATCH,MATCH,MATCH,MATCH,MATCH,
INS012,S-P-02290,MATCH,MATCH,MATCH,MATCH,MATCH,MATCH,MATCH,MATCH,MATCH,MISMATCH,MATCH,MATCH,MATCH,MATCH,MATCH,MATCH,MATCH,MATCH,MATCH,"Full C value: csv=∅ json=""1.76"""
p3m1f1,S-P-03160,MATCH,MATCH,MATCH,MATCH,MATCH,MATCH,MATCH,MATCH,MATCH,MATCH,MATCH,MATCH,MATCH,MATCH,MATCH,MATCH,MATCH,MATCH,MATCH,
LCP001,S-P-03516,MATCH,MATCH,MATCH,MATCH,MATCH,MATCH,MATCH,MATCH,MATCH,MISMATCH,MATCH,MATCH,MATCH,MATCH,MATCH,MATCH,MATCH,MATCH,MATCH,"Full C value: csv=∅ json=""0.34"""
LCP002,S-P-03516,MATCH,MATCH,MATCH,MATCH,MATCH,MATCH,MATCH,MATCH,MATCH,MISMATCH,MATCH,MATCH,MATCH,MATCH,MATCH,MATCH,MATCH,MATCH,MATCH,"Full C value: csv=∅ json=""0.43"""
LCP003,S-P-03516,MATCH,MATCH,MATCH,MATCH,MATCH,MATCH,MATCH,MATCH,MATCH,MISMATCH,MATCH,MATCH,MATCH,MATCH,MATCH,MATCH,MATCH,MATCH,MATCH,"Full C value: csv=∅ json=""0.7"""
b4t02m,S-P-03854,MATCH,MATCH,MATCH,MATCH,MATCH,MATCH,MATCH,MATCH,MATCH,MISMATCH,MATCH,MATCH,MATCH,MATCH,MATCH,MATCH,MATCH,MATCH,MATCH,"Full C value: csv=∅ json=""7.46"""
b0emco,S-P-04001,MATCH,MATCH,MATCH,MATCH,MATCH,MATCH,MATCH,MATCH,MATCH,MATCH,MATCH,MATCH,MATCH,MATCH,MATCH,MATCH,MATCH,MATCH,MATCH,
INS022,S-P-04468,MATCH,MATCH,MATCH,MATCH,MATCH,MATCH,MATCH,MATCH,MATCH,MISMATCH,MATCH,MATCH,MATCH,MATCH,MATCH,MATCH,MATCH,MATCH,MATCH,"Full C value: csv=∅ json=""0.98"""
INS023,S-P-04468,MATCH,MATCH,MATCH,MATCH,MATCH,MATCH,MATCH,MATCH,MATCH,MISMATCH,MATCH,MATCH,MATCH,MATCH,MATCH,MATCH,MATCH,MATCH,MATCH,"Full C value: csv=∅ json=""0.86"""
INS024,S-P-04468,MATCH,MATCH,MATCH,MATCH,MATCH,MATCH,MATCH,MATCH,MATCH,MISMATCH,MATCH,MATCH,MATCH,MATCH,MATCH,MATCH,MATCH,MATCH,MATCH,"Full C value: csv=∅ json=""0.86"""
FIB002,S-P-05037,MATCH,MATCH,MATCH,MATCH,MATCH,MATCH,MATCH,MATCH,MATCH,MISMATCH,MATCH,MATCH,MATCH,MATCH,MATCH,MATCH,MATCH,MATCH,MATCH,"Full C value: csv=∅ json=""1.94"""
FIB003,S-P-05037,MATCH,MATCH,MATCH,MATCH,MATCH,MATCH,MATCH,MATCH,MATCH,MISMATCH,MATCH,MATCH,MATCH,MATCH,MATCH,MATCH,MATCH,MATCH,MATCH,"Full C value: csv=∅ json=""1.93"""
FIB004,S-P-05037,MATCH,MATCH,MATCH,MATCH,MATCH,MATCH,MATCH,MATCH,MATCH,MISMATCH,MATCH,MATCH,MATCH,MATCH,MATCH,MATCH,MATCH,MATCH,MATCH,"Full C value: csv=∅ json=""1.36"""
FIB005,S-P-05037,MATCH,MATCH,MATCH,MATCH,MATCH,MATCH,MATCH,MATCH,MATCH,MISMATCH,MATCH,MATCH,MATCH,MATCH,MATCH,MATCH,MATCH,MATCH,MATCH,"Full C value: csv=∅ json=""1.56"""
GRE000,S-P-05961,MATCH,MATCH,MATCH,MATCH,MATCH,MATCH,MATCH,MATCH,MATCH,MATCH,MATCH,MATCH,MATCH,MATCH,MATCH,MATCH,MATCH,MATCH,MATCH,
HTW003,S-P-07182,MATCH,MATCH,MATCH,MATCH,MATCH,MATCH,MATCH,MATCH,MISMATCH,MATCH,MATCH,MATCH,MATCH,MATCH,MATCH,MATCH,MATCH,MATCH,MATCH,"Carbon content kgC/unit: csv=""15.48"" json=∅"
BAM000,S-P-08118,MATCH,MATCH,MATCH,MATCH,MATCH,MATCH,MATCH,MATCH,MISMATCH,MISMATCH,MATCH,MATCH,MATCH,MATCH,MATCH,MATCH,MATCH,MATCH,MATCH,"Carbon content kgC/unit: csv=∅ json=""3856.72"" | Full C value: csv=∅ json=""20.52"""
BAM001,S-P-08118,MATCH,MATCH,MATCH,MATCH,MATCH,MATCH,MATCH,MATCH,MATCH,MATCH,MATCH,MATCH,MATCH,MATCH,MATCH,MATCH,MATCH,MATCH,MATCH,
Cel000,S-P-08315,MATCH,MATCH,MATCH,MATCH,MATCH,MATCH,MATCH,MATCH,MATCH,MISMATCH,MATCH,MATCH,MATCH,MATCH,MATCH,MATCH,MATCH,MATCH,MATCH,"Full C value: csv=∅ json=""1.91"""
WRT000,S-P-10277,MATCH,MATCH,MATCH,MATCH,MATCH,MATCH,MATCH,MATCH,MATCH,MISMATCH,MATCH,MATCH,MATCH,MATCH,MATCH,MATCH,MATCH,MATCH,MATCH,"Full C value: csv=∅ json=""44.62"""
INS003,S-P-10940,MATCH,MATCH,MATCH,MATCH,MATCH,MATCH,MATCH,MATCH,MATCH,MISMATCH,MATCH,MATCH,MATCH,MATCH,MATCH,MATCH,MATCH,MATCH,MATCH,"Full C value: csv=∅ json=""40.5"""
WAL001,S-P-10940,MATCH,MATCH,MATCH,MATCH,MATCH,MATCH,MATCH,MATCH,MATCH,MISMATCH,MATCH,MATCH,MATCH,MATCH,MATCH,MATCH,MATCH,MATCH,MATCH,"Full C value: csv=∅ json=""25"""
